[{"model": "google ocr", "score": {"char_recall": 0.9921, "char_precision": 0.9984, "word_acc": 0.976, "word_acc_ignore_case": 0.976, "word_acc_ignore_case_symbol": 0.979, "1-N.E.D": 0.9903}, "predictions": [{"prediction": "TMC3-AS1", "ground truth": "TMC3-AS1", "image path": "test_imgs/0.jpg"}, {"prediction": "RN7SKP68", "ground truth": "RN7SKP68", "image path": "test_imgs/1.jpg"}, {"prediction": "\u039d\u0391\u03a1\u0391", "ground truth": "NAPA", "image path": "test_imgs/2.jpg"}, {"prediction": "TRL-AAG1-1", "ground truth": "TRL-AAG1-1", "image path": "test_imgs/3.jpg"}, {"prediction": "LINC02544", "ground truth": "LINC02544", "image path": "test_imgs/4.jpg"}, {"prediction": "LINC02093", "ground truth": "LINC02093", "image path": "test_imgs/5.jpg"}, {"prediction": "MIR708", "ground truth": "MIR708", "image path": "test_imgs/6.jpg"}, {"prediction": "PDC", "ground truth": "PDC", "image path": "test_imgs/7.jpg"}, {"prediction": "RNU6-538P", "ground truth": "RNU6-538P", "image path": "test_imgs/8.jpg"}, {"prediction": "CCNB2", "ground truth": "CCNB2", "image path": "test_imgs/9.jpg"}, {"prediction": "LINC00412", "ground truth": "LINC00412", "image path": "test_imgs/10.jpg"}, {"prediction": "MRTO4", "ground truth": "MRTO4", "image path": "test_imgs/11.jpg"}, {"prediction": "OR11A1", "ground truth": "OR11A1", "image path": "test_imgs/12.jpg"}, {"prediction": "MIR5191", "ground truth": "MIR5191", "image path": "test_imgs/13.jpg"}, {"prediction": "ST13P12", "ground truth": "ST13P12", "image path": "test_imgs/14.jpg"}, {"prediction": "RNU6-14P", "ground truth": "RNU6-14P", "image path": "test_imgs/15.jpg"}, {"prediction": "PI4KB", "ground truth": "PI4KB", "image path": "test_imgs/16.jpg"}, {"prediction": "HHLA3", "ground truth": "HHLA3", "image path": "test_imgs/17.jpg"}, {"prediction": "SUPT4H1", "ground truth": "SUPT4H1", "image path": "test_imgs/18.jpg"}, {"prediction": "ELOVL1", "ground truth": "ELOVL1", "image path": "test_imgs/19.jpg"}, {"prediction": "PPIAP36", "ground truth": "PPIAP36", "image path": "test_imgs/20.jpg"}, {"prediction": "CPSF3", "ground truth": "CPSF3", "image path": "test_imgs/21.jpg"}, {"prediction": "RPL19P5", "ground truth": "RPL19P5", "image path": "test_imgs/22.jpg"}, {"prediction": "FMNL2", "ground truth": "FMNL2", "image path": "test_imgs/23.jpg"}, {"prediction": "TMC8", "ground truth": "TMC8", "image path": "test_imgs/24.jpg"}, {"prediction": "RN7SL321P", "ground truth": "RN7SL321P", "image path": "test_imgs/25.jpg"}, {"prediction": "TCF21", "ground truth": "TCF21", "image path": "test_imgs/26.jpg"}, {"prediction": "RNA5SP485", "ground truth": "RNA5SP485", "image path": "test_imgs/27.jpg"}, {"prediction": "RNU6-896P", "ground truth": "RNU6-896P", "image path": "test_imgs/28.jpg"}, {"prediction": "LAPTM4A-DT", "ground truth": "LAPTM4A-DT", "image path": "test_imgs/29.jpg"}, {"prediction": "RNA5SP141", "ground truth": "RNA5SP141", "image path": "test_imgs/30.jpg"}, {"prediction": "PANDAR", "ground truth": "PANDAR", "image path": "test_imgs/31.jpg"}, {"prediction": "LINC01402", "ground truth": "LINC01402", "image path": "test_imgs/32.jpg"}, {"prediction": "CUX2P2", "ground truth": "CUX2P2", "image path": "test_imgs/33.jpg"}, {"prediction": "RNU6-1038P", "ground truth": "RNU6-1038P", "image path": "test_imgs/34.jpg"}, {"prediction": "POM121B", "ground truth": "POM121B", "image path": "test_imgs/35.jpg"}, {"prediction": "MTREX", "ground truth": "MTREX", "image path": "test_imgs/36.jpg"}, {"prediction": "RN7SL113P", "ground truth": "RN7SL113P", "image path": "test_imgs/37.jpg"}, {"prediction": "WASF3", "ground truth": "WASF3", "image path": "test_imgs/38.jpg"}, {"prediction": "CERS2", "ground truth": "CERS2", "image path": "test_imgs/39.jpg"}, {"prediction": "MYL6P1", "ground truth": "MYL6P1", "image path": "test_imgs/40.jpg"}, {"prediction": "GAS2L2", "ground truth": "GAS2L2", "image path": "test_imgs/41.jpg"}, {"prediction": "PRRT3", "ground truth": "PRRT3", "image path": "test_imgs/42.jpg"}, {"prediction": "RNU6ATAC13P", "ground truth": "RNU6ATAC13P", "image path": "test_imgs/43.jpg"}, {"prediction": "MT-TY", "ground truth": "MT-TY", "image path": "test_imgs/44.jpg"}, {"prediction": "MOB4P1", "ground truth": "MOB4P1", "image path": "test_imgs/45.jpg"}, {"prediction": "CYCSP14", "ground truth": "CYCSP14", "image path": "test_imgs/46.jpg"}, {"prediction": "\u0410\u0420\u041e\u0412\u0415\u0421\u0417\u041d", "ground truth": "APOBEC3H", "image path": "test_imgs/47.jpg"}, {"prediction": "DNM1P9", "ground truth": "DNM1P9", "image path": "test_imgs/48.jpg"}, {"prediction": "ERVW-28", "ground truth": "ERVW-28", "image path": "test_imgs/49.jpg"}, {"prediction": "PHKA1-AS1", "ground truth": "PHKA1-AS1", "image path": "test_imgs/50.jpg"}, {"prediction": "MCUB", "ground truth": "MCUB", "image path": "test_imgs/51.jpg"}, {"prediction": "NRTN", "ground truth": "NRTN", "image path": "test_imgs/52.jpg"}, {"prediction": "KLHL20", "ground truth": "KLHL20", "image path": "test_imgs/53.jpg"}, {"prediction": "LINC02148", "ground truth": "LINC02148", "image path": "test_imgs/54.jpg"}, {"prediction": "VDAC1P9", "ground truth": "VDAC1P9", "image path": "test_imgs/55.jpg"}, {"prediction": "MINDY2-DT", "ground truth": "MINDY2-DT", "image path": "test_imgs/56.jpg"}, {"prediction": "POLR3KP2", "ground truth": "POLR3KP2", "image path": "test_imgs/57.jpg"}, {"prediction": "NT5E", "ground truth": "NT5E", "image path": "test_imgs/58.jpg"}, {"prediction": "ATOSBP1", "ground truth": "ATOSBP1", "image path": "test_imgs/59.jpg"}, {"prediction": "RPL9P2", "ground truth": "RPL9P2", "image path": "test_imgs/60.jpg"}, {"prediction": "SCUBE1", "ground truth": "SCUBE1", "image path": "test_imgs/61.jpg"}, {"prediction": "HCG9P5", "ground truth": "HCG9P5", "image path": "test_imgs/62.jpg"}, {"prediction": "MIR323B", "ground truth": "MIR323B", "image path": "test_imgs/63.jpg"}, {"prediction": "SEPTIN14P23", "ground truth": "SEPTIN14P23", "image path": "test_imgs/64.jpg"}, {"prediction": "PITPNC1", "ground truth": "PITPNC1", "image path": "test_imgs/65.jpg"}, {"prediction": "MIR424", "ground truth": "MIR424", "image path": "test_imgs/66.jpg"}, {"prediction": "ARHGEF4", "ground truth": "ARHGEF4", "image path": "test_imgs/67.jpg"}, {"prediction": "PLEKHA2", "ground truth": "PLEKHA2", "image path": "test_imgs/68.jpg"}, {"prediction": "LONP1", "ground truth": "LONP1", "image path": "test_imgs/69.jpg"}, {"prediction": "MIR3194", "ground truth": "MIR3194", "image path": "test_imgs/70.jpg"}, {"prediction": "OSCAR", "ground truth": "OSCAR", "image path": "test_imgs/71.jpg"}, {"prediction": "FOLR3", "ground truth": "FOLR3", "image path": "test_imgs/72.jpg"}, {"prediction": "KLHDC4", "ground truth": "KLHDC4", "image path": "test_imgs/73.jpg"}, {"prediction": "WASHC1", "ground truth": "WASHC1", "image path": "test_imgs/74.jpg"}, {"prediction": "RPL18P8", "ground truth": "RPL18P8", "image path": "test_imgs/75.jpg"}, {"prediction": "ACTG1P25", "ground truth": "ACTG1P25", "image path": "test_imgs/76.jpg"}, {"prediction": "LGMN", "ground truth": "LGMN", "image path": "test_imgs/77.jpg"}, {"prediction": "P2RY13", "ground truth": "P2RY13", "image path": "test_imgs/78.jpg"}, {"prediction": "LINC02210", "ground truth": "LINC02210", "image path": "test_imgs/79.jpg"}, {"prediction": "TENM2-AS1", "ground truth": "TENM2-AS1", "image path": "test_imgs/80.jpg"}, {"prediction": "RPL7AP52", "ground truth": "RPL7AP52", "image path": "test_imgs/81.jpg"}, {"prediction": "EIF3J-DT", "ground truth": "EIF3J-DT", "image path": "test_imgs/82.jpg"}, {"prediction": "LIN37", "ground truth": "LIN37", "image path": "test_imgs/83.jpg"}, {"prediction": "UVRAG", "ground truth": "UVRAG", "image path": "test_imgs/84.jpg"}, {"prediction": "KLHL31", "ground truth": "KLHL31", "image path": "test_imgs/85.jpg"}, {"prediction": "BCL2L1-AS1", "ground truth": "BCL2L1-AS1", "image path": "test_imgs/86.jpg"}, {"prediction": "HS6ST1P1", "ground truth": "HS6ST1P1", "image path": "test_imgs/87.jpg"}, {"prediction": "FAM199YP", "ground truth": "FAM199YP", "image path": "test_imgs/88.jpg"}, {"prediction": "PIRC13", "ground truth": "PIRC13", "image path": "test_imgs/89.jpg"}, {"prediction": "LINC00343", "ground truth": "LINC00343", "image path": "test_imgs/90.jpg"}, {"prediction": "MIR4439", "ground truth": "MIR4439", "image path": "test_imgs/91.jpg"}, {"prediction": "ZNF608", "ground truth": "ZNF608", "image path": "test_imgs/92.jpg"}, {"prediction": "MIR4443", "ground truth": "MIR4443", "image path": "test_imgs/93.jpg"}, {"prediction": "PCDHGC3", "ground truth": "PCDHGC3", "image path": "test_imgs/94.jpg"}, {"prediction": "HSPA12B", "ground truth": "HSPA12B", "image path": "test_imgs/95.jpg"}, {"prediction": "ATP2B4", "ground truth": "ATP2B4", "image path": "test_imgs/96.jpg"}, {"prediction": "PDE11A", "ground truth": "PDE11A", "image path": "test_imgs/97.jpg"}, {"prediction": "CD5L", "ground truth": "CD5L", "image path": "test_imgs/98.jpg"}, {"prediction": "METTL8P1", "ground truth": "METTL8P1", "image path": "test_imgs/99.jpg"}, {"prediction": "LANCL1", "ground truth": "LANCL1", "image path": "test_imgs/100.jpg"}, {"prediction": "RNU6-565P", "ground truth": "RNU6-565P", "image path": "test_imgs/101.jpg"}, {"prediction": "BBIP1", "ground truth": "BBIP1", "image path": "test_imgs/102.jpg"}, {"prediction": "LINC00411", "ground truth": "LINC00411", "image path": "test_imgs/103.jpg"}, {"prediction": "RNU6-411P", "ground truth": "RNU6-411P", "image path": "test_imgs/104.jpg"}, {"prediction": "TTC39C", "ground truth": "TTC39C", "image path": "test_imgs/105.jpg"}, {"prediction": "FAM216A", "ground truth": "FAM216A", "image path": "test_imgs/106.jpg"}, {"prediction": "NDUFB9P2", "ground truth": "NDUFB9P2", "image path": "test_imgs/107.jpg"}, {"prediction": "MTND5P2", "ground truth": "MTND5P2", "image path": "test_imgs/108.jpg"}, {"prediction": "GREB1", "ground truth": "GREB1", "image path": "test_imgs/109.jpg"}, {"prediction": "RPL17P22", "ground truth": "RPL17P22", "image path": "test_imgs/110.jpg"}, {"prediction": "SNORA74D", "ground truth": "SNORA74D", "image path": "test_imgs/111.jpg"}, {"prediction": "TEKT2", "ground truth": "TEKT2", "image path": "test_imgs/112.jpg"}, {"prediction": "SNORD14B", "ground truth": "SNORD14B", "image path": "test_imgs/113.jpg"}, {"prediction": "KRT41P", "ground truth": "KRT41P", "image path": "test_imgs/114.jpg"}, {"prediction": "TACR1", "ground truth": "TACR1", "image path": "test_imgs/115.jpg"}, {"prediction": "RABGAP1L-AS1", "ground truth": "RABGAP1L-AS1", "image path": "test_imgs/116.jpg"}, {"prediction": "ZNF569", "ground truth": "ZNF569", "image path": "test_imgs/117.jpg"}, {"prediction": "KIAA2012-AS1", "ground truth": "KIAA2012-AS1", "image path": "test_imgs/118.jpg"}, {"prediction": "OR6C66P", "ground truth": "OR6C66P", "image path": "test_imgs/119.jpg"}, {"prediction": "ATP5PFP1", "ground truth": "ATP5PFP1", "image path": "test_imgs/120.jpg"}, {"prediction": "CLCN3", "ground truth": "CLCN3", "image path": "test_imgs/121.jpg"}, {"prediction": "DCAF12", "ground truth": "DCAF12", "image path": "test_imgs/122.jpg"}, {"prediction": "RPL39P20", "ground truth": "RPL39P20", "image path": "test_imgs/123.jpg"}, {"prediction": "FAM106C", "ground truth": "FAM106C", "image path": "test_imgs/124.jpg"}, {"prediction": "SAPCD2P2", "ground truth": "SAPCD2P2", "image path": "test_imgs/125.jpg"}, {"prediction": "IGSF3P1", "ground truth": "IGSF3P1", "image path": "test_imgs/126.jpg"}, {"prediction": "SPA17", "ground truth": "SPA17", "image path": "test_imgs/127.jpg"}, {"prediction": "HPV18I2", "ground truth": "HPV18I2", "image path": "test_imgs/128.jpg"}, {"prediction": "SNORD115-28", "ground truth": "SNORD115-28", "image path": "test_imgs/129.jpg"}, {"prediction": "GYG2P1", "ground truth": "GYG2P1", "image path": "test_imgs/130.jpg"}, {"prediction": "SYNJ2BP-COX16", "ground truth": "SYNJ2BP-COX16", "image path": "test_imgs/131.jpg"}, {"prediction": "PLEKHH1", "ground truth": "PLEKHH1", "image path": "test_imgs/132.jpg"}, {"prediction": "ARL1", "ground truth": "ARL1", "image path": "test_imgs/133.jpg"}, {"prediction": "ZSWIM5", "ground truth": "ZSWIM5", "image path": "test_imgs/134.jpg"}, {"prediction": "ANAPC1P4", "ground truth": "ANAPC1P4", "image path": "test_imgs/135.jpg"}, {"prediction": "RPS17P17", "ground truth": "RPS17P17", "image path": "test_imgs/136.jpg"}, {"prediction": "DOCK11P1", "ground truth": "DOCK11P1", "image path": "test_imgs/137.jpg"}, {"prediction": "TRQ-CTG15-1", "ground truth": "TRQ-CTG15-1", "image path": "test_imgs/138.jpg"}, {"prediction": "FBX043", "ground truth": "FBXO43", "image path": "test_imgs/139.jpg"}, {"prediction": "YKT6", "ground truth": "YKT6", "image path": "test_imgs/140.jpg"}, {"prediction": "SFR1 P2", "ground truth": "SFR1P2", "image path": "test_imgs/141.jpg"}, {"prediction": "MIR622", "ground truth": "MIR622", "image path": "test_imgs/142.jpg"}, {"prediction": "RPS18P7", "ground truth": "RPS18P7", "image path": "test_imgs/143.jpg"}, {"prediction": "WBP1LP11", "ground truth": "WBP1LP11", "image path": "test_imgs/144.jpg"}, {"prediction": "ZNF727", "ground truth": "ZNF727", "image path": "test_imgs/145.jpg"}, {"prediction": "RN7SL182P", "ground truth": "RN7SL182P", "image path": "test_imgs/146.jpg"}, {"prediction": "TRBV7-5", "ground truth": "TRBV7-5", "image path": "test_imgs/147.jpg"}, {"prediction": "MIR4316", "ground truth": "MIR4316", "image path": "test_imgs/148.jpg"}, {"prediction": "IGHV4-39", "ground truth": "IGHV4-39", "image path": "test_imgs/149.jpg"}, {"prediction": "TRL-TAA5-1", "ground truth": "TRL-TAA5-1", "image path": "test_imgs/150.jpg"}, {"prediction": "LINC01808", "ground truth": "LINC01808", "image path": "test_imgs/151.jpg"}, {"prediction": "ZDHHC5", "ground truth": "ZDHHC5", "image path": "test_imgs/152.jpg"}, {"prediction": "MIR3202-2", "ground truth": "MIR3202-2", "image path": "test_imgs/153.jpg"}, {"prediction": "MIR4736", "ground truth": "MIR4736", "image path": "test_imgs/154.jpg"}, {"prediction": "RPS7P8", "ground truth": "RPS7P8", "image path": "test_imgs/155.jpg"}, {"prediction": "LINC00994", "ground truth": "LINC00994", "image path": "test_imgs/156.jpg"}, {"prediction": "GRHL3-AS1", "ground truth": "GRHL3-AS1", "image path": "test_imgs/157.jpg"}, {"prediction": "DHRS9", "ground truth": "DHRS9", "image path": "test_imgs/158.jpg"}, {"prediction": "SNORD14E", "ground truth": "SNORD14E", "image path": "test_imgs/159.jpg"}, {"prediction": "TRIM16", "ground truth": "TRIM16", "image path": "test_imgs/160.jpg"}, {"prediction": "BSDC1", "ground truth": "BSDC1", "image path": "test_imgs/161.jpg"}, {"prediction": "CENPBD2P", "ground truth": "CENPBD2P", "image path": "test_imgs/162.jpg"}, {"prediction": "ZDHHC3", "ground truth": "ZDHHC3", "image path": "test_imgs/163.jpg"}, {"prediction": "SNORD114-23", "ground truth": "SNORD114-23", "image path": "test_imgs/164.jpg"}, {"prediction": "PARM1-AS1", "ground truth": "PARM1-AS1", "image path": "test_imgs/165.jpg"}, {"prediction": "RPL5P17", "ground truth": "RPL5P17", "image path": "test_imgs/166.jpg"}, {"prediction": "S100A2", "ground truth": "S100A2", "image path": "test_imgs/167.jpg"}, {"prediction": "AQP7P5", "ground truth": "AQP7P5", "image path": "test_imgs/168.jpg"}, {"prediction": "OR5M7P", "ground truth": "OR5M7P", "image path": "test_imgs/169.jpg"}, {"prediction": "KLC4-AS1", "ground truth": "KLC4-AS1", "image path": "test_imgs/170.jpg"}, {"prediction": "RNA5SP333", "ground truth": "RNA5SP333", "image path": "test_imgs/171.jpg"}, {"prediction": "EPGN", "ground truth": "EPGN", "image path": "test_imgs/172.jpg"}, {"prediction": "RNA5SP85", "ground truth": "RNA5SP85", "image path": "test_imgs/173.jpg"}, {"prediction": "ZNF132", "ground truth": "ZNF132", "image path": "test_imgs/174.jpg"}, {"prediction": "TOMM22P2", "ground truth": "TOMM22P2", "image path": "test_imgs/175.jpg"}, {"prediction": "RN7SKP267", "ground truth": "RN7SKP267", "image path": "test_imgs/176.jpg"}, {"prediction": "POMZP3", "ground truth": "POMZP3", "image path": "test_imgs/177.jpg"}, {"prediction": "MTUS2", "ground truth": "MTUS2", "image path": "test_imgs/178.jpg"}, {"prediction": "GOT2P1", "ground truth": "GOT2P1", "image path": "test_imgs/179.jpg"}, {"prediction": "DCAF4L1", "ground truth": "DCAF4L1", "image path": "test_imgs/180.jpg"}, {"prediction": "NUS1", "ground truth": "NUS1", "image path": "test_imgs/181.jpg"}, {"prediction": "SET", "ground truth": "SET", "image path": "test_imgs/182.jpg"}, {"prediction": "RNU6-157P", "ground truth": "RNU6-157P", "image path": "test_imgs/183.jpg"}, {"prediction": "PRADX", "ground truth": "PRADX", "image path": "test_imgs/184.jpg"}, {"prediction": "LINC02624", "ground truth": "LINC02624", "image path": "test_imgs/185.jpg"}, {"prediction": "OR6C66P", "ground truth": "OR6C66P", "image path": "test_imgs/186.jpg"}, {"prediction": "LINC00840", "ground truth": "LINC00840", "image path": "test_imgs/187.jpg"}, {"prediction": "MTX3", "ground truth": "MTX3", "image path": "test_imgs/188.jpg"}, {"prediction": "LINC03028", "ground truth": "LINC03028", "image path": "test_imgs/189.jpg"}, {"prediction": "TSHB", "ground truth": "TSHB", "image path": "test_imgs/190.jpg"}, {"prediction": "PRSS8", "ground truth": "PRSS8", "image path": "test_imgs/191.jpg"}, {"prediction": "OR10H4", "ground truth": "OR10H4", "image path": "test_imgs/192.jpg"}, {"prediction": "CYP8B1", "ground truth": "CYP8B1", "image path": "test_imgs/193.jpg"}, {"prediction": "KDM4D", "ground truth": "KDM4D", "image path": "test_imgs/194.jpg"}, {"prediction": "RNA5SP525", "ground truth": "RNA5SP525", "image path": "test_imgs/195.jpg"}, {"prediction": "RPL10P8", "ground truth": "RPL10P8", "image path": "test_imgs/196.jpg"}, {"prediction": "TRIM16L", "ground truth": "TRIM16L", "image path": "test_imgs/197.jpg"}, {"prediction": "SLC22A14", "ground truth": "SLC22A14", "image path": "test_imgs/198.jpg"}, {"prediction": "RPL39P35", "ground truth": "RPL39P35", "image path": "test_imgs/199.jpg"}, {"prediction": "CHP1P1", "ground truth": "CHP1P1", "image path": "test_imgs/200.jpg"}, {"prediction": "TMEM269-DT", "ground truth": "TMEM269-DT", "image path": "test_imgs/201.jpg"}, {"prediction": "PSME3", "ground truth": "PSME3", "image path": "test_imgs/202.jpg"}, {"prediction": "RPL34P14", "ground truth": "RPL34P14", "image path": "test_imgs/203.jpg"}, {"prediction": "DGCR6L", "ground truth": "DGCR6L", "image path": "test_imgs/204.jpg"}, {"prediction": "LINC00302", "ground truth": "LINC00302", "image path": "test_imgs/205.jpg"}, {"prediction": "DNPEP-AS1", "ground truth": "DNPEP-AS1", "image path": "test_imgs/206.jpg"}, {"prediction": "IL12A-AS1", "ground truth": "IL12A-AS1", "image path": "test_imgs/207.jpg"}, {"prediction": "RALGAPB", "ground truth": "RALGAPB", "image path": "test_imgs/208.jpg"}, {"prediction": "RNU6-1034P", "ground truth": "RNU6-1034P", "image path": "test_imgs/209.jpg"}, {"prediction": "CDC42-IT1", "ground truth": "CDC42-IT1", "image path": "test_imgs/210.jpg"}, {"prediction": "RNU6-115P", "ground truth": "RNU6-115P", "image path": "test_imgs/211.jpg"}, {"prediction": "ANXA4", "ground truth": "ANXA4", "image path": "test_imgs/212.jpg"}, {"prediction": "ZSCAN30", "ground truth": "ZSCAN30", "image path": "test_imgs/213.jpg"}, {"prediction": "ZNF619P1", "ground truth": "ZNF619P1", "image path": "test_imgs/214.jpg"}, {"prediction": "SNRPGP2", "ground truth": "SNRPGP2", "image path": "test_imgs/215.jpg"}, {"prediction": "CTAGE14P", "ground truth": "CTAGE14P", "image path": "test_imgs/216.jpg"}, {"prediction": "DLG1", "ground truth": "DLG1", "image path": "test_imgs/217.jpg"}, {"prediction": "RNU7-40P", "ground truth": "RNU7-40P", "image path": "test_imgs/218.jpg"}, {"prediction": "AMY1A", "ground truth": "AMY1A", "image path": "test_imgs/219.jpg"}, {"prediction": "PRR13P2", "ground truth": "PRR13P2", "image path": "test_imgs/220.jpg"}, {"prediction": "MIR4752", "ground truth": "MIR4752", "image path": "test_imgs/221.jpg"}, {"prediction": "PLPPR5-AS1", "ground truth": "PLPPR5-AS1", "image path": "test_imgs/222.jpg"}, {"prediction": "TMEM128", "ground truth": "TMEM128", "image path": "test_imgs/223.jpg"}, {"prediction": "DNA17", "ground truth": "DNAI7", "image path": "test_imgs/224.jpg"}, {"prediction": "UBE2T", "ground truth": "UBE2T", "image path": "test_imgs/225.jpg"}, {"prediction": "LINC01553", "ground truth": "LINC01553", "image path": "test_imgs/226.jpg"}, {"prediction": "PDCD7", "ground truth": "PDCD7", "image path": "test_imgs/227.jpg"}, {"prediction": "ACTR3B", "ground truth": "ACTR3B", "image path": "test_imgs/228.jpg"}, {"prediction": "RHOQP1", "ground truth": "RHOQP1", "image path": "test_imgs/229.jpg"}, {"prediction": "FNBP1P2", "ground truth": "FNBP1P2", "image path": "test_imgs/230.jpg"}, {"prediction": "PPP3CB-AS1", "ground truth": "PPP3CB-AS1", "image path": "test_imgs/231.jpg"}, {"prediction": "CDS2", "ground truth": "CDS2", "image path": "test_imgs/232.jpg"}, {"prediction": "ZNF968P", "ground truth": "ZNF968P", "image path": "test_imgs/233.jpg"}, {"prediction": "LINC01284", "ground truth": "LINC01284", "image path": "test_imgs/234.jpg"}, {"prediction": "BCAP31", "ground truth": "BCAP31", "image path": "test_imgs/235.jpg"}, {"prediction": "ZNF302", "ground truth": "ZNF302", "image path": "test_imgs/236.jpg"}, {"prediction": "PRMT2", "ground truth": "PRMT2", "image path": "test_imgs/237.jpg"}, {"prediction": "PXT1", "ground truth": "PXT1", "image path": "test_imgs/238.jpg"}, {"prediction": "SLC9A9-AS1", "ground truth": "SLC9A9-AS1", "image path": "test_imgs/239.jpg"}, {"prediction": "SBF1P2", "ground truth": "SBF1P2", "image path": "test_imgs/240.jpg"}, {"prediction": "AP1G1", "ground truth": "AP1G1", "image path": "test_imgs/241.jpg"}, {"prediction": "RPL15P17", "ground truth": "RPL15P17", "image path": "test_imgs/242.jpg"}, {"prediction": "RNU6-570P", "ground truth": "RNU6-570P", "image path": "test_imgs/243.jpg"}, {"prediction": "C1S", "ground truth": "C1S", "image path": "test_imgs/244.jpg"}, {"prediction": "ZNF75CP", "ground truth": "ZNF75CP", "image path": "test_imgs/245.jpg"}, {"prediction": "RNA5SP420", "ground truth": "RNA5SP420", "image path": "test_imgs/246.jpg"}, {"prediction": "LINC03027", "ground truth": "LINC03027", "image path": "test_imgs/247.jpg"}, {"prediction": "TRT-TGT5-1", "ground truth": "TRT-TGT5-1", "image path": "test_imgs/248.jpg"}, {"prediction": "F2RL1", "ground truth": "F2RL1", "image path": "test_imgs/249.jpg"}, {"prediction": "RNU7-78P", "ground truth": "RNU7-78P", "image path": "test_imgs/250.jpg"}, {"prediction": "HES3", "ground truth": "HES3", "image path": "test_imgs/251.jpg"}, {"prediction": "PIK3CD-AS1", "ground truth": "PIK3CD-AS1", "image path": "test_imgs/252.jpg"}, {"prediction": "FAIM", "ground truth": "FAIM", "image path": "test_imgs/253.jpg"}, {"prediction": "FAM180A", "ground truth": "FAM180A", "image path": "test_imgs/254.jpg"}, {"prediction": "CDH15", "ground truth": "CDH15", "image path": "test_imgs/255.jpg"}, {"prediction": "IMPDH1P7", "ground truth": "IMPDH1P7", "image path": "test_imgs/256.jpg"}, {"prediction": "HIBADH", "ground truth": "HIBADH", "image path": "test_imgs/257.jpg"}, {"prediction": "OR9K1P", "ground truth": "OR9K1P", "image path": "test_imgs/258.jpg"}, {"prediction": "NME1", "ground truth": "NME1", "image path": "test_imgs/259.jpg"}, {"prediction": "DRG1", "ground truth": "DRG1", "image path": "test_imgs/260.jpg"}, {"prediction": "ADGRF5-AS1", "ground truth": "ADGRF5-AS1", "image path": "test_imgs/261.jpg"}, {"prediction": "LINC02503", "ground truth": "LINC02503", "image path": "test_imgs/262.jpg"}, {"prediction": "IPMKP1", "ground truth": "IPMKP1", "image path": "test_imgs/263.jpg"}, {"prediction": "KIF5A", "ground truth": "KIF5A", "image path": "test_imgs/264.jpg"}, {"prediction": "ARID3C", "ground truth": "ARID3C", "image path": "test_imgs/265.jpg"}, {"prediction": "NBEAP4", "ground truth": "NBEAP4", "image path": "test_imgs/266.jpg"}, {"prediction": "ABR-AS1", "ground truth": "ABR-AS1", "image path": "test_imgs/267.jpg"}, {"prediction": "MYOZ2", "ground truth": "MYOZ2", "image path": "test_imgs/268.jpg"}, {"prediction": "RPL36AP5", "ground truth": "RPL36AP5", "image path": "test_imgs/269.jpg"}, {"prediction": "PHACTR4", "ground truth": "PHACTR4", "image path": "test_imgs/270.jpg"}, {"prediction": "SH3GLB1", "ground truth": "SH3GLB1", "image path": "test_imgs/271.jpg"}, {"prediction": "ARHGAP42P4", "ground truth": "ARHGAP42P4", "image path": "test_imgs/272.jpg"}, {"prediction": "ADAMTS17", "ground truth": "ADAMTS17", "image path": "test_imgs/273.jpg"}, {"prediction": "LINC00534", "ground truth": "LINC00534", "image path": "test_imgs/274.jpg"}, {"prediction": "RPL23AP95", "ground truth": "RPL23AP95", "image path": "test_imgs/275.jpg"}, {"prediction": "EXTL3-AS1", "ground truth": "EXTL3-AS1", "image path": "test_imgs/276.jpg"}, {"prediction": "MIR652", "ground truth": "MIR652", "image path": "test_imgs/277.jpg"}, {"prediction": "NIPSNAP3\u0410", "ground truth": "NIPSNAP3A", "image path": "test_imgs/278.jpg"}, {"prediction": "USP54", "ground truth": "USP54", "image path": "test_imgs/279.jpg"}, {"prediction": "RNU2-32P", "ground truth": "RNU2-32P", "image path": "test_imgs/280.jpg"}, {"prediction": "RNA5SP329", "ground truth": "RNA5SP329", "image path": "test_imgs/281.jpg"}, {"prediction": "SNORA109", "ground truth": "SNORA109", "image path": "test_imgs/282.jpg"}, {"prediction": "GLIS3", "ground truth": "GLIS3", "image path": "test_imgs/283.jpg"}, {"prediction": "ADGRD1", "ground truth": "ADGRD1", "image path": "test_imgs/284.jpg"}, {"prediction": "MIR499B", "ground truth": "MIR499B", "image path": "test_imgs/285.jpg"}, {"prediction": "RHOXF1P2", "ground truth": "RHOXF1P2", "image path": "test_imgs/286.jpg"}, {"prediction": "MIR4648", "ground truth": "MIR4648", "image path": "test_imgs/287.jpg"}, {"prediction": "GHET1", "ground truth": "GHET1", "image path": "test_imgs/288.jpg"}, {"prediction": "LINC01388", "ground truth": "LINC01388", "image path": "test_imgs/289.jpg"}, {"prediction": "RPL22P16", "ground truth": "RPL22P16", "image path": "test_imgs/290.jpg"}, {"prediction": "WDR88", "ground truth": "WDR88", "image path": "test_imgs/291.jpg"}, {"prediction": "CSNK1G2", "ground truth": "CSNK1G2", "image path": "test_imgs/292.jpg"}, {"prediction": "MYD88", "ground truth": "MYD88", "image path": "test_imgs/293.jpg"}, {"prediction": "COX6CP1", "ground truth": "COX6CP1", "image path": "test_imgs/294.jpg"}, {"prediction": "JAK3", "ground truth": "JAK3", "image path": "test_imgs/295.jpg"}, {"prediction": "RNU6ATAC2P", "ground truth": "RNU6ATAC2P", "image path": "test_imgs/296.jpg"}, {"prediction": "BRDTP1", "ground truth": "BRDTP1", "image path": "test_imgs/297.jpg"}, {"prediction": "RN7SL703P", "ground truth": "RN7SL703P", "image path": "test_imgs/298.jpg"}, {"prediction": "TOPORS", "ground truth": "TOPORS", "image path": "test_imgs/299.jpg"}, {"prediction": "WNT7A", "ground truth": "WNT7A", "image path": "test_imgs/300.jpg"}, {"prediction": "THOC3", "ground truth": "THOC3", "image path": "test_imgs/301.jpg"}, {"prediction": "RNU1-3", "ground truth": "RNU1-3", "image path": "test_imgs/302.jpg"}, {"prediction": "SNORD62B", "ground truth": "SNORD62B", "image path": "test_imgs/303.jpg"}, {"prediction": "ACTBL2", "ground truth": "ACTBL2", "image path": "test_imgs/304.jpg"}, {"prediction": "PYM1", "ground truth": "PYM1", "image path": "test_imgs/305.jpg"}, {"prediction": "CES1", "ground truth": "CES1", "image path": "test_imgs/306.jpg"}, {"prediction": "DEFB109A", "ground truth": "DEFB109A", "image path": "test_imgs/307.jpg"}, {"prediction": "RNU6-1203P", "ground truth": "RNU6-1203P", "image path": "test_imgs/308.jpg"}, {"prediction": "TRT-TGT5-1", "ground truth": "TRT-TGT5-1", "image path": "test_imgs/309.jpg"}, {"prediction": "LINC01275", "ground truth": "LINC01275", "image path": "test_imgs/310.jpg"}, {"prediction": "HNRNPA1P29", "ground truth": "HNRNPA1P29", "image path": "test_imgs/311.jpg"}, {"prediction": "OR7E28P", "ground truth": "OR7E28P", "image path": "test_imgs/312.jpg"}, {"prediction": "CAST", "ground truth": "CAST", "image path": "test_imgs/313.jpg"}, {"prediction": "TAFA3", "ground truth": "TAFA3", "image path": "test_imgs/314.jpg"}, {"prediction": "RPS25P1", "ground truth": "RPS25P1", "image path": "test_imgs/315.jpg"}, {"prediction": "KCNK5", "ground truth": "KCNK5", "image path": "test_imgs/316.jpg"}, {"prediction": "ARHGEF7", "ground truth": "ARHGEF7", "image path": "test_imgs/317.jpg"}, {"prediction": "MYOT", "ground truth": "MYOT", "image path": "test_imgs/318.jpg"}, {"prediction": "DIAPH2-AS1", "ground truth": "DIAPH2-AS1", "image path": "test_imgs/319.jpg"}, {"prediction": "ACACB", "ground truth": "ACACB", "image path": "test_imgs/320.jpg"}, {"prediction": "RPS26P17", "ground truth": "RPS26P17", "image path": "test_imgs/321.jpg"}, {"prediction": "ZNF341", "ground truth": "ZNF341", "image path": "test_imgs/322.jpg"}, {"prediction": "LINC02327", "ground truth": "LINC02327", "image path": "test_imgs/323.jpg"}, {"prediction": "ZNF407", "ground truth": "ZNF407", "image path": "test_imgs/324.jpg"}, {"prediction": "GPC1", "ground truth": "GPC1", "image path": "test_imgs/325.jpg"}, {"prediction": "RPS10-NUDT3", "ground truth": "RPS10-NUDT3", "image path": "test_imgs/326.jpg"}, {"prediction": "MPHOSPH6", "ground truth": "MPHOSPH6", "image path": "test_imgs/327.jpg"}, {"prediction": "FAM53A", "ground truth": "FAM53A", "image path": "test_imgs/328.jpg"}, {"prediction": "TRP-TGG3-5", "ground truth": "TRP-TGG3-5", "image path": "test_imgs/329.jpg"}, {"prediction": "FKBP5", "ground truth": "FKBP5", "image path": "test_imgs/330.jpg"}, {"prediction": "AIDA", "ground truth": "AIDA", "image path": "test_imgs/331.jpg"}, {"prediction": "MIR7973-1", "ground truth": "MIR7973-1", "image path": "test_imgs/332.jpg"}, {"prediction": "SEC14L5", "ground truth": "SEC14L5", "image path": "test_imgs/333.jpg"}, {"prediction": "ZNF12", "ground truth": "ZNF12", "image path": "test_imgs/334.jpg"}, {"prediction": "RNA5SP365", "ground truth": "RNA5SP365", "image path": "test_imgs/335.jpg"}, {"prediction": "USP9YP24", "ground truth": "USP9YP24", "image path": "test_imgs/336.jpg"}, {"prediction": "EIF4A2P1", "ground truth": "EIF4A2P1", "image path": "test_imgs/337.jpg"}, {"prediction": "MSH2-OT1", "ground truth": "MSH2-OT1", "image path": "test_imgs/338.jpg"}, {"prediction": "SRCAP", "ground truth": "SRCAP", "image path": "test_imgs/339.jpg"}, {"prediction": "ATP5MFP3", "ground truth": "ATP5MFP3", "image path": "test_imgs/340.jpg"}, {"prediction": "AQP5", "ground truth": "AQP5", "image path": "test_imgs/341.jpg"}, {"prediction": "CENPVL1", "ground truth": "CENPVL1", "image path": "test_imgs/342.jpg"}, {"prediction": "RPL7AP19", "ground truth": "RPL7AP19", "image path": "test_imgs/343.jpg"}, {"prediction": "OLFM3", "ground truth": "OLFM3", "image path": "test_imgs/344.jpg"}, {"prediction": "CACNA1C-AS2", "ground truth": "CACNA1C-AS2", "image path": "test_imgs/345.jpg"}, {"prediction": "COX7A1", "ground truth": "COX7A1", "image path": "test_imgs/346.jpg"}, {"prediction": "ZFR2", "ground truth": "ZFR2", "image path": "test_imgs/347.jpg"}, {"prediction": "CEBPZOS", "ground truth": "CEBPZOS", "image path": "test_imgs/348.jpg"}, {"prediction": "CACNA1C-AS4", "ground truth": "CACNA1C-AS4", "image path": "test_imgs/349.jpg"}, {"prediction": "ZIC5", "ground truth": "ZIC5", "image path": "test_imgs/350.jpg"}, {"prediction": "RPL5P35", "ground truth": "RPL5P35", "image path": "test_imgs/351.jpg"}, {"prediction": "PPIAP39", "ground truth": "PPIAP39", "image path": "test_imgs/352.jpg"}, {"prediction": "BSNDP3", "ground truth": "BSNDP3", "image path": "test_imgs/353.jpg"}, {"prediction": "PIMREG", "ground truth": "PIMREG", "image path": "test_imgs/354.jpg"}, {"prediction": "SNORA92", "ground truth": "SNORA92", "image path": "test_imgs/355.jpg"}, {"prediction": "LINC01494", "ground truth": "LINC01494", "image path": "test_imgs/356.jpg"}, {"prediction": "EXOC7P1", "ground truth": "EXOC7P1", "image path": "test_imgs/357.jpg"}, {"prediction": "LINC01213", "ground truth": "LINC01213", "image path": "test_imgs/358.jpg"}, {"prediction": "APOC1P1", "ground truth": "APOC1P1", "image path": "test_imgs/359.jpg"}, {"prediction": "RPEP2", "ground truth": "RPEP2", "image path": "test_imgs/360.jpg"}, {"prediction": "OSTM1", "ground truth": "OSTM1", "image path": "test_imgs/361.jpg"}, {"prediction": "DAP", "ground truth": "DAP", "image path": "test_imgs/362.jpg"}, {"prediction": "SULT1C3", "ground truth": "SULT1C3", "image path": "test_imgs/363.jpg"}, {"prediction": "RN7SL184P", "ground truth": "RN7SL184P", "image path": "test_imgs/364.jpg"}, {"prediction": "GCC2-AS1", "ground truth": "GCC2-AS1", "image path": "test_imgs/365.jpg"}, {"prediction": "CPPED1", "ground truth": "CPPED1", "image path": "test_imgs/366.jpg"}, {"prediction": "RNU6-823P", "ground truth": "RNU6-823P", "image path": "test_imgs/367.jpg"}, {"prediction": "TRAV36DV7", "ground truth": "TRAV36DV7", "image path": "test_imgs/368.jpg"}, {"prediction": "JAM2", "ground truth": "JAM2", "image path": "test_imgs/369.jpg"}, {"prediction": "BMP8A", "ground truth": "BMP8A", "image path": "test_imgs/370.jpg"}, {"prediction": "ZDHHC20P3", "ground truth": "ZDHHC20P3", "image path": "test_imgs/371.jpg"}, {"prediction": "SAR1AP2", "ground truth": "SAR1AP2", "image path": "test_imgs/372.jpg"}, {"prediction": "LINC01391", "ground truth": "LINC01391", "image path": "test_imgs/373.jpg"}, {"prediction": "CTSO", "ground truth": "CTSO", "image path": "test_imgs/374.jpg"}, {"prediction": "HLA-DQB2", "ground truth": "HLA-DQB2", "image path": "test_imgs/375.jpg"}, {"prediction": "RNVU1-18", "ground truth": "RNVU1-18", "image path": "test_imgs/376.jpg"}, {"prediction": "ICAM5", "ground truth": "ICAM5", "image path": "test_imgs/377.jpg"}, {"prediction": "RN7SL549P", "ground truth": "RN7SL549P", "image path": "test_imgs/378.jpg"}, {"prediction": "AP1M2P1", "ground truth": "AP1M2P1", "image path": "test_imgs/379.jpg"}, {"prediction": "KRT8P10", "ground truth": "KRT8P10", "image path": "test_imgs/380.jpg"}, {"prediction": "BC01", "ground truth": "BCO1", "image path": "test_imgs/381.jpg"}, {"prediction": "EIF5AL1", "ground truth": "EIF5AL1", "image path": "test_imgs/382.jpg"}, {"prediction": "SNORD114-16", "ground truth": "SNORD114-16", "image path": "test_imgs/383.jpg"}, {"prediction": "METTL8", "ground truth": "METTL8", "image path": "test_imgs/384.jpg"}, {"prediction": "LGTN", "ground truth": "LGTN", "image path": "test_imgs/385.jpg"}, {"prediction": "NMRAL2P", "ground truth": "NMRAL2P", "image path": "test_imgs/386.jpg"}, {"prediction": "IGHV3-16", "ground truth": "IGHV3-16", "image path": "test_imgs/387.jpg"}, {"prediction": "MIR9-1HG", "ground truth": "MIR9-1HG", "image path": "test_imgs/388.jpg"}, {"prediction": "LINC02076", "ground truth": "LINC02076", "image path": "test_imgs/389.jpg"}, {"prediction": "ABCG5", "ground truth": "ABCG5", "image path": "test_imgs/390.jpg"}, {"prediction": "NIFKP3", "ground truth": "NIFKP3", "image path": "test_imgs/391.jpg"}, {"prediction": "PRMT3", "ground truth": "PRMT3", "image path": "test_imgs/392.jpg"}, {"prediction": "PROZ", "ground truth": "PROZ", "image path": "test_imgs/393.jpg"}, {"prediction": "MIR3975", "ground truth": "MIR3975", "image path": "test_imgs/394.jpg"}, {"prediction": "RNU6-448P", "ground truth": "RNU6-448P", "image path": "test_imgs/395.jpg"}, {"prediction": "IGLC6", "ground truth": "IGLC6", "image path": "test_imgs/396.jpg"}, {"prediction": "LINC02130", "ground truth": "LINC02130", "image path": "test_imgs/397.jpg"}, {"prediction": "CPSF1P2", "ground truth": "CPSF1P2", "image path": "test_imgs/398.jpg"}, {"prediction": "SOCS5P3", "ground truth": "SOCS5P3", "image path": "test_imgs/399.jpg"}, {"prediction": "RPS12P31", "ground truth": "RPS12P31", "image path": "test_imgs/400.jpg"}, {"prediction": "MTUS1", "ground truth": "MTUS1", "image path": "test_imgs/401.jpg"}, {"prediction": "MIR6718", "ground truth": "MIR6718", "image path": "test_imgs/402.jpg"}, {"prediction": "ERVW-24", "ground truth": "ERVW-24", "image path": "test_imgs/403.jpg"}, {"prediction": "MIR6732", "ground truth": "MIR6732", "image path": "test_imgs/404.jpg"}, {"prediction": "CCDC125", "ground truth": "CCDC125", "image path": "test_imgs/405.jpg"}, {"prediction": "LINC02929", "ground truth": "LINC02929", "image path": "test_imgs/406.jpg"}, {"prediction": "PDE4DIPP6", "ground truth": "PDE4DIPP6", "image path": "test_imgs/407.jpg"}, {"prediction": "PRKCA", "ground truth": "PRKCA", "image path": "test_imgs/408.jpg"}, {"prediction": "ELK2AP", "ground truth": "ELK2AP", "image path": "test_imgs/409.jpg"}, {"prediction": "PCDHB8", "ground truth": "PCDHB8", "image path": "test_imgs/410.jpg"}, {"prediction": "LINC02210", "ground truth": "LINC02210", "image path": "test_imgs/411.jpg"}, {"prediction": "ERRFI1", "ground truth": "ERRFI1", "image path": "test_imgs/412.jpg"}, {"prediction": "VN1R45P", "ground truth": "VN1R45P", "image path": "test_imgs/413.jpg"}, {"prediction": "F8A1", "ground truth": "F8A1", "image path": "test_imgs/414.jpg"}, {"prediction": "DPP7", "ground truth": "DPP7", "image path": "test_imgs/415.jpg"}, {"prediction": "MIR3140", "ground truth": "MIR3140", "image path": "test_imgs/416.jpg"}, {"prediction": "KMT2E", "ground truth": "KMT2E", "image path": "test_imgs/417.jpg"}, {"prediction": "SLMAP", "ground truth": "SLMAP", "image path": "test_imgs/418.jpg"}, {"prediction": "BTBD18", "ground truth": "BTBD18", "image path": "test_imgs/419.jpg"}, {"prediction": "PCGF2", "ground truth": "PCGF2", "image path": "test_imgs/420.jpg"}, {"prediction": "RNU6-792P", "ground truth": "RNU6-792P", "image path": "test_imgs/421.jpg"}, {"prediction": "MIR3934", "ground truth": "MIR3934", "image path": "test_imgs/422.jpg"}, {"prediction": "RNU6-157P", "ground truth": "RNU6-157P", "image path": "test_imgs/423.jpg"}, {"prediction": "RNU6-212P", "ground truth": "RNU6-212P", "image path": "test_imgs/424.jpg"}, {"prediction": "SOWAHA", "ground truth": "SOWAHA", "image path": "test_imgs/425.jpg"}, {"prediction": "ITK", "ground truth": "ITK", "image path": "test_imgs/426.jpg"}, {"prediction": "HTRA1", "ground truth": "HTRA1", "image path": "test_imgs/427.jpg"}, {"prediction": "PRAMEF36P", "ground truth": "PRAMEF36P", "image path": "test_imgs/428.jpg"}, {"prediction": "LINC00114", "ground truth": "LINC00114", "image path": "test_imgs/429.jpg"}, {"prediction": "SNAI3", "ground truth": "SNAI3", "image path": "test_imgs/430.jpg"}, {"prediction": "TSC22D2", "ground truth": "TSC22D2", "image path": "test_imgs/431.jpg"}, {"prediction": "RAB11AP2", "ground truth": "RAB11AP2", "image path": "test_imgs/432.jpg"}, {"prediction": "HSPA8P12", "ground truth": "HSPA8P12", "image path": "test_imgs/433.jpg"}, {"prediction": "C18orf32", "ground truth": "C18orf32", "image path": "test_imgs/434.jpg"}, {"prediction": "LINC01256", "ground truth": "LINC01256", "image path": "test_imgs/435.jpg"}, {"prediction": "ALKBH3", "ground truth": "ALKBH3", "image path": "test_imgs/436.jpg"}, {"prediction": "GOLGA5P1", "ground truth": "GOLGA5P1", "image path": "test_imgs/437.jpg"}, {"prediction": "NFKBID", "ground truth": "NFKBID", "image path": "test_imgs/438.jpg"}, {"prediction": "NBPF8", "ground truth": "NBPF8", "image path": "test_imgs/439.jpg"}, {"prediction": "THAP3", "ground truth": "THAP3", "image path": "test_imgs/440.jpg"}, {"prediction": "MIR526A2", "ground truth": "MIR526A2", "image path": "test_imgs/441.jpg"}, {"prediction": "DPRXP4", "ground truth": "DPRXP4", "image path": "test_imgs/442.jpg"}, {"prediction": "RPL21P86", "ground truth": "RPL21P86", "image path": "test_imgs/443.jpg"}, {"prediction": "OTUD3", "ground truth": "OTUD3", "image path": "test_imgs/444.jpg"}, {"prediction": "RN7SL166P", "ground truth": "RN7SL166P", "image path": "test_imgs/445.jpg"}, {"prediction": "PHETA1", "ground truth": "PHETA1", "image path": "test_imgs/446.jpg"}, {"prediction": "UTF1", "ground truth": "UTF1", "image path": "test_imgs/447.jpg"}, {"prediction": "STMP1", "ground truth": "STMP1", "image path": "test_imgs/448.jpg"}, {"prediction": "RNA5SP257", "ground truth": "RNA5SP257", "image path": "test_imgs/449.jpg"}, {"prediction": "SUMO2", "ground truth": "SUMO2", "image path": "test_imgs/450.jpg"}, {"prediction": "MALLP2", "ground truth": "MALLP2", "image path": "test_imgs/451.jpg"}, {"prediction": "MIR6769B", "ground truth": "MIR6769B", "image path": "test_imgs/452.jpg"}, {"prediction": "PTPRO", "ground truth": "PTPRO", "image path": "test_imgs/453.jpg"}, {"prediction": "OR7G3", "ground truth": "OR7G3", "image path": "test_imgs/454.jpg"}, {"prediction": "PPIAP54", "ground truth": "PPIAP54", "image path": "test_imgs/455.jpg"}, {"prediction": "DHX29", "ground truth": "DHX29", "image path": "test_imgs/456.jpg"}, {"prediction": "MTND5P17", "ground truth": "MTND5P17", "image path": "test_imgs/457.jpg"}, {"prediction": "NR114", "ground truth": "NR1I4", "image path": "test_imgs/458.jpg"}, {"prediction": "NPM1P6", "ground truth": "NPM1P6", "image path": "test_imgs/459.jpg"}, {"prediction": "RNU6-1285P", "ground truth": "RNU6-1285P", "image path": "test_imgs/460.jpg"}, {"prediction": "MIR302F", "ground truth": "MIR302F", "image path": "test_imgs/461.jpg"}, {"prediction": "IGKV1D-22", "ground truth": "IGKV1D-22", "image path": "test_imgs/462.jpg"}, {"prediction": "PTPRS-AS1", "ground truth": "PTPRS-AS1", "image path": "test_imgs/463.jpg"}, {"prediction": "HDAC2", "ground truth": "HDAC2", "image path": "test_imgs/464.jpg"}, {"prediction": "HSD11B1", "ground truth": "HSD11B1", "image path": "test_imgs/465.jpg"}, {"prediction": "RNU6-296P", "ground truth": "RNU6-296P", "image path": "test_imgs/466.jpg"}, {"prediction": "SNAR-C4", "ground truth": "SNAR-C4", "image path": "test_imgs/467.jpg"}, {"prediction": "RBM19", "ground truth": "RBM19", "image path": "test_imgs/468.jpg"}, {"prediction": "SPP2", "ground truth": "SPP2", "image path": "test_imgs/469.jpg"}, {"prediction": "UNC93B8", "ground truth": "UNC93B8", "image path": "test_imgs/470.jpg"}, {"prediction": "FOXD3-AS1", "ground truth": "FOXD3-AS1", "image path": "test_imgs/471.jpg"}, {"prediction": "RAF1P1", "ground truth": "RAF1P1", "image path": "test_imgs/472.jpg"}, {"prediction": "ELP4", "ground truth": "ELP4", "image path": "test_imgs/473.jpg"}, {"prediction": "CCND3P1", "ground truth": "CCND3P1", "image path": "test_imgs/474.jpg"}, {"prediction": "UBAP1", "ground truth": "UBAP1", "image path": "test_imgs/475.jpg"}, {"prediction": "SLC12A5", "ground truth": "SLC12A5", "image path": "test_imgs/476.jpg"}, {"prediction": "RPL34P28", "ground truth": "RPL34P28", "image path": "test_imgs/477.jpg"}, {"prediction": "RPL26P37", "ground truth": "RPL26P37", "image path": "test_imgs/478.jpg"}, {"prediction": "SLC20A1", "ground truth": "SLC20A1", "image path": "test_imgs/479.jpg"}, {"prediction": "GNG12", "ground truth": "GNG12", "image path": "test_imgs/480.jpg"}, {"prediction": "CARD18", "ground truth": "CARD18", "image path": "test_imgs/481.jpg"}, {"prediction": "\u041d\u0421\u041a", "ground truth": "HCK", "image path": "test_imgs/482.jpg"}, {"prediction": "RNF138P1", "ground truth": "RNF138P1", "image path": "test_imgs/483.jpg"}, {"prediction": "MTC01 P31", "ground truth": "MTCO1P31", "image path": "test_imgs/484.jpg"}, {"prediction": "HSPA8P3", "ground truth": "HSPA8P3", "image path": "test_imgs/485.jpg"}, {"prediction": "SERHL2", "ground truth": "SERHL2", "image path": "test_imgs/486.jpg"}, {"prediction": "APLNR", "ground truth": "APLNR", "image path": "test_imgs/487.jpg"}, {"prediction": "SALL4P6", "ground truth": "SALL4P6", "image path": "test_imgs/488.jpg"}, {"prediction": "RPS28P5", "ground truth": "RPS28P5", "image path": "test_imgs/489.jpg"}, {"prediction": "YWHAEP2", "ground truth": "YWHAEP2", "image path": "test_imgs/490.jpg"}, {"prediction": "S100A11P5", "ground truth": "S100A11P5", "image path": "test_imgs/491.jpg"}, {"prediction": "ATG4A", "ground truth": "ATG4A", "image path": "test_imgs/492.jpg"}, {"prediction": "NRL", "ground truth": "NRL", "image path": "test_imgs/493.jpg"}, {"prediction": "SLC18A3", "ground truth": "SLC18A3", "image path": "test_imgs/494.jpg"}, {"prediction": "RSC1A1", "ground truth": "RSC1A1", "image path": "test_imgs/495.jpg"}, {"prediction": "TBC1D3F", "ground truth": "TBC1D3F", "image path": "test_imgs/496.jpg"}, {"prediction": "RN7SL736P", "ground truth": "RN7SL736P", "image path": "test_imgs/497.jpg"}, {"prediction": "YWHAZP2", "ground truth": "YWHAZP2", "image path": "test_imgs/498.jpg"}, {"prediction": "HIBCH", "ground truth": "HIBCH", "image path": "test_imgs/499.jpg"}, {"prediction": "RNU6-164P", "ground truth": "RNU6-164P", "image path": "test_imgs/500.jpg"}, {"prediction": "SIAH3", "ground truth": "SIAH3", "image path": "test_imgs/501.jpg"}, {"prediction": "OR4C46", "ground truth": "OR4C46", "image path": "test_imgs/502.jpg"}, {"prediction": "POLR3DP1", "ground truth": "POLR3DP1", "image path": "test_imgs/503.jpg"}, {"prediction": "\u0421\u0421\u0412\u0415\u0422", "ground truth": "CCBE1", "image path": "test_imgs/504.jpg"}, {"prediction": "RPS20P31", "ground truth": "RPS20P31", "image path": "test_imgs/505.jpg"}, {"prediction": "FIGN", "ground truth": "FIGN", "image path": "test_imgs/506.jpg"}, {"prediction": "NDUFB5P2", "ground truth": "NDUFB5P2", "image path": "test_imgs/507.jpg"}, {"prediction": "MIR1203", "ground truth": "MIR1203", "image path": "test_imgs/508.jpg"}, {"prediction": "SRP68P2", "ground truth": "SRP68P2", "image path": "test_imgs/509.jpg"}, {"prediction": "ZNF518B", "ground truth": "ZNF518B", "image path": "test_imgs/510.jpg"}, {"prediction": "NAPSA", "ground truth": "NAPSA", "image path": "test_imgs/511.jpg"}, {"prediction": "CDRT15P5", "ground truth": "CDRT15P5", "image path": "test_imgs/512.jpg"}, {"prediction": "MALT1", "ground truth": "MALT1", "image path": "test_imgs/513.jpg"}, {"prediction": "FCSK", "ground truth": "FCSK", "image path": "test_imgs/514.jpg"}, {"prediction": "RPL21P130", "ground truth": "RPL21P130", "image path": "test_imgs/515.jpg"}, {"prediction": "NASP", "ground truth": "NASP", "image path": "test_imgs/516.jpg"}, {"prediction": "RPL26P15", "ground truth": "RPL26P15", "image path": "test_imgs/517.jpg"}, {"prediction": "LITAF", "ground truth": "LITAF", "image path": "test_imgs/518.jpg"}, {"prediction": "MTND4P5", "ground truth": "MTND4P5", "image path": "test_imgs/519.jpg"}, {"prediction": "XACT", "ground truth": "XACT", "image path": "test_imgs/520.jpg"}, {"prediction": "PKMP1", "ground truth": "PKMP1", "image path": "test_imgs/521.jpg"}, {"prediction": "NPM3", "ground truth": "NPM3", "image path": "test_imgs/522.jpg"}, {"prediction": "GRB14", "ground truth": "GRB14", "image path": "test_imgs/523.jpg"}, {"prediction": "MNX1-AS2", "ground truth": "MNX1-AS2", "image path": "test_imgs/524.jpg"}, {"prediction": "KLHL11", "ground truth": "KLHL11", "image path": "test_imgs/525.jpg"}, {"prediction": "EEF1G", "ground truth": "EEF1G", "image path": "test_imgs/526.jpg"}, {"prediction": "SNRPE", "ground truth": "SNRPE", "image path": "test_imgs/527.jpg"}, {"prediction": "OR4K4P", "ground truth": "OR4K4P", "image path": "test_imgs/528.jpg"}, {"prediction": "SLC38A10", "ground truth": "SLC38A10", "image path": "test_imgs/529.jpg"}, {"prediction": "LINC02479", "ground truth": "LINC02479", "image path": "test_imgs/530.jpg"}, {"prediction": "RCC2P6", "ground truth": "RCC2P6", "image path": "test_imgs/531.jpg"}, {"prediction": "LINC02903", "ground truth": "LINC02903", "image path": "test_imgs/532.jpg"}, {"prediction": "NAGK", "ground truth": "NAGK", "image path": "test_imgs/533.jpg"}, {"prediction": "RPL34P9", "ground truth": "RPL34P9", "image path": "test_imgs/534.jpg"}, {"prediction": "DNAJC19P1", "ground truth": "DNAJC19P1", "image path": "test_imgs/535.jpg"}, {"prediction": "RN7SKP53", "ground truth": "RN7SKP53", "image path": "test_imgs/536.jpg"}, {"prediction": "CACNA1C-AS3", "ground truth": "CACNA1C-AS3", "image path": "test_imgs/537.jpg"}, {"prediction": "MRPS35P2", "ground truth": "MRPS35P2", "image path": "test_imgs/538.jpg"}, {"prediction": "HMCN2", "ground truth": "HMCN2", "image path": "test_imgs/539.jpg"}, {"prediction": "HIRAP1", "ground truth": "HIRAP1", "image path": "test_imgs/540.jpg"}, {"prediction": "TMEM161B-DT", "ground truth": "TMEM161B-DT", "image path": "test_imgs/541.jpg"}, {"prediction": "POU5F1B", "ground truth": "POU5F1B", "image path": "test_imgs/542.jpg"}, {"prediction": "TGM4", "ground truth": "TGM4", "image path": "test_imgs/543.jpg"}, {"prediction": "CTSZ", "ground truth": "CTSZ", "image path": "test_imgs/544.jpg"}, {"prediction": "LDHAL6DP", "ground truth": "LDHAL6DP", "image path": "test_imgs/545.jpg"}, {"prediction": "USP9YP21", "ground truth": "USP9YP21", "image path": "test_imgs/546.jpg"}, {"prediction": "NPPC", "ground truth": "NPPC", "image path": "test_imgs/547.jpg"}, {"prediction": "SNRK-AS1", "ground truth": "SNRK-AS1", "image path": "test_imgs/548.jpg"}, {"prediction": "RNU4-84P", "ground truth": "RNU4-84P", "image path": "test_imgs/549.jpg"}, {"prediction": "NPEPPS", "ground truth": "NPEPPS", "image path": "test_imgs/550.jpg"}, {"prediction": "TMEM19", "ground truth": "TMEM19", "image path": "test_imgs/551.jpg"}, {"prediction": "LRRC74A", "ground truth": "LRRC74A", "image path": "test_imgs/552.jpg"}, {"prediction": "MSNP1", "ground truth": "MSNP1", "image path": "test_imgs/553.jpg"}, {"prediction": "RRAS", "ground truth": "RRAS", "image path": "test_imgs/554.jpg"}, {"prediction": "PIRC103", "ground truth": "PIRC103", "image path": "test_imgs/555.jpg"}, {"prediction": "SLC25A21", "ground truth": "SLC25A21", "image path": "test_imgs/556.jpg"}, {"prediction": "YEATS4", "ground truth": "YEATS4", "image path": "test_imgs/557.jpg"}, {"prediction": "ZNF587", "ground truth": "ZNF587", "image path": "test_imgs/558.jpg"}, {"prediction": "MSRA", "ground truth": "MSRA", "image path": "test_imgs/559.jpg"}, {"prediction": "KLRG2", "ground truth": "KLRG2", "image path": "test_imgs/560.jpg"}, {"prediction": "TRF-GAA1-1", "ground truth": "TRF-GAA1-1", "image path": "test_imgs/561.jpg"}, {"prediction": "CMC4", "ground truth": "CMC4", "image path": "test_imgs/562.jpg"}, {"prediction": "RPL39P4", "ground truth": "RPL39P4", "image path": "test_imgs/563.jpg"}, {"prediction": "GAS2", "ground truth": "GAS2", "image path": "test_imgs/564.jpg"}, {"prediction": "STAP2", "ground truth": "STAP2", "image path": "test_imgs/565.jpg"}, {"prediction": "TANGO2", "ground truth": "TANGO2", "image path": "test_imgs/566.jpg"}, {"prediction": "LINC00680", "ground truth": "LINC00680", "image path": "test_imgs/567.jpg"}, {"prediction": "PIRC52", "ground truth": "PIRC52", "image path": "test_imgs/568.jpg"}, {"prediction": "SNORD113-1", "ground truth": "SNORD113-1", "image path": "test_imgs/569.jpg"}, {"prediction": "CSNK1G2P1", "ground truth": "CSNK1G2P1", "image path": "test_imgs/570.jpg"}, {"prediction": "SNORD14C", "ground truth": "SNORD14C", "image path": "test_imgs/571.jpg"}, {"prediction": "FAM66A", "ground truth": "FAM66A", "image path": "test_imgs/572.jpg"}, {"prediction": "SLC22A10", "ground truth": "SLC22A10", "image path": "test_imgs/573.jpg"}, {"prediction": "MAGEB3", "ground truth": "MAGEB3", "image path": "test_imgs/574.jpg"}, {"prediction": "PIRC90", "ground truth": "PIRC90", "image path": "test_imgs/575.jpg"}, {"prediction": "MIR548AK", "ground truth": "MIR548AK", "image path": "test_imgs/576.jpg"}, {"prediction": "BNIP3P35", "ground truth": "BNIP3P35", "image path": "test_imgs/577.jpg"}, {"prediction": "APOD", "ground truth": "APOD", "image path": "test_imgs/578.jpg"}, {"prediction": "ORC3", "ground truth": "ORC3", "image path": "test_imgs/579.jpg"}, {"prediction": "TTTY2B", "ground truth": "TTTY2B", "image path": "test_imgs/580.jpg"}, {"prediction": "RPSAP38", "ground truth": "RPSAP38", "image path": "test_imgs/581.jpg"}, {"prediction": "ZNF384", "ground truth": "ZNF384", "image path": "test_imgs/582.jpg"}, {"prediction": "FAM95A", "ground truth": "FAM95A", "image path": "test_imgs/583.jpg"}, {"prediction": "RNU7-4P", "ground truth": "RNU7-4P", "image path": "test_imgs/584.jpg"}, {"prediction": "SLC2A14", "ground truth": "SLC2A14", "image path": "test_imgs/585.jpg"}, {"prediction": "GK", "ground truth": "GK", "image path": "test_imgs/586.jpg"}, {"prediction": "ZCCHC24", "ground truth": "ZCCHC24", "image path": "test_imgs/587.jpg"}, {"prediction": "HNRNPA3P15", "ground truth": "HNRNPA3P15", "image path": "test_imgs/588.jpg"}, {"prediction": "OTOG", "ground truth": "OTOG", "image path": "test_imgs/589.jpg"}, {"prediction": "CHMP4B", "ground truth": "CHMP4B", "image path": "test_imgs/590.jpg"}, {"prediction": "PDLIM1P1", "ground truth": "PDLIM1P1", "image path": "test_imgs/591.jpg"}, {"prediction": "ASNSP6", "ground truth": "ASNSP6", "image path": "test_imgs/592.jpg"}, {"prediction": "ANKRD20A18P", "ground truth": "ANKRD20A18P", "image path": "test_imgs/593.jpg"}, {"prediction": "ARHGAP26-IT1", "ground truth": "ARHGAP26-IT1", "image path": "test_imgs/594.jpg"}, {"prediction": "RPL37P9", "ground truth": "RPL37P9", "image path": "test_imgs/595.jpg"}, {"prediction": "IGLV3-13", "ground truth": "IGLV3-13", "image path": "test_imgs/596.jpg"}, {"prediction": "RPSAP52", "ground truth": "RPSAP52", "image path": "test_imgs/597.jpg"}, {"prediction": "BID", "ground truth": "BID", "image path": "test_imgs/598.jpg"}, {"prediction": "CCDC180", "ground truth": "CCDC180", "image path": "test_imgs/599.jpg"}, {"prediction": "SLC7A8", "ground truth": "SLC7A8", "image path": "test_imgs/600.jpg"}, {"prediction": "ERVW-14", "ground truth": "ERVW-14", "image path": "test_imgs/601.jpg"}, {"prediction": "SNORD115-11", "ground truth": "SNORD115-11", "image path": "test_imgs/602.jpg"}, {"prediction": "MGAM2", "ground truth": "MGAM2", "image path": "test_imgs/603.jpg"}, {"prediction": "MIR141", "ground truth": "MIR141", "image path": "test_imgs/604.jpg"}, {"prediction": "TAP1", "ground truth": "TAP1", "image path": "test_imgs/605.jpg"}, {"prediction": "RNU6-70P", "ground truth": "RNU6-70P", "image path": "test_imgs/606.jpg"}, {"prediction": "MIR92A1", "ground truth": "MIR92A1", "image path": "test_imgs/607.jpg"}, {"prediction": "RPL26P9", "ground truth": "RPL26P9", "image path": "test_imgs/608.jpg"}, {"prediction": "TRI-GAT1-2", "ground truth": "TRI-GAT1-2", "image path": "test_imgs/609.jpg"}, {"prediction": "C1QTNF9", "ground truth": "C1QTNF9", "image path": "test_imgs/610.jpg"}, {"prediction": "MIR656", "ground truth": "MIR656", "image path": "test_imgs/611.jpg"}, {"prediction": "RN7SL705P", "ground truth": "RN7SL705P", "image path": "test_imgs/612.jpg"}, {"prediction": "ESPNP", "ground truth": "ESPNP", "image path": "test_imgs/613.jpg"}, {"prediction": "THEMIS2", "ground truth": "THEMIS2", "image path": "test_imgs/614.jpg"}, {"prediction": "TRAJ38", "ground truth": "TRAJ38", "image path": "test_imgs/615.jpg"}, {"prediction": "BTNL12P", "ground truth": "BTNL12P", "image path": "test_imgs/616.jpg"}, {"prediction": "DLG2-AS2", "ground truth": "DLG2-AS2", "image path": "test_imgs/617.jpg"}, {"prediction": "ERVE-1", "ground truth": "ERVE-1", "image path": "test_imgs/618.jpg"}, {"prediction": "LINC01496", "ground truth": "LINC01496", "image path": "test_imgs/619.jpg"}, {"prediction": "ZNF853", "ground truth": "ZNF853", "image path": "test_imgs/620.jpg"}, {"prediction": "LINC02139", "ground truth": "LINC02139", "image path": "test_imgs/621.jpg"}, {"prediction": "S100A13", "ground truth": "S100A13", "image path": "test_imgs/622.jpg"}, {"prediction": "GAGE2D", "ground truth": "GAGE2D", "image path": "test_imgs/623.jpg"}, {"prediction": "GON4L", "ground truth": "GON4L", "image path": "test_imgs/624.jpg"}, {"prediction": "LHFPL4", "ground truth": "LHFPL4", "image path": "test_imgs/625.jpg"}, {"prediction": "LINC02257", "ground truth": "LINC02257", "image path": "test_imgs/626.jpg"}, {"prediction": "ATXN2", "ground truth": "ATXN2", "image path": "test_imgs/627.jpg"}, {"prediction": "KRT18P28", "ground truth": "KRT18P28", "image path": "test_imgs/628.jpg"}, {"prediction": "NIP7", "ground truth": "NIP7", "image path": "test_imgs/629.jpg"}, {"prediction": "DLGAP5P1", "ground truth": "DLGAP5P1", "image path": "test_imgs/630.jpg"}, {"prediction": "MYT1", "ground truth": "MYT1", "image path": "test_imgs/631.jpg"}, {"prediction": "RNU6-196P", "ground truth": "RNU6-196P", "image path": "test_imgs/632.jpg"}, {"prediction": "SOX30", "ground truth": "SOX30", "image path": "test_imgs/633.jpg"}, {"prediction": "RNU1-152P", "ground truth": "RNU1-152P", "image path": "test_imgs/634.jpg"}, {"prediction": "MIR1908", "ground truth": "MIR1908", "image path": "test_imgs/635.jpg"}, {"prediction": "KIAA1191", "ground truth": "KIAA1191", "image path": "test_imgs/636.jpg"}, {"prediction": "BNIP3P31", "ground truth": "BNIP3P31", "image path": "test_imgs/637.jpg"}, {"prediction": "RPL22P23", "ground truth": "RPL22P23", "image path": "test_imgs/638.jpg"}, {"prediction": "MYL6P1", "ground truth": "MYL6P1", "image path": "test_imgs/639.jpg"}, {"prediction": "STAM", "ground truth": "STAM", "image path": "test_imgs/640.jpg"}, {"prediction": "TSPEAR-AS1", "ground truth": "TSPEAR-AS1", "image path": "test_imgs/641.jpg"}, {"prediction": "EHHADH-AS1", "ground truth": "EHHADH-AS1", "image path": "test_imgs/642.jpg"}, {"prediction": "PRR12", "ground truth": "PRR12", "image path": "test_imgs/643.jpg"}, {"prediction": "ADAM19", "ground truth": "ADAM19", "image path": "test_imgs/644.jpg"}, {"prediction": "RN7SL417P", "ground truth": "RN7SL417P", "image path": "test_imgs/645.jpg"}, {"prediction": "MIR4294", "ground truth": "MIR4294", "image path": "test_imgs/646.jpg"}, {"prediction": "RNU6-914P", "ground truth": "RNU6-914P", "image path": "test_imgs/647.jpg"}, {"prediction": "RNU7-39P", "ground truth": "RNU7-39P", "image path": "test_imgs/648.jpg"}, {"prediction": "LINC02265", "ground truth": "LINC02265", "image path": "test_imgs/649.jpg"}, {"prediction": "TMEM259", "ground truth": "TMEM259", "image path": "test_imgs/650.jpg"}, {"prediction": "RNU6-1096P", "ground truth": "RNU6-1096P", "image path": "test_imgs/651.jpg"}, {"prediction": "MARK2P11", "ground truth": "MARK2P11", "image path": "test_imgs/652.jpg"}, {"prediction": "MIR558", "ground truth": "MIR558", "image path": "test_imgs/653.jpg"}, {"prediction": "EIF4BP8", "ground truth": "EIF4BP8", "image path": "test_imgs/654.jpg"}, {"prediction": "PIRC85", "ground truth": "PIRC85", "image path": "test_imgs/655.jpg"}, {"prediction": "LYPD6", "ground truth": "LYPD6", "image path": "test_imgs/656.jpg"}, {"prediction": "SUPT16H", "ground truth": "SUPT16H", "image path": "test_imgs/657.jpg"}, {"prediction": "OVOL1", "ground truth": "OVOL1", "image path": "test_imgs/658.jpg"}, {"prediction": "RN7SL689P", "ground truth": "RN7SL689P", "image path": "test_imgs/659.jpg"}, {"prediction": "P3R3URF-PIK3R3", "ground truth": "P3R3URF-PIK3R3", "image path": "test_imgs/660.jpg"}, {"prediction": "KIAA0040", "ground truth": "KIAA0040", "image path": "test_imgs/661.jpg"}, {"prediction": "GNA12P2", "ground truth": "GNAI2P2", "image path": "test_imgs/662.jpg"}, {"prediction": "WNT2B", "ground truth": "WNT2B", "image path": "test_imgs/663.jpg"}, {"prediction": "RPS2P30", "ground truth": "RPS2P30", "image path": "test_imgs/664.jpg"}, {"prediction": "SKOR2", "ground truth": "SKOR2", "image path": "test_imgs/665.jpg"}, {"prediction": "TAF11L9", "ground truth": "TAF11L9", "image path": "test_imgs/666.jpg"}, {"prediction": "CCN5", "ground truth": "CCN5", "image path": "test_imgs/667.jpg"}, {"prediction": "AZGP1P2", "ground truth": "AZGP1P2", "image path": "test_imgs/668.jpg"}, {"prediction": "PTGER4", "ground truth": "PTGER4", "image path": "test_imgs/669.jpg"}, {"prediction": "DLEU1-AS1", "ground truth": "DLEU1-AS1", "image path": "test_imgs/670.jpg"}, {"prediction": "FAM86B3P", "ground truth": "FAM86B3P", "image path": "test_imgs/671.jpg"}, {"prediction": "MIR3940", "ground truth": "MIR3940", "image path": "test_imgs/672.jpg"}, {"prediction": "RN7SL545P", "ground truth": "RN7SL545P", "image path": "test_imgs/673.jpg"}, {"prediction": "TRR-ACG2-2", "ground truth": "TRR-ACG2-2", "image path": "test_imgs/674.jpg"}, {"prediction": "CFHR3", "ground truth": "CFHR3", "image path": "test_imgs/675.jpg"}, {"prediction": "NIFKP9", "ground truth": "NIFKP9", "image path": "test_imgs/676.jpg"}, {"prediction": "SRP14P1", "ground truth": "SRP14P1", "image path": "test_imgs/677.jpg"}, {"prediction": "SPINK5", "ground truth": "SPINK5", "image path": "test_imgs/678.jpg"}, {"prediction": "MRPL1", "ground truth": "MRPL1", "image path": "test_imgs/679.jpg"}, {"prediction": "\u039c\u039f\u039d\u038a\u0391", "ground truth": "MON1A", "image path": "test_imgs/680.jpg"}, {"prediction": "SEPTIN14P10", "ground truth": "SEPTIN14P10", "image path": "test_imgs/681.jpg"}, {"prediction": "MRC1", "ground truth": "MRC1", "image path": "test_imgs/682.jpg"}, {"prediction": "CEP250", "ground truth": "CEP250", "image path": "test_imgs/683.jpg"}, {"prediction": "GADD45GIP1", "ground truth": "GADD45GIP1", "image path": "test_imgs/684.jpg"}, {"prediction": "MGMT", "ground truth": "MGMT", "image path": "test_imgs/685.jpg"}, {"prediction": "TMEM97", "ground truth": "TMEM97", "image path": "test_imgs/686.jpg"}, {"prediction": "MRPS36P6", "ground truth": "MRPS36P6", "image path": "test_imgs/687.jpg"}, {"prediction": "NTN5", "ground truth": "NTN5", "image path": "test_imgs/688.jpg"}, {"prediction": "TGM4", "ground truth": "TGM4", "image path": "test_imgs/689.jpg"}, {"prediction": "IGKJ2", "ground truth": "IGKJ2", "image path": "test_imgs/690.jpg"}, {"prediction": "RPS24P7", "ground truth": "RPS24P7", "image path": "test_imgs/691.jpg"}, {"prediction": "PLCXD2-AS1", "ground truth": "PLCXD2-AS1", "image path": "test_imgs/692.jpg"}, {"prediction": "LINC02529", "ground truth": "LINC02529", "image path": "test_imgs/693.jpg"}, {"prediction": "UGT2B28", "ground truth": "UGT2B28", "image path": "test_imgs/694.jpg"}, {"prediction": "RN7SL233P", "ground truth": "RN7SL233P", "image path": "test_imgs/695.jpg"}, {"prediction": "CDK2", "ground truth": "CDK2", "image path": "test_imgs/696.jpg"}, {"prediction": "S100A4", "ground truth": "S100A4", "image path": "test_imgs/697.jpg"}, {"prediction": "SNRPGP6", "ground truth": "SNRPGP6", "image path": "test_imgs/698.jpg"}, {"prediction": "HS6ST1P1", "ground truth": "HS6ST1P1", "image path": "test_imgs/699.jpg"}, {"prediction": "GNB2", "ground truth": "GNB2", "image path": "test_imgs/700.jpg"}, {"prediction": "RBM7P1", "ground truth": "RBM7P1", "image path": "test_imgs/701.jpg"}, {"prediction": "LDLR", "ground truth": "LDLR", "image path": "test_imgs/702.jpg"}, {"prediction": "POGZ", "ground truth": "POGZ", "image path": "test_imgs/703.jpg"}, {"prediction": "MTND3P23", "ground truth": "MTND3P23", "image path": "test_imgs/704.jpg"}, {"prediction": "IGLV3-7", "ground truth": "IGLV3-7", "image path": "test_imgs/705.jpg"}, {"prediction": "FER1L6", "ground truth": "FER1L6", "image path": "test_imgs/706.jpg"}, {"prediction": "CCDC120", "ground truth": "CCDC120", "image path": "test_imgs/707.jpg"}, {"prediction": "NEK4P2", "ground truth": "NEK4P2", "image path": "test_imgs/708.jpg"}, {"prediction": "GRIN3A", "ground truth": "GRIN3A", "image path": "test_imgs/709.jpg"}, {"prediction": "PIRC37", "ground truth": "PIRC37", "image path": "test_imgs/710.jpg"}, {"prediction": "RN7SL432P", "ground truth": "RN7SL432P", "image path": "test_imgs/711.jpg"}, {"prediction": "SSBP3P2", "ground truth": "SSBP3P2", "image path": "test_imgs/712.jpg"}, {"prediction": "SGMS1-AS1", "ground truth": "SGMS1-AS1", "image path": "test_imgs/713.jpg"}, {"prediction": "SOX6", "ground truth": "SOX6", "image path": "test_imgs/714.jpg"}, {"prediction": "UTS2B", "ground truth": "UTS2B", "image path": "test_imgs/715.jpg"}, {"prediction": "MIR4648", "ground truth": "MIR4648", "image path": "test_imgs/716.jpg"}, {"prediction": "GHET1", "ground truth": "GHET1", "image path": "test_imgs/717.jpg"}, {"prediction": "KRTAP12-3", "ground truth": "KRTAP12-3", "image path": "test_imgs/718.jpg"}, {"prediction": "DPY19L3", "ground truth": "DPY19L3", "image path": "test_imgs/719.jpg"}, {"prediction": "ENTPD1", "ground truth": "ENTPD1", "image path": "test_imgs/720.jpg"}, {"prediction": "RPLP2", "ground truth": "RPLP2", "image path": "test_imgs/721.jpg"}, {"prediction": "RAPGEF2", "ground truth": "RAPGEF2", "image path": "test_imgs/722.jpg"}, {"prediction": "ZFX-AS1", "ground truth": "ZFX-AS1", "image path": "test_imgs/723.jpg"}, {"prediction": "MRPS35-DT", "ground truth": "MRPS35-DT", "image path": "test_imgs/724.jpg"}, {"prediction": "ZNF93", "ground truth": "ZNF93", "image path": "test_imgs/725.jpg"}, {"prediction": "GDPD4", "ground truth": "GDPD4", "image path": "test_imgs/726.jpg"}, {"prediction": "ZNF622P1", "ground truth": "ZNF622P1", "image path": "test_imgs/727.jpg"}, {"prediction": "FAM90A25P", "ground truth": "FAM90A25P", "image path": "test_imgs/728.jpg"}, {"prediction": "RN7SL811P", "ground truth": "RN7SL811P", "image path": "test_imgs/729.jpg"}, {"prediction": "RN7SKP42", "ground truth": "RN7SKP42", "image path": "test_imgs/730.jpg"}, {"prediction": "MIR5089", "ground truth": "MIR5089", "image path": "test_imgs/731.jpg"}, {"prediction": "\u0410\u041d\u0421\u0423\u04205\n\u0413", "ground truth": "AHCYP5", "image path": "test_imgs/732.jpg"}, {"prediction": "IMP4", "ground truth": "IMP4", "image path": "test_imgs/733.jpg"}, {"prediction": "BEST2", "ground truth": "BEST2", "image path": "test_imgs/734.jpg"}, {"prediction": "KRT8P50", "ground truth": "KRT8P50", "image path": "test_imgs/735.jpg"}, {"prediction": "CEACAMP4", "ground truth": "CEACAMP4", "image path": "test_imgs/736.jpg"}, {"prediction": "OR8H1", "ground truth": "OR8H1", "image path": "test_imgs/737.jpg"}, {"prediction": "OR52J3", "ground truth": "OR52J3", "image path": "test_imgs/738.jpg"}, {"prediction": "SNTB1", "ground truth": "SNTB1", "image path": "test_imgs/739.jpg"}, {"prediction": "LINC00941", "ground truth": "LINC00941", "image path": "test_imgs/740.jpg"}, {"prediction": "LINC02973", "ground truth": "LINC02973", "image path": "test_imgs/741.jpg"}, {"prediction": "CACHD1", "ground truth": "CACHD1", "image path": "test_imgs/742.jpg"}, {"prediction": "PI4KAP2", "ground truth": "PI4KAP2", "image path": "test_imgs/743.jpg"}, {"prediction": "FAHD2P1", "ground truth": "FAHD2P1", "image path": "test_imgs/744.jpg"}, {"prediction": "MTND3P11", "ground truth": "MTND3P11", "image path": "test_imgs/745.jpg"}, {"prediction": "MIR20B", "ground truth": "MIR20B", "image path": "test_imgs/746.jpg"}, {"prediction": "SOX5", "ground truth": "SOX5", "image path": "test_imgs/747.jpg"}, {"prediction": "ADRB2", "ground truth": "ADRB2", "image path": "test_imgs/748.jpg"}, {"prediction": "NDUFB8P3", "ground truth": "NDUFB8P3", "image path": "test_imgs/749.jpg"}, {"prediction": "MIR4719", "ground truth": "MIR4719", "image path": "test_imgs/750.jpg"}, {"prediction": "CHEK2P4", "ground truth": "CHEK2P4", "image path": "test_imgs/751.jpg"}, {"prediction": "DHODH", "ground truth": "DHODH", "image path": "test_imgs/752.jpg"}, {"prediction": "RNU6ATAC36P", "ground truth": "RNU6ATAC36P", "image path": "test_imgs/753.jpg"}, {"prediction": "RBMY2AP", "ground truth": "RBMY2AP", "image path": "test_imgs/754.jpg"}, {"prediction": "FAM106A", "ground truth": "FAM106A", "image path": "test_imgs/755.jpg"}, {"prediction": "RNU2-40P", "ground truth": "RNU2-40P", "image path": "test_imgs/756.jpg"}, {"prediction": "ADRA2A", "ground truth": "ADRA2A", "image path": "test_imgs/757.jpg"}, {"prediction": "PIGK", "ground truth": "PIGK", "image path": "test_imgs/758.jpg"}, {"prediction": "ATRNL1", "ground truth": "ATRNL1", "image path": "test_imgs/759.jpg"}, {"prediction": "NRG3-AS1", "ground truth": "NRG3-AS1", "image path": "test_imgs/760.jpg"}, {"prediction": "DDX11L16", "ground truth": "DDX11L16", "image path": "test_imgs/761.jpg"}, {"prediction": "NPTX2", "ground truth": "NPTX2", "image path": "test_imgs/762.jpg"}, {"prediction": "RN7SKP63", "ground truth": "RN7SKP63", "image path": "test_imgs/763.jpg"}, {"prediction": "SCP2D1-AS1", "ground truth": "SCP2D1-AS1", "image path": "test_imgs/764.jpg"}, {"prediction": "ATP6AP1-DT", "ground truth": "ATP6AP1-DT", "image path": "test_imgs/765.jpg"}, {"prediction": "CTSLP2", "ground truth": "CTSLP2", "image path": "test_imgs/766.jpg"}, {"prediction": "SLC16A2", "ground truth": "SLC16A2", "image path": "test_imgs/767.jpg"}, {"prediction": "GRAPLDR", "ground truth": "GRAPLDR", "image path": "test_imgs/768.jpg"}, {"prediction": "MTCYBP13", "ground truth": "MTCYBP13", "image path": "test_imgs/769.jpg"}, {"prediction": "TRW-CCA1-1", "ground truth": "TRW-CCA1-1", "image path": "test_imgs/770.jpg"}, {"prediction": "FAM193B", "ground truth": "FAM193B", "image path": "test_imgs/771.jpg"}, {"prediction": "MSI1", "ground truth": "MSI1", "image path": "test_imgs/772.jpg"}, {"prediction": "SMU1P1", "ground truth": "SMU1P1", "image path": "test_imgs/773.jpg"}, {"prediction": "GPR50-AS1", "ground truth": "GPR50-AS1", "image path": "test_imgs/774.jpg"}, {"prediction": "MIR12127", "ground truth": "MIR12127", "image path": "test_imgs/775.jpg"}, {"prediction": "MTND1P33", "ground truth": "MTND1P33", "image path": "test_imgs/776.jpg"}, {"prediction": "NBEAP5", "ground truth": "NBEAP5", "image path": "test_imgs/777.jpg"}, {"prediction": "MTC03P7", "ground truth": "MTCO3P7", "image path": "test_imgs/778.jpg"}, {"prediction": "ALDH6A1", "ground truth": "ALDH6A1", "image path": "test_imgs/779.jpg"}, {"prediction": "RNU4-83P", "ground truth": "RNU4-83P", "image path": "test_imgs/780.jpg"}, {"prediction": "TMEM212", "ground truth": "TMEM212", "image path": "test_imgs/781.jpg"}, {"prediction": "TRA-AGC12-3", "ground truth": "TRA-AGC12-3", "image path": "test_imgs/782.jpg"}, {"prediction": "TIMM9P3", "ground truth": "TIMM9P3", "image path": "test_imgs/783.jpg"}, {"prediction": "SLC25A42", "ground truth": "SLC25A42", "image path": "test_imgs/784.jpg"}, {"prediction": "F11R", "ground truth": "F11R", "image path": "test_imgs/785.jpg"}, {"prediction": "LINC01344", "ground truth": "LINC01344", "image path": "test_imgs/786.jpg"}, {"prediction": "CCDC170", "ground truth": "CCDC170", "image path": "test_imgs/787.jpg"}, {"prediction": "ALG1L14P", "ground truth": "ALG1L14P", "image path": "test_imgs/788.jpg"}, {"prediction": "SNORA40", "ground truth": "SNORA40", "image path": "test_imgs/789.jpg"}, {"prediction": "KSR2", "ground truth": "KSR2", "image path": "test_imgs/790.jpg"}, {"prediction": "\u0410\u0412\u0421\u0410\u0417", "ground truth": "ABCA3", "image path": "test_imgs/791.jpg"}, {"prediction": "MIR3159", "ground truth": "MIR3159", "image path": "test_imgs/792.jpg"}, {"prediction": "RN7SKP42", "ground truth": "RN7SKP42", "image path": "test_imgs/793.jpg"}, {"prediction": "PIH1D2", "ground truth": "PIH1D2", "image path": "test_imgs/794.jpg"}, {"prediction": "CISD3", "ground truth": "CISD3", "image path": "test_imgs/795.jpg"}, {"prediction": "OR4A48P", "ground truth": "OR4A48P", "image path": "test_imgs/796.jpg"}, {"prediction": "SNORD115-41", "ground truth": "SNORD115-41", "image path": "test_imgs/797.jpg"}, {"prediction": "ZCCHC24", "ground truth": "ZCCHC24", "image path": "test_imgs/798.jpg"}, {"prediction": "GAB2", "ground truth": "GAB2", "image path": "test_imgs/799.jpg"}, {"prediction": "S100A14", "ground truth": "S100A14", "image path": "test_imgs/800.jpg"}, {"prediction": "RNA5SP338", "ground truth": "RNA5SP338", "image path": "test_imgs/801.jpg"}, {"prediction": "RAC1P2", "ground truth": "RAC1P2", "image path": "test_imgs/802.jpg"}, {"prediction": "VN1R87P", "ground truth": "VN1R87P", "image path": "test_imgs/803.jpg"}, {"prediction": "CLEC12B", "ground truth": "CLEC12B", "image path": "test_imgs/804.jpg"}, {"prediction": "ENPP3", "ground truth": "ENPP3", "image path": "test_imgs/805.jpg"}, {"prediction": "PAFAH1B2P1", "ground truth": "PAFAH1B2P1", "image path": "test_imgs/806.jpg"}, {"prediction": "DUX4L7", "ground truth": "DUX4L7", "image path": "test_imgs/807.jpg"}, {"prediction": "ARF6", "ground truth": "ARF6", "image path": "test_imgs/808.jpg"}, {"prediction": "HMGB1P19", "ground truth": "HMGB1P19", "image path": "test_imgs/809.jpg"}, {"prediction": "MIR302B", "ground truth": "MIR302B", "image path": "test_imgs/810.jpg"}, {"prediction": "MIR10524", "ground truth": "MIR10524", "image path": "test_imgs/811.jpg"}, {"prediction": "RPL34P5", "ground truth": "RPL34P5", "image path": "test_imgs/812.jpg"}, {"prediction": "DHX30", "ground truth": "DHX30", "image path": "test_imgs/813.jpg"}, {"prediction": "THORLNC", "ground truth": "THORLNC", "image path": "test_imgs/814.jpg"}, {"prediction": "IVNS1ABP", "ground truth": "IVNS1ABP", "image path": "test_imgs/815.jpg"}, {"prediction": "PIAS3", "ground truth": "PIAS3", "image path": "test_imgs/816.jpg"}, {"prediction": "PAPSS2", "ground truth": "PAPSS2", "image path": "test_imgs/817.jpg"}, {"prediction": "RTL10", "ground truth": "RTL10", "image path": "test_imgs/818.jpg"}, {"prediction": "MIR203A", "ground truth": "MIR203A", "image path": "test_imgs/819.jpg"}, {"prediction": "RXFP1", "ground truth": "RXFP1", "image path": "test_imgs/820.jpg"}, {"prediction": "OBP2B", "ground truth": "OBP2B", "image path": "test_imgs/821.jpg"}, {"prediction": "RPL7AP37", "ground truth": "RPL7AP37", "image path": "test_imgs/822.jpg"}, {"prediction": "PLXNA3", "ground truth": "PLXNA3", "image path": "test_imgs/823.jpg"}, {"prediction": "PIFO", "ground truth": "PIFO", "image path": "test_imgs/824.jpg"}, {"prediction": "DPH6", "ground truth": "DPH6", "image path": "test_imgs/825.jpg"}, {"prediction": "AMIGO2", "ground truth": "AMIGO2", "image path": "test_imgs/826.jpg"}, {"prediction": "C7orf31", "ground truth": "C7orf31", "image path": "test_imgs/827.jpg"}, {"prediction": "TMEM52", "ground truth": "TMEM52", "image path": "test_imgs/828.jpg"}, {"prediction": "CDC37L1", "ground truth": "CDC37L1", "image path": "test_imgs/829.jpg"}, {"prediction": "CSRP3-AS1", "ground truth": "CSRP3-AS1", "image path": "test_imgs/830.jpg"}, {"prediction": "ADA", "ground truth": "ADA", "image path": "test_imgs/831.jpg"}, {"prediction": "COX7A2", "ground truth": "COX7A2", "image path": "test_imgs/832.jpg"}, {"prediction": "RABGEF1P1", "ground truth": "RABGEF1P1", "image path": "test_imgs/833.jpg"}, {"prediction": "CPM", "ground truth": "CPM", "image path": "test_imgs/834.jpg"}, {"prediction": "RPL39P37", "ground truth": "RPL39P37", "image path": "test_imgs/835.jpg"}, {"prediction": "WARS1", "ground truth": "WARS1", "image path": "test_imgs/836.jpg"}, {"prediction": "SUCLG2P1", "ground truth": "SUCLG2P1", "image path": "test_imgs/837.jpg"}, {"prediction": "CADM2-AS2", "ground truth": "CADM2-AS2", "image path": "test_imgs/838.jpg"}, {"prediction": "BACH1-IT3", "ground truth": "BACH1-IT3", "image path": "test_imgs/839.jpg"}, {"prediction": "RNU6-859P", "ground truth": "RNU6-859P", "image path": "test_imgs/840.jpg"}, {"prediction": "NEXMIF", "ground truth": "NEXMIF", "image path": "test_imgs/841.jpg"}, {"prediction": "DEFB133", "ground truth": "DEFB133", "image path": "test_imgs/842.jpg"}, {"prediction": "DNAJC17", "ground truth": "DNAJC17", "image path": "test_imgs/843.jpg"}, {"prediction": "DNAJB8", "ground truth": "DNAJB8", "image path": "test_imgs/844.jpg"}, {"prediction": "RTBDN", "ground truth": "RTBDN", "image path": "test_imgs/845.jpg"}, {"prediction": "OR2AT2P", "ground truth": "OR2AT2P", "image path": "test_imgs/846.jpg"}, {"prediction": "CDPF1", "ground truth": "CDPF1", "image path": "test_imgs/847.jpg"}, {"prediction": "SNRNP70", "ground truth": "SNRNP70", "image path": "test_imgs/848.jpg"}, {"prediction": "IL23A", "ground truth": "IL23A", "image path": "test_imgs/849.jpg"}, {"prediction": "SLC39A10", "ground truth": "SLC39A10", "image path": "test_imgs/850.jpg"}, {"prediction": "DMBX1", "ground truth": "DMBX1", "image path": "test_imgs/851.jpg"}, {"prediction": "TRPC6P7", "ground truth": "TRPC6P7", "image path": "test_imgs/852.jpg"}, {"prediction": "PPIAP69", "ground truth": "PPIAP69", "image path": "test_imgs/853.jpg"}, {"prediction": "RTL3", "ground truth": "RTL3", "image path": "test_imgs/854.jpg"}, {"prediction": "PRR13P4", "ground truth": "PRR13P4", "image path": "test_imgs/855.jpg"}, {"prediction": "EVA1 CP4", "ground truth": "EVA1CP4", "image path": "test_imgs/856.jpg"}, {"prediction": "GLT8D2", "ground truth": "GLT8D2", "image path": "test_imgs/857.jpg"}, {"prediction": "PLCZ1", "ground truth": "PLCZ1", "image path": "test_imgs/858.jpg"}, {"prediction": "RBM17P3", "ground truth": "RBM17P3", "image path": "test_imgs/859.jpg"}, {"prediction": "PI4KB", "ground truth": "PI4KB", "image path": "test_imgs/860.jpg"}, {"prediction": "KCTD21", "ground truth": "KCTD21", "image path": "test_imgs/861.jpg"}, {"prediction": "ZNF736P1Y", "ground truth": "ZNF736P1Y", "image path": "test_imgs/862.jpg"}, {"prediction": "PPP1R35-AS1", "ground truth": "PPP1R35-AS1", "image path": "test_imgs/863.jpg"}, {"prediction": "MTC02P2", "ground truth": "MTCO2P2", "image path": "test_imgs/864.jpg"}, {"prediction": "IKBKB-DT", "ground truth": "IKBKB-DT", "image path": "test_imgs/865.jpg"}, {"prediction": "RN7SL299P", "ground truth": "RN7SL299P", "image path": "test_imgs/866.jpg"}, {"prediction": "PGD", "ground truth": "PGD", "image path": "test_imgs/867.jpg"}, {"prediction": "ADCK1", "ground truth": "ADCK1", "image path": "test_imgs/868.jpg"}, {"prediction": "ADAMTS5", "ground truth": "ADAMTS5", "image path": "test_imgs/869.jpg"}, {"prediction": "LINC02996", "ground truth": "LINC02996", "image path": "test_imgs/870.jpg"}, {"prediction": "IL13RA1", "ground truth": "IL13RA1", "image path": "test_imgs/871.jpg"}, {"prediction": "IGHV3-73", "ground truth": "IGHV3-73", "image path": "test_imgs/872.jpg"}, {"prediction": "ALG14-AS1", "ground truth": "ALG14-AS1", "image path": "test_imgs/873.jpg"}, {"prediction": "RNU4ATAC", "ground truth": "RNU4ATAC", "image path": "test_imgs/874.jpg"}, {"prediction": "FAM41AY2", "ground truth": "FAM41AY2", "image path": "test_imgs/875.jpg"}, {"prediction": "LINC02211", "ground truth": "LINC02211", "image path": "test_imgs/876.jpg"}, {"prediction": "MRPL57", "ground truth": "MRPL57", "image path": "test_imgs/877.jpg"}, {"prediction": "RNA5SP223", "ground truth": "RNA5SP223", "image path": "test_imgs/878.jpg"}, {"prediction": "BASP1", "ground truth": "BASP1", "image path": "test_imgs/879.jpg"}, {"prediction": "MTND4P34", "ground truth": "MTND4P34", "image path": "test_imgs/880.jpg"}, {"prediction": "SEPTIN7P10", "ground truth": "SEPTIN7P10", "image path": "test_imgs/881.jpg"}, {"prediction": "VN1R95P", "ground truth": "VN1R95P", "image path": "test_imgs/882.jpg"}, {"prediction": "KRT13", "ground truth": "KRT13", "image path": "test_imgs/883.jpg"}, {"prediction": "RN7SL420P", "ground truth": "RN7SL420P", "image path": "test_imgs/884.jpg"}, {"prediction": "RPL36AP16", "ground truth": "RPL36AP16", "image path": "test_imgs/885.jpg"}, {"prediction": "SNORA48", "ground truth": "SNORA48", "image path": "test_imgs/886.jpg"}, {"prediction": "GMPR", "ground truth": "GMPR", "image path": "test_imgs/887.jpg"}, {"prediction": "IL31", "ground truth": "IL31", "image path": "test_imgs/888.jpg"}, {"prediction": "PRKAA1", "ground truth": "PRKAA1", "image path": "test_imgs/889.jpg"}, {"prediction": "MAP1LC3C", "ground truth": "MAP1LC3C", "image path": "test_imgs/890.jpg"}, {"prediction": "MIR3935", "ground truth": "MIR3935", "image path": "test_imgs/891.jpg"}, {"prediction": "RNA5SP479", "ground truth": "RNA5SP479", "image path": "test_imgs/892.jpg"}, {"prediction": "ARL2BPP2", "ground truth": "ARL2BPP2", "image path": "test_imgs/893.jpg"}, {"prediction": "LINC00645", "ground truth": "LINC00645", "image path": "test_imgs/894.jpg"}, {"prediction": "MTC01P11", "ground truth": "MTCO1P11", "image path": "test_imgs/895.jpg"}, {"prediction": "PIKFYVE", "ground truth": "PIKFYVE", "image path": "test_imgs/896.jpg"}, {"prediction": "DAB1-AS1", "ground truth": "DAB1-AS1", "image path": "test_imgs/897.jpg"}, {"prediction": "RPL9P11", "ground truth": "RPL9P11", "image path": "test_imgs/898.jpg"}, {"prediction": "HAAO", "ground truth": "HAAO", "image path": "test_imgs/899.jpg"}, {"prediction": "USP9YP3", "ground truth": "USP9YP3", "image path": "test_imgs/900.jpg"}, {"prediction": "KRT18P48", "ground truth": "KRT18P48", "image path": "test_imgs/901.jpg"}, {"prediction": "MIR6864", "ground truth": "MIR6864", "image path": "test_imgs/902.jpg"}, {"prediction": "VN1R52P", "ground truth": "VN1R52P", "image path": "test_imgs/903.jpg"}, {"prediction": "FAM218BP", "ground truth": "FAM218BP", "image path": "test_imgs/904.jpg"}, {"prediction": "LINC01888", "ground truth": "LINC01888", "image path": "test_imgs/905.jpg"}, {"prediction": "PPP1R3D", "ground truth": "PPP1R3D", "image path": "test_imgs/906.jpg"}, {"prediction": "C1orf21-DT", "ground truth": "C1orf21-DT", "image path": "test_imgs/907.jpg"}, {"prediction": "EXOSC3", "ground truth": "EXOSC3", "image path": "test_imgs/908.jpg"}, {"prediction": "LINC02059", "ground truth": "LINC02059", "image path": "test_imgs/909.jpg"}, {"prediction": "FBX016", "ground truth": "FBXO16", "image path": "test_imgs/910.jpg"}, {"prediction": "MIR576", "ground truth": "MIR576", "image path": "test_imgs/911.jpg"}, {"prediction": "NSL1", "ground truth": "NSL1", "image path": "test_imgs/912.jpg"}, {"prediction": "SLC29A4", "ground truth": "SLC29A4", "image path": "test_imgs/913.jpg"}, {"prediction": "RPL13P14", "ground truth": "RPL13P14", "image path": "test_imgs/914.jpg"}, {"prediction": "LINC03013", "ground truth": "LINC03013", "image path": "test_imgs/915.jpg"}, {"prediction": "STRA6LP", "ground truth": "STRA6LP", "image path": "test_imgs/916.jpg"}, {"prediction": "\u0422\u0420\u041c3P9", "ground truth": "TPM3P9", "image path": "test_imgs/917.jpg"}, {"prediction": "MSL3", "ground truth": "MSL3", "image path": "test_imgs/918.jpg"}, {"prediction": "STOX2", "ground truth": "STOX2", "image path": "test_imgs/919.jpg"}, {"prediction": "RNU6-1192P", "ground truth": "RNU6-1192P", "image path": "test_imgs/920.jpg"}, {"prediction": "PDE4B", "ground truth": "PDE4B", "image path": "test_imgs/921.jpg"}, {"prediction": "MTND6P4", "ground truth": "MTND6P4", "image path": "test_imgs/922.jpg"}, {"prediction": "RNU2-61P", "ground truth": "RNU2-61P", "image path": "test_imgs/923.jpg"}, {"prediction": "ABRAXAS1", "ground truth": "ABRAXAS1", "image path": "test_imgs/924.jpg"}, {"prediction": "GCAT", "ground truth": "GCAT", "image path": "test_imgs/925.jpg"}, {"prediction": "LINC01425", "ground truth": "LINC01425", "image path": "test_imgs/926.jpg"}, {"prediction": "ACVRL1", "ground truth": "ACVRL1", "image path": "test_imgs/927.jpg"}, {"prediction": "SIGLEC9", "ground truth": "SIGLEC9", "image path": "test_imgs/928.jpg"}, {"prediction": "RN7SL815P", "ground truth": "RN7SL815P", "image path": "test_imgs/929.jpg"}, {"prediction": "RPL31P31", "ground truth": "RPL31P31", "image path": "test_imgs/930.jpg"}, {"prediction": "HNRNPA1P34", "ground truth": "HNRNPA1P34", "image path": "test_imgs/931.jpg"}, {"prediction": "SNORD38A", "ground truth": "SNORD38A", "image path": "test_imgs/932.jpg"}, {"prediction": "DHPS", "ground truth": "DHPS", "image path": "test_imgs/933.jpg"}, {"prediction": "SREBF1", "ground truth": "SREBF1", "image path": "test_imgs/934.jpg"}, {"prediction": "PCDHGB7", "ground truth": "PCDHGB7", "image path": "test_imgs/935.jpg"}, {"prediction": "\u0421\u0421\u04226P3", "ground truth": "CCT6P3", "image path": "test_imgs/936.jpg"}, {"prediction": "TUBBP2", "ground truth": "TUBBP2", "image path": "test_imgs/937.jpg"}, {"prediction": "KLHL24", "ground truth": "KLHL24", "image path": "test_imgs/938.jpg"}, {"prediction": "CAPN3", "ground truth": "CAPN3", "image path": "test_imgs/939.jpg"}, {"prediction": "MTATP6P10", "ground truth": "MTATP6P10", "image path": "test_imgs/940.jpg"}, {"prediction": "IFITM3P4", "ground truth": "IFITM3P4", "image path": "test_imgs/941.jpg"}, {"prediction": "LINC01883", "ground truth": "LINC01883", "image path": "test_imgs/942.jpg"}, {"prediction": "CYP2A7P1", "ground truth": "CYP2A7P1", "image path": "test_imgs/943.jpg"}, {"prediction": "PPARGC1B", "ground truth": "PPARGC1B", "image path": "test_imgs/944.jpg"}, {"prediction": "COPS3", "ground truth": "COPS3", "image path": "test_imgs/945.jpg"}, {"prediction": "MTCO3P45", "ground truth": "MTCO3P45", "image path": "test_imgs/946.jpg"}, {"prediction": "HTR5A", "ground truth": "HTR5A", "image path": "test_imgs/947.jpg"}, {"prediction": "LINC00544", "ground truth": "LINC00544", "image path": "test_imgs/948.jpg"}, {"prediction": "AURKA", "ground truth": "AURKA", "image path": "test_imgs/949.jpg"}, {"prediction": "ARL5A", "ground truth": "ARL5A", "image path": "test_imgs/950.jpg"}, {"prediction": "ELOCP6", "ground truth": "ELOCP6", "image path": "test_imgs/951.jpg"}, {"prediction": "EIF3J", "ground truth": "EIF3J", "image path": "test_imgs/952.jpg"}, {"prediction": "RPL30P3", "ground truth": "RPL30P3", "image path": "test_imgs/953.jpg"}, {"prediction": "SAP30L-AS1", "ground truth": "SAP30L-AS1", "image path": "test_imgs/954.jpg"}, {"prediction": "GSTCD-AS1", "ground truth": "GSTCD-AS1", "image path": "test_imgs/955.jpg"}, {"prediction": "SCARNA28", "ground truth": "SCARNA28", "image path": "test_imgs/956.jpg"}, {"prediction": "LAMTOR1", "ground truth": "LAMTOR1", "image path": "test_imgs/957.jpg"}, {"prediction": "CLEC4M", "ground truth": "CLEC4M", "image path": "test_imgs/958.jpg"}, {"prediction": "RNU6-930P", "ground truth": "RNU6-930P", "image path": "test_imgs/959.jpg"}, {"prediction": "PIGO-AS1", "ground truth": "PIGO-AS1", "image path": "test_imgs/960.jpg"}, {"prediction": "SLC4A8-AS1", "ground truth": "SLC4A8-AS1", "image path": "test_imgs/961.jpg"}, {"prediction": "IFNB1", "ground truth": "IFNB1", "image path": "test_imgs/962.jpg"}, {"prediction": "DDX52", "ground truth": "DDX52", "image path": "test_imgs/963.jpg"}, {"prediction": "PDF", "ground truth": "PDF", "image path": "test_imgs/964.jpg"}, {"prediction": "PRSS51", "ground truth": "PRSS51", "image path": "test_imgs/965.jpg"}, {"prediction": "ONECUT3", "ground truth": "ONECUT3", "image path": "test_imgs/966.jpg"}, {"prediction": "LINC00351", "ground truth": "LINC00351", "image path": "test_imgs/967.jpg"}, {"prediction": "MIR153-1", "ground truth": "MIR153-1", "image path": "test_imgs/968.jpg"}, {"prediction": "PRELID3BP2", "ground truth": "PRELID3BP2", "image path": "test_imgs/969.jpg"}, {"prediction": "RNA5SP171", "ground truth": "RNA5SP171", "image path": "test_imgs/970.jpg"}, {"prediction": "PMM2", "ground truth": "PMM2", "image path": "test_imgs/971.jpg"}, {"prediction": "WHAMMP1", "ground truth": "WHAMMP1", "image path": "test_imgs/972.jpg"}, {"prediction": "IGLV1-50", "ground truth": "IGLV1-50", "image path": "test_imgs/973.jpg"}, {"prediction": "SNORD172", "ground truth": "SNORD172", "image path": "test_imgs/974.jpg"}, {"prediction": "SEMA6C", "ground truth": "SEMA6C", "image path": "test_imgs/975.jpg"}, {"prediction": "PIRC11", "ground truth": "PIRC11", "image path": "test_imgs/976.jpg"}, {"prediction": "ACKR1", "ground truth": "ACKR1", "image path": "test_imgs/977.jpg"}, {"prediction": "UBE2V1P1", "ground truth": "UBE2V1P1", "image path": "test_imgs/978.jpg"}, {"prediction": "MIR3683", "ground truth": "MIR3683", "image path": "test_imgs/979.jpg"}, {"prediction": "SERTAD4", "ground truth": "SERTAD4", "image path": "test_imgs/980.jpg"}, {"prediction": "COG2", "ground truth": "COG2", "image path": "test_imgs/981.jpg"}, {"prediction": "ZNF877P", "ground truth": "ZNF877P", "image path": "test_imgs/982.jpg"}, {"prediction": "ZDHHC20P4", "ground truth": "ZDHHC20P4", "image path": "test_imgs/983.jpg"}, {"prediction": "KLHL18", "ground truth": "KLHL18", "image path": "test_imgs/984.jpg"}, {"prediction": "APOBEC3G", "ground truth": "APOBEC3G", "image path": "test_imgs/985.jpg"}, {"prediction": "ACTG1P11", "ground truth": "ACTG1P11", "image path": "test_imgs/986.jpg"}, {"prediction": "DPF3", "ground truth": "DPF3", "image path": "test_imgs/987.jpg"}, {"prediction": "CDV3P1", "ground truth": "CDV3P1", "image path": "test_imgs/988.jpg"}, {"prediction": "RPL4P4", "ground truth": "RPL4P4", "image path": "test_imgs/989.jpg"}, {"prediction": "USPL1", "ground truth": "USPL1", "image path": "test_imgs/990.jpg"}, {"prediction": "ZFAND1", "ground truth": "ZFAND1", "image path": "test_imgs/991.jpg"}, {"prediction": "POLR1 HASP", "ground truth": "POLR1HASP", "image path": "test_imgs/992.jpg"}, {"prediction": "RPS4Y2", "ground truth": "RPS4Y2", "image path": "test_imgs/993.jpg"}, {"prediction": "TMC01-AS1", "ground truth": "TMCO1-AS1", "image path": "test_imgs/994.jpg"}, {"prediction": "HEATR4", "ground truth": "HEATR4", "image path": "test_imgs/995.jpg"}, {"prediction": "RNVU1-33", "ground truth": "RNVU1-33", "image path": "test_imgs/996.jpg"}, {"prediction": "C5orf67", "ground truth": "C5orf67", "image path": "test_imgs/997.jpg"}, {"prediction": "KRT12", "ground truth": "KRT12", "image path": "test_imgs/998.jpg"}, {"prediction": "OR4F14P", "ground truth": "OR4F14P", "image path": "test_imgs/999.jpg"}]}]