[{"model": "keras", "score": {"char_recall": 0.8974, "char_precision": 0.9023, "word_acc": 0.0, "word_acc_ignore_case": 0.398, "word_acc_ignore_case_symbol": 0.469, "1-N.E.D": 0.9}, "predictions": [{"prediction": "tmcbas1", "ground truth": "TMC3-AS1", "image path": "test_imgs/0.jpg"}, {"prediction": "rnzskp66", "ground truth": "RN7SKP68", "image path": "test_imgs/1.jpg"}, {"prediction": "napa", "ground truth": "NAPA", "image path": "test_imgs/2.jpg"}, {"prediction": "trlaagi1", "ground truth": "TRL-AAG1-1", "image path": "test_imgs/3.jpg"}, {"prediction": "linco2544", "ground truth": "LINC02544", "image path": "test_imgs/4.jpg"}, {"prediction": "linco2093", "ground truth": "LINC02093", "image path": "test_imgs/5.jpg"}, {"prediction": "mirzo8", "ground truth": "MIR708", "image path": "test_imgs/6.jpg"}, {"prediction": "pdc", "ground truth": "PDC", "image path": "test_imgs/7.jpg"}, {"prediction": "rnu6538p", "ground truth": "RNU6-538P", "image path": "test_imgs/8.jpg"}, {"prediction": "ccnbz", "ground truth": "CCNB2", "image path": "test_imgs/9.jpg"}, {"prediction": "linco0412", "ground truth": "LINC00412", "image path": "test_imgs/10.jpg"}, {"prediction": "mrtoa", "ground truth": "MRTO4", "image path": "test_imgs/11.jpg"}, {"prediction": "0r1141", "ground truth": "OR11A1", "image path": "test_imgs/12.jpg"}, {"prediction": "mir5191", "ground truth": "MIR5191", "image path": "test_imgs/13.jpg"}, {"prediction": "st13p12", "ground truth": "ST13P12", "image path": "test_imgs/14.jpg"}, {"prediction": "rnu61", "ground truth": "RNU6-14P", "image path": "test_imgs/15.jpg"}, {"prediction": "plakb", "ground truth": "PI4KB", "image path": "test_imgs/16.jpg"}, {"prediction": "hala3", "ground truth": "HHLA3", "image path": "test_imgs/17.jpg"}, {"prediction": "suptah1", "ground truth": "SUPT4H1", "image path": "test_imgs/18.jpg"}, {"prediction": "elovli", "ground truth": "ELOVL1", "image path": "test_imgs/19.jpg"}, {"prediction": "ppiap36", "ground truth": "PPIAP36", "image path": "test_imgs/20.jpg"}, {"prediction": "cpsf3", "ground truth": "CPSF3", "image path": "test_imgs/21.jpg"}, {"prediction": "rpl19p5", "ground truth": "RPL19P5", "image path": "test_imgs/22.jpg"}, {"prediction": "fmnlz", "ground truth": "FMNL2", "image path": "test_imgs/23.jpg"}, {"prediction": "tmcs", "ground truth": "TMC8", "image path": "test_imgs/24.jpg"}, {"prediction": "rnzsl321p", "ground truth": "RN7SL321P", "image path": "test_imgs/25.jpg"}, {"prediction": "tcf21", "ground truth": "TCF21", "image path": "test_imgs/26.jpg"}, {"prediction": "rnasspa85", "ground truth": "RNA5SP485", "image path": "test_imgs/27.jpg"}, {"prediction": "rnu6896p", "ground truth": "RNU6-896P", "image path": "test_imgs/28.jpg"}, {"prediction": "laptmaadt", "ground truth": "LAPTM4A-DT", "image path": "test_imgs/29.jpg"}, {"prediction": "rnassp141", "ground truth": "RNA5SP141", "image path": "test_imgs/30.jpg"}, {"prediction": "pandar", "ground truth": "PANDAR", "image path": "test_imgs/31.jpg"}, {"prediction": "linco1", "ground truth": "LINC01402", "image path": "test_imgs/32.jpg"}, {"prediction": "cuxzpz", "ground truth": "CUX2P2", "image path": "test_imgs/33.jpg"}, {"prediction": "rnu61038p", "ground truth": "RNU6-1038P", "image path": "test_imgs/34.jpg"}, {"prediction": "pom121b", "ground truth": "POM121B", "image path": "test_imgs/35.jpg"}, {"prediction": "mtrex", "ground truth": "MTREX", "image path": "test_imgs/36.jpg"}, {"prediction": "rnzsli13p", "ground truth": "RN7SL113P", "image path": "test_imgs/37.jpg"}, {"prediction": "wasfy", "ground truth": "WASF3", "image path": "test_imgs/38.jpg"}, {"prediction": "cers2", "ground truth": "CERS2", "image path": "test_imgs/39.jpg"}, {"prediction": "mylgp1", "ground truth": "MYL6P1", "image path": "test_imgs/40.jpg"}, {"prediction": "gaszlz", "ground truth": "GAS2L2", "image path": "test_imgs/41.jpg"}, {"prediction": "prrt3", "ground truth": "PRRT3", "image path": "test_imgs/42.jpg"}, {"prediction": "rnugatac13p", "ground truth": "RNU6ATAC13P", "image path": "test_imgs/43.jpg"}, {"prediction": "mtty", "ground truth": "MT-TY", "image path": "test_imgs/44.jpg"}, {"prediction": "mobap1", "ground truth": "MOB4P1", "image path": "test_imgs/45.jpg"}, {"prediction": "cycsp14", "ground truth": "CYCSP14", "image path": "test_imgs/46.jpg"}, {"prediction": "apobecyh", "ground truth": "APOBEC3H", "image path": "test_imgs/47.jpg"}, {"prediction": "dnmipg", "ground truth": "DNM1P9", "image path": "test_imgs/48.jpg"}, {"prediction": "ervw28", "ground truth": "ERVW-28", "image path": "test_imgs/49.jpg"}, {"prediction": "phkatas1", "ground truth": "PHKA1-AS1", "image path": "test_imgs/50.jpg"}, {"prediction": "mcub", "ground truth": "MCUB", "image path": "test_imgs/51.jpg"}, {"prediction": "nrtn", "ground truth": "NRTN", "image path": "test_imgs/52.jpg"}, {"prediction": "klhlzo", "ground truth": "KLHL20", "image path": "test_imgs/53.jpg"}, {"prediction": "linco21", "ground truth": "LINC02148", "image path": "test_imgs/54.jpg"}, {"prediction": "vdacipg", "ground truth": "VDAC1P9", "image path": "test_imgs/55.jpg"}, {"prediction": "mindy2dt", "ground truth": "MINDY2-DT", "image path": "test_imgs/56.jpg"}, {"prediction": "polr3kpz", "ground truth": "POLR3KP2", "image path": "test_imgs/57.jpg"}, {"prediction": "ntse", "ground truth": "NT5E", "image path": "test_imgs/58.jpg"}, {"prediction": "atosbp1", "ground truth": "ATOSBP1", "image path": "test_imgs/59.jpg"}, {"prediction": "rplgp2", "ground truth": "RPL9P2", "image path": "test_imgs/60.jpg"}, {"prediction": "scubei", "ground truth": "SCUBE1", "image path": "test_imgs/61.jpg"}, {"prediction": "hcgip5", "ground truth": "HCG9P5", "image path": "test_imgs/62.jpg"}, {"prediction": "mir323b", "ground truth": "MIR323B", "image path": "test_imgs/63.jpg"}, {"prediction": "septint", "ground truth": "SEPTIN14P23", "image path": "test_imgs/64.jpg"}, {"prediction": "pitpinci", "ground truth": "PITPNC1", "image path": "test_imgs/65.jpg"}, {"prediction": "mira24", "ground truth": "MIR424", "image path": "test_imgs/66.jpg"}, {"prediction": "arhgefa", "ground truth": "ARHGEF4", "image path": "test_imgs/67.jpg"}, {"prediction": "plekhaz", "ground truth": "PLEKHA2", "image path": "test_imgs/68.jpg"}, {"prediction": "lonpi", "ground truth": "LONP1", "image path": "test_imgs/69.jpg"}, {"prediction": "mir3194", "ground truth": "MIR3194", "image path": "test_imgs/70.jpg"}, {"prediction": "oscar", "ground truth": "OSCAR", "image path": "test_imgs/71.jpg"}, {"prediction": "folr3", "ground truth": "FOLR3", "image path": "test_imgs/72.jpg"}, {"prediction": "klhdca", "ground truth": "KLHDC4", "image path": "test_imgs/73.jpg"}, {"prediction": "washc1", "ground truth": "WASHC1", "image path": "test_imgs/74.jpg"}, {"prediction": "rpli8p8", "ground truth": "RPL18P8", "image path": "test_imgs/75.jpg"}, {"prediction": "actgi1p25", "ground truth": "ACTG1P25", "image path": "test_imgs/76.jpg"}, {"prediction": "lgmn", "ground truth": "LGMN", "image path": "test_imgs/77.jpg"}, {"prediction": "p2ry13", "ground truth": "P2RY13", "image path": "test_imgs/78.jpg"}, {"prediction": "linco2210", "ground truth": "LINC02210", "image path": "test_imgs/79.jpg"}, {"prediction": "tenm2as1", "ground truth": "TENM2-AS1", "image path": "test_imgs/80.jpg"}, {"prediction": "rplzap52", "ground truth": "RPL7AP52", "image path": "test_imgs/81.jpg"}, {"prediction": "eifijdt", "ground truth": "EIF3J-DT", "image path": "test_imgs/82.jpg"}, {"prediction": "lin37", "ground truth": "LIN37", "image path": "test_imgs/83.jpg"}, {"prediction": "uvrag", "ground truth": "UVRAG", "image path": "test_imgs/84.jpg"}, {"prediction": "klhly1", "ground truth": "KLHL31", "image path": "test_imgs/85.jpg"}, {"prediction": "bclzliast", "ground truth": "BCL2L1-AS1", "image path": "test_imgs/86.jpg"}, {"prediction": "hs6st1p1", "ground truth": "HS6ST1P1", "image path": "test_imgs/87.jpg"}, {"prediction": "fam199yp", "ground truth": "FAM199YP", "image path": "test_imgs/88.jpg"}, {"prediction": "pirc13", "ground truth": "PIRC13", "image path": "test_imgs/89.jpg"}, {"prediction": "lincoo343", "ground truth": "LINC00343", "image path": "test_imgs/90.jpg"}, {"prediction": "mir4439", "ground truth": "MIR4439", "image path": "test_imgs/91.jpg"}, {"prediction": "znf6o8", "ground truth": "ZNF608", "image path": "test_imgs/92.jpg"}, {"prediction": "mir4443", "ground truth": "MIR4443", "image path": "test_imgs/93.jpg"}, {"prediction": "pcdhgc3", "ground truth": "PCDHGC3", "image path": "test_imgs/94.jpg"}, {"prediction": "hspai2b", "ground truth": "HSPA12B", "image path": "test_imgs/95.jpg"}, {"prediction": "atp2ba", "ground truth": "ATP2B4", "image path": "test_imgs/96.jpg"}, {"prediction": "pde11a", "ground truth": "PDE11A", "image path": "test_imgs/97.jpg"}, {"prediction": "cdsl", "ground truth": "CD5L", "image path": "test_imgs/98.jpg"}, {"prediction": "mettlep1", "ground truth": "METTL8P1", "image path": "test_imgs/99.jpg"}, {"prediction": "lancli", "ground truth": "LANCL1", "image path": "test_imgs/100.jpg"}, {"prediction": "rnu6565p", "ground truth": "RNU6-565P", "image path": "test_imgs/101.jpg"}, {"prediction": "bbip1", "ground truth": "BBIP1", "image path": "test_imgs/102.jpg"}, {"prediction": "linco0411", "ground truth": "LINC00411", "image path": "test_imgs/103.jpg"}, {"prediction": "rnu6411p", "ground truth": "RNU6-411P", "image path": "test_imgs/104.jpg"}, {"prediction": "ttc3ic", "ground truth": "TTC39C", "image path": "test_imgs/105.jpg"}, {"prediction": "fam216a", "ground truth": "FAM216A", "image path": "test_imgs/106.jpg"}, {"prediction": "ndufbipz", "ground truth": "NDUFB9P2", "image path": "test_imgs/107.jpg"}, {"prediction": "mtndsp2", "ground truth": "MTND5P2", "image path": "test_imgs/108.jpg"}, {"prediction": "grebi", "ground truth": "GREB1", "image path": "test_imgs/109.jpg"}, {"prediction": "rpli7p22", "ground truth": "RPL17P22", "image path": "test_imgs/110.jpg"}, {"prediction": "snorazad", "ground truth": "SNORA74D", "image path": "test_imgs/111.jpg"}, {"prediction": "tektz", "ground truth": "TEKT2", "image path": "test_imgs/112.jpg"}, {"prediction": "snord1", "ground truth": "SNORD14B", "image path": "test_imgs/113.jpg"}, {"prediction": "krta1p", "ground truth": "KRT41P", "image path": "test_imgs/114.jpg"}, {"prediction": "tacri", "ground truth": "TACR1", "image path": "test_imgs/115.jpg"}, {"prediction": "rabgapilast", "ground truth": "RABGAP1L-AS1", "image path": "test_imgs/116.jpg"}, {"prediction": "znf569", "ground truth": "ZNF569", "image path": "test_imgs/117.jpg"}, {"prediction": "kiaa2012as1", "ground truth": "KIAA2012-AS1", "image path": "test_imgs/118.jpg"}, {"prediction": "or6c66p", "ground truth": "OR6C66P", "image path": "test_imgs/119.jpg"}, {"prediction": "atpspfpi", "ground truth": "ATP5PFP1", "image path": "test_imgs/120.jpg"}, {"prediction": "clcn3", "ground truth": "CLCN3", "image path": "test_imgs/121.jpg"}, {"prediction": "dcafi2", "ground truth": "DCAF12", "image path": "test_imgs/122.jpg"}, {"prediction": "rplyip20", "ground truth": "RPL39P20", "image path": "test_imgs/123.jpg"}, {"prediction": "fam106c", "ground truth": "FAM106C", "image path": "test_imgs/124.jpg"}, {"prediction": "sapcdzpz", "ground truth": "SAPCD2P2", "image path": "test_imgs/125.jpg"}, {"prediction": "igsf3p1", "ground truth": "IGSF3P1", "image path": "test_imgs/126.jpg"}, {"prediction": "spa17", "ground truth": "SPA17", "image path": "test_imgs/127.jpg"}, {"prediction": "hpv1812", "ground truth": "HPV18I2", "image path": "test_imgs/128.jpg"}, {"prediction": "snord11528", "ground truth": "SNORD115-28", "image path": "test_imgs/129.jpg"}, {"prediction": "gyg2p1", "ground truth": "GYG2P1", "image path": "test_imgs/130.jpg"}, {"prediction": "synjzbpcox16", "ground truth": "SYNJ2BP-COX16", "image path": "test_imgs/131.jpg"}, {"prediction": "plekhai", "ground truth": "PLEKHH1", "image path": "test_imgs/132.jpg"}, {"prediction": "arli", "ground truth": "ARL1", "image path": "test_imgs/133.jpg"}, {"prediction": "zswim5", "ground truth": "ZSWIM5", "image path": "test_imgs/134.jpg"}, {"prediction": "anapcipa", "ground truth": "ANAPC1P4", "image path": "test_imgs/135.jpg"}, {"prediction": "rps17p17", "ground truth": "RPS17P17", "image path": "test_imgs/136.jpg"}, {"prediction": "dock11p1", "ground truth": "DOCK11P1", "image path": "test_imgs/137.jpg"}, {"prediction": "trqctgi151", "ground truth": "TRQ-CTG15-1", "image path": "test_imgs/138.jpg"}, {"prediction": "fbxo43", "ground truth": "FBXO43", "image path": "test_imgs/139.jpg"}, {"prediction": "ykt6", "ground truth": "YKT6", "image path": "test_imgs/140.jpg"}, {"prediction": "sfrip2", "ground truth": "SFR1P2", "image path": "test_imgs/141.jpg"}, {"prediction": "mir622", "ground truth": "MIR622", "image path": "test_imgs/142.jpg"}, {"prediction": "rps18p7", "ground truth": "RPS18P7", "image path": "test_imgs/143.jpg"}, {"prediction": "wbpilp11", "ground truth": "WBP1LP11", "image path": "test_imgs/144.jpg"}, {"prediction": "znf727", "ground truth": "ZNF727", "image path": "test_imgs/145.jpg"}, {"prediction": "rnzsli82p", "ground truth": "RN7SL182P", "image path": "test_imgs/146.jpg"}, {"prediction": "trbvz5", "ground truth": "TRBV7-5", "image path": "test_imgs/147.jpg"}, {"prediction": "mir4316", "ground truth": "MIR4316", "image path": "test_imgs/148.jpg"}, {"prediction": "ighva39", "ground truth": "IGHV4-39", "image path": "test_imgs/149.jpg"}, {"prediction": "trltaas1", "ground truth": "TRL-TAA5-1", "image path": "test_imgs/150.jpg"}, {"prediction": "linco1808", "ground truth": "LINC01808", "image path": "test_imgs/151.jpg"}, {"prediction": "zdhhc5", "ground truth": "ZDHHC5", "image path": "test_imgs/152.jpg"}, {"prediction": "mir32o22", "ground truth": "MIR3202-2", "image path": "test_imgs/153.jpg"}, {"prediction": "mir4736", "ground truth": "MIR4736", "image path": "test_imgs/154.jpg"}, {"prediction": "rps7p8", "ground truth": "RPS7P8", "image path": "test_imgs/155.jpg"}, {"prediction": "lincoo994", "ground truth": "LINC00994", "image path": "test_imgs/156.jpg"}, {"prediction": "grhlbas1", "ground truth": "GRHL3-AS1", "image path": "test_imgs/157.jpg"}, {"prediction": "dhrsg", "ground truth": "DHRS9", "image path": "test_imgs/158.jpg"}, {"prediction": "snord1", "ground truth": "SNORD14E", "image path": "test_imgs/159.jpg"}, {"prediction": "trim16", "ground truth": "TRIM16", "image path": "test_imgs/160.jpg"}, {"prediction": "bsdc1", "ground truth": "BSDC1", "image path": "test_imgs/161.jpg"}, {"prediction": "cenpbdzp", "ground truth": "CENPBD2P", "image path": "test_imgs/162.jpg"}, {"prediction": "zdhhc3", "ground truth": "ZDHHC3", "image path": "test_imgs/163.jpg"}, {"prediction": "snord11423", "ground truth": "SNORD114-23", "image path": "test_imgs/164.jpg"}, {"prediction": "parmiast", "ground truth": "PARM1-AS1", "image path": "test_imgs/165.jpg"}, {"prediction": "rplsp1z", "ground truth": "RPL5P17", "image path": "test_imgs/166.jpg"}, {"prediction": "s100a2", "ground truth": "S100A2", "image path": "test_imgs/167.jpg"}, {"prediction": "aqp7p5", "ground truth": "AQP7P5", "image path": "test_imgs/168.jpg"}, {"prediction": "orsmzp", "ground truth": "OR5M7P", "image path": "test_imgs/169.jpg"}, {"prediction": "klcaas1", "ground truth": "KLC4-AS1", "image path": "test_imgs/170.jpg"}, {"prediction": "rnassp333", "ground truth": "RNA5SP333", "image path": "test_imgs/171.jpg"}, {"prediction": "epgn", "ground truth": "EPGN", "image path": "test_imgs/172.jpg"}, {"prediction": "rnassps5", "ground truth": "RNA5SP85", "image path": "test_imgs/173.jpg"}, {"prediction": "znfi32", "ground truth": "ZNF132", "image path": "test_imgs/174.jpg"}, {"prediction": "tomm22pz", "ground truth": "TOMM22P2", "image path": "test_imgs/175.jpg"}, {"prediction": "rnzskp267", "ground truth": "RN7SKP267", "image path": "test_imgs/176.jpg"}, {"prediction": "pomzp3", "ground truth": "POMZP3", "image path": "test_imgs/177.jpg"}, {"prediction": "mtusz", "ground truth": "MTUS2", "image path": "test_imgs/178.jpg"}, {"prediction": "gotzp1", "ground truth": "GOT2P1", "image path": "test_imgs/179.jpg"}, {"prediction": "dcafali", "ground truth": "DCAF4L1", "image path": "test_imgs/180.jpg"}, {"prediction": "nusi", "ground truth": "NUS1", "image path": "test_imgs/181.jpg"}, {"prediction": "set", "ground truth": "SET", "image path": "test_imgs/182.jpg"}, {"prediction": "rnu6157p", "ground truth": "RNU6-157P", "image path": "test_imgs/183.jpg"}, {"prediction": "pradx", "ground truth": "PRADX", "image path": "test_imgs/184.jpg"}, {"prediction": "linco2624", "ground truth": "LINC02624", "image path": "test_imgs/185.jpg"}, {"prediction": "or6c66p", "ground truth": "OR6C66P", "image path": "test_imgs/186.jpg"}, {"prediction": "lincoo840", "ground truth": "LINC00840", "image path": "test_imgs/187.jpg"}, {"prediction": "mtx3", "ground truth": "MTX3", "image path": "test_imgs/188.jpg"}, {"prediction": "linco3o28", "ground truth": "LINC03028", "image path": "test_imgs/189.jpg"}, {"prediction": "tshb", "ground truth": "TSHB", "image path": "test_imgs/190.jpg"}, {"prediction": "prss8", "ground truth": "PRSS8", "image path": "test_imgs/191.jpg"}, {"prediction": "0r10h4", "ground truth": "OR10H4", "image path": "test_imgs/192.jpg"}, {"prediction": "cypeb1", "ground truth": "CYP8B1", "image path": "test_imgs/193.jpg"}, {"prediction": "kdmad", "ground truth": "KDM4D", "image path": "test_imgs/194.jpg"}, {"prediction": "rnassp525", "ground truth": "RNA5SP525", "image path": "test_imgs/195.jpg"}, {"prediction": "rpliop8", "ground truth": "RPL10P8", "image path": "test_imgs/196.jpg"}, {"prediction": "trim16l", "ground truth": "TRIM16L", "image path": "test_imgs/197.jpg"}, {"prediction": "slc22a14", "ground truth": "SLC22A14", "image path": "test_imgs/198.jpg"}, {"prediction": "rplyip55", "ground truth": "RPL39P35", "image path": "test_imgs/199.jpg"}, {"prediction": "chp1p1", "ground truth": "CHP1P1", "image path": "test_imgs/200.jpg"}, {"prediction": "tmem269dt", "ground truth": "TMEM269-DT", "image path": "test_imgs/201.jpg"}, {"prediction": "psme3", "ground truth": "PSME3", "image path": "test_imgs/202.jpg"}, {"prediction": "rpl3ap14", "ground truth": "RPL34P14", "image path": "test_imgs/203.jpg"}, {"prediction": "dgcrbl", "ground truth": "DGCR6L", "image path": "test_imgs/204.jpg"}, {"prediction": "lincoo3o2", "ground truth": "LINC00302", "image path": "test_imgs/205.jpg"}, {"prediction": "dnpepas1", "ground truth": "DNPEP-AS1", "image path": "test_imgs/206.jpg"}, {"prediction": "ili2aas1", "ground truth": "IL12A-AS1", "image path": "test_imgs/207.jpg"}, {"prediction": "ralgapb", "ground truth": "RALGAPB", "image path": "test_imgs/208.jpg"}, {"prediction": "rnu61034p", "ground truth": "RNU6-1034P", "image path": "test_imgs/209.jpg"}, {"prediction": "cdca2it1", "ground truth": "CDC42-IT1", "image path": "test_imgs/210.jpg"}, {"prediction": "rnu6115p", "ground truth": "RNU6-115P", "image path": "test_imgs/211.jpg"}, {"prediction": "anxaa", "ground truth": "ANXA4", "image path": "test_imgs/212.jpg"}, {"prediction": "zscan3o", "ground truth": "ZSCAN30", "image path": "test_imgs/213.jpg"}, {"prediction": "znf619p1", "ground truth": "ZNF619P1", "image path": "test_imgs/214.jpg"}, {"prediction": "snrpgpz", "ground truth": "SNRPGP2", "image path": "test_imgs/215.jpg"}, {"prediction": "ctage1ap", "ground truth": "CTAGE14P", "image path": "test_imgs/216.jpg"}, {"prediction": "dlgi", "ground truth": "DLG1", "image path": "test_imgs/217.jpg"}, {"prediction": "rnuzaop", "ground truth": "RNU7-40P", "image path": "test_imgs/218.jpg"}, {"prediction": "amyia", "ground truth": "AMY1A", "image path": "test_imgs/219.jpg"}, {"prediction": "prr13p2", "ground truth": "PRR13P2", "image path": "test_imgs/220.jpg"}, {"prediction": "mir4752", "ground truth": "MIR4752", "image path": "test_imgs/221.jpg"}, {"prediction": "plpprsas1", "ground truth": "PLPPR5-AS1", "image path": "test_imgs/222.jpg"}, {"prediction": "tmem128", "ground truth": "TMEM128", "image path": "test_imgs/223.jpg"}, {"prediction": "dnaiz", "ground truth": "DNAI7", "image path": "test_imgs/224.jpg"}, {"prediction": "ube2t", "ground truth": "UBE2T", "image path": "test_imgs/225.jpg"}, {"prediction": "linc01553", "ground truth": "LINC01553", "image path": "test_imgs/226.jpg"}, {"prediction": "pdcdz", "ground truth": "PDCD7", "image path": "test_imgs/227.jpg"}, {"prediction": "actrbb", "ground truth": "ACTR3B", "image path": "test_imgs/228.jpg"}, {"prediction": "rhoqpi", "ground truth": "RHOQP1", "image path": "test_imgs/229.jpg"}, {"prediction": "fnbpipz", "ground truth": "FNBP1P2", "image path": "test_imgs/230.jpg"}, {"prediction": "pppbcbast", "ground truth": "PPP3CB-AS1", "image path": "test_imgs/231.jpg"}, {"prediction": "cds2", "ground truth": "CDS2", "image path": "test_imgs/232.jpg"}, {"prediction": "znf96p", "ground truth": "ZNF968P", "image path": "test_imgs/233.jpg"}, {"prediction": "linco1284", "ground truth": "LINC01284", "image path": "test_imgs/234.jpg"}, {"prediction": "bcap31", "ground truth": "BCAP31", "image path": "test_imgs/235.jpg"}, {"prediction": "znf3o2", "ground truth": "ZNF302", "image path": "test_imgs/236.jpg"}, {"prediction": "prmtz", "ground truth": "PRMT2", "image path": "test_imgs/237.jpg"}, {"prediction": "pxt1", "ground truth": "PXT1", "image path": "test_imgs/238.jpg"}, {"prediction": "slciagas1", "ground truth": "SLC9A9-AS1", "image path": "test_imgs/239.jpg"}, {"prediction": "sbfip2", "ground truth": "SBF1P2", "image path": "test_imgs/240.jpg"}, {"prediction": "ap1g1", "ground truth": "AP1G1", "image path": "test_imgs/241.jpg"}, {"prediction": "rpl1sp17", "ground truth": "RPL15P17", "image path": "test_imgs/242.jpg"}, {"prediction": "rnu6570p", "ground truth": "RNU6-570P", "image path": "test_imgs/243.jpg"}, {"prediction": "c1s", "ground truth": "C1S", "image path": "test_imgs/244.jpg"}, {"prediction": "znfz5cp", "ground truth": "ZNF75CP", "image path": "test_imgs/245.jpg"}, {"prediction": "rnasspa20", "ground truth": "RNA5SP420", "image path": "test_imgs/246.jpg"}, {"prediction": "linco3o27", "ground truth": "LINC03027", "image path": "test_imgs/247.jpg"}, {"prediction": "trttgt51", "ground truth": "TRT-TGT5-1", "image path": "test_imgs/248.jpg"}, {"prediction": "ferli", "ground truth": "F2RL1", "image path": "test_imgs/249.jpg"}, {"prediction": "rnuz78p", "ground truth": "RNU7-78P", "image path": "test_imgs/250.jpg"}, {"prediction": "hes3", "ground truth": "HES3", "image path": "test_imgs/251.jpg"}, {"prediction": "pikycdas1", "ground truth": "PIK3CD-AS1", "image path": "test_imgs/252.jpg"}, {"prediction": "falim", "ground truth": "FAIM", "image path": "test_imgs/253.jpg"}, {"prediction": "fam180a", "ground truth": "FAM180A", "image path": "test_imgs/254.jpg"}, {"prediction": "cdh15", "ground truth": "CDH15", "image path": "test_imgs/255.jpg"}, {"prediction": "impdhip7", "ground truth": "IMPDH1P7", "image path": "test_imgs/256.jpg"}, {"prediction": "hibadh", "ground truth": "HIBADH", "image path": "test_imgs/257.jpg"}, {"prediction": "orokip", "ground truth": "OR9K1P", "image path": "test_imgs/258.jpg"}, {"prediction": "nme1", "ground truth": "NME1", "image path": "test_imgs/259.jpg"}, {"prediction": "drg1", "ground truth": "DRG1", "image path": "test_imgs/260.jpg"}, {"prediction": "adgrfsast", "ground truth": "ADGRF5-AS1", "image path": "test_imgs/261.jpg"}, {"prediction": "linco2503", "ground truth": "LINC02503", "image path": "test_imgs/262.jpg"}, {"prediction": "ipmkpl", "ground truth": "IPMKP1", "image path": "test_imgs/263.jpg"}, {"prediction": "kifsa", "ground truth": "KIF5A", "image path": "test_imgs/264.jpg"}, {"prediction": "arid3c", "ground truth": "ARID3C", "image path": "test_imgs/265.jpg"}, {"prediction": "nbeapa", "ground truth": "NBEAP4", "image path": "test_imgs/266.jpg"}, {"prediction": "abras1", "ground truth": "ABR-AS1", "image path": "test_imgs/267.jpg"}, {"prediction": "myozz", "ground truth": "MYOZ2", "image path": "test_imgs/268.jpg"}, {"prediction": "rpl36ap5", "ground truth": "RPL36AP5", "image path": "test_imgs/269.jpg"}, {"prediction": "phactra", "ground truth": "PHACTR4", "image path": "test_imgs/270.jpg"}, {"prediction": "shiglbi", "ground truth": "SH3GLB1", "image path": "test_imgs/271.jpg"}, {"prediction": "arhgapa2pa", "ground truth": "ARHGAP42P4", "image path": "test_imgs/272.jpg"}, {"prediction": "adamts17", "ground truth": "ADAMTS17", "image path": "test_imgs/273.jpg"}, {"prediction": "lincoo534", "ground truth": "LINC00534", "image path": "test_imgs/274.jpg"}, {"prediction": "rplz3ap95", "ground truth": "RPL23AP95", "image path": "test_imgs/275.jpg"}, {"prediction": "extlyas1", "ground truth": "EXTL3-AS1", "image path": "test_imgs/276.jpg"}, {"prediction": "mir652", "ground truth": "MIR652", "image path": "test_imgs/277.jpg"}, {"prediction": "nipsnapsa", "ground truth": "NIPSNAP3A", "image path": "test_imgs/278.jpg"}, {"prediction": "usp54", "ground truth": "USP54", "image path": "test_imgs/279.jpg"}, {"prediction": "rnuz32p", "ground truth": "RNU2-32P", "image path": "test_imgs/280.jpg"}, {"prediction": "rnassp329", "ground truth": "RNA5SP329", "image path": "test_imgs/281.jpg"}, {"prediction": "snora109", "ground truth": "SNORA109", "image path": "test_imgs/282.jpg"}, {"prediction": "glis3", "ground truth": "GLIS3", "image path": "test_imgs/283.jpg"}, {"prediction": "adgrdi", "ground truth": "ADGRD1", "image path": "test_imgs/284.jpg"}, {"prediction": "mir499b", "ground truth": "MIR499B", "image path": "test_imgs/285.jpg"}, {"prediction": "rhoxfipz", "ground truth": "RHOXF1P2", "image path": "test_imgs/286.jpg"}, {"prediction": "mir4648", "ground truth": "MIR4648", "image path": "test_imgs/287.jpg"}, {"prediction": "gheti", "ground truth": "GHET1", "image path": "test_imgs/288.jpg"}, {"prediction": "linco1388", "ground truth": "LINC01388", "image path": "test_imgs/289.jpg"}, {"prediction": "rpl22p16", "ground truth": "RPL22P16", "image path": "test_imgs/290.jpg"}, {"prediction": "wdre8", "ground truth": "WDR88", "image path": "test_imgs/291.jpg"}, {"prediction": "csnkigz", "ground truth": "CSNK1G2", "image path": "test_imgs/292.jpg"}, {"prediction": "myd88", "ground truth": "MYD88", "image path": "test_imgs/293.jpg"}, {"prediction": "cox6cp1", "ground truth": "COX6CP1", "image path": "test_imgs/294.jpg"}, {"prediction": "jak3", "ground truth": "JAK3", "image path": "test_imgs/295.jpg"}, {"prediction": "rnugataczp", "ground truth": "RNU6ATAC2P", "image path": "test_imgs/296.jpg"}, {"prediction": "brdtpi", "ground truth": "BRDTP1", "image path": "test_imgs/297.jpg"}, {"prediction": "rnzslzo3p", "ground truth": "RN7SL703P", "image path": "test_imgs/298.jpg"}, {"prediction": "topors", "ground truth": "TOPORS", "image path": "test_imgs/299.jpg"}, {"prediction": "wntza", "ground truth": "WNT7A", "image path": "test_imgs/300.jpg"}, {"prediction": "thoc3", "ground truth": "THOC3", "image path": "test_imgs/301.jpg"}, {"prediction": "rnui3", "ground truth": "RNU1-3", "image path": "test_imgs/302.jpg"}, {"prediction": "snord62b", "ground truth": "SNORD62B", "image path": "test_imgs/303.jpg"}, {"prediction": "actblz", "ground truth": "ACTBL2", "image path": "test_imgs/304.jpg"}, {"prediction": "pym1", "ground truth": "PYM1", "image path": "test_imgs/305.jpg"}, {"prediction": "ces1", "ground truth": "CES1", "image path": "test_imgs/306.jpg"}, {"prediction": "defb109a", "ground truth": "DEFB109A", "image path": "test_imgs/307.jpg"}, {"prediction": "rnu61203p", "ground truth": "RNU6-1203P", "image path": "test_imgs/308.jpg"}, {"prediction": "trttgt51", "ground truth": "TRT-TGT5-1", "image path": "test_imgs/309.jpg"}, {"prediction": "linco1275", "ground truth": "LINC01275", "image path": "test_imgs/310.jpg"}, {"prediction": "hnrnpaip29", "ground truth": "HNRNPA1P29", "image path": "test_imgs/311.jpg"}, {"prediction": "orze28p", "ground truth": "OR7E28P", "image path": "test_imgs/312.jpg"}, {"prediction": "cast", "ground truth": "CAST", "image path": "test_imgs/313.jpg"}, {"prediction": "tafa3", "ground truth": "TAFA3", "image path": "test_imgs/314.jpg"}, {"prediction": "rps25p1", "ground truth": "RPS25P1", "image path": "test_imgs/315.jpg"}, {"prediction": "kcnks", "ground truth": "KCNK5", "image path": "test_imgs/316.jpg"}, {"prediction": "arhgefz", "ground truth": "ARHGEF7", "image path": "test_imgs/317.jpg"}, {"prediction": "myot", "ground truth": "MYOT", "image path": "test_imgs/318.jpg"}, {"prediction": "diaph2as1", "ground truth": "DIAPH2-AS1", "image path": "test_imgs/319.jpg"}, {"prediction": "acacb", "ground truth": "ACACB", "image path": "test_imgs/320.jpg"}, {"prediction": "rps26p17", "ground truth": "RPS26P17", "image path": "test_imgs/321.jpg"}, {"prediction": "znf341", "ground truth": "ZNF341", "image path": "test_imgs/322.jpg"}, {"prediction": "linco2327", "ground truth": "LINC02327", "image path": "test_imgs/323.jpg"}, {"prediction": "znfao7", "ground truth": "ZNF407", "image path": "test_imgs/324.jpg"}, {"prediction": "gpc1", "ground truth": "GPC1", "image path": "test_imgs/325.jpg"}, {"prediction": "rpsionudts", "ground truth": "RPS10-NUDT3", "image path": "test_imgs/326.jpg"}, {"prediction": "mphosph6", "ground truth": "MPHOSPH6", "image path": "test_imgs/327.jpg"}, {"prediction": "fams3a", "ground truth": "FAM53A", "image path": "test_imgs/328.jpg"}, {"prediction": "trptgg35", "ground truth": "TRP-TGG3-5", "image path": "test_imgs/329.jpg"}, {"prediction": "fkbps", "ground truth": "FKBP5", "image path": "test_imgs/330.jpg"}, {"prediction": "aida", "ground truth": "AIDA", "image path": "test_imgs/331.jpg"}, {"prediction": "mir79731", "ground truth": "MIR7973-1", "image path": "test_imgs/332.jpg"}, {"prediction": "sec14l5", "ground truth": "SEC14L5", "image path": "test_imgs/333.jpg"}, {"prediction": "znf12", "ground truth": "ZNF12", "image path": "test_imgs/334.jpg"}, {"prediction": "rnassp365", "ground truth": "RNA5SP365", "image path": "test_imgs/335.jpg"}, {"prediction": "uspgyp24", "ground truth": "USP9YP24", "image path": "test_imgs/336.jpg"}, {"prediction": "eifaa2p1", "ground truth": "EIF4A2P1", "image path": "test_imgs/337.jpg"}, {"prediction": "msh2ot1", "ground truth": "MSH2-OT1", "image path": "test_imgs/338.jpg"}, {"prediction": "srcap", "ground truth": "SRCAP", "image path": "test_imgs/339.jpg"}, {"prediction": "atpsmfp3", "ground truth": "ATP5MFP3", "image path": "test_imgs/340.jpg"}, {"prediction": "aqp5", "ground truth": "AQP5", "image path": "test_imgs/341.jpg"}, {"prediction": "cenpvli", "ground truth": "CENPVL1", "image path": "test_imgs/342.jpg"}, {"prediction": "rplzap19", "ground truth": "RPL7AP19", "image path": "test_imgs/343.jpg"}, {"prediction": "olfim3", "ground truth": "OLFM3", "image path": "test_imgs/344.jpg"}, {"prediction": "cacnaicasz", "ground truth": "CACNA1C-AS2", "image path": "test_imgs/345.jpg"}, {"prediction": "cox7a1", "ground truth": "COX7A1", "image path": "test_imgs/346.jpg"}, {"prediction": "zfr2", "ground truth": "ZFR2", "image path": "test_imgs/347.jpg"}, {"prediction": "cebpzos", "ground truth": "CEBPZOS", "image path": "test_imgs/348.jpg"}, {"prediction": "cacnaicasa", "ground truth": "CACNA1C-AS4", "image path": "test_imgs/349.jpg"}, {"prediction": "zics", "ground truth": "ZIC5", "image path": "test_imgs/350.jpg"}, {"prediction": "rplsp35", "ground truth": "RPL5P35", "image path": "test_imgs/351.jpg"}, {"prediction": "ppiap39", "ground truth": "PPIAP39", "image path": "test_imgs/352.jpg"}, {"prediction": "bsndp3", "ground truth": "BSNDP3", "image path": "test_imgs/353.jpg"}, {"prediction": "pimreg", "ground truth": "PIMREG", "image path": "test_imgs/354.jpg"}, {"prediction": "snora92", "ground truth": "SNORA92", "image path": "test_imgs/355.jpg"}, {"prediction": "linco1", "ground truth": "LINC01494", "image path": "test_imgs/356.jpg"}, {"prediction": "exoczp1", "ground truth": "EXOC7P1", "image path": "test_imgs/357.jpg"}, {"prediction": "linc01213", "ground truth": "LINC01213", "image path": "test_imgs/358.jpg"}, {"prediction": "apoc1p1", "ground truth": "APOC1P1", "image path": "test_imgs/359.jpg"}, {"prediction": "rpep2", "ground truth": "RPEP2", "image path": "test_imgs/360.jpg"}, {"prediction": "ostm1", "ground truth": "OSTM1", "image path": "test_imgs/361.jpg"}, {"prediction": "dap", "ground truth": "DAP", "image path": "test_imgs/362.jpg"}, {"prediction": "sultic3", "ground truth": "SULT1C3", "image path": "test_imgs/363.jpg"}, {"prediction": "rnzsli84p", "ground truth": "RN7SL184P", "image path": "test_imgs/364.jpg"}, {"prediction": "gcc2as1", "ground truth": "GCC2-AS1", "image path": "test_imgs/365.jpg"}, {"prediction": "cppedi", "ground truth": "CPPED1", "image path": "test_imgs/366.jpg"}, {"prediction": "rnu6823p", "ground truth": "RNU6-823P", "image path": "test_imgs/367.jpg"}, {"prediction": "trav36dv7", "ground truth": "TRAV36DV7", "image path": "test_imgs/368.jpg"}, {"prediction": "jam2", "ground truth": "JAM2", "image path": "test_imgs/369.jpg"}, {"prediction": "bmpsa", "ground truth": "BMP8A", "image path": "test_imgs/370.jpg"}, {"prediction": "zdhhczop3", "ground truth": "ZDHHC20P3", "image path": "test_imgs/371.jpg"}, {"prediction": "sariapz", "ground truth": "SAR1AP2", "image path": "test_imgs/372.jpg"}, {"prediction": "linc01391", "ground truth": "LINC01391", "image path": "test_imgs/373.jpg"}, {"prediction": "ctso", "ground truth": "CTSO", "image path": "test_imgs/374.jpg"}, {"prediction": "hladqbz", "ground truth": "HLA-DQB2", "image path": "test_imgs/375.jpg"}, {"prediction": "rnvu118", "ground truth": "RNVU1-18", "image path": "test_imgs/376.jpg"}, {"prediction": "icams", "ground truth": "ICAM5", "image path": "test_imgs/377.jpg"}, {"prediction": "rnzslsa9p", "ground truth": "RN7SL549P", "image path": "test_imgs/378.jpg"}, {"prediction": "apim2p1", "ground truth": "AP1M2P1", "image path": "test_imgs/379.jpg"}, {"prediction": "krtsp10", "ground truth": "KRT8P10", "image path": "test_imgs/380.jpg"}, {"prediction": "bco1", "ground truth": "BCO1", "image path": "test_imgs/381.jpg"}, {"prediction": "eifsali", "ground truth": "EIF5AL1", "image path": "test_imgs/382.jpg"}, {"prediction": "snord11416", "ground truth": "SNORD114-16", "image path": "test_imgs/383.jpg"}, {"prediction": "mettle", "ground truth": "METTL8", "image path": "test_imgs/384.jpg"}, {"prediction": "lgtn", "ground truth": "LGTN", "image path": "test_imgs/385.jpg"}, {"prediction": "nmralzp", "ground truth": "NMRAL2P", "image path": "test_imgs/386.jpg"}, {"prediction": "ighv316", "ground truth": "IGHV3-16", "image path": "test_imgs/387.jpg"}, {"prediction": "mirg1hg", "ground truth": "MIR9-1HG", "image path": "test_imgs/388.jpg"}, {"prediction": "linco2076", "ground truth": "LINC02076", "image path": "test_imgs/389.jpg"}, {"prediction": "abcg5", "ground truth": "ABCG5", "image path": "test_imgs/390.jpg"}, {"prediction": "nifkp3", "ground truth": "NIFKP3", "image path": "test_imgs/391.jpg"}, {"prediction": "prmt3", "ground truth": "PRMT3", "image path": "test_imgs/392.jpg"}, {"prediction": "proz", "ground truth": "PROZ", "image path": "test_imgs/393.jpg"}, {"prediction": "mir3975", "ground truth": "MIR3975", "image path": "test_imgs/394.jpg"}, {"prediction": "rnu6448p", "ground truth": "RNU6-448P", "image path": "test_imgs/395.jpg"}, {"prediction": "iglc6", "ground truth": "IGLC6", "image path": "test_imgs/396.jpg"}, {"prediction": "linco2130", "ground truth": "LINC02130", "image path": "test_imgs/397.jpg"}, {"prediction": "cpsfipz", "ground truth": "CPSF1P2", "image path": "test_imgs/398.jpg"}, {"prediction": "socs5p3", "ground truth": "SOCS5P3", "image path": "test_imgs/399.jpg"}, {"prediction": "rps12p31", "ground truth": "RPS12P31", "image path": "test_imgs/400.jpg"}, {"prediction": "mtus1", "ground truth": "MTUS1", "image path": "test_imgs/401.jpg"}, {"prediction": "mir6718", "ground truth": "MIR6718", "image path": "test_imgs/402.jpg"}, {"prediction": "ervw24", "ground truth": "ERVW-24", "image path": "test_imgs/403.jpg"}, {"prediction": "mir6732", "ground truth": "MIR6732", "image path": "test_imgs/404.jpg"}, {"prediction": "ccdc125", "ground truth": "CCDC125", "image path": "test_imgs/405.jpg"}, {"prediction": "linco2929", "ground truth": "LINC02929", "image path": "test_imgs/406.jpg"}, {"prediction": "pdeadipp6", "ground truth": "PDE4DIPP6", "image path": "test_imgs/407.jpg"}, {"prediction": "prkca", "ground truth": "PRKCA", "image path": "test_imgs/408.jpg"}, {"prediction": "elk2ap", "ground truth": "ELK2AP", "image path": "test_imgs/409.jpg"}, {"prediction": "pcdhbb", "ground truth": "PCDHB8", "image path": "test_imgs/410.jpg"}, {"prediction": "linco2210", "ground truth": "LINC02210", "image path": "test_imgs/411.jpg"}, {"prediction": "errfii", "ground truth": "ERRFI1", "image path": "test_imgs/412.jpg"}, {"prediction": "vnira5p", "ground truth": "VN1R45P", "image path": "test_imgs/413.jpg"}, {"prediction": "f8a1", "ground truth": "F8A1", "image path": "test_imgs/414.jpg"}, {"prediction": "dppz", "ground truth": "DPP7", "image path": "test_imgs/415.jpg"}, {"prediction": "mir31", "ground truth": "MIR3140", "image path": "test_imgs/416.jpg"}, {"prediction": "kmtze", "ground truth": "KMT2E", "image path": "test_imgs/417.jpg"}, {"prediction": "slmap", "ground truth": "SLMAP", "image path": "test_imgs/418.jpg"}, {"prediction": "btbd18", "ground truth": "BTBD18", "image path": "test_imgs/419.jpg"}, {"prediction": "pcgf2", "ground truth": "PCGF2", "image path": "test_imgs/420.jpg"}, {"prediction": "rnu6792p", "ground truth": "RNU6-792P", "image path": "test_imgs/421.jpg"}, {"prediction": "mir3934", "ground truth": "MIR3934", "image path": "test_imgs/422.jpg"}, {"prediction": "rnu6157p", "ground truth": "RNU6-157P", "image path": "test_imgs/423.jpg"}, {"prediction": "rnu6212p", "ground truth": "RNU6-212P", "image path": "test_imgs/424.jpg"}, {"prediction": "sowaha", "ground truth": "SOWAHA", "image path": "test_imgs/425.jpg"}, {"prediction": "itk", "ground truth": "ITK", "image path": "test_imgs/426.jpg"}, {"prediction": "htra1", "ground truth": "HTRA1", "image path": "test_imgs/427.jpg"}, {"prediction": "pramef36p", "ground truth": "PRAMEF36P", "image path": "test_imgs/428.jpg"}, {"prediction": "linco0114", "ground truth": "LINC00114", "image path": "test_imgs/429.jpg"}, {"prediction": "snai3", "ground truth": "SNAI3", "image path": "test_imgs/430.jpg"}, {"prediction": "tsc22d2", "ground truth": "TSC22D2", "image path": "test_imgs/431.jpg"}, {"prediction": "rab11ap2", "ground truth": "RAB11AP2", "image path": "test_imgs/432.jpg"}, {"prediction": "hspaep12", "ground truth": "HSPA8P12", "image path": "test_imgs/433.jpg"}, {"prediction": "c180rf32", "ground truth": "C18orf32", "image path": "test_imgs/434.jpg"}, {"prediction": "linco1256", "ground truth": "LINC01256", "image path": "test_imgs/435.jpg"}, {"prediction": "alkbh3", "ground truth": "ALKBH3", "image path": "test_imgs/436.jpg"}, {"prediction": "golgasp1", "ground truth": "GOLGA5P1", "image path": "test_imgs/437.jpg"}, {"prediction": "nfkbid", "ground truth": "NFKBID", "image path": "test_imgs/438.jpg"}, {"prediction": "nbpfs", "ground truth": "NBPF8", "image path": "test_imgs/439.jpg"}, {"prediction": "thap3", "ground truth": "THAP3", "image path": "test_imgs/440.jpg"}, {"prediction": "mir526a2", "ground truth": "MIR526A2", "image path": "test_imgs/441.jpg"}, {"prediction": "dprxpa", "ground truth": "DPRXP4", "image path": "test_imgs/442.jpg"}, {"prediction": "rpl21p86", "ground truth": "RPL21P86", "image path": "test_imgs/443.jpg"}, {"prediction": "otud3", "ground truth": "OTUD3", "image path": "test_imgs/444.jpg"}, {"prediction": "rnzsli66p", "ground truth": "RN7SL166P", "image path": "test_imgs/445.jpg"}, {"prediction": "pheta1", "ground truth": "PHETA1", "image path": "test_imgs/446.jpg"}, {"prediction": "utf1", "ground truth": "UTF1", "image path": "test_imgs/447.jpg"}, {"prediction": "stmpi", "ground truth": "STMP1", "image path": "test_imgs/448.jpg"}, {"prediction": "rnassp257", "ground truth": "RNA5SP257", "image path": "test_imgs/449.jpg"}, {"prediction": "sumoz", "ground truth": "SUMO2", "image path": "test_imgs/450.jpg"}, {"prediction": "mallpz", "ground truth": "MALLP2", "image path": "test_imgs/451.jpg"}, {"prediction": "mir6769b", "ground truth": "MIR6769B", "image path": "test_imgs/452.jpg"}, {"prediction": "ptpro", "ground truth": "PTPRO", "image path": "test_imgs/453.jpg"}, {"prediction": "or7g3", "ground truth": "OR7G3", "image path": "test_imgs/454.jpg"}, {"prediction": "ppiap54", "ground truth": "PPIAP54", "image path": "test_imgs/455.jpg"}, {"prediction": "dhx29", "ground truth": "DHX29", "image path": "test_imgs/456.jpg"}, {"prediction": "mtnd5p17", "ground truth": "MTND5P17", "image path": "test_imgs/457.jpg"}, {"prediction": "nr114", "ground truth": "NR1I4", "image path": "test_imgs/458.jpg"}, {"prediction": "npmip6", "ground truth": "NPM1P6", "image path": "test_imgs/459.jpg"}, {"prediction": "rnu61285p", "ground truth": "RNU6-1285P", "image path": "test_imgs/460.jpg"}, {"prediction": "mir3o2f", "ground truth": "MIR302F", "image path": "test_imgs/461.jpg"}, {"prediction": "igkvid22", "ground truth": "IGKV1D-22", "image path": "test_imgs/462.jpg"}, {"prediction": "ptprsas1", "ground truth": "PTPRS-AS1", "image path": "test_imgs/463.jpg"}, {"prediction": "hdacz", "ground truth": "HDAC2", "image path": "test_imgs/464.jpg"}, {"prediction": "hsd1", "ground truth": "HSD11B1", "image path": "test_imgs/465.jpg"}, {"prediction": "rnu6296p", "ground truth": "RNU6-296P", "image path": "test_imgs/466.jpg"}, {"prediction": "snarca", "ground truth": "SNAR-C4", "image path": "test_imgs/467.jpg"}, {"prediction": "rbm19", "ground truth": "RBM19", "image path": "test_imgs/468.jpg"}, {"prediction": "spp2", "ground truth": "SPP2", "image path": "test_imgs/469.jpg"}, {"prediction": "unci3b8", "ground truth": "UNC93B8", "image path": "test_imgs/470.jpg"}, {"prediction": "foxdbas1", "ground truth": "FOXD3-AS1", "image path": "test_imgs/471.jpg"}, {"prediction": "rafip1", "ground truth": "RAF1P1", "image path": "test_imgs/472.jpg"}, {"prediction": "elpa", "ground truth": "ELP4", "image path": "test_imgs/473.jpg"}, {"prediction": "ccndypi", "ground truth": "CCND3P1", "image path": "test_imgs/474.jpg"}, {"prediction": "ubap1", "ground truth": "UBAP1", "image path": "test_imgs/475.jpg"}, {"prediction": "slc12a5", "ground truth": "SLC12A5", "image path": "test_imgs/476.jpg"}, {"prediction": "rplyap28", "ground truth": "RPL34P28", "image path": "test_imgs/477.jpg"}, {"prediction": "rpl26p37", "ground truth": "RPL26P37", "image path": "test_imgs/478.jpg"}, {"prediction": "slc2oa1", "ground truth": "SLC20A1", "image path": "test_imgs/479.jpg"}, {"prediction": "gng12", "ground truth": "GNG12", "image path": "test_imgs/480.jpg"}, {"prediction": "card18", "ground truth": "CARD18", "image path": "test_imgs/481.jpg"}, {"prediction": "hck", "ground truth": "HCK", "image path": "test_imgs/482.jpg"}, {"prediction": "rnf138p1", "ground truth": "RNF138P1", "image path": "test_imgs/483.jpg"}, {"prediction": "mtco1p31", "ground truth": "MTCO1P31", "image path": "test_imgs/484.jpg"}, {"prediction": "hspaep3", "ground truth": "HSPA8P3", "image path": "test_imgs/485.jpg"}, {"prediction": "serhlz", "ground truth": "SERHL2", "image path": "test_imgs/486.jpg"}, {"prediction": "aplnr", "ground truth": "APLNR", "image path": "test_imgs/487.jpg"}, {"prediction": "sallap6", "ground truth": "SALL4P6", "image path": "test_imgs/488.jpg"}, {"prediction": "rps28p5", "ground truth": "RPS28P5", "image path": "test_imgs/489.jpg"}, {"prediction": "ywhaepz", "ground truth": "YWHAEP2", "image path": "test_imgs/490.jpg"}, {"prediction": "s100a11p5", "ground truth": "S100A11P5", "image path": "test_imgs/491.jpg"}, {"prediction": "atgaa", "ground truth": "ATG4A", "image path": "test_imgs/492.jpg"}, {"prediction": "nrl", "ground truth": "NRL", "image path": "test_imgs/493.jpg"}, {"prediction": "slc18a3", "ground truth": "SLC18A3", "image path": "test_imgs/494.jpg"}, {"prediction": "rsc1a1", "ground truth": "RSC1A1", "image path": "test_imgs/495.jpg"}, {"prediction": "tbcid3f", "ground truth": "TBC1D3F", "image path": "test_imgs/496.jpg"}, {"prediction": "rnzsl736p", "ground truth": "RN7SL736P", "image path": "test_imgs/497.jpg"}, {"prediction": "ywhazpz", "ground truth": "YWHAZP2", "image path": "test_imgs/498.jpg"}, {"prediction": "hibch", "ground truth": "HIBCH", "image path": "test_imgs/499.jpg"}, {"prediction": "rnu6164p", "ground truth": "RNU6-164P", "image path": "test_imgs/500.jpg"}, {"prediction": "siah3", "ground truth": "SIAH3", "image path": "test_imgs/501.jpg"}, {"prediction": "or4c46", "ground truth": "OR4C46", "image path": "test_imgs/502.jpg"}, {"prediction": "polrydpi", "ground truth": "POLR3DP1", "image path": "test_imgs/503.jpg"}, {"prediction": "ccbel", "ground truth": "CCBE1", "image path": "test_imgs/504.jpg"}, {"prediction": "rps2op31", "ground truth": "RPS20P31", "image path": "test_imgs/505.jpg"}, {"prediction": "fign", "ground truth": "FIGN", "image path": "test_imgs/506.jpg"}, {"prediction": "ndufbspz", "ground truth": "NDUFB5P2", "image path": "test_imgs/507.jpg"}, {"prediction": "mir1203", "ground truth": "MIR1203", "image path": "test_imgs/508.jpg"}, {"prediction": "srp68p2", "ground truth": "SRP68P2", "image path": "test_imgs/509.jpg"}, {"prediction": "znf518b", "ground truth": "ZNF518B", "image path": "test_imgs/510.jpg"}, {"prediction": "napsa", "ground truth": "NAPSA", "image path": "test_imgs/511.jpg"}, {"prediction": "cdrt15p5", "ground truth": "CDRT15P5", "image path": "test_imgs/512.jpg"}, {"prediction": "malti", "ground truth": "MALT1", "image path": "test_imgs/513.jpg"}, {"prediction": "fcsk", "ground truth": "FCSK", "image path": "test_imgs/514.jpg"}, {"prediction": "rpl21p130", "ground truth": "RPL21P130", "image path": "test_imgs/515.jpg"}, {"prediction": "nasp", "ground truth": "NASP", "image path": "test_imgs/516.jpg"}, {"prediction": "rplz6p15", "ground truth": "RPL26P15", "image path": "test_imgs/517.jpg"}, {"prediction": "litaf", "ground truth": "LITAF", "image path": "test_imgs/518.jpg"}, {"prediction": "mtndap5", "ground truth": "MTND4P5", "image path": "test_imgs/519.jpg"}, {"prediction": "xact", "ground truth": "XACT", "image path": "test_imgs/520.jpg"}, {"prediction": "pkmpi", "ground truth": "PKMP1", "image path": "test_imgs/521.jpg"}, {"prediction": "npm3", "ground truth": "NPM3", "image path": "test_imgs/522.jpg"}, {"prediction": "grb14", "ground truth": "GRB14", "image path": "test_imgs/523.jpg"}, {"prediction": "mnxiasz", "ground truth": "MNX1-AS2", "image path": "test_imgs/524.jpg"}, {"prediction": "klhli1", "ground truth": "KLHL11", "image path": "test_imgs/525.jpg"}, {"prediction": "eefig", "ground truth": "EEF1G", "image path": "test_imgs/526.jpg"}, {"prediction": "snrpe", "ground truth": "SNRPE", "image path": "test_imgs/527.jpg"}, {"prediction": "orakap", "ground truth": "OR4K4P", "image path": "test_imgs/528.jpg"}, {"prediction": "slc38a10", "ground truth": "SLC38A10", "image path": "test_imgs/529.jpg"}, {"prediction": "linco2479", "ground truth": "LINC02479", "image path": "test_imgs/530.jpg"}, {"prediction": "rcczp6", "ground truth": "RCC2P6", "image path": "test_imgs/531.jpg"}, {"prediction": "linco2903", "ground truth": "LINC02903", "image path": "test_imgs/532.jpg"}, {"prediction": "nagk", "ground truth": "NAGK", "image path": "test_imgs/533.jpg"}, {"prediction": "rplyap9", "ground truth": "RPL34P9", "image path": "test_imgs/534.jpg"}, {"prediction": "dnajci9p1", "ground truth": "DNAJC19P1", "image path": "test_imgs/535.jpg"}, {"prediction": "rnzskp53", "ground truth": "RN7SKP53", "image path": "test_imgs/536.jpg"}, {"prediction": "cacnaicas3", "ground truth": "CACNA1C-AS3", "image path": "test_imgs/537.jpg"}, {"prediction": "mrpsysp2", "ground truth": "MRPS35P2", "image path": "test_imgs/538.jpg"}, {"prediction": "hmcnz", "ground truth": "HMCN2", "image path": "test_imgs/539.jpg"}, {"prediction": "hirapi", "ground truth": "HIRAP1", "image path": "test_imgs/540.jpg"}, {"prediction": "tmemi61bdt", "ground truth": "TMEM161B-DT", "image path": "test_imgs/541.jpg"}, {"prediction": "pousfib", "ground truth": "POU5F1B", "image path": "test_imgs/542.jpg"}, {"prediction": "tgma", "ground truth": "TGM4", "image path": "test_imgs/543.jpg"}, {"prediction": "ctsz", "ground truth": "CTSZ", "image path": "test_imgs/544.jpg"}, {"prediction": "ldhalodp", "ground truth": "LDHAL6DP", "image path": "test_imgs/545.jpg"}, {"prediction": "uspgyp21", "ground truth": "USP9YP21", "image path": "test_imgs/546.jpg"}, {"prediction": "nppc", "ground truth": "NPPC", "image path": "test_imgs/547.jpg"}, {"prediction": "snrkeas1", "ground truth": "SNRK-AS1", "image path": "test_imgs/548.jpg"}, {"prediction": "rnua8ap", "ground truth": "RNU4-84P", "image path": "test_imgs/549.jpg"}, {"prediction": "npepps", "ground truth": "NPEPPS", "image path": "test_imgs/550.jpg"}, {"prediction": "tmem19", "ground truth": "TMEM19", "image path": "test_imgs/551.jpg"}, {"prediction": "lrrczaa", "ground truth": "LRRC74A", "image path": "test_imgs/552.jpg"}, {"prediction": "msnpi", "ground truth": "MSNP1", "image path": "test_imgs/553.jpg"}, {"prediction": "rras", "ground truth": "RRAS", "image path": "test_imgs/554.jpg"}, {"prediction": "pirc103", "ground truth": "PIRC103", "image path": "test_imgs/555.jpg"}, {"prediction": "slc25a21", "ground truth": "SLC25A21", "image path": "test_imgs/556.jpg"}, {"prediction": "yeatsa", "ground truth": "YEATS4", "image path": "test_imgs/557.jpg"}, {"prediction": "znf587", "ground truth": "ZNF587", "image path": "test_imgs/558.jpg"}, {"prediction": "msra", "ground truth": "MSRA", "image path": "test_imgs/559.jpg"}, {"prediction": "klrg2", "ground truth": "KLRG2", "image path": "test_imgs/560.jpg"}, {"prediction": "trfgaa11", "ground truth": "TRF-GAA1-1", "image path": "test_imgs/561.jpg"}, {"prediction": "cmca", "ground truth": "CMC4", "image path": "test_imgs/562.jpg"}, {"prediction": "rplyipa", "ground truth": "RPL39P4", "image path": "test_imgs/563.jpg"}, {"prediction": "gas2", "ground truth": "GAS2", "image path": "test_imgs/564.jpg"}, {"prediction": "stapz", "ground truth": "STAP2", "image path": "test_imgs/565.jpg"}, {"prediction": "tango2", "ground truth": "TANGO2", "image path": "test_imgs/566.jpg"}, {"prediction": "linco0680", "ground truth": "LINC00680", "image path": "test_imgs/567.jpg"}, {"prediction": "pirc52", "ground truth": "PIRC52", "image path": "test_imgs/568.jpg"}, {"prediction": "snord1131", "ground truth": "SNORD113-1", "image path": "test_imgs/569.jpg"}, {"prediction": "csnkigep1", "ground truth": "CSNK1G2P1", "image path": "test_imgs/570.jpg"}, {"prediction": "snordi14c", "ground truth": "SNORD14C", "image path": "test_imgs/571.jpg"}, {"prediction": "fam66a", "ground truth": "FAM66A", "image path": "test_imgs/572.jpg"}, {"prediction": "slc22a10", "ground truth": "SLC22A10", "image path": "test_imgs/573.jpg"}, {"prediction": "mageb3", "ground truth": "MAGEB3", "image path": "test_imgs/574.jpg"}, {"prediction": "pirc9o", "ground truth": "PIRC90", "image path": "test_imgs/575.jpg"}, {"prediction": "mir548ak", "ground truth": "MIR548AK", "image path": "test_imgs/576.jpg"}, {"prediction": "bnip3p35", "ground truth": "BNIP3P35", "image path": "test_imgs/577.jpg"}, {"prediction": "apod", "ground truth": "APOD", "image path": "test_imgs/578.jpg"}, {"prediction": "orc3", "ground truth": "ORC3", "image path": "test_imgs/579.jpg"}, {"prediction": "ttty2b", "ground truth": "TTTY2B", "image path": "test_imgs/580.jpg"}, {"prediction": "rpsap38", "ground truth": "RPSAP38", "image path": "test_imgs/581.jpg"}, {"prediction": "znf384", "ground truth": "ZNF384", "image path": "test_imgs/582.jpg"}, {"prediction": "fam195a", "ground truth": "FAM95A", "image path": "test_imgs/583.jpg"}, {"prediction": "rnuzap", "ground truth": "RNU7-4P", "image path": "test_imgs/584.jpg"}, {"prediction": "slc2a14", "ground truth": "SLC2A14", "image path": "test_imgs/585.jpg"}, {"prediction": "gk", "ground truth": "GK", "image path": "test_imgs/586.jpg"}, {"prediction": "zcchc24", "ground truth": "ZCCHC24", "image path": "test_imgs/587.jpg"}, {"prediction": "hnrnpa3p15", "ground truth": "HNRNPA3P15", "image path": "test_imgs/588.jpg"}, {"prediction": "otog", "ground truth": "OTOG", "image path": "test_imgs/589.jpg"}, {"prediction": "chmpab", "ground truth": "CHMP4B", "image path": "test_imgs/590.jpg"}, {"prediction": "pdlimip1", "ground truth": "PDLIM1P1", "image path": "test_imgs/591.jpg"}, {"prediction": "asnsp6", "ground truth": "ASNSP6", "image path": "test_imgs/592.jpg"}, {"prediction": "ankrd2oa18p", "ground truth": "ANKRD20A18P", "image path": "test_imgs/593.jpg"}, {"prediction": "arhgapz6it1", "ground truth": "ARHGAP26-IT1", "image path": "test_imgs/594.jpg"}, {"prediction": "rply7p9", "ground truth": "RPL37P9", "image path": "test_imgs/595.jpg"}, {"prediction": "iglv313", "ground truth": "IGLV3-13", "image path": "test_imgs/596.jpg"}, {"prediction": "rpsaps2", "ground truth": "RPSAP52", "image path": "test_imgs/597.jpg"}, {"prediction": "bid", "ground truth": "BID", "image path": "test_imgs/598.jpg"}, {"prediction": "ccdc180", "ground truth": "CCDC180", "image path": "test_imgs/599.jpg"}, {"prediction": "slcza8", "ground truth": "SLC7A8", "image path": "test_imgs/600.jpg"}, {"prediction": "ervw14", "ground truth": "ERVW-14", "image path": "test_imgs/601.jpg"}, {"prediction": "snord11511", "ground truth": "SNORD115-11", "image path": "test_imgs/602.jpg"}, {"prediction": "mgam2", "ground truth": "MGAM2", "image path": "test_imgs/603.jpg"}, {"prediction": "mr141", "ground truth": "MIR141", "image path": "test_imgs/604.jpg"}, {"prediction": "tap1", "ground truth": "TAP1", "image path": "test_imgs/605.jpg"}, {"prediction": "rnu67op", "ground truth": "RNU6-70P", "image path": "test_imgs/606.jpg"}, {"prediction": "mirg2a1", "ground truth": "MIR92A1", "image path": "test_imgs/607.jpg"}, {"prediction": "rplz6p9", "ground truth": "RPL26P9", "image path": "test_imgs/608.jpg"}, {"prediction": "triegat12", "ground truth": "TRI-GAT1-2", "image path": "test_imgs/609.jpg"}, {"prediction": "ciqtnfg", "ground truth": "C1QTNF9", "image path": "test_imgs/610.jpg"}, {"prediction": "mir656", "ground truth": "MIR656", "image path": "test_imgs/611.jpg"}, {"prediction": "rnzslzosp", "ground truth": "RN7SL705P", "image path": "test_imgs/612.jpg"}, {"prediction": "espnp", "ground truth": "ESPNP", "image path": "test_imgs/613.jpg"}, {"prediction": "themisz", "ground truth": "THEMIS2", "image path": "test_imgs/614.jpg"}, {"prediction": "traj38", "ground truth": "TRAJ38", "image path": "test_imgs/615.jpg"}, {"prediction": "btnlizp", "ground truth": "BTNL12P", "image path": "test_imgs/616.jpg"}, {"prediction": "dlg2as2", "ground truth": "DLG2-AS2", "image path": "test_imgs/617.jpg"}, {"prediction": "ervel", "ground truth": "ERVE-1", "image path": "test_imgs/618.jpg"}, {"prediction": "linco1496", "ground truth": "LINC01496", "image path": "test_imgs/619.jpg"}, {"prediction": "znf853", "ground truth": "ZNF853", "image path": "test_imgs/620.jpg"}, {"prediction": "linco2139", "ground truth": "LINC02139", "image path": "test_imgs/621.jpg"}, {"prediction": "s100a13", "ground truth": "S100A13", "image path": "test_imgs/622.jpg"}, {"prediction": "gage2d", "ground truth": "GAGE2D", "image path": "test_imgs/623.jpg"}, {"prediction": "gonal", "ground truth": "GON4L", "image path": "test_imgs/624.jpg"}, {"prediction": "lhfpla", "ground truth": "LHFPL4", "image path": "test_imgs/625.jpg"}, {"prediction": "linco2257", "ground truth": "LINC02257", "image path": "test_imgs/626.jpg"}, {"prediction": "atxnz", "ground truth": "ATXN2", "image path": "test_imgs/627.jpg"}, {"prediction": "krt18p28", "ground truth": "KRT18P28", "image path": "test_imgs/628.jpg"}, {"prediction": "nipz", "ground truth": "NIP7", "image path": "test_imgs/629.jpg"}, {"prediction": "dlgapsp1", "ground truth": "DLGAP5P1", "image path": "test_imgs/630.jpg"}, {"prediction": "myt1", "ground truth": "MYT1", "image path": "test_imgs/631.jpg"}, {"prediction": "rnu6196p", "ground truth": "RNU6-196P", "image path": "test_imgs/632.jpg"}, {"prediction": "sox30", "ground truth": "SOX30", "image path": "test_imgs/633.jpg"}, {"prediction": "rnu1152p", "ground truth": "RNU1-152P", "image path": "test_imgs/634.jpg"}, {"prediction": "mir1908", "ground truth": "MIR1908", "image path": "test_imgs/635.jpg"}, {"prediction": "k1aa1191", "ground truth": "KIAA1191", "image path": "test_imgs/636.jpg"}, {"prediction": "bnip3p31", "ground truth": "BNIP3P31", "image path": "test_imgs/637.jpg"}, {"prediction": "rpl22p23", "ground truth": "RPL22P23", "image path": "test_imgs/638.jpg"}, {"prediction": "mylgp1", "ground truth": "MYL6P1", "image path": "test_imgs/639.jpg"}, {"prediction": "stam", "ground truth": "STAM", "image path": "test_imgs/640.jpg"}, {"prediction": "tspearast", "ground truth": "TSPEAR-AS1", "image path": "test_imgs/641.jpg"}, {"prediction": "ehhadhasi", "ground truth": "EHHADH-AS1", "image path": "test_imgs/642.jpg"}, {"prediction": "prr12", "ground truth": "PRR12", "image path": "test_imgs/643.jpg"}, {"prediction": "adam19", "ground truth": "ADAM19", "image path": "test_imgs/644.jpg"}, {"prediction": "rnzsla17p", "ground truth": "RN7SL417P", "image path": "test_imgs/645.jpg"}, {"prediction": "mir4294", "ground truth": "MIR4294", "image path": "test_imgs/646.jpg"}, {"prediction": "rnu6914p", "ground truth": "RNU6-914P", "image path": "test_imgs/647.jpg"}, {"prediction": "rnuz39p", "ground truth": "RNU7-39P", "image path": "test_imgs/648.jpg"}, {"prediction": "linco2265", "ground truth": "LINC02265", "image path": "test_imgs/649.jpg"}, {"prediction": "tmem259", "ground truth": "TMEM259", "image path": "test_imgs/650.jpg"}, {"prediction": "rnu61096p", "ground truth": "RNU6-1096P", "image path": "test_imgs/651.jpg"}, {"prediction": "mark2p11", "ground truth": "MARK2P11", "image path": "test_imgs/652.jpg"}, {"prediction": "mir558", "ground truth": "MIR558", "image path": "test_imgs/653.jpg"}, {"prediction": "eifabp8", "ground truth": "EIF4BP8", "image path": "test_imgs/654.jpg"}, {"prediction": "pirc85", "ground truth": "PIRC85", "image path": "test_imgs/655.jpg"}, {"prediction": "lypd6", "ground truth": "LYPD6", "image path": "test_imgs/656.jpg"}, {"prediction": "supt16h", "ground truth": "SUPT16H", "image path": "test_imgs/657.jpg"}, {"prediction": "ovoli", "ground truth": "OVOL1", "image path": "test_imgs/658.jpg"}, {"prediction": "rnzsl689p", "ground truth": "RN7SL689P", "image path": "test_imgs/659.jpg"}, {"prediction": "pbrburfpikbrs", "ground truth": "P3R3URF-PIK3R3", "image path": "test_imgs/660.jpg"}, {"prediction": "kiaao040", "ground truth": "KIAA0040", "image path": "test_imgs/661.jpg"}, {"prediction": "gnaizpz", "ground truth": "GNAI2P2", "image path": "test_imgs/662.jpg"}, {"prediction": "wntzb", "ground truth": "WNT2B", "image path": "test_imgs/663.jpg"}, {"prediction": "rps2p30", "ground truth": "RPS2P30", "image path": "test_imgs/664.jpg"}, {"prediction": "skorz", "ground truth": "SKOR2", "image path": "test_imgs/665.jpg"}, {"prediction": "1l9", "ground truth": "TAF11L9", "image path": "test_imgs/666.jpg"}, {"prediction": "ccns", "ground truth": "CCN5", "image path": "test_imgs/667.jpg"}, {"prediction": "azgpip2", "ground truth": "AZGP1P2", "image path": "test_imgs/668.jpg"}, {"prediction": "ptgera", "ground truth": "PTGER4", "image path": "test_imgs/669.jpg"}, {"prediction": "dleulas1", "ground truth": "DLEU1-AS1", "image path": "test_imgs/670.jpg"}, {"prediction": "fam86b3p", "ground truth": "FAM86B3P", "image path": "test_imgs/671.jpg"}, {"prediction": "mir3940", "ground truth": "MIR3940", "image path": "test_imgs/672.jpg"}, {"prediction": "rnzsl5a5p", "ground truth": "RN7SL545P", "image path": "test_imgs/673.jpg"}, {"prediction": "trracg22", "ground truth": "TRR-ACG2-2", "image path": "test_imgs/674.jpg"}, {"prediction": "cfhr3", "ground truth": "CFHR3", "image path": "test_imgs/675.jpg"}, {"prediction": "nifkpg", "ground truth": "NIFKP9", "image path": "test_imgs/676.jpg"}, {"prediction": "srp14p1", "ground truth": "SRP14P1", "image path": "test_imgs/677.jpg"}, {"prediction": "spinks", "ground truth": "SPINK5", "image path": "test_imgs/678.jpg"}, {"prediction": "mrpli", "ground truth": "MRPL1", "image path": "test_imgs/679.jpg"}, {"prediction": "monia", "ground truth": "MON1A", "image path": "test_imgs/680.jpg"}, {"prediction": "septint", "ground truth": "SEPTIN14P10", "image path": "test_imgs/681.jpg"}, {"prediction": "mrc1", "ground truth": "MRC1", "image path": "test_imgs/682.jpg"}, {"prediction": "cep250", "ground truth": "CEP250", "image path": "test_imgs/683.jpg"}, {"prediction": "gadda5gip1", "ground truth": "GADD45GIP1", "image path": "test_imgs/684.jpg"}, {"prediction": "mgmt", "ground truth": "MGMT", "image path": "test_imgs/685.jpg"}, {"prediction": "tmem97", "ground truth": "TMEM97", "image path": "test_imgs/686.jpg"}, {"prediction": "mrps36p6", "ground truth": "MRPS36P6", "image path": "test_imgs/687.jpg"}, {"prediction": "ntns", "ground truth": "NTN5", "image path": "test_imgs/688.jpg"}, {"prediction": "tgma", "ground truth": "TGM4", "image path": "test_imgs/689.jpg"}, {"prediction": "igkjz", "ground truth": "IGKJ2", "image path": "test_imgs/690.jpg"}, {"prediction": "rps2ap7", "ground truth": "RPS24P7", "image path": "test_imgs/691.jpg"}, {"prediction": "plcxdzas1", "ground truth": "PLCXD2-AS1", "image path": "test_imgs/692.jpg"}, {"prediction": "linco2529", "ground truth": "LINC02529", "image path": "test_imgs/693.jpg"}, {"prediction": "ugtzb28", "ground truth": "UGT2B28", "image path": "test_imgs/694.jpg"}, {"prediction": "rnzsl233p", "ground truth": "RN7SL233P", "image path": "test_imgs/695.jpg"}, {"prediction": "cdk2", "ground truth": "CDK2", "image path": "test_imgs/696.jpg"}, {"prediction": "s100a4", "ground truth": "S100A4", "image path": "test_imgs/697.jpg"}, {"prediction": "snrpgp6", "ground truth": "SNRPGP6", "image path": "test_imgs/698.jpg"}, {"prediction": "hs6st1p1", "ground truth": "HS6ST1P1", "image path": "test_imgs/699.jpg"}, {"prediction": "gnbz", "ground truth": "GNB2", "image path": "test_imgs/700.jpg"}, {"prediction": "rbmzpi", "ground truth": "RBM7P1", "image path": "test_imgs/701.jpg"}, {"prediction": "ldlr", "ground truth": "LDLR", "image path": "test_imgs/702.jpg"}, {"prediction": "pogz", "ground truth": "POGZ", "image path": "test_imgs/703.jpg"}, {"prediction": "mtndyp23", "ground truth": "MTND3P23", "image path": "test_imgs/704.jpg"}, {"prediction": "iglv37", "ground truth": "IGLV3-7", "image path": "test_imgs/705.jpg"}, {"prediction": "feril6", "ground truth": "FER1L6", "image path": "test_imgs/706.jpg"}, {"prediction": "ccdc120", "ground truth": "CCDC120", "image path": "test_imgs/707.jpg"}, {"prediction": "nekapz", "ground truth": "NEK4P2", "image path": "test_imgs/708.jpg"}, {"prediction": "grinba", "ground truth": "GRIN3A", "image path": "test_imgs/709.jpg"}, {"prediction": "pirc37", "ground truth": "PIRC37", "image path": "test_imgs/710.jpg"}, {"prediction": "rnzsla2p", "ground truth": "RN7SL432P", "image path": "test_imgs/711.jpg"}, {"prediction": "ssbpyp2", "ground truth": "SSBP3P2", "image path": "test_imgs/712.jpg"}, {"prediction": "sgmsias1", "ground truth": "SGMS1-AS1", "image path": "test_imgs/713.jpg"}, {"prediction": "sox6", "ground truth": "SOX6", "image path": "test_imgs/714.jpg"}, {"prediction": "uts2b", "ground truth": "UTS2B", "image path": "test_imgs/715.jpg"}, {"prediction": "mir4648", "ground truth": "MIR4648", "image path": "test_imgs/716.jpg"}, {"prediction": "gheti", "ground truth": "GHET1", "image path": "test_imgs/717.jpg"}, {"prediction": "krtapi23", "ground truth": "KRTAP12-3", "image path": "test_imgs/718.jpg"}, {"prediction": "dpy19l3", "ground truth": "DPY19L3", "image path": "test_imgs/719.jpg"}, {"prediction": "entpdi", "ground truth": "ENTPD1", "image path": "test_imgs/720.jpg"}, {"prediction": "rplpz", "ground truth": "RPLP2", "image path": "test_imgs/721.jpg"}, {"prediction": "rapgef2", "ground truth": "RAPGEF2", "image path": "test_imgs/722.jpg"}, {"prediction": "zfxas1", "ground truth": "ZFX-AS1", "image path": "test_imgs/723.jpg"}, {"prediction": "mrps35dt", "ground truth": "MRPS35-DT", "image path": "test_imgs/724.jpg"}, {"prediction": "znf93", "ground truth": "ZNF93", "image path": "test_imgs/725.jpg"}, {"prediction": "gdpda", "ground truth": "GDPD4", "image path": "test_imgs/726.jpg"}, {"prediction": "znf622p1", "ground truth": "ZNF622P1", "image path": "test_imgs/727.jpg"}, {"prediction": "fam9oa25p", "ground truth": "FAM90A25P", "image path": "test_imgs/728.jpg"}, {"prediction": "rnzsle1", "ground truth": "RN7SL811P", "image path": "test_imgs/729.jpg"}, {"prediction": "rnzskpa2", "ground truth": "RN7SKP42", "image path": "test_imgs/730.jpg"}, {"prediction": "mir5089", "ground truth": "MIR5089", "image path": "test_imgs/731.jpg"}, {"prediction": "ahcyps", "ground truth": "AHCYP5", "image path": "test_imgs/732.jpg"}, {"prediction": "impa", "ground truth": "IMP4", "image path": "test_imgs/733.jpg"}, {"prediction": "bestz", "ground truth": "BEST2", "image path": "test_imgs/734.jpg"}, {"prediction": "krt8p50", "ground truth": "KRT8P50", "image path": "test_imgs/735.jpg"}, {"prediction": "ceacampa", "ground truth": "CEACAMP4", "image path": "test_imgs/736.jpg"}, {"prediction": "or8h1", "ground truth": "OR8H1", "image path": "test_imgs/737.jpg"}, {"prediction": "0r52j3", "ground truth": "OR52J3", "image path": "test_imgs/738.jpg"}, {"prediction": "sntb1", "ground truth": "SNTB1", "image path": "test_imgs/739.jpg"}, {"prediction": "linco0941", "ground truth": "LINC00941", "image path": "test_imgs/740.jpg"}, {"prediction": "linco2973", "ground truth": "LINC02973", "image path": "test_imgs/741.jpg"}, {"prediction": "cachdi", "ground truth": "CACHD1", "image path": "test_imgs/742.jpg"}, {"prediction": "pakapz", "ground truth": "PI4KAP2", "image path": "test_imgs/743.jpg"}, {"prediction": "fahdzp1", "ground truth": "FAHD2P1", "image path": "test_imgs/744.jpg"}, {"prediction": "mtnd3p11", "ground truth": "MTND3P11", "image path": "test_imgs/745.jpg"}, {"prediction": "mirzob", "ground truth": "MIR20B", "image path": "test_imgs/746.jpg"}, {"prediction": "sox5", "ground truth": "SOX5", "image path": "test_imgs/747.jpg"}, {"prediction": "adrbz", "ground truth": "ADRB2", "image path": "test_imgs/748.jpg"}, {"prediction": "ndufbep3", "ground truth": "NDUFB8P3", "image path": "test_imgs/749.jpg"}, {"prediction": "mir4719", "ground truth": "MIR4719", "image path": "test_imgs/750.jpg"}, {"prediction": "chekzpa", "ground truth": "CHEK2P4", "image path": "test_imgs/751.jpg"}, {"prediction": "dhodh", "ground truth": "DHODH", "image path": "test_imgs/752.jpg"}, {"prediction": "rnugatac36p", "ground truth": "RNU6ATAC36P", "image path": "test_imgs/753.jpg"}, {"prediction": "rbmyzap", "ground truth": "RBMY2AP", "image path": "test_imgs/754.jpg"}, {"prediction": "fam106a", "ground truth": "FAM106A", "image path": "test_imgs/755.jpg"}, {"prediction": "rnuz4op", "ground truth": "RNU2-40P", "image path": "test_imgs/756.jpg"}, {"prediction": "adraza", "ground truth": "ADRA2A", "image path": "test_imgs/757.jpg"}, {"prediction": "pigk", "ground truth": "PIGK", "image path": "test_imgs/758.jpg"}, {"prediction": "atrnli", "ground truth": "ATRNL1", "image path": "test_imgs/759.jpg"}, {"prediction": "nrg3as1", "ground truth": "NRG3-AS1", "image path": "test_imgs/760.jpg"}, {"prediction": "ddx11116", "ground truth": "DDX11L16", "image path": "test_imgs/761.jpg"}, {"prediction": "nptxz", "ground truth": "NPTX2", "image path": "test_imgs/762.jpg"}, {"prediction": "rnzskp63", "ground truth": "RN7SKP63", "image path": "test_imgs/763.jpg"}, {"prediction": "scpzdias1", "ground truth": "SCP2D1-AS1", "image path": "test_imgs/764.jpg"}, {"prediction": "atpgapidt", "ground truth": "ATP6AP1-DT", "image path": "test_imgs/765.jpg"}, {"prediction": "ctslpz", "ground truth": "CTSLP2", "image path": "test_imgs/766.jpg"}, {"prediction": "slc16a2", "ground truth": "SLC16A2", "image path": "test_imgs/767.jpg"}, {"prediction": "grapldr", "ground truth": "GRAPLDR", "image path": "test_imgs/768.jpg"}, {"prediction": "mtcybp13", "ground truth": "MTCYBP13", "image path": "test_imgs/769.jpg"}, {"prediction": "trwcca11", "ground truth": "TRW-CCA1-1", "image path": "test_imgs/770.jpg"}, {"prediction": "fam193b", "ground truth": "FAM193B", "image path": "test_imgs/771.jpg"}, {"prediction": "msi1", "ground truth": "MSI1", "image path": "test_imgs/772.jpg"}, {"prediction": "smu1p1", "ground truth": "SMU1P1", "image path": "test_imgs/773.jpg"}, {"prediction": "gprsoas1", "ground truth": "GPR50-AS1", "image path": "test_imgs/774.jpg"}, {"prediction": "mr12127", "ground truth": "MIR12127", "image path": "test_imgs/775.jpg"}, {"prediction": "mtndip33", "ground truth": "MTND1P33", "image path": "test_imgs/776.jpg"}, {"prediction": "nbeaps", "ground truth": "NBEAP5", "image path": "test_imgs/777.jpg"}, {"prediction": "mtco3p7", "ground truth": "MTCO3P7", "image path": "test_imgs/778.jpg"}, {"prediction": "aldh6a1", "ground truth": "ALDH6A1", "image path": "test_imgs/779.jpg"}, {"prediction": "rnua83p", "ground truth": "RNU4-83P", "image path": "test_imgs/780.jpg"}, {"prediction": "tmem212", "ground truth": "TMEM212", "image path": "test_imgs/781.jpg"}, {"prediction": "traagc123", "ground truth": "TRA-AGC12-3", "image path": "test_imgs/782.jpg"}, {"prediction": "timm9p3", "ground truth": "TIMM9P3", "image path": "test_imgs/783.jpg"}, {"prediction": "slc25a42", "ground truth": "SLC25A42", "image path": "test_imgs/784.jpg"}, {"prediction": "f11r", "ground truth": "F11R", "image path": "test_imgs/785.jpg"}, {"prediction": "linco1344", "ground truth": "LINC01344", "image path": "test_imgs/786.jpg"}, {"prediction": "ccdc170", "ground truth": "CCDC170", "image path": "test_imgs/787.jpg"}, {"prediction": "algil1ap", "ground truth": "ALG1L14P", "image path": "test_imgs/788.jpg"}, {"prediction": "snoraao", "ground truth": "SNORA40", "image path": "test_imgs/789.jpg"}, {"prediction": "ksrz", "ground truth": "KSR2", "image path": "test_imgs/790.jpg"}, {"prediction": "abca3", "ground truth": "ABCA3", "image path": "test_imgs/791.jpg"}, {"prediction": "mir3159", "ground truth": "MIR3159", "image path": "test_imgs/792.jpg"}, {"prediction": "rnzskpa2", "ground truth": "RN7SKP42", "image path": "test_imgs/793.jpg"}, {"prediction": "pihid2", "ground truth": "PIH1D2", "image path": "test_imgs/794.jpg"}, {"prediction": "cisd3", "ground truth": "CISD3", "image path": "test_imgs/795.jpg"}, {"prediction": "oraa48p", "ground truth": "OR4A48P", "image path": "test_imgs/796.jpg"}, {"prediction": "snord11541", "ground truth": "SNORD115-41", "image path": "test_imgs/797.jpg"}, {"prediction": "zcchc24", "ground truth": "ZCCHC24", "image path": "test_imgs/798.jpg"}, {"prediction": "gabz", "ground truth": "GAB2", "image path": "test_imgs/799.jpg"}, {"prediction": "s100a14", "ground truth": "S100A14", "image path": "test_imgs/800.jpg"}, {"prediction": "rnassp338", "ground truth": "RNA5SP338", "image path": "test_imgs/801.jpg"}, {"prediction": "rac1p2", "ground truth": "RAC1P2", "image path": "test_imgs/802.jpg"}, {"prediction": "vnir87p", "ground truth": "VN1R87P", "image path": "test_imgs/803.jpg"}, {"prediction": "cleci2b", "ground truth": "CLEC12B", "image path": "test_imgs/804.jpg"}, {"prediction": "enpp3", "ground truth": "ENPP3", "image path": "test_imgs/805.jpg"}, {"prediction": "pafahib2p1", "ground truth": "PAFAH1B2P1", "image path": "test_imgs/806.jpg"}, {"prediction": "duxalz", "ground truth": "DUX4L7", "image path": "test_imgs/807.jpg"}, {"prediction": "arf6", "ground truth": "ARF6", "image path": "test_imgs/808.jpg"}, {"prediction": "hmgb1p19", "ground truth": "HMGB1P19", "image path": "test_imgs/809.jpg"}, {"prediction": "mir3o2b", "ground truth": "MIR302B", "image path": "test_imgs/810.jpg"}, {"prediction": "mir10524", "ground truth": "MIR10524", "image path": "test_imgs/811.jpg"}, {"prediction": "rpl3ap5", "ground truth": "RPL34P5", "image path": "test_imgs/812.jpg"}, {"prediction": "dhx30", "ground truth": "DHX30", "image path": "test_imgs/813.jpg"}, {"prediction": "thorlnc", "ground truth": "THORLNC", "image path": "test_imgs/814.jpg"}, {"prediction": "ivns1", "ground truth": "IVNS1ABP", "image path": "test_imgs/815.jpg"}, {"prediction": "pias3", "ground truth": "PIAS3", "image path": "test_imgs/816.jpg"}, {"prediction": "papss2", "ground truth": "PAPSS2", "image path": "test_imgs/817.jpg"}, {"prediction": "rtl10", "ground truth": "RTL10", "image path": "test_imgs/818.jpg"}, {"prediction": "mir2o3a", "ground truth": "MIR203A", "image path": "test_imgs/819.jpg"}, {"prediction": "rxfpl", "ground truth": "RXFP1", "image path": "test_imgs/820.jpg"}, {"prediction": "obpzb", "ground truth": "OBP2B", "image path": "test_imgs/821.jpg"}, {"prediction": "rplzap37", "ground truth": "RPL7AP37", "image path": "test_imgs/822.jpg"}, {"prediction": "plxna3", "ground truth": "PLXNA3", "image path": "test_imgs/823.jpg"}, {"prediction": "pifo", "ground truth": "PIFO", "image path": "test_imgs/824.jpg"}, {"prediction": "dph6", "ground truth": "DPH6", "image path": "test_imgs/825.jpg"}, {"prediction": "amigo2", "ground truth": "AMIGO2", "image path": "test_imgs/826.jpg"}, {"prediction": "czorf31", "ground truth": "C7orf31", "image path": "test_imgs/827.jpg"}, {"prediction": "tmem52", "ground truth": "TMEM52", "image path": "test_imgs/828.jpg"}, {"prediction": "cdc37l1", "ground truth": "CDC37L1", "image path": "test_imgs/829.jpg"}, {"prediction": "csrp3as1", "ground truth": "CSRP3-AS1", "image path": "test_imgs/830.jpg"}, {"prediction": "ada", "ground truth": "ADA", "image path": "test_imgs/831.jpg"}, {"prediction": "coxzaz", "ground truth": "COX7A2", "image path": "test_imgs/832.jpg"}, {"prediction": "rabgefip1", "ground truth": "RABGEF1P1", "image path": "test_imgs/833.jpg"}, {"prediction": "cpm", "ground truth": "CPM", "image path": "test_imgs/834.jpg"}, {"prediction": "rply9p37", "ground truth": "RPL39P37", "image path": "test_imgs/835.jpg"}, {"prediction": "wars1", "ground truth": "WARS1", "image path": "test_imgs/836.jpg"}, {"prediction": "suclgepi", "ground truth": "SUCLG2P1", "image path": "test_imgs/837.jpg"}, {"prediction": "cadmzasz", "ground truth": "CADM2-AS2", "image path": "test_imgs/838.jpg"}, {"prediction": "bachiit3", "ground truth": "BACH1-IT3", "image path": "test_imgs/839.jpg"}, {"prediction": "rnu6859p", "ground truth": "RNU6-859P", "image path": "test_imgs/840.jpg"}, {"prediction": "nexmif", "ground truth": "NEXMIF", "image path": "test_imgs/841.jpg"}, {"prediction": "defb133", "ground truth": "DEFB133", "image path": "test_imgs/842.jpg"}, {"prediction": "dnajci7", "ground truth": "DNAJC17", "image path": "test_imgs/843.jpg"}, {"prediction": "dnajbe", "ground truth": "DNAJB8", "image path": "test_imgs/844.jpg"}, {"prediction": "rtbdn", "ground truth": "RTBDN", "image path": "test_imgs/845.jpg"}, {"prediction": "or2atzp", "ground truth": "OR2AT2P", "image path": "test_imgs/846.jpg"}, {"prediction": "cdpfi", "ground truth": "CDPF1", "image path": "test_imgs/847.jpg"}, {"prediction": "snrnpzo", "ground truth": "SNRNP70", "image path": "test_imgs/848.jpg"}, {"prediction": "ilz3a", "ground truth": "IL23A", "image path": "test_imgs/849.jpg"}, {"prediction": "slc39a10", "ground truth": "SLC39A10", "image path": "test_imgs/850.jpg"}, {"prediction": "dmbxi", "ground truth": "DMBX1", "image path": "test_imgs/851.jpg"}, {"prediction": "trpcgpz", "ground truth": "TRPC6P7", "image path": "test_imgs/852.jpg"}, {"prediction": "ppiap69", "ground truth": "PPIAP69", "image path": "test_imgs/853.jpg"}, {"prediction": "rtly", "ground truth": "RTL3", "image path": "test_imgs/854.jpg"}, {"prediction": "prr13pa", "ground truth": "PRR13P4", "image path": "test_imgs/855.jpg"}, {"prediction": "evaicpa", "ground truth": "EVA1CP4", "image path": "test_imgs/856.jpg"}, {"prediction": "glted2", "ground truth": "GLT8D2", "image path": "test_imgs/857.jpg"}, {"prediction": "plczi", "ground truth": "PLCZ1", "image path": "test_imgs/858.jpg"}, {"prediction": "rbm17p3", "ground truth": "RBM17P3", "image path": "test_imgs/859.jpg"}, {"prediction": "plakb", "ground truth": "PI4KB", "image path": "test_imgs/860.jpg"}, {"prediction": "kctd21", "ground truth": "KCTD21", "image path": "test_imgs/861.jpg"}, {"prediction": "znf736p1y", "ground truth": "ZNF736P1Y", "image path": "test_imgs/862.jpg"}, {"prediction": "ppp1r35as1", "ground truth": "PPP1R35-AS1", "image path": "test_imgs/863.jpg"}, {"prediction": "mtco2p2", "ground truth": "MTCO2P2", "image path": "test_imgs/864.jpg"}, {"prediction": "ikbkbdt", "ground truth": "IKBKB-DT", "image path": "test_imgs/865.jpg"}, {"prediction": "rnzslz99p", "ground truth": "RN7SL299P", "image path": "test_imgs/866.jpg"}, {"prediction": "pgd", "ground truth": "PGD", "image path": "test_imgs/867.jpg"}, {"prediction": "adcki", "ground truth": "ADCK1", "image path": "test_imgs/868.jpg"}, {"prediction": "adamts5", "ground truth": "ADAMTS5", "image path": "test_imgs/869.jpg"}, {"prediction": "linco2996", "ground truth": "LINC02996", "image path": "test_imgs/870.jpg"}, {"prediction": "ili3ra1", "ground truth": "IL13RA1", "image path": "test_imgs/871.jpg"}, {"prediction": "ighv373", "ground truth": "IGHV3-73", "image path": "test_imgs/872.jpg"}, {"prediction": "alg14as1", "ground truth": "ALG14-AS1", "image path": "test_imgs/873.jpg"}, {"prediction": "rnuaatac", "ground truth": "RNU4ATAC", "image path": "test_imgs/874.jpg"}, {"prediction": "fama1ay2", "ground truth": "FAM41AY2", "image path": "test_imgs/875.jpg"}, {"prediction": "linco2211", "ground truth": "LINC02211", "image path": "test_imgs/876.jpg"}, {"prediction": "mrpls7", "ground truth": "MRPL57", "image path": "test_imgs/877.jpg"}, {"prediction": "rnassp223", "ground truth": "RNA5SP223", "image path": "test_imgs/878.jpg"}, {"prediction": "basp1", "ground truth": "BASP1", "image path": "test_imgs/879.jpg"}, {"prediction": "mtndap34", "ground truth": "MTND4P34", "image path": "test_imgs/880.jpg"}, {"prediction": "septinzp10", "ground truth": "SEPTIN7P10", "image path": "test_imgs/881.jpg"}, {"prediction": "vnir95p", "ground truth": "VN1R95P", "image path": "test_imgs/882.jpg"}, {"prediction": "krt13", "ground truth": "KRT13", "image path": "test_imgs/883.jpg"}, {"prediction": "rnzsla2op", "ground truth": "RN7SL420P", "image path": "test_imgs/884.jpg"}, {"prediction": "rpl36ap16", "ground truth": "RPL36AP16", "image path": "test_imgs/885.jpg"}, {"prediction": "snoraa8", "ground truth": "SNORA48", "image path": "test_imgs/886.jpg"}, {"prediction": "gmpr", "ground truth": "GMPR", "image path": "test_imgs/887.jpg"}, {"prediction": "il31", "ground truth": "IL31", "image path": "test_imgs/888.jpg"}, {"prediction": "prkaa1", "ground truth": "PRKAA1", "image path": "test_imgs/889.jpg"}, {"prediction": "mapilc3c", "ground truth": "MAP1LC3C", "image path": "test_imgs/890.jpg"}, {"prediction": "mir3935", "ground truth": "MIR3935", "image path": "test_imgs/891.jpg"}, {"prediction": "rnasspa79", "ground truth": "RNA5SP479", "image path": "test_imgs/892.jpg"}, {"prediction": "arlzbppz", "ground truth": "ARL2BPP2", "image path": "test_imgs/893.jpg"}, {"prediction": "linco0645", "ground truth": "LINC00645", "image path": "test_imgs/894.jpg"}, {"prediction": "mtc01p11", "ground truth": "MTCO1P11", "image path": "test_imgs/895.jpg"}, {"prediction": "pikfyve", "ground truth": "PIKFYVE", "image path": "test_imgs/896.jpg"}, {"prediction": "dablas1", "ground truth": "DAB1-AS1", "image path": "test_imgs/897.jpg"}, {"prediction": "rplgpi11", "ground truth": "RPL9P11", "image path": "test_imgs/898.jpg"}, {"prediction": "haao", "ground truth": "HAAO", "image path": "test_imgs/899.jpg"}, {"prediction": "uspgyp3", "ground truth": "USP9YP3", "image path": "test_imgs/900.jpg"}, {"prediction": "krt18p48", "ground truth": "KRT18P48", "image path": "test_imgs/901.jpg"}, {"prediction": "mir6864", "ground truth": "MIR6864", "image path": "test_imgs/902.jpg"}, {"prediction": "vnir52p", "ground truth": "VN1R52P", "image path": "test_imgs/903.jpg"}, {"prediction": "fam218bp", "ground truth": "FAM218BP", "image path": "test_imgs/904.jpg"}, {"prediction": "linco1888", "ground truth": "LINC01888", "image path": "test_imgs/905.jpg"}, {"prediction": "pppirbd", "ground truth": "PPP1R3D", "image path": "test_imgs/906.jpg"}, {"prediction": "c1orf1dt", "ground truth": "C1orf21-DT", "image path": "test_imgs/907.jpg"}, {"prediction": "exosc3", "ground truth": "EXOSC3", "image path": "test_imgs/908.jpg"}, {"prediction": "linco2059", "ground truth": "LINC02059", "image path": "test_imgs/909.jpg"}, {"prediction": "fbx016", "ground truth": "FBXO16", "image path": "test_imgs/910.jpg"}, {"prediction": "mir576", "ground truth": "MIR576", "image path": "test_imgs/911.jpg"}, {"prediction": "nsll", "ground truth": "NSL1", "image path": "test_imgs/912.jpg"}, {"prediction": "slcz9a4", "ground truth": "SLC29A4", "image path": "test_imgs/913.jpg"}, {"prediction": "rpli3p14", "ground truth": "RPL13P14", "image path": "test_imgs/914.jpg"}, {"prediction": "linco3013", "ground truth": "LINC03013", "image path": "test_imgs/915.jpg"}, {"prediction": "straglp", "ground truth": "STRA6LP", "image path": "test_imgs/916.jpg"}, {"prediction": "tpm3p9", "ground truth": "TPM3P9", "image path": "test_imgs/917.jpg"}, {"prediction": "msly", "ground truth": "MSL3", "image path": "test_imgs/918.jpg"}, {"prediction": "stox2", "ground truth": "STOX2", "image path": "test_imgs/919.jpg"}, {"prediction": "rnu61192p", "ground truth": "RNU6-1192P", "image path": "test_imgs/920.jpg"}, {"prediction": "pdeab", "ground truth": "PDE4B", "image path": "test_imgs/921.jpg"}, {"prediction": "mtnd6pa", "ground truth": "MTND6P4", "image path": "test_imgs/922.jpg"}, {"prediction": "rnu261p", "ground truth": "RNU2-61P", "image path": "test_imgs/923.jpg"}, {"prediction": "abraxasi", "ground truth": "ABRAXAS1", "image path": "test_imgs/924.jpg"}, {"prediction": "gcat", "ground truth": "GCAT", "image path": "test_imgs/925.jpg"}, {"prediction": "linco1", "ground truth": "LINC01425", "image path": "test_imgs/926.jpg"}, {"prediction": "acvrli", "ground truth": "ACVRL1", "image path": "test_imgs/927.jpg"}, {"prediction": "siglecg", "ground truth": "SIGLEC9", "image path": "test_imgs/928.jpg"}, {"prediction": "rnzsl815p", "ground truth": "RN7SL815P", "image path": "test_imgs/929.jpg"}, {"prediction": "rply1p31", "ground truth": "RPL31P31", "image path": "test_imgs/930.jpg"}, {"prediction": "hnrnpa1p34", "ground truth": "HNRNPA1P34", "image path": "test_imgs/931.jpg"}, {"prediction": "snordy8a", "ground truth": "SNORD38A", "image path": "test_imgs/932.jpg"}, {"prediction": "dhps", "ground truth": "DHPS", "image path": "test_imgs/933.jpg"}, {"prediction": "srebfi", "ground truth": "SREBF1", "image path": "test_imgs/934.jpg"}, {"prediction": "pcdhgb7", "ground truth": "PCDHGB7", "image path": "test_imgs/935.jpg"}, {"prediction": "cct6p3", "ground truth": "CCT6P3", "image path": "test_imgs/936.jpg"}, {"prediction": "tubbpz", "ground truth": "TUBBP2", "image path": "test_imgs/937.jpg"}, {"prediction": "klhl2a", "ground truth": "KLHL24", "image path": "test_imgs/938.jpg"}, {"prediction": "capn3", "ground truth": "CAPN3", "image path": "test_imgs/939.jpg"}, {"prediction": "mtatp6p10", "ground truth": "MTATP6P10", "image path": "test_imgs/940.jpg"}, {"prediction": "ifitm3pa", "ground truth": "IFITM3P4", "image path": "test_imgs/941.jpg"}, {"prediction": "linc01883", "ground truth": "LINC01883", "image path": "test_imgs/942.jpg"}, {"prediction": "cypza7p1", "ground truth": "CYP2A7P1", "image path": "test_imgs/943.jpg"}, {"prediction": "ppargcib", "ground truth": "PPARGC1B", "image path": "test_imgs/944.jpg"}, {"prediction": "cops3", "ground truth": "COPS3", "image path": "test_imgs/945.jpg"}, {"prediction": "mtco3p45", "ground truth": "MTCO3P45", "image path": "test_imgs/946.jpg"}, {"prediction": "htr5a", "ground truth": "HTR5A", "image path": "test_imgs/947.jpg"}, {"prediction": "lincoo544", "ground truth": "LINC00544", "image path": "test_imgs/948.jpg"}, {"prediction": "aurka", "ground truth": "AURKA", "image path": "test_imgs/949.jpg"}, {"prediction": "arlsa", "ground truth": "ARL5A", "image path": "test_imgs/950.jpg"}, {"prediction": "elocp6", "ground truth": "ELOCP6", "image path": "test_imgs/951.jpg"}, {"prediction": "eif3j", "ground truth": "EIF3J", "image path": "test_imgs/952.jpg"}, {"prediction": "rplyop3", "ground truth": "RPL30P3", "image path": "test_imgs/953.jpg"}, {"prediction": "sapjolast", "ground truth": "SAP30L-AS1", "image path": "test_imgs/954.jpg"}, {"prediction": "gstcdast", "ground truth": "GSTCD-AS1", "image path": "test_imgs/955.jpg"}, {"prediction": "scarna28", "ground truth": "SCARNA28", "image path": "test_imgs/956.jpg"}, {"prediction": "lamtori", "ground truth": "LAMTOR1", "image path": "test_imgs/957.jpg"}, {"prediction": "clecam", "ground truth": "CLEC4M", "image path": "test_imgs/958.jpg"}, {"prediction": "rnu6930p", "ground truth": "RNU6-930P", "image path": "test_imgs/959.jpg"}, {"prediction": "pigoas1", "ground truth": "PIGO-AS1", "image path": "test_imgs/960.jpg"}, {"prediction": "slcaabas1", "ground truth": "SLC4A8-AS1", "image path": "test_imgs/961.jpg"}, {"prediction": "ifnbi", "ground truth": "IFNB1", "image path": "test_imgs/962.jpg"}, {"prediction": "ddx52", "ground truth": "DDX52", "image path": "test_imgs/963.jpg"}, {"prediction": "pdf", "ground truth": "PDF", "image path": "test_imgs/964.jpg"}, {"prediction": "prss51", "ground truth": "PRSS51", "image path": "test_imgs/965.jpg"}, {"prediction": "onecut3", "ground truth": "ONECUT3", "image path": "test_imgs/966.jpg"}, {"prediction": "linco0351", "ground truth": "LINC00351", "image path": "test_imgs/967.jpg"}, {"prediction": "mir1531", "ground truth": "MIR153-1", "image path": "test_imgs/968.jpg"}, {"prediction": "prelidybp2", "ground truth": "PRELID3BP2", "image path": "test_imgs/969.jpg"}, {"prediction": "rnassp171", "ground truth": "RNA5SP171", "image path": "test_imgs/970.jpg"}, {"prediction": "pmmz", "ground truth": "PMM2", "image path": "test_imgs/971.jpg"}, {"prediction": "whammpi", "ground truth": "WHAMMP1", "image path": "test_imgs/972.jpg"}, {"prediction": "iglvi50", "ground truth": "IGLV1-50", "image path": "test_imgs/973.jpg"}, {"prediction": "snordi72", "ground truth": "SNORD172", "image path": "test_imgs/974.jpg"}, {"prediction": "sema6c", "ground truth": "SEMA6C", "image path": "test_imgs/975.jpg"}, {"prediction": "pirc11", "ground truth": "PIRC11", "image path": "test_imgs/976.jpg"}, {"prediction": "ackri", "ground truth": "ACKR1", "image path": "test_imgs/977.jpg"}, {"prediction": "ube2v1p1", "ground truth": "UBE2V1P1", "image path": "test_imgs/978.jpg"}, {"prediction": "mir3683", "ground truth": "MIR3683", "image path": "test_imgs/979.jpg"}, {"prediction": "sertada", "ground truth": "SERTAD4", "image path": "test_imgs/980.jpg"}, {"prediction": "cog2", "ground truth": "COG2", "image path": "test_imgs/981.jpg"}, {"prediction": "znf87zp", "ground truth": "ZNF877P", "image path": "test_imgs/982.jpg"}, {"prediction": "zdhhczopa", "ground truth": "ZDHHC20P4", "image path": "test_imgs/983.jpg"}, {"prediction": "klhli8", "ground truth": "KLHL18", "image path": "test_imgs/984.jpg"}, {"prediction": "apobec3g", "ground truth": "APOBEC3G", "image path": "test_imgs/985.jpg"}, {"prediction": "actg1p11", "ground truth": "ACTG1P11", "image path": "test_imgs/986.jpg"}, {"prediction": "dpf3", "ground truth": "DPF3", "image path": "test_imgs/987.jpg"}, {"prediction": "cdvbp1", "ground truth": "CDV3P1", "image path": "test_imgs/988.jpg"}, {"prediction": "rplapa", "ground truth": "RPL4P4", "image path": "test_imgs/989.jpg"}, {"prediction": "uspli", "ground truth": "USPL1", "image path": "test_imgs/990.jpg"}, {"prediction": "zfandi", "ground truth": "ZFAND1", "image path": "test_imgs/991.jpg"}, {"prediction": "polrihasp", "ground truth": "POLR1HASP", "image path": "test_imgs/992.jpg"}, {"prediction": "rpsay2", "ground truth": "RPS4Y2", "image path": "test_imgs/993.jpg"}, {"prediction": "tmco1as1", "ground truth": "TMCO1-AS1", "image path": "test_imgs/994.jpg"}, {"prediction": "heatra", "ground truth": "HEATR4", "image path": "test_imgs/995.jpg"}, {"prediction": "rnvu133", "ground truth": "RNVU1-33", "image path": "test_imgs/996.jpg"}, {"prediction": "c5orf67", "ground truth": "C5orf67", "image path": "test_imgs/997.jpg"}, {"prediction": "krt12", "ground truth": "KRT12", "image path": "test_imgs/998.jpg"}, {"prediction": "or4f1", "ground truth": "OR4F14P", "image path": "test_imgs/999.jpg"}]}]