model,prediction,ground truth,1-NED,difflib ratio
keras,tmcbas1,TMC3-AS1,0.125,0.13333333333333333
keras,rnzskp66,RN7SKP68,0.125,0.125
keras,napa,NAPA,0.0,0.0
keras,trlaagi1,TRL-AAG1-1,0.09999999999999998,0.1111111111111111
keras,linco2544,LINC02544,0.4444444444444444,0.4444444444444444
keras,linco2093,LINC02093,0.4444444444444444,0.4444444444444444
keras,mirzo8,MIR708,0.16666666666666663,0.16666666666666666
keras,pdc,PDC,0.0,0.0
keras,rnu6538p,RNU6-538P,0.4444444444444444,0.47058823529411764
keras,ccnbz,CCNB2,0.0,0.0
keras,linco0412,LINC00412,0.4444444444444444,0.4444444444444444
keras,mrtoa,MRTO4,0.0,0.0
keras,0r1141,OR11A1,0.5,0.5
keras,mir5191,MIR5191,0.5714285714285714,0.5714285714285714
keras,st13p12,ST13P12,0.5714285714285714,0.5714285714285714
keras,rnu61,RNU6-14P,0.25,0.3076923076923077
keras,plakb,PI4KB,0.0,0.0
keras,hala3,HHLA3,0.19999999999999996,0.2
keras,suptah1,SUPT4H1,0.1428571428571429,0.14285714285714285
keras,elovli,ELOVL1,0.0,0.0
keras,ppiap36,PPIAP36,0.2857142857142857,0.2857142857142857
keras,cpsf3,CPSF3,0.19999999999999996,0.2
keras,rpl19p5,RPL19P5,0.4285714285714286,0.42857142857142855
keras,fmnlz,FMNL2,0.0,0.0
keras,tmcs,TMC8,0.0,0.0
keras,rnzsl321p,RN7SL321P,0.33333333333333337,0.3333333333333333
keras,tcf21,TCF21,0.4,0.4
keras,rnasspa85,RNA5SP485,0.2222222222222222,0.2222222222222222
keras,rnu6896p,RNU6-896P,0.4444444444444444,0.47058823529411764
keras,laptmaadt,LAPTM4A-DT,0.0,0.0
keras,rnassp141,RNA5SP141,0.33333333333333337,0.3333333333333333
keras,pandar,PANDAR,0.0,0.0
keras,linco1,LINC01402,0.11111111111111116,0.13333333333333333
keras,cuxzpz,CUX2P2,0.0,0.0
keras,rnu61038p,RNU6-1038P,0.5,0.5263157894736842
keras,pom121b,POM121B,0.4285714285714286,0.42857142857142855
keras,mtrex,MTREX,0.0,0.0
keras,rnzsli13p,RN7SL113P,0.2222222222222222,0.2222222222222222
keras,wasfy,WASF3,0.0,0.0
keras,cers2,CERS2,0.19999999999999996,0.2
keras,mylgp1,MYL6P1,0.16666666666666663,0.16666666666666666
keras,gaszlz,GAS2L2,0.0,0.0
keras,prrt3,PRRT3,0.19999999999999996,0.2
keras,rnugatac13p,RNU6ATAC13P,0.18181818181818177,0.18181818181818182
keras,mtty,MT-TY,0.0,0.0
keras,mobap1,MOB4P1,0.16666666666666663,0.16666666666666666
keras,cycsp14,CYCSP14,0.2857142857142857,0.2857142857142857
keras,apobecyh,APOBEC3H,0.0,0.0
keras,dnmipg,DNM1P9,0.0,0.0
keras,ervw28,ERVW-28,0.2857142857142857,0.3076923076923077
keras,phkatas1,PHKA1-AS1,0.11111111111111116,0.11764705882352941
keras,mcub,MCUB,0.0,0.0
keras,nrtn,NRTN,0.0,0.0
keras,klhlzo,KLHL20,0.0,0.0
keras,linco21,LINC02148,0.2222222222222222,0.25
keras,vdacipg,VDAC1P9,0.0,0.0
keras,mindy2dt,MINDY2-DT,0.11111111111111116,0.11764705882352941
keras,polr3kpz,POLR3KP2,0.125,0.125
keras,ntse,NT5E,0.0,0.0
keras,atosbp1,ATOSBP1,0.1428571428571429,0.14285714285714285
keras,rplgp2,RPL9P2,0.16666666666666663,0.16666666666666666
keras,scubei,SCUBE1,0.0,0.0
keras,hcgip5,HCG9P5,0.16666666666666663,0.16666666666666666
keras,mir323b,MIR323B,0.4285714285714286,0.42857142857142855
keras,septint,SEPTIN14P23,0.0,0.0
keras,pitpinci,PITPNC1,0.0,0.0
keras,mira24,MIR424,0.33333333333333337,0.3333333333333333
keras,arhgefa,ARHGEF4,0.0,0.0
keras,plekhaz,PLEKHA2,0.0,0.0
keras,lonpi,LONP1,0.0,0.0
keras,mir3194,MIR3194,0.5714285714285714,0.5714285714285714
keras,oscar,OSCAR,0.0,0.0
keras,folr3,FOLR3,0.19999999999999996,0.2
keras,klhdca,KLHDC4,0.0,0.0
keras,washc1,WASHC1,0.16666666666666663,0.16666666666666666
keras,rpli8p8,RPL18P8,0.2857142857142857,0.2857142857142857
keras,actgi1p25,ACTG1P25,0.33333333333333337,0.35294117647058826
keras,lgmn,LGMN,0.0,0.0
keras,p2ry13,P2RY13,0.5,0.5
keras,linco2210,LINC02210,0.4444444444444444,0.4444444444444444
keras,tenm2as1,TENM2-AS1,0.2222222222222222,0.23529411764705882
keras,rplzap52,RPL7AP52,0.25,0.25
keras,eifijdt,EIF3J-DT,0.0,0.0
keras,lin37,LIN37,0.4,0.4
keras,uvrag,UVRAG,0.0,0.0
keras,klhly1,KLHL31,0.16666666666666663,0.16666666666666666
keras,bclzliast,BCL2L1-AS1,0.0,0.0
keras,hs6st1p1,HS6ST1P1,0.375,0.375
keras,fam199yp,FAM199YP,0.375,0.375
keras,pirc13,PIRC13,0.33333333333333337,0.3333333333333333
keras,lincoo343,LINC00343,0.33333333333333337,0.3333333333333333
keras,mir4439,MIR4439,0.5714285714285714,0.5714285714285714
keras,znf6o8,ZNF608,0.33333333333333337,0.3333333333333333
keras,mir4443,MIR4443,0.5714285714285714,0.5714285714285714
keras,pcdhgc3,PCDHGC3,0.1428571428571429,0.14285714285714285
keras,hspai2b,HSPA12B,0.1428571428571429,0.14285714285714285
keras,atp2ba,ATP2B4,0.16666666666666663,0.16666666666666666
keras,pde11a,PDE11A,0.33333333333333337,0.3333333333333333
keras,cdsl,CD5L,0.0,0.0
keras,mettlep1,METTL8P1,0.125,0.125
keras,lancli,LANCL1,0.0,0.0
keras,rnu6565p,RNU6-565P,0.4444444444444444,0.47058823529411764
keras,bbip1,BBIP1,0.19999999999999996,0.2
keras,linco0411,LINC00411,0.4444444444444444,0.4444444444444444
keras,rnu6411p,RNU6-411P,0.4444444444444444,0.47058823529411764
keras,ttc3ic,TTC39C,0.16666666666666663,0.16666666666666666
keras,fam216a,FAM216A,0.4285714285714286,0.42857142857142855
keras,ndufbipz,NDUFB9P2,0.0,0.0
keras,mtndsp2,MTND5P2,0.1428571428571429,0.14285714285714285
keras,grebi,GREB1,0.0,0.0
keras,rpli7p22,RPL17P22,0.375,0.375
keras,snorazad,SNORA74D,0.0,0.0
keras,tektz,TEKT2,0.0,0.0
keras,snord1,SNORD14B,0.125,0.14285714285714285
keras,krta1p,KRT41P,0.16666666666666663,0.16666666666666666
keras,tacri,TACR1,0.0,0.0
keras,rabgapilast,RABGAP1L-AS1,0.0,0.0
keras,znf569,ZNF569,0.5,0.5
keras,kiaa2012as1,KIAA2012-AS1,0.41666666666666663,0.43478260869565216
keras,or6c66p,OR6C66P,0.4285714285714286,0.42857142857142855
keras,atpspfpi,ATP5PFP1,0.0,0.0
keras,clcn3,CLCN3,0.19999999999999996,0.2
keras,dcafi2,DCAF12,0.16666666666666663,0.16666666666666666
keras,rplyip20,RPL39P20,0.25,0.25
keras,fam106c,FAM106C,0.4285714285714286,0.42857142857142855
keras,sapcdzpz,SAPCD2P2,0.0,0.0
keras,igsf3p1,IGSF3P1,0.2857142857142857,0.2857142857142857
keras,spa17,SPA17,0.4,0.4
keras,hpv1812,HPV18I2,0.4285714285714286,0.42857142857142855
keras,snord11528,SNORD115-28,0.4545454545454546,0.47619047619047616
keras,gyg2p1,GYG2P1,0.33333333333333337,0.3333333333333333
keras,synjzbpcox16,SYNJ2BP-COX16,0.15384615384615385,0.16
keras,plekhai,PLEKHH1,0.0,0.0
keras,arli,ARL1,0.0,0.0
keras,zswim5,ZSWIM5,0.16666666666666663,0.16666666666666666
keras,anapcipa,ANAPC1P4,0.0,0.0
keras,rps17p17,RPS17P17,0.5,0.5
keras,dock11p1,DOCK11P1,0.375,0.375
keras,trqctgi151,TRQ-CTG15-1,0.2727272727272727,0.2857142857142857
keras,fbxo43,FBXO43,0.33333333333333337,0.3333333333333333
keras,ykt6,YKT6,0.25,0.25
keras,sfrip2,SFR1P2,0.16666666666666663,0.16666666666666666
keras,mir622,MIR622,0.5,0.5
keras,rps18p7,RPS18P7,0.4285714285714286,0.42857142857142855
keras,wbpilp11,WBP1LP11,0.25,0.25
keras,znf727,ZNF727,0.5,0.5
keras,rnzsli82p,RN7SL182P,0.2222222222222222,0.2222222222222222
keras,trbvz5,TRBV7-5,0.1428571428571429,0.15384615384615385
keras,mir4316,MIR4316,0.5714285714285714,0.5714285714285714
keras,ighva39,IGHV4-39,0.25,0.26666666666666666
keras,trltaas1,TRL-TAA5-1,0.09999999999999998,0.1111111111111111
keras,linco1808,LINC01808,0.4444444444444444,0.4444444444444444
keras,zdhhc5,ZDHHC5,0.16666666666666663,0.16666666666666666
keras,mir32o22,MIR3202-2,0.4444444444444444,0.47058823529411764
keras,mir4736,MIR4736,0.5714285714285714,0.5714285714285714
keras,rps7p8,RPS7P8,0.33333333333333337,0.3333333333333333
keras,lincoo994,LINC00994,0.33333333333333337,0.3333333333333333
keras,grhlbas1,GRHL3-AS1,0.11111111111111116,0.11764705882352941
keras,dhrsg,DHRS9,0.0,0.0
keras,snord1,SNORD14E,0.125,0.14285714285714285
keras,trim16,TRIM16,0.33333333333333337,0.3333333333333333
keras,bsdc1,BSDC1,0.19999999999999996,0.2
keras,cenpbdzp,CENPBD2P,0.0,0.0
keras,zdhhc3,ZDHHC3,0.16666666666666663,0.16666666666666666
keras,snord11423,SNORD114-23,0.4545454545454546,0.47619047619047616
keras,parmiast,PARM1-AS1,0.0,0.0
keras,rplsp1z,RPL5P17,0.1428571428571429,0.14285714285714285
keras,s100a2,S100A2,0.6666666666666667,0.6666666666666666
keras,aqp7p5,AQP7P5,0.33333333333333337,0.3333333333333333
keras,orsmzp,OR5M7P,0.0,0.0
keras,klcaas1,KLC4-AS1,0.125,0.13333333333333333
keras,rnassp333,RNA5SP333,0.33333333333333337,0.3333333333333333
keras,epgn,EPGN,0.0,0.0
keras,rnassps5,RNA5SP85,0.125,0.125
keras,znfi32,ZNF132,0.33333333333333337,0.3333333333333333
keras,tomm22pz,TOMM22P2,0.25,0.25
keras,rnzskp267,RN7SKP267,0.33333333333333337,0.3333333333333333
keras,pomzp3,POMZP3,0.16666666666666663,0.16666666666666666
keras,mtusz,MTUS2,0.0,0.0
keras,gotzp1,GOT2P1,0.16666666666666663,0.16666666666666666
keras,dcafali,DCAF4L1,0.0,0.0
keras,nusi,NUS1,0.0,0.0
keras,set,SET,0.0,0.0
keras,rnu6157p,RNU6-157P,0.4444444444444444,0.47058823529411764
keras,pradx,PRADX,0.0,0.0
keras,linco2624,LINC02624,0.4444444444444444,0.4444444444444444
keras,or6c66p,OR6C66P,0.4285714285714286,0.42857142857142855
keras,lincoo840,LINC00840,0.33333333333333337,0.3333333333333333
keras,mtx3,MTX3,0.25,0.25
keras,linco3o28,LINC03028,0.33333333333333337,0.3333333333333333
keras,tshb,TSHB,0.0,0.0
keras,prss8,PRSS8,0.19999999999999996,0.2
keras,0r10h4,OR10H4,0.5,0.5
keras,cypeb1,CYP8B1,0.16666666666666663,0.16666666666666666
keras,kdmad,KDM4D,0.0,0.0
keras,rnassp525,RNA5SP525,0.33333333333333337,0.3333333333333333
keras,rpliop8,RPL10P8,0.1428571428571429,0.14285714285714285
keras,trim16l,TRIM16L,0.2857142857142857,0.2857142857142857
keras,slc22a14,SLC22A14,0.5,0.5
keras,rplyip55,RPL39P35,0.125,0.125
keras,chp1p1,CHP1P1,0.33333333333333337,0.3333333333333333
keras,tmem269dt,TMEM269-DT,0.30000000000000004,0.3157894736842105
keras,psme3,PSME3,0.19999999999999996,0.2
keras,rpl3ap14,RPL34P14,0.375,0.375
keras,dgcrbl,DGCR6L,0.0,0.0
keras,lincoo3o2,LINC00302,0.2222222222222222,0.2222222222222222
keras,dnpepas1,DNPEP-AS1,0.11111111111111116,0.11764705882352941
keras,ili2aas1,IL12A-AS1,0.2222222222222222,0.23529411764705882
keras,ralgapb,RALGAPB,0.0,0.0
keras,rnu61034p,RNU6-1034P,0.5,0.5263157894736842
keras,cdca2it1,CDC42-IT1,0.2222222222222222,0.23529411764705882
keras,rnu6115p,RNU6-115P,0.4444444444444444,0.47058823529411764
keras,anxaa,ANXA4,0.0,0.0
keras,zscan3o,ZSCAN30,0.1428571428571429,0.14285714285714285
keras,znf619p1,ZNF619P1,0.5,0.5
keras,snrpgpz,SNRPGP2,0.0,0.0
keras,ctage1ap,CTAGE14P,0.125,0.125
keras,dlgi,DLG1,0.0,0.0
keras,rnuzaop,RNU7-40P,0.0,0.0
keras,amyia,AMY1A,0.0,0.0
keras,prr13p2,PRR13P2,0.4285714285714286,0.42857142857142855
keras,mir4752,MIR4752,0.5714285714285714,0.5714285714285714
keras,plpprsas1,PLPPR5-AS1,0.09999999999999998,0.10526315789473684
keras,tmem128,TMEM128,0.4285714285714286,0.42857142857142855
keras,dnaiz,DNAI7,0.0,0.0
keras,ube2t,UBE2T,0.19999999999999996,0.2
keras,linc01553,LINC01553,0.5555555555555556,0.5555555555555556
keras,pdcdz,PDCD7,0.0,0.0
keras,actrbb,ACTR3B,0.0,0.0
keras,rhoqpi,RHOQP1,0.0,0.0
keras,fnbpipz,FNBP1P2,0.0,0.0
keras,pppbcbast,PPP3CB-AS1,0.0,0.0
keras,cds2,CDS2,0.25,0.25
keras,znf96p,ZNF968P,0.2857142857142857,0.3076923076923077
keras,linco1284,LINC01284,0.4444444444444444,0.4444444444444444
keras,bcap31,BCAP31,0.33333333333333337,0.3333333333333333
keras,znf3o2,ZNF302,0.33333333333333337,0.3333333333333333
keras,prmtz,PRMT2,0.0,0.0
keras,pxt1,PXT1,0.25,0.25
keras,slciagas1,SLC9A9-AS1,0.09999999999999998,0.10526315789473684
keras,sbfip2,SBF1P2,0.16666666666666663,0.16666666666666666
keras,ap1g1,AP1G1,0.4,0.4
keras,rpl1sp17,RPL15P17,0.375,0.375
keras,rnu6570p,RNU6-570P,0.4444444444444444,0.47058823529411764
keras,c1s,C1S,0.33333333333333337,0.3333333333333333
keras,znfz5cp,ZNF75CP,0.1428571428571429,0.14285714285714285
keras,rnasspa20,RNA5SP420,0.2222222222222222,0.2222222222222222
keras,linco3o27,LINC03027,0.33333333333333337,0.3333333333333333
keras,trttgt51,TRT-TGT5-1,0.19999999999999996,0.2222222222222222
keras,ferli,F2RL1,0.0,0.0
keras,rnuz78p,RNU7-78P,0.25,0.26666666666666666
keras,hes3,HES3,0.25,0.25
keras,pikycdas1,PIK3CD-AS1,0.09999999999999998,0.10526315789473684
keras,falim,FAIM,0.0,0.0
keras,fam180a,FAM180A,0.4285714285714286,0.42857142857142855
keras,cdh15,CDH15,0.4,0.4
keras,impdhip7,IMPDH1P7,0.125,0.125
keras,hibadh,HIBADH,0.0,0.0
keras,orokip,OR9K1P,0.0,0.0
keras,nme1,NME1,0.25,0.25
keras,drg1,DRG1,0.25,0.25
keras,adgrfsast,ADGRF5-AS1,0.0,0.0
keras,linco2503,LINC02503,0.4444444444444444,0.4444444444444444
keras,ipmkpl,IPMKP1,0.0,0.0
keras,kifsa,KIF5A,0.0,0.0
keras,arid3c,ARID3C,0.16666666666666663,0.16666666666666666
keras,nbeapa,NBEAP4,0.0,0.0
keras,abras1,ABR-AS1,0.1428571428571429,0.15384615384615385
keras,myozz,MYOZ2,0.0,0.0
keras,rpl36ap5,RPL36AP5,0.375,0.375
keras,phactra,PHACTR4,0.0,0.0
keras,shiglbi,SH3GLB1,0.0,0.0
keras,arhgapa2pa,ARHGAP42P4,0.09999999999999998,0.1
keras,adamts17,ADAMTS17,0.25,0.25
keras,lincoo534,LINC00534,0.33333333333333337,0.3333333333333333
keras,rplz3ap95,RPL23AP95,0.33333333333333337,0.3333333333333333
keras,extlyas1,EXTL3-AS1,0.11111111111111116,0.11764705882352941
keras,mir652,MIR652,0.5,0.5
keras,nipsnapsa,NIPSNAP3A,0.0,0.0
keras,usp54,USP54,0.4,0.4
keras,rnuz32p,RNU2-32P,0.25,0.26666666666666666
keras,rnassp329,RNA5SP329,0.33333333333333337,0.3333333333333333
keras,snora109,SNORA109,0.375,0.375
keras,glis3,GLIS3,0.19999999999999996,0.2
keras,adgrdi,ADGRD1,0.0,0.0
keras,mir499b,MIR499B,0.4285714285714286,0.42857142857142855
keras,rhoxfipz,RHOXF1P2,0.0,0.0
keras,mir4648,MIR4648,0.5714285714285714,0.5714285714285714
keras,gheti,GHET1,0.0,0.0
keras,linco1388,LINC01388,0.4444444444444444,0.4444444444444444
keras,rpl22p16,RPL22P16,0.5,0.5
keras,wdre8,WDR88,0.19999999999999996,0.2
keras,csnkigz,CSNK1G2,0.0,0.0
keras,myd88,MYD88,0.4,0.4
keras,cox6cp1,COX6CP1,0.2857142857142857,0.2857142857142857
keras,jak3,JAK3,0.25,0.25
keras,rnugataczp,RNU6ATAC2P,0.0,0.0
keras,brdtpi,BRDTP1,0.0,0.0
keras,rnzslzo3p,RN7SL703P,0.11111111111111116,0.1111111111111111
keras,topors,TOPORS,0.0,0.0
keras,wntza,WNT7A,0.0,0.0
keras,thoc3,THOC3,0.19999999999999996,0.2
keras,rnui3,RNU1-3,0.16666666666666663,0.18181818181818182
keras,snord62b,SNORD62B,0.25,0.25
keras,actblz,ACTBL2,0.0,0.0
keras,pym1,PYM1,0.25,0.25
keras,ces1,CES1,0.25,0.25
keras,defb109a,DEFB109A,0.375,0.375
keras,rnu61203p,RNU6-1203P,0.5,0.5263157894736842
keras,trttgt51,TRT-TGT5-1,0.19999999999999996,0.2222222222222222
keras,linco1275,LINC01275,0.4444444444444444,0.4444444444444444
keras,hnrnpaip29,HNRNPA1P29,0.19999999999999996,0.2
keras,orze28p,OR7E28P,0.2857142857142857,0.2857142857142857
keras,cast,CAST,0.0,0.0
keras,tafa3,TAFA3,0.19999999999999996,0.2
keras,rps25p1,RPS25P1,0.4285714285714286,0.42857142857142855
keras,kcnks,KCNK5,0.0,0.0
keras,arhgefz,ARHGEF7,0.0,0.0
keras,myot,MYOT,0.0,0.0
keras,diaph2as1,DIAPH2-AS1,0.19999999999999996,0.21052631578947367
keras,acacb,ACACB,0.0,0.0
keras,rps26p17,RPS26P17,0.5,0.5
keras,znf341,ZNF341,0.5,0.5
keras,linco2327,LINC02327,0.4444444444444444,0.4444444444444444
keras,znfao7,ZNF407,0.16666666666666663,0.16666666666666666
keras,gpc1,GPC1,0.25,0.25
keras,rpsionudts,RPS10-NUDT3,0.0,0.0
keras,mphosph6,MPHOSPH6,0.125,0.125
keras,fams3a,FAM53A,0.16666666666666663,0.16666666666666666
keras,trptgg35,TRP-TGG3-5,0.19999999999999996,0.2222222222222222
keras,fkbps,FKBP5,0.0,0.0
keras,aida,AIDA,0.0,0.0
keras,mir79731,MIR7973-1,0.5555555555555556,0.5882352941176471
keras,sec14l5,SEC14L5,0.4285714285714286,0.42857142857142855
keras,znf12,ZNF12,0.4,0.4
keras,rnassp365,RNA5SP365,0.33333333333333337,0.3333333333333333
keras,uspgyp24,USP9YP24,0.25,0.25
keras,eifaa2p1,EIF4A2P1,0.25,0.25
keras,msh2ot1,MSH2-OT1,0.25,0.26666666666666666
keras,srcap,SRCAP,0.0,0.0
keras,atpsmfp3,ATP5MFP3,0.125,0.125
keras,aqp5,AQP5,0.25,0.25
keras,cenpvli,CENPVL1,0.0,0.0
keras,rplzap19,RPL7AP19,0.25,0.25
keras,olfim3,OLFM3,0.16666666666666663,0.18181818181818182
keras,cacnaicasz,CACNA1C-AS2,0.0,0.0
keras,cox7a1,COX7A1,0.33333333333333337,0.3333333333333333
keras,zfr2,ZFR2,0.25,0.25
keras,cebpzos,CEBPZOS,0.0,0.0
keras,cacnaicasa,CACNA1C-AS4,0.0,0.0
keras,zics,ZIC5,0.0,0.0
keras,rplsp35,RPL5P35,0.2857142857142857,0.2857142857142857
keras,ppiap39,PPIAP39,0.2857142857142857,0.2857142857142857
keras,bsndp3,BSNDP3,0.16666666666666663,0.16666666666666666
keras,pimreg,PIMREG,0.0,0.0
keras,snora92,SNORA92,0.2857142857142857,0.2857142857142857
keras,linco1,LINC01494,0.11111111111111116,0.13333333333333333
keras,exoczp1,EXOC7P1,0.1428571428571429,0.14285714285714285
keras,linc01213,LINC01213,0.5555555555555556,0.5555555555555556
keras,apoc1p1,APOC1P1,0.2857142857142857,0.2857142857142857
keras,rpep2,RPEP2,0.19999999999999996,0.2
keras,ostm1,OSTM1,0.19999999999999996,0.2
keras,dap,DAP,0.0,0.0
keras,sultic3,SULT1C3,0.1428571428571429,0.14285714285714285
keras,rnzsli84p,RN7SL184P,0.2222222222222222,0.2222222222222222
keras,gcc2as1,GCC2-AS1,0.25,0.26666666666666666
keras,cppedi,CPPED1,0.0,0.0
keras,rnu6823p,RNU6-823P,0.4444444444444444,0.47058823529411764
keras,trav36dv7,TRAV36DV7,0.33333333333333337,0.3333333333333333
keras,jam2,JAM2,0.25,0.25
keras,bmpsa,BMP8A,0.0,0.0
keras,zdhhczop3,ZDHHC20P3,0.11111111111111116,0.1111111111111111
keras,sariapz,SAR1AP2,0.0,0.0
keras,linc01391,LINC01391,0.5555555555555556,0.5555555555555556
keras,ctso,CTSO,0.0,0.0
keras,hladqbz,HLA-DQB2,0.0,0.0
keras,rnvu118,RNVU1-18,0.375,0.4
keras,icams,ICAM5,0.0,0.0
keras,rnzslsa9p,RN7SL549P,0.11111111111111116,0.1111111111111111
keras,apim2p1,AP1M2P1,0.2857142857142857,0.2857142857142857
keras,krtsp10,KRT8P10,0.2857142857142857,0.2857142857142857
keras,bco1,BCO1,0.25,0.25
keras,eifsali,EIF5AL1,0.0,0.0
keras,snord11416,SNORD114-16,0.4545454545454546,0.47619047619047616
keras,mettle,METTL8,0.0,0.0
keras,lgtn,LGTN,0.0,0.0
keras,nmralzp,NMRAL2P,0.0,0.0
keras,ighv316,IGHV3-16,0.375,0.4
keras,mirg1hg,MIR9-1HG,0.125,0.13333333333333333
keras,linco2076,LINC02076,0.4444444444444444,0.4444444444444444
keras,abcg5,ABCG5,0.19999999999999996,0.2
keras,nifkp3,NIFKP3,0.16666666666666663,0.16666666666666666
keras,prmt3,PRMT3,0.19999999999999996,0.2
keras,proz,PROZ,0.0,0.0
keras,mir3975,MIR3975,0.5714285714285714,0.5714285714285714
keras,rnu6448p,RNU6-448P,0.4444444444444444,0.47058823529411764
keras,iglc6,IGLC6,0.19999999999999996,0.2
keras,linco2130,LINC02130,0.4444444444444444,0.4444444444444444
keras,cpsfipz,CPSF1P2,0.0,0.0
keras,socs5p3,SOCS5P3,0.2857142857142857,0.2857142857142857
keras,rps12p31,RPS12P31,0.5,0.5
keras,mtus1,MTUS1,0.19999999999999996,0.2
keras,mir6718,MIR6718,0.5714285714285714,0.5714285714285714
keras,ervw24,ERVW-24,0.2857142857142857,0.3076923076923077
keras,mir6732,MIR6732,0.5714285714285714,0.5714285714285714
keras,ccdc125,CCDC125,0.4285714285714286,0.42857142857142855
keras,linco2929,LINC02929,0.4444444444444444,0.4444444444444444
keras,pdeadipp6,PDE4DIPP6,0.11111111111111116,0.1111111111111111
keras,prkca,PRKCA,0.0,0.0
keras,elk2ap,ELK2AP,0.16666666666666663,0.16666666666666666
keras,pcdhbb,PCDHB8,0.0,0.0
keras,linco2210,LINC02210,0.4444444444444444,0.4444444444444444
keras,errfii,ERRFI1,0.0,0.0
keras,vnira5p,VN1R45P,0.1428571428571429,0.14285714285714285
keras,f8a1,F8A1,0.5,0.5
keras,dppz,DPP7,0.0,0.0
keras,mir31,MIR3140,0.2857142857142857,0.3333333333333333
keras,kmtze,KMT2E,0.0,0.0
keras,slmap,SLMAP,0.0,0.0
keras,btbd18,BTBD18,0.33333333333333337,0.3333333333333333
keras,pcgf2,PCGF2,0.19999999999999996,0.2
keras,rnu6792p,RNU6-792P,0.4444444444444444,0.47058823529411764
keras,mir3934,MIR3934,0.5714285714285714,0.5714285714285714
keras,rnu6157p,RNU6-157P,0.4444444444444444,0.47058823529411764
keras,rnu6212p,RNU6-212P,0.4444444444444444,0.47058823529411764
keras,sowaha,SOWAHA,0.0,0.0
keras,itk,ITK,0.0,0.0
keras,htra1,HTRA1,0.19999999999999996,0.2
keras,pramef36p,PRAMEF36P,0.2222222222222222,0.2222222222222222
keras,linco0114,LINC00114,0.4444444444444444,0.4444444444444444
keras,snai3,SNAI3,0.19999999999999996,0.2
keras,tsc22d2,TSC22D2,0.4285714285714286,0.42857142857142855
keras,rab11ap2,RAB11AP2,0.375,0.375
keras,hspaep12,HSPA8P12,0.25,0.25
keras,c180rf32,C18orf32,0.75,0.75
keras,linco1256,LINC01256,0.4444444444444444,0.4444444444444444
keras,alkbh3,ALKBH3,0.16666666666666663,0.16666666666666666
keras,golgasp1,GOLGA5P1,0.125,0.125
keras,nfkbid,NFKBID,0.0,0.0
keras,nbpfs,NBPF8,0.0,0.0
keras,thap3,THAP3,0.19999999999999996,0.2
keras,mir526a2,MIR526A2,0.5,0.5
keras,dprxpa,DPRXP4,0.0,0.0
keras,rpl21p86,RPL21P86,0.5,0.5
keras,otud3,OTUD3,0.19999999999999996,0.2
keras,rnzsli66p,RN7SL166P,0.2222222222222222,0.2222222222222222
keras,pheta1,PHETA1,0.16666666666666663,0.16666666666666666
keras,utf1,UTF1,0.25,0.25
keras,stmpi,STMP1,0.0,0.0
keras,rnassp257,RNA5SP257,0.33333333333333337,0.3333333333333333
keras,sumoz,SUMO2,0.0,0.0
keras,mallpz,MALLP2,0.0,0.0
keras,mir6769b,MIR6769B,0.5,0.5
keras,ptpro,PTPRO,0.0,0.0
keras,or7g3,OR7G3,0.4,0.4
keras,ppiap54,PPIAP54,0.2857142857142857,0.2857142857142857
keras,dhx29,DHX29,0.4,0.4
keras,mtnd5p17,MTND5P17,0.375,0.375
keras,nr114,NR1I4,0.4,0.4
keras,npmip6,NPM1P6,0.16666666666666663,0.16666666666666666
keras,rnu61285p,RNU6-1285P,0.5,0.5263157894736842
keras,mir3o2f,MIR302F,0.2857142857142857,0.2857142857142857
keras,igkvid22,IGKV1D-22,0.2222222222222222,0.23529411764705882
keras,ptprsas1,PTPRS-AS1,0.11111111111111116,0.11764705882352941
keras,hdacz,HDAC2,0.0,0.0
keras,hsd1,HSD11B1,0.1428571428571429,0.18181818181818182
keras,rnu6296p,RNU6-296P,0.4444444444444444,0.47058823529411764
keras,snarca,SNAR-C4,0.0,0.0
keras,rbm19,RBM19,0.4,0.4
keras,spp2,SPP2,0.25,0.25
keras,unci3b8,UNC93B8,0.2857142857142857,0.2857142857142857
keras,foxdbas1,FOXD3-AS1,0.11111111111111116,0.11764705882352941
keras,rafip1,RAF1P1,0.16666666666666663,0.16666666666666666
keras,elpa,ELP4,0.0,0.0
keras,ccndypi,CCND3P1,0.0,0.0
keras,ubap1,UBAP1,0.19999999999999996,0.2
keras,slc12a5,SLC12A5,0.4285714285714286,0.42857142857142855
keras,rplyap28,RPL34P28,0.25,0.25
keras,rpl26p37,RPL26P37,0.5,0.5
keras,slc2oa1,SLC20A1,0.2857142857142857,0.2857142857142857
keras,gng12,GNG12,0.4,0.4
keras,card18,CARD18,0.33333333333333337,0.3333333333333333
keras,hck,HCK,0.0,0.0
keras,rnf138p1,RNF138P1,0.5,0.5
keras,mtco1p31,MTCO1P31,0.375,0.375
keras,hspaep3,HSPA8P3,0.1428571428571429,0.14285714285714285
keras,serhlz,SERHL2,0.0,0.0
keras,aplnr,APLNR,0.0,0.0
keras,sallap6,SALL4P6,0.1428571428571429,0.14285714285714285
keras,rps28p5,RPS28P5,0.4285714285714286,0.42857142857142855
keras,ywhaepz,YWHAEP2,0.0,0.0
keras,s100a11p5,S100A11P5,0.6666666666666667,0.6666666666666666
keras,atgaa,ATG4A,0.0,0.0
keras,nrl,NRL,0.0,0.0
keras,slc18a3,SLC18A3,0.4285714285714286,0.42857142857142855
keras,rsc1a1,RSC1A1,0.33333333333333337,0.3333333333333333
keras,tbcid3f,TBC1D3F,0.1428571428571429,0.14285714285714285
keras,rnzsl736p,RN7SL736P,0.33333333333333337,0.3333333333333333
keras,ywhazpz,YWHAZP2,0.0,0.0
keras,hibch,HIBCH,0.0,0.0
keras,rnu6164p,RNU6-164P,0.4444444444444444,0.47058823529411764
keras,siah3,SIAH3,0.19999999999999996,0.2
keras,or4c46,OR4C46,0.5,0.5
keras,polrydpi,POLR3DP1,0.0,0.0
keras,ccbel,CCBE1,0.0,0.0
keras,rps2op31,RPS20P31,0.375,0.375
keras,fign,FIGN,0.0,0.0
keras,ndufbspz,NDUFB5P2,0.0,0.0
keras,mir1203,MIR1203,0.5714285714285714,0.5714285714285714
keras,srp68p2,SRP68P2,0.4285714285714286,0.42857142857142855
keras,znf518b,ZNF518B,0.4285714285714286,0.42857142857142855
keras,napsa,NAPSA,0.0,0.0
keras,cdrt15p5,CDRT15P5,0.375,0.375
keras,malti,MALT1,0.0,0.0
keras,fcsk,FCSK,0.0,0.0
keras,rpl21p130,RPL21P130,0.5555555555555556,0.5555555555555556
keras,nasp,NASP,0.0,0.0
keras,rplz6p15,RPL26P15,0.375,0.375
keras,litaf,LITAF,0.0,0.0
keras,mtndap5,MTND4P5,0.1428571428571429,0.14285714285714285
keras,xact,XACT,0.0,0.0
keras,pkmpi,PKMP1,0.0,0.0
keras,npm3,NPM3,0.25,0.25
keras,grb14,GRB14,0.4,0.4
keras,mnxiasz,MNX1-AS2,0.0,0.0
keras,klhli1,KLHL11,0.16666666666666663,0.16666666666666666
keras,eefig,EEF1G,0.0,0.0
keras,snrpe,SNRPE,0.0,0.0
keras,orakap,OR4K4P,0.0,0.0
keras,slc38a10,SLC38A10,0.5,0.5
keras,linco2479,LINC02479,0.4444444444444444,0.4444444444444444
keras,rcczp6,RCC2P6,0.16666666666666663,0.16666666666666666
keras,linco2903,LINC02903,0.4444444444444444,0.4444444444444444
keras,nagk,NAGK,0.0,0.0
keras,rplyap9,RPL34P9,0.1428571428571429,0.14285714285714285
keras,dnajci9p1,DNAJC19P1,0.2222222222222222,0.2222222222222222
keras,rnzskp53,RN7SKP53,0.25,0.25
keras,cacnaicas3,CACNA1C-AS3,0.09090909090909094,0.09523809523809523
keras,mrpsysp2,MRPS35P2,0.125,0.125
keras,hmcnz,HMCN2,0.0,0.0
keras,hirapi,HIRAP1,0.0,0.0
keras,tmemi61bdt,TMEM161B-DT,0.18181818181818177,0.19047619047619047
keras,pousfib,POU5F1B,0.0,0.0
keras,tgma,TGM4,0.0,0.0
keras,ctsz,CTSZ,0.0,0.0
keras,ldhalodp,LDHAL6DP,0.0,0.0
keras,uspgyp21,USP9YP21,0.25,0.25
keras,nppc,NPPC,0.0,0.0
keras,snrkeas1,SNRK-AS1,0.125,0.125
keras,rnua8ap,RNU4-84P,0.125,0.13333333333333333
keras,npepps,NPEPPS,0.0,0.0
keras,tmem19,TMEM19,0.33333333333333337,0.3333333333333333
keras,lrrczaa,LRRC74A,0.0,0.0
keras,msnpi,MSNP1,0.0,0.0
keras,rras,RRAS,0.0,0.0
keras,pirc103,PIRC103,0.4285714285714286,0.42857142857142855
keras,slc25a21,SLC25A21,0.5,0.5
keras,yeatsa,YEATS4,0.0,0.0
keras,znf587,ZNF587,0.5,0.5
keras,msra,MSRA,0.0,0.0
keras,klrg2,KLRG2,0.19999999999999996,0.2
keras,trfgaa11,TRF-GAA1-1,0.19999999999999996,0.2222222222222222
keras,cmca,CMC4,0.0,0.0
keras,rplyipa,RPL39P4,0.0,0.0
keras,gas2,GAS2,0.25,0.25
keras,stapz,STAP2,0.0,0.0
keras,tango2,TANGO2,0.16666666666666663,0.16666666666666666
keras,linco0680,LINC00680,0.4444444444444444,0.4444444444444444
keras,pirc52,PIRC52,0.33333333333333337,0.3333333333333333
keras,snord1131,SNORD113-1,0.4,0.42105263157894735
keras,csnkigep1,CSNK1G2P1,0.11111111111111116,0.1111111111111111
keras,snordi14c,SNORD14C,0.2222222222222222,0.23529411764705882
keras,fam66a,FAM66A,0.33333333333333337,0.3333333333333333
keras,slc22a10,SLC22A10,0.5,0.5
keras,mageb3,MAGEB3,0.16666666666666663,0.16666666666666666
keras,pirc9o,PIRC90,0.16666666666666663,0.16666666666666666
keras,mir548ak,MIR548AK,0.375,0.375
keras,bnip3p35,BNIP3P35,0.375,0.375
keras,apod,APOD,0.0,0.0
keras,orc3,ORC3,0.25,0.25
keras,ttty2b,TTTY2B,0.16666666666666663,0.16666666666666666
keras,rpsap38,RPSAP38,0.2857142857142857,0.2857142857142857
keras,znf384,ZNF384,0.5,0.5
keras,fam195a,FAM95A,0.2857142857142857,0.3076923076923077
keras,rnuzap,RNU7-4P,0.0,0.0
keras,slc2a14,SLC2A14,0.4285714285714286,0.42857142857142855
keras,gk,GK,0.0,0.0
keras,zcchc24,ZCCHC24,0.2857142857142857,0.2857142857142857
keras,hnrnpa3p15,HNRNPA3P15,0.30000000000000004,0.3
keras,otog,OTOG,0.0,0.0
keras,chmpab,CHMP4B,0.0,0.0
keras,pdlimip1,PDLIM1P1,0.125,0.125
keras,asnsp6,ASNSP6,0.16666666666666663,0.16666666666666666
keras,ankrd2oa18p,ANKRD20A18P,0.2727272727272727,0.2727272727272727
keras,arhgapz6it1,ARHGAP26-IT1,0.16666666666666663,0.17391304347826086
keras,rply7p9,RPL37P9,0.2857142857142857,0.2857142857142857
keras,iglv313,IGLV3-13,0.375,0.4
keras,rpsaps2,RPSAP52,0.1428571428571429,0.14285714285714285
keras,bid,BID,0.0,0.0
keras,ccdc180,CCDC180,0.4285714285714286,0.42857142857142855
keras,slcza8,SLC7A8,0.16666666666666663,0.16666666666666666
keras,ervw14,ERVW-14,0.2857142857142857,0.3076923076923077
keras,snord11511,SNORD115-11,0.4545454545454546,0.47619047619047616
keras,mgam2,MGAM2,0.19999999999999996,0.2
keras,mr141,MIR141,0.5,0.5454545454545454
keras,tap1,TAP1,0.25,0.25
keras,rnu67op,RNU6-70P,0.25,0.26666666666666666
keras,mirg2a1,MIR92A1,0.2857142857142857,0.2857142857142857
keras,rplz6p9,RPL26P9,0.2857142857142857,0.2857142857142857
keras,triegat12,TRI-GAT1-2,0.19999999999999996,0.21052631578947367
keras,ciqtnfg,C1QTNF9,0.0,0.0
keras,mir656,MIR656,0.5,0.5
keras,rnzslzosp,RN7SL705P,0.0,0.0
keras,espnp,ESPNP,0.0,0.0
keras,themisz,THEMIS2,0.0,0.0
keras,traj38,TRAJ38,0.33333333333333337,0.3333333333333333
keras,btnlizp,BTNL12P,0.0,0.0
keras,dlg2as2,DLG2-AS2,0.25,0.26666666666666666
keras,ervel,ERVE-1,0.0,0.0
keras,linco1496,LINC01496,0.4444444444444444,0.4444444444444444
keras,znf853,ZNF853,0.5,0.5
keras,linco2139,LINC02139,0.4444444444444444,0.4444444444444444
keras,s100a13,S100A13,0.7142857142857143,0.7142857142857143
keras,gage2d,GAGE2D,0.16666666666666663,0.16666666666666666
keras,gonal,GON4L,0.0,0.0
keras,lhfpla,LHFPL4,0.0,0.0
keras,linco2257,LINC02257,0.4444444444444444,0.4444444444444444
keras,atxnz,ATXN2,0.0,0.0
keras,krt18p28,KRT18P28,0.5,0.5
keras,nipz,NIP7,0.0,0.0
keras,dlgapsp1,DLGAP5P1,0.125,0.125
keras,myt1,MYT1,0.25,0.25
keras,rnu6196p,RNU6-196P,0.4444444444444444,0.47058823529411764
keras,sox30,SOX30,0.4,0.4
keras,rnu1152p,RNU1-152P,0.4444444444444444,0.47058823529411764
keras,mir1908,MIR1908,0.5714285714285714,0.5714285714285714
keras,k1aa1191,KIAA1191,0.5,0.5
keras,bnip3p31,BNIP3P31,0.375,0.375
keras,rpl22p23,RPL22P23,0.5,0.5
keras,mylgp1,MYL6P1,0.16666666666666663,0.16666666666666666
keras,stam,STAM,0.0,0.0
keras,tspearast,TSPEAR-AS1,0.0,0.0
keras,ehhadhasi,EHHADH-AS1,0.0,0.0
keras,prr12,PRR12,0.4,0.4
keras,adam19,ADAM19,0.33333333333333337,0.3333333333333333
keras,rnzsla17p,RN7SL417P,0.2222222222222222,0.2222222222222222
keras,mir4294,MIR4294,0.5714285714285714,0.5714285714285714
keras,rnu6914p,RNU6-914P,0.4444444444444444,0.47058823529411764
keras,rnuz39p,RNU7-39P,0.25,0.26666666666666666
keras,linco2265,LINC02265,0.4444444444444444,0.4444444444444444
keras,tmem259,TMEM259,0.4285714285714286,0.42857142857142855
keras,rnu61096p,RNU6-1096P,0.5,0.5263157894736842
keras,mark2p11,MARK2P11,0.375,0.375
keras,mir558,MIR558,0.5,0.5
keras,eifabp8,EIF4BP8,0.1428571428571429,0.14285714285714285
keras,pirc85,PIRC85,0.33333333333333337,0.3333333333333333
keras,lypd6,LYPD6,0.19999999999999996,0.2
keras,supt16h,SUPT16H,0.2857142857142857,0.2857142857142857
keras,ovoli,OVOL1,0.0,0.0
keras,rnzsl689p,RN7SL689P,0.33333333333333337,0.3333333333333333
keras,pbrburfpikbrs,P3R3URF-PIK3R3,0.0,0.0
keras,kiaao040,KIAA0040,0.375,0.375
keras,gnaizpz,GNAI2P2,0.0,0.0
keras,wntzb,WNT2B,0.0,0.0
keras,rps2p30,RPS2P30,0.4285714285714286,0.42857142857142855
keras,skorz,SKOR2,0.0,0.0
keras,1l9,TAF11L9,0.2857142857142857,0.4
keras,ccns,CCN5,0.0,0.0
keras,azgpip2,AZGP1P2,0.1428571428571429,0.14285714285714285
keras,ptgera,PTGER4,0.0,0.0
keras,dleulas1,DLEU1-AS1,0.11111111111111116,0.11764705882352941
keras,fam86b3p,FAM86B3P,0.375,0.375
keras,mir3940,MIR3940,0.5714285714285714,0.5714285714285714
keras,rnzsl5a5p,RN7SL545P,0.2222222222222222,0.2222222222222222
keras,trracg22,TRR-ACG2-2,0.19999999999999996,0.2222222222222222
keras,cfhr3,CFHR3,0.19999999999999996,0.2
keras,nifkpg,NIFKP9,0.0,0.0
keras,srp14p1,SRP14P1,0.4285714285714286,0.42857142857142855
keras,spinks,SPINK5,0.0,0.0
keras,mrpli,MRPL1,0.0,0.0
keras,monia,MON1A,0.0,0.0
keras,septint,SEPTIN14P10,0.0,0.0
keras,mrc1,MRC1,0.25,0.25
keras,cep250,CEP250,0.5,0.5
keras,gadda5gip1,GADD45GIP1,0.19999999999999996,0.2
keras,mgmt,MGMT,0.0,0.0
keras,tmem97,TMEM97,0.33333333333333337,0.3333333333333333
keras,mrps36p6,MRPS36P6,0.375,0.375
keras,ntns,NTN5,0.0,0.0
keras,tgma,TGM4,0.0,0.0
keras,igkjz,IGKJ2,0.0,0.0
keras,rps2ap7,RPS24P7,0.2857142857142857,0.2857142857142857
keras,plcxdzas1,PLCXD2-AS1,0.09999999999999998,0.10526315789473684
keras,linco2529,LINC02529,0.4444444444444444,0.4444444444444444
keras,ugtzb28,UGT2B28,0.2857142857142857,0.2857142857142857
keras,rnzsl233p,RN7SL233P,0.33333333333333337,0.3333333333333333
keras,cdk2,CDK2,0.25,0.25
keras,s100a4,S100A4,0.6666666666666667,0.6666666666666666
keras,snrpgp6,SNRPGP6,0.1428571428571429,0.14285714285714285
keras,hs6st1p1,HS6ST1P1,0.375,0.375
keras,gnbz,GNB2,0.0,0.0
keras,rbmzpi,RBM7P1,0.0,0.0
keras,ldlr,LDLR,0.0,0.0
keras,pogz,POGZ,0.0,0.0
keras,mtndyp23,MTND3P23,0.25,0.25
keras,iglv37,IGLV3-7,0.2857142857142857,0.3076923076923077
keras,feril6,FER1L6,0.16666666666666663,0.16666666666666666
keras,ccdc120,CCDC120,0.4285714285714286,0.42857142857142855
keras,nekapz,NEK4P2,0.0,0.0
keras,grinba,GRIN3A,0.0,0.0
keras,pirc37,PIRC37,0.33333333333333337,0.3333333333333333
keras,rnzsla2p,RN7SL432P,0.11111111111111116,0.11764705882352941
keras,ssbpyp2,SSBP3P2,0.1428571428571429,0.14285714285714285
keras,sgmsias1,SGMS1-AS1,0.11111111111111116,0.11764705882352941
keras,sox6,SOX6,0.25,0.25
keras,uts2b,UTS2B,0.19999999999999996,0.2
keras,mir4648,MIR4648,0.5714285714285714,0.5714285714285714
keras,gheti,GHET1,0.0,0.0
keras,krtapi23,KRTAP12-3,0.2222222222222222,0.23529411764705882
keras,dpy19l3,DPY19L3,0.4285714285714286,0.42857142857142855
keras,entpdi,ENTPD1,0.0,0.0
keras,rplpz,RPLP2,0.0,0.0
keras,rapgef2,RAPGEF2,0.1428571428571429,0.14285714285714285
keras,zfxas1,ZFX-AS1,0.1428571428571429,0.15384615384615385
keras,mrps35dt,MRPS35-DT,0.2222222222222222,0.23529411764705882
keras,znf93,ZNF93,0.4,0.4
keras,gdpda,GDPD4,0.0,0.0
keras,znf622p1,ZNF622P1,0.5,0.5
keras,fam9oa25p,FAM90A25P,0.33333333333333337,0.3333333333333333
keras,rnzsle1,RN7SL811P,0.11111111111111116,0.125
keras,rnzskpa2,RN7SKP42,0.125,0.125
keras,mir5089,MIR5089,0.5714285714285714,0.5714285714285714
keras,ahcyps,AHCYP5,0.0,0.0
keras,impa,IMP4,0.0,0.0
keras,bestz,BEST2,0.0,0.0
keras,krt8p50,KRT8P50,0.4285714285714286,0.42857142857142855
keras,ceacampa,CEACAMP4,0.0,0.0
keras,or8h1,OR8H1,0.4,0.4
keras,0r52j3,OR52J3,0.5,0.5
keras,sntb1,SNTB1,0.19999999999999996,0.2
keras,linco0941,LINC00941,0.4444444444444444,0.4444444444444444
keras,linco2973,LINC02973,0.4444444444444444,0.4444444444444444
keras,cachdi,CACHD1,0.0,0.0
keras,pakapz,PI4KAP2,0.0,0.0
keras,fahdzp1,FAHD2P1,0.1428571428571429,0.14285714285714285
keras,mtnd3p11,MTND3P11,0.375,0.375
keras,mirzob,MIR20B,0.0,0.0
keras,sox5,SOX5,0.25,0.25
keras,adrbz,ADRB2,0.0,0.0
keras,ndufbep3,NDUFB8P3,0.125,0.125
keras,mir4719,MIR4719,0.5714285714285714,0.5714285714285714
keras,chekzpa,CHEK2P4,0.0,0.0
keras,dhodh,DHODH,0.0,0.0
keras,rnugatac36p,RNU6ATAC36P,0.18181818181818177,0.18181818181818182
keras,rbmyzap,RBMY2AP,0.0,0.0
keras,fam106a,FAM106A,0.4285714285714286,0.42857142857142855
keras,rnuz4op,RNU2-40P,0.125,0.13333333333333333
keras,adraza,ADRA2A,0.0,0.0
keras,pigk,PIGK,0.0,0.0
keras,atrnli,ATRNL1,0.0,0.0
keras,nrg3as1,NRG3-AS1,0.25,0.26666666666666666
keras,ddx11116,DDX11L16,0.5,0.5
keras,nptxz,NPTX2,0.0,0.0
keras,rnzskp63,RN7SKP63,0.25,0.25
keras,scpzdias1,SCP2D1-AS1,0.09999999999999998,0.10526315789473684
keras,atpgapidt,ATP6AP1-DT,0.0,0.0
keras,ctslpz,CTSLP2,0.0,0.0
keras,slc16a2,SLC16A2,0.4285714285714286,0.42857142857142855
keras,grapldr,GRAPLDR,0.0,0.0
keras,mtcybp13,MTCYBP13,0.25,0.25
keras,trwcca11,TRW-CCA1-1,0.19999999999999996,0.2222222222222222
keras,fam193b,FAM193B,0.4285714285714286,0.42857142857142855
keras,msi1,MSI1,0.25,0.25
keras,smu1p1,SMU1P1,0.33333333333333337,0.3333333333333333
keras,gprsoas1,GPR50-AS1,0.11111111111111116,0.11764705882352941
keras,mr12127,MIR12127,0.625,0.6666666666666666
keras,mtndip33,MTND1P33,0.25,0.25
keras,nbeaps,NBEAP5,0.0,0.0
keras,mtco3p7,MTCO3P7,0.2857142857142857,0.2857142857142857
keras,aldh6a1,ALDH6A1,0.2857142857142857,0.2857142857142857
keras,rnua83p,RNU4-83P,0.25,0.26666666666666666
keras,tmem212,TMEM212,0.4285714285714286,0.42857142857142855
keras,traagc123,TRA-AGC12-3,0.2727272727272727,0.3
keras,timm9p3,TIMM9P3,0.2857142857142857,0.2857142857142857
keras,slc25a42,SLC25A42,0.5,0.5
keras,f11r,F11R,0.5,0.5
keras,linco1344,LINC01344,0.4444444444444444,0.4444444444444444
keras,ccdc170,CCDC170,0.4285714285714286,0.42857142857142855
keras,algil1ap,ALG1L14P,0.125,0.125
keras,snoraao,SNORA40,0.0,0.0
keras,ksrz,KSR2,0.0,0.0
keras,abca3,ABCA3,0.19999999999999996,0.2
keras,mir3159,MIR3159,0.5714285714285714,0.5714285714285714
keras,rnzskpa2,RN7SKP42,0.125,0.125
keras,pihid2,PIH1D2,0.16666666666666663,0.16666666666666666
keras,cisd3,CISD3,0.19999999999999996,0.2
keras,oraa48p,OR4A48P,0.2857142857142857,0.2857142857142857
keras,snord11541,SNORD115-41,0.4545454545454546,0.47619047619047616
keras,zcchc24,ZCCHC24,0.2857142857142857,0.2857142857142857
keras,gabz,GAB2,0.0,0.0
keras,s100a14,S100A14,0.7142857142857143,0.7142857142857143
keras,rnassp338,RNA5SP338,0.33333333333333337,0.3333333333333333
keras,rac1p2,RAC1P2,0.33333333333333337,0.3333333333333333
keras,vnir87p,VN1R87P,0.2857142857142857,0.2857142857142857
keras,cleci2b,CLEC12B,0.1428571428571429,0.14285714285714285
keras,enpp3,ENPP3,0.19999999999999996,0.2
keras,pafahib2p1,PAFAH1B2P1,0.19999999999999996,0.2
keras,duxalz,DUX4L7,0.0,0.0
keras,arf6,ARF6,0.25,0.25
keras,hmgb1p19,HMGB1P19,0.375,0.375
keras,mir3o2b,MIR302B,0.2857142857142857,0.2857142857142857
keras,mir10524,MIR10524,0.625,0.625
keras,rpl3ap5,RPL34P5,0.2857142857142857,0.2857142857142857
keras,dhx30,DHX30,0.4,0.4
keras,thorlnc,THORLNC,0.0,0.0
keras,ivns1,IVNS1ABP,0.125,0.15384615384615385
keras,pias3,PIAS3,0.19999999999999996,0.2
keras,papss2,PAPSS2,0.16666666666666663,0.16666666666666666
keras,rtl10,RTL10,0.4,0.4
keras,mir2o3a,MIR203A,0.2857142857142857,0.2857142857142857
keras,rxfpl,RXFP1,0.0,0.0
keras,obpzb,OBP2B,0.0,0.0
keras,rplzap37,RPL7AP37,0.25,0.25
keras,plxna3,PLXNA3,0.16666666666666663,0.16666666666666666
keras,pifo,PIFO,0.0,0.0
keras,dph6,DPH6,0.25,0.25
keras,amigo2,AMIGO2,0.16666666666666663,0.16666666666666666
keras,czorf31,C7orf31,0.7142857142857143,0.7142857142857143
keras,tmem52,TMEM52,0.33333333333333337,0.3333333333333333
keras,cdc37l1,CDC37L1,0.4285714285714286,0.42857142857142855
keras,csrp3as1,CSRP3-AS1,0.2222222222222222,0.23529411764705882
keras,ada,ADA,0.0,0.0
keras,coxzaz,COX7A2,0.0,0.0
keras,rabgefip1,RABGEF1P1,0.11111111111111116,0.1111111111111111
keras,cpm,CPM,0.0,0.0
keras,rply9p37,RPL39P37,0.375,0.375
keras,wars1,WARS1,0.19999999999999996,0.2
keras,suclgepi,SUCLG2P1,0.0,0.0
keras,cadmzasz,CADM2-AS2,0.0,0.0
keras,bachiit3,BACH1-IT3,0.11111111111111116,0.11764705882352941
keras,rnu6859p,RNU6-859P,0.4444444444444444,0.47058823529411764
keras,nexmif,NEXMIF,0.0,0.0
keras,defb133,DEFB133,0.4285714285714286,0.42857142857142855
keras,dnajci7,DNAJC17,0.1428571428571429,0.14285714285714285
keras,dnajbe,DNAJB8,0.0,0.0
keras,rtbdn,RTBDN,0.0,0.0
keras,or2atzp,OR2AT2P,0.1428571428571429,0.14285714285714285
keras,cdpfi,CDPF1,0.0,0.0
keras,snrnpzo,SNRNP70,0.0,0.0
keras,ilz3a,IL23A,0.19999999999999996,0.2
keras,slc39a10,SLC39A10,0.5,0.5
keras,dmbxi,DMBX1,0.0,0.0
keras,trpcgpz,TRPC6P7,0.0,0.0
keras,ppiap69,PPIAP69,0.2857142857142857,0.2857142857142857
keras,rtly,RTL3,0.0,0.0
keras,prr13pa,PRR13P4,0.2857142857142857,0.2857142857142857
keras,evaicpa,EVA1CP4,0.0,0.0
keras,glted2,GLT8D2,0.16666666666666663,0.16666666666666666
keras,plczi,PLCZ1,0.0,0.0
keras,rbm17p3,RBM17P3,0.4285714285714286,0.42857142857142855
keras,plakb,PI4KB,0.0,0.0
keras,kctd21,KCTD21,0.33333333333333337,0.3333333333333333
keras,znf736p1y,ZNF736P1Y,0.4444444444444444,0.4444444444444444
keras,ppp1r35as1,PPP1R35-AS1,0.36363636363636365,0.38095238095238093
keras,mtco2p2,MTCO2P2,0.2857142857142857,0.2857142857142857
keras,ikbkbdt,IKBKB-DT,0.0,0.0
keras,rnzslz99p,RN7SL299P,0.2222222222222222,0.2222222222222222
keras,pgd,PGD,0.0,0.0
keras,adcki,ADCK1,0.0,0.0
keras,adamts5,ADAMTS5,0.1428571428571429,0.14285714285714285
keras,linco2996,LINC02996,0.4444444444444444,0.4444444444444444
keras,ili3ra1,IL13RA1,0.2857142857142857,0.2857142857142857
keras,ighv373,IGHV3-73,0.375,0.4
keras,alg14as1,ALG14-AS1,0.33333333333333337,0.35294117647058826
keras,rnuaatac,RNU4ATAC,0.0,0.0
keras,fama1ay2,FAM41AY2,0.25,0.25
keras,linco2211,LINC02211,0.4444444444444444,0.4444444444444444
keras,mrpls7,MRPL57,0.16666666666666663,0.16666666666666666
keras,rnassp223,RNA5SP223,0.33333333333333337,0.3333333333333333
keras,basp1,BASP1,0.19999999999999996,0.2
keras,mtndap34,MTND4P34,0.25,0.25
keras,septinzp10,SEPTIN7P10,0.19999999999999996,0.2
keras,vnir95p,VN1R95P,0.2857142857142857,0.2857142857142857
keras,krt13,KRT13,0.4,0.4
keras,rnzsla2op,RN7SL420P,0.11111111111111116,0.1111111111111111
keras,rpl36ap16,RPL36AP16,0.4444444444444444,0.4444444444444444
keras,snoraa8,SNORA48,0.1428571428571429,0.14285714285714285
keras,gmpr,GMPR,0.0,0.0
keras,il31,IL31,0.5,0.5
keras,prkaa1,PRKAA1,0.16666666666666663,0.16666666666666666
keras,mapilc3c,MAP1LC3C,0.125,0.125
keras,mir3935,MIR3935,0.5714285714285714,0.5714285714285714
keras,rnasspa79,RNA5SP479,0.2222222222222222,0.2222222222222222
keras,arlzbppz,ARL2BPP2,0.0,0.0
keras,linco0645,LINC00645,0.4444444444444444,0.4444444444444444
keras,mtc01p11,MTCO1P11,0.375,0.375
keras,pikfyve,PIKFYVE,0.0,0.0
keras,dablas1,DAB1-AS1,0.125,0.13333333333333333
keras,rplgpi11,RPL9P11,0.25,0.26666666666666666
keras,haao,HAAO,0.0,0.0
keras,uspgyp3,USP9YP3,0.1428571428571429,0.14285714285714285
keras,krt18p48,KRT18P48,0.5,0.5
keras,mir6864,MIR6864,0.5714285714285714,0.5714285714285714
keras,vnir52p,VN1R52P,0.2857142857142857,0.2857142857142857
keras,fam218bp,FAM218BP,0.375,0.375
keras,linco1888,LINC01888,0.4444444444444444,0.4444444444444444
keras,pppirbd,PPP1R3D,0.0,0.0
keras,c1orf1dt,C1orf21-DT,0.5,0.5555555555555556
keras,exosc3,EXOSC3,0.16666666666666663,0.16666666666666666
keras,linco2059,LINC02059,0.4444444444444444,0.4444444444444444
keras,fbx016,FBXO16,0.33333333333333337,0.3333333333333333
keras,mir576,MIR576,0.5,0.5
keras,nsll,NSL1,0.0,0.0
keras,slcz9a4,SLC29A4,0.2857142857142857,0.2857142857142857
keras,rpli3p14,RPL13P14,0.375,0.375
keras,linco3013,LINC03013,0.4444444444444444,0.4444444444444444
keras,straglp,STRA6LP,0.0,0.0
keras,tpm3p9,TPM3P9,0.33333333333333337,0.3333333333333333
keras,msly,MSL3,0.0,0.0
keras,stox2,STOX2,0.19999999999999996,0.2
keras,rnu61192p,RNU6-1192P,0.5,0.5263157894736842
keras,pdeab,PDE4B,0.0,0.0
keras,mtnd6pa,MTND6P4,0.1428571428571429,0.14285714285714285
keras,rnu261p,RNU2-61P,0.375,0.4
keras,abraxasi,ABRAXAS1,0.0,0.0
keras,gcat,GCAT,0.0,0.0
keras,linco1,LINC01425,0.11111111111111116,0.13333333333333333
keras,acvrli,ACVRL1,0.0,0.0
keras,siglecg,SIGLEC9,0.0,0.0
keras,rnzsl815p,RN7SL815P,0.33333333333333337,0.3333333333333333
keras,rply1p31,RPL31P31,0.375,0.25
keras,hnrnpa1p34,HNRNPA1P34,0.30000000000000004,0.3
keras,snordy8a,SNORD38A,0.125,0.125
keras,dhps,DHPS,0.0,0.0
keras,srebfi,SREBF1,0.0,0.0
keras,pcdhgb7,PCDHGB7,0.1428571428571429,0.14285714285714285
keras,cct6p3,CCT6P3,0.33333333333333337,0.3333333333333333
keras,tubbpz,TUBBP2,0.0,0.0
keras,klhl2a,KLHL24,0.16666666666666663,0.16666666666666666
keras,capn3,CAPN3,0.19999999999999996,0.2
keras,mtatp6p10,MTATP6P10,0.33333333333333337,0.3333333333333333
keras,ifitm3pa,IFITM3P4,0.125,0.125
keras,linc01883,LINC01883,0.5555555555555556,0.5555555555555556
keras,cypza7p1,CYP2A7P1,0.25,0.25
keras,ppargcib,PPARGC1B,0.0,0.0
keras,cops3,COPS3,0.19999999999999996,0.2
keras,mtco3p45,MTCO3P45,0.375,0.375
keras,htr5a,HTR5A,0.19999999999999996,0.2
keras,lincoo544,LINC00544,0.33333333333333337,0.3333333333333333
keras,aurka,AURKA,0.0,0.0
keras,arlsa,ARL5A,0.0,0.0
keras,elocp6,ELOCP6,0.16666666666666663,0.16666666666666666
keras,eif3j,EIF3J,0.19999999999999996,0.2
keras,rplyop3,RPL30P3,0.1428571428571429,0.14285714285714285
keras,sapjolast,SAP30L-AS1,0.0,0.0
keras,gstcdast,GSTCD-AS1,0.0,0.0
keras,scarna28,SCARNA28,0.25,0.25
keras,lamtori,LAMTOR1,0.0,0.0
keras,clecam,CLEC4M,0.0,0.0
keras,rnu6930p,RNU6-930P,0.4444444444444444,0.47058823529411764
keras,pigoas1,PIGO-AS1,0.125,0.13333333333333333
keras,slcaabas1,SLC4A8-AS1,0.09999999999999998,0.10526315789473684
keras,ifnbi,IFNB1,0.0,0.0
keras,ddx52,DDX52,0.4,0.4
keras,pdf,PDF,0.0,0.0
keras,prss51,PRSS51,0.33333333333333337,0.3333333333333333
keras,onecut3,ONECUT3,0.1428571428571429,0.14285714285714285
keras,linco0351,LINC00351,0.4444444444444444,0.4444444444444444
keras,mir1531,MIR153-1,0.5,0.5333333333333333
keras,prelidybp2,PRELID3BP2,0.09999999999999998,0.1
keras,rnassp171,RNA5SP171,0.33333333333333337,0.3333333333333333
keras,pmmz,PMM2,0.0,0.0
keras,whammpi,WHAMMP1,0.0,0.0
keras,iglvi50,IGLV1-50,0.25,0.26666666666666666
keras,snordi72,SNORD172,0.25,0.25
keras,sema6c,SEMA6C,0.16666666666666663,0.16666666666666666
keras,pirc11,PIRC11,0.33333333333333337,0.3333333333333333
keras,ackri,ACKR1,0.0,0.0
keras,ube2v1p1,UBE2V1P1,0.375,0.375
keras,mir3683,MIR3683,0.5714285714285714,0.5714285714285714
keras,sertada,SERTAD4,0.0,0.0
keras,cog2,COG2,0.25,0.25
keras,znf87zp,ZNF877P,0.2857142857142857,0.2857142857142857
keras,zdhhczopa,ZDHHC20P4,0.0,0.0
keras,klhli8,KLHL18,0.16666666666666663,0.16666666666666666
keras,apobec3g,APOBEC3G,0.125,0.125
keras,actg1p11,ACTG1P11,0.375,0.375
keras,dpf3,DPF3,0.25,0.25
keras,cdvbp1,CDV3P1,0.16666666666666663,0.16666666666666666
keras,rplapa,RPL4P4,0.0,0.0
keras,uspli,USPL1,0.0,0.0
keras,zfandi,ZFAND1,0.0,0.0
keras,polrihasp,POLR1HASP,0.0,0.0
keras,rpsay2,RPS4Y2,0.16666666666666663,0.16666666666666666
keras,tmco1as1,TMCO1-AS1,0.2222222222222222,0.23529411764705882
keras,heatra,HEATR4,0.0,0.0
keras,rnvu133,RNVU1-33,0.375,0.4
keras,c5orf67,C5orf67,0.8571428571428572,0.8571428571428571
keras,krt12,KRT12,0.4,0.4
keras,or4f1,OR4F14P,0.2857142857142857,0.3333333333333333
