model,prediction,ground truth,1-NED,difflib ratio
easyocr,TMC3-AS1,TMC3-AS1,1.0,1.0
easyocr,RNZSKP68,RN7SKP68,0.875,0.875
easyocr,NAPA,NAPA,1.0,1.0
easyocr,TRL-AAG1-1,TRL-AAG1-1,1.0,1.0
easyocr,LINC02544,LINC02544,1.0,1.0
easyocr,LINC02093,LINC02093,1.0,1.0
easyocr,MIR708,MIR708,1.0,1.0
easyocr,PDC,PDC,1.0,1.0
easyocr,RNU6-538P,RNU6-538P,1.0,1.0
easyocr,CCNB2,CCNB2,1.0,1.0
easyocr,LINCO0412,LINC00412,0.8888888888888888,0.8888888888888888
easyocr,MRTO4,MRTO4,1.0,1.0
easyocr,ORI1A1,OR11A1,0.8333333333333334,0.8333333333333334
easyocr,MIR5191,MIR5191,1.0,1.0
easyocr,ST13P12,ST13P12,1.0,1.0
easyocr,RNU6-14P,RNU6-14P,1.0,1.0
easyocr,PI4KB,PI4KB,1.0,1.0
easyocr,HHLA3,HHLA3,1.0,1.0
easyocr,SUPT4H1,SUPT4H1,1.0,1.0
easyocr,ELOVLI,ELOVL1,0.8333333333333334,0.8333333333333334
easyocr,PPIAP36,PPIAP36,1.0,1.0
easyocr,CPSF3,CPSF3,1.0,1.0
easyocr,RPL19PS,RPL19P5,0.8571428571428572,0.8571428571428571
easyocr,FMNL2,FMNL2,1.0,1.0
easyocr,TMC8,TMC8,1.0,1.0
easyocr,RNZSL321P,RN7SL321P,0.8888888888888888,0.8888888888888888
easyocr,TCF21,TCF21,1.0,1.0
easyocr,RNASSP485,RNA5SP485,0.8888888888888888,0.8888888888888888
easyocr,RNU6-896P,RNU6-896P,1.0,1.0
easyocr,LAPTM4A-DT,LAPTM4A-DT,1.0,1.0
easyocr,RNASSP141,RNA5SP141,0.8888888888888888,0.8888888888888888
easyocr,PANDAR,PANDAR,1.0,1.0
easyocr,LINCO1402,LINC01402,0.8888888888888888,0.8888888888888888
easyocr,CUXZP2,CUX2P2,0.8333333333333334,0.8333333333333334
easyocr,RNU6-1038P,RNU6-1038P,1.0,1.0
easyocr,POM121B,POM121B,1.0,1.0
easyocr,MTREX,MTREX,1.0,1.0
easyocr,RNZSL113P,RN7SL113P,0.8888888888888888,0.8888888888888888
easyocr,WASF3,WASF3,1.0,1.0
easyocr,CERS2,CERS2,1.0,1.0
easyocr,MYL6P1,MYL6P1,1.0,1.0
easyocr,GAS2L2,GAS2L2,1.0,1.0
easyocr,PRRT3,PRRT3,1.0,1.0
easyocr,RNU6ATAC13P,RNU6ATAC13P,1.0,1.0
easyocr,MT-TY,MT-TY,1.0,1.0
easyocr,MOB4P1,MOB4P1,1.0,1.0
easyocr,CYCSP14,CYCSP14,1.0,1.0
easyocr,APOBEC3H,APOBEC3H,1.0,1.0
easyocr,DNMIP9,DNM1P9,0.8333333333333334,0.8333333333333334
easyocr,ERVW-28,ERVW-28,1.0,1.0
easyocr,PHKAI-AS1,PHKA1-AS1,0.8888888888888888,0.8888888888888888
easyocr,MCUB,MCUB,1.0,1.0
easyocr,NRTN,NRTN,1.0,1.0
easyocr,KLHL2O,KLHL20,0.8333333333333334,0.8333333333333334
easyocr,LINCO2148,LINC02148,0.8888888888888888,0.8888888888888888
easyocr,VDACIP9,VDAC1P9,0.8571428571428572,0.8571428571428571
easyocr,MINDY2-DT,MINDY2-DT,1.0,1.0
easyocr,POLR3KP2,POLR3KP2,1.0,1.0
easyocr,NTSE,NT5E,0.75,0.75
easyocr,ATOSBP1,ATOSBP1,1.0,1.0
easyocr,RPL9P2,RPL9P2,1.0,1.0
easyocr,SCUBE1,SCUBE1,1.0,1.0
easyocr,HCG9PS,HCG9P5,0.8333333333333334,0.8333333333333334
easyocr,MIR323B,MIR323B,1.0,1.0
easyocr,SEPTIN14P23,SEPTIN14P23,1.0,1.0
easyocr,PITPNC1,PITPNC1,1.0,1.0
easyocr,MIR424,MIR424,1.0,1.0
easyocr,ARHGEF4,ARHGEF4,1.0,1.0
easyocr,PLEKHA2,PLEKHA2,1.0,1.0
easyocr,LONP1,LONP1,1.0,1.0
easyocr,MIR3194,MIR3194,1.0,1.0
easyocr,OSCAR,OSCAR,1.0,1.0
easyocr,FOLR3,FOLR3,1.0,1.0
easyocr,KLHDC4,KLHDC4,1.0,1.0
easyocr,WASHCT,WASHC1,0.8333333333333334,0.8333333333333334
easyocr,RPL18P8,RPL18P8,1.0,1.0
easyocr,ACTGIP25,ACTG1P25,0.875,0.875
easyocr,LGMN,LGMN,1.0,1.0
easyocr,P2RY13,P2RY13,1.0,1.0
easyocr,LINCO2210,LINC02210,0.8888888888888888,0.8888888888888888
easyocr,TENM2-AS1,TENM2-AS1,1.0,1.0
easyocr,RPLZAP52,RPL7AP52,0.875,0.875
easyocr,EIF3J-DT,EIF3J-DT,1.0,1.0
easyocr,LIN37,LIN37,1.0,1.0
easyocr,UVRAG,UVRAG,1.0,1.0
easyocr,KLHL31,KLHL31,1.0,1.0
easyocr,BCLZLI-AS1,BCL2L1-AS1,0.8,0.8
easyocr,HS6STIP1,HS6ST1P1,0.875,0.875
easyocr,FAM199YP,FAM199YP,1.0,1.0
easyocr,PIRC13,PIRC13,1.0,1.0
easyocr,LINC00343,LINC00343,1.0,1.0
easyocr,MIR4439,MIR4439,1.0,1.0
easyocr,ZNF608,ZNF608,1.0,1.0
easyocr,MIR4443,MIR4443,1.0,1.0
easyocr,PCDHGC3,PCDHGC3,1.0,1.0
easyocr,HSPA12B,HSPA12B,1.0,1.0
easyocr,ATP2B4,ATP2B4,1.0,1.0
easyocr,PDEIIA,PDE11A,0.6666666666666667,0.6666666666666666
easyocr,CDSL,CD5L,0.75,0.75
easyocr,METTLBP1,METTL8P1,0.875,0.875
easyocr,LANCLI,LANCL1,0.8333333333333334,0.8333333333333334
easyocr,RNU6-565P,RNU6-565P,1.0,1.0
easyocr,BBIPI,BBIP1,0.8,0.8
easyocr,LINCO0411,LINC00411,0.8888888888888888,0.8888888888888888
easyocr,RNU6-411P,RNU6-411P,1.0,1.0
easyocr,TTC39C,TTC39C,1.0,1.0
easyocr,FAM216A,FAM216A,1.0,1.0
easyocr,NDUFB9P2,NDUFB9P2,1.0,1.0
easyocr,MTNDSP2,MTND5P2,0.8571428571428572,0.8571428571428571
easyocr,GREB1,GREB1,1.0,1.0
easyocr,RPL1ZP22,RPL17P22,0.875,0.875
easyocr,SNORAZ4D,SNORA74D,0.875,0.875
easyocr,TEKT2,TEKT2,1.0,1.0
easyocr,SNORD14B,SNORD14B,1.0,1.0
easyocr,KRT41P,KRT41P,1.0,1.0
easyocr,TACRI,TACR1,0.8,0.8
easyocr,RABGAPIL-AS1,RABGAP1L-AS1,0.9166666666666666,0.9166666666666666
easyocr,ZNF569,ZNF569,1.0,1.0
easyocr,KIAA2O12-AS1,KIAA2012-AS1,0.9166666666666666,0.9166666666666666
easyocr,OR6C66P,OR6C66P,1.0,1.0
easyocr,ATPSPFPI,ATP5PFP1,0.75,0.75
easyocr,CLCN3,CLCN3,1.0,1.0
easyocr,DCAF12,DCAF12,1.0,1.0
easyocr,RPL39P2O,RPL39P20,0.875,0.875
easyocr,FAM1O6C,FAM106C,0.8571428571428572,0.8571428571428571
easyocr,SAPCDZP2,SAPCD2P2,0.875,0.875
easyocr,IGSF3P1,IGSF3P1,1.0,1.0
easyocr,SPA17,SPA17,1.0,1.0
easyocr,HPV1812,HPV18I2,0.8571428571428572,0.8571428571428571
easyocr,SNORD115-28,SNORD115-28,1.0,1.0
easyocr,GYGZP1,GYG2P1,0.8333333333333334,0.8333333333333334
easyocr,SYNJZBP-COX16,SYNJ2BP-COX16,0.9230769230769231,0.9230769230769231
easyocr,PLEKHHI,PLEKHH1,0.8571428571428572,0.8571428571428571
easyocr,ARL1,ARL1,1.0,1.0
easyocr,ZSWIMS,ZSWIM5,0.8333333333333334,0.8333333333333334
easyocr,ANAPCIPA,ANAPC1P4,0.75,0.75
easyocr,RPS1ZP17,RPS17P17,0.875,0.875
easyocr,DOCK1IPI,DOCK11P1,0.75,0.75
easyocr,TRQ-CTG15-,TRQ-CTG15-1,0.9090909090909091,0.9523809523809523
easyocr,FBXO43,FBXO43,1.0,1.0
easyocr,YKT6,YKT6,1.0,1.0
easyocr,SFRIP2,SFR1P2,0.8333333333333334,0.8333333333333334
easyocr,MIR622,MIR622,1.0,1.0
easyocr,RPSI8P7,RPS18P7,0.8571428571428572,0.8571428571428571
easyocr,WBPILPI,WBP1LP11,0.625,0.6666666666666666
easyocr,ZNF727,ZNF727,1.0,1.0
easyocr,RNZSL182P,RN7SL182P,0.8888888888888888,0.8888888888888888
easyocr,TRBV7-5,TRBV7-5,1.0,1.0
easyocr,MIR4316,MIR4316,1.0,1.0
easyocr,IGHV4-39,IGHV4-39,1.0,1.0
easyocr,TRL-TAAS-,TRL-TAA5-1,0.8,0.8421052631578947
easyocr,LINCO 1808,LINC01808,0.8,0.8421052631578947
easyocr,ZDHHCS,ZDHHC5,0.8333333333333334,0.8333333333333334
easyocr,MIR3202-2,MIR3202-2,1.0,1.0
easyocr,MIR4736,MIR4736,1.0,1.0
easyocr,RPSZP8,RPS7P8,0.8333333333333334,0.8333333333333334
easyocr,LINC00994,LINC00994,1.0,1.0
easyocr,GRHL3-AS1,GRHL3-AS1,1.0,1.0
easyocr,DHRS9,DHRS9,1.0,1.0
easyocr,SNORD14E,SNORD14E,1.0,1.0
easyocr,TRIM16,TRIM16,1.0,1.0
easyocr,BSDC1,BSDC1,1.0,1.0
easyocr,CENPBDZP,CENPBD2P,0.875,0.875
easyocr,ZDHHC3,ZDHHC3,1.0,1.0
easyocr,SNORD114-23,SNORD114-23,1.0,1.0
easyocr,PARMI-AS1,PARM1-AS1,0.8888888888888888,0.8888888888888888
easyocr,RPLSP17,RPL5P17,0.8571428571428572,0.8571428571428571
easyocr,S1OOA2,S100A2,0.6666666666666667,0.6666666666666666
easyocr,AQP7P5,AQP7P5,1.0,1.0
easyocr,ORSMZP,OR5M7P,0.6666666666666667,0.6666666666666666
easyocr,KLC4-AS1,KLC4-AS1,1.0,1.0
easyocr,RNASSP333,RNA5SP333,0.8888888888888888,0.8888888888888888
easyocr,EPGN,EPGN,1.0,1.0
easyocr,RNASSP85,RNA5SP85,0.875,0.875
easyocr,ZNF132,ZNF132,1.0,1.0
easyocr,TOMM2ZP2,TOMM22P2,0.875,0.875
easyocr,RNZSKP267,RN7SKP267,0.8888888888888888,0.8888888888888888
easyocr,POMZP3,POMZP3,1.0,1.0
easyocr,MTUS2,MTUS2,1.0,1.0
easyocr,GOT2P1,GOT2P1,1.0,1.0
easyocr,DCAFALI,DCAF4L1,0.7142857142857143,0.7142857142857143
easyocr,NUST,NUS1,0.75,0.75
easyocr,SET,SET,1.0,1.0
easyocr,RNU6-157P,RNU6-157P,1.0,1.0
easyocr,PRADX,PRADX,1.0,1.0
easyocr,LINC02624,LINC02624,1.0,1.0
easyocr,OR6C66P,OR6C66P,1.0,1.0
easyocr,LINC00840,LINC00840,1.0,1.0
easyocr,MTX3,MTX3,1.0,1.0
easyocr,LINC03028,LINC03028,1.0,1.0
easyocr,TSHB,TSHB,1.0,1.0
easyocr,PRSS8,PRSS8,1.0,1.0
easyocr,ORIOH4,OR10H4,0.6666666666666667,0.6666666666666666
easyocr,CYPBBI,CYP8B1,0.6666666666666667,0.6666666666666666
easyocr,KDM4D,KDM4D,1.0,1.0
easyocr,RNASSP525,RNA5SP525,0.8888888888888888,0.8888888888888888
easyocr,RPL1OP8,RPL10P8,0.8571428571428572,0.8571428571428571
easyocr,TRIM16L,TRIM16L,1.0,1.0
easyocr,SLC22A14,SLC22A14,1.0,1.0
easyocr,RPL39P35,RPL39P35,1.0,1.0
easyocr,CHPIPI,CHP1P1,0.6666666666666667,0.6666666666666666
easyocr,TMEM269-DT,TMEM269-DT,1.0,1.0
easyocr,PSME3,PSME3,1.0,1.0
easyocr,RPL34P14,RPL34P14,1.0,1.0
easyocr,DGCR6L,DGCR6L,1.0,1.0
easyocr,LINC00302,LINC00302,1.0,1.0
easyocr,DNPEP-AS1,DNPEP-AS1,1.0,1.0
easyocr,ILIZA-AST,IL12A-AS1,0.6666666666666667,0.6666666666666666
easyocr,RALGAPB,RALGAPB,1.0,1.0
easyocr,RNU6-1034P,RNU6-1034P,1.0,1.0
easyocr,CDC42-ITI,CDC42-IT1,0.8888888888888888,0.8888888888888888
easyocr,RNU6-115P,RNU6-115P,1.0,1.0
easyocr,ANXA4,ANXA4,1.0,1.0
easyocr,ZSCAN3O,ZSCAN30,0.8571428571428572,0.8571428571428571
easyocr,ZNF619P1,ZNF619P1,1.0,1.0
easyocr,SNRPGP2,SNRPGP2,1.0,1.0
easyocr,CTAGE14P,CTAGE14P,1.0,1.0
easyocr,DLGI,DLG1,0.75,0.75
easyocr,RNU7-40P,RNU7-40P,1.0,1.0
easyocr,AMYIA,AMY1A,0.8,0.8
easyocr,PRR13P2,PRR13P2,1.0,1.0
easyocr,MIR4752,MIR4752,1.0,1.0
easyocr,PLPPRS-AS1,PLPPR5-AS1,0.9,0.9
easyocr,TMEM128,TMEM128,1.0,1.0
easyocr,DNAIZ,DNAI7,0.8,0.8
easyocr,UBEZT,UBE2T,0.8,0.8
easyocr,LINCO1553,LINC01553,0.8888888888888888,0.8888888888888888
easyocr,PDCD7,PDCD7,1.0,1.0
easyocr,ACTR3B,ACTR3B,1.0,1.0
easyocr,RHOQPI,RHOQP1,0.8333333333333334,0.8333333333333334
easyocr,FNBPIP2,FNBP1P2,0.8571428571428572,0.8571428571428571
easyocr,PPP3CB-AS1,PPP3CB-AS1,1.0,1.0
easyocr,CDS2,CDS2,1.0,1.0
easyocr,ZNF968P,ZNF968P,1.0,1.0
easyocr,LINCO1284,LINC01284,0.8888888888888888,0.8888888888888888
easyocr,BCAP31,BCAP31,1.0,1.0
easyocr,ZNF302,ZNF302,1.0,1.0
easyocr,PRMT2,PRMT2,1.0,1.0
easyocr,PXT1,PXT1,1.0,1.0
easyocr,SLC9A9-AS1,SLC9A9-AS1,1.0,1.0
easyocr,SBF1P2,SBF1P2,1.0,1.0
easyocr,AP1G1,AP1G1,1.0,1.0
easyocr,RPLISP17,RPL15P17,0.75,0.75
easyocr,RNU6-570P,RNU6-570P,1.0,1.0
easyocr,C1S,C1S,1.0,1.0
easyocr,ZNFZSCP,ZNF75CP,0.7142857142857143,0.7142857142857143
easyocr,RNASSP42O,RNA5SP420,0.7777777777777778,0.7777777777777778
easyocr,LINC03027,LINC03027,1.0,1.0
easyocr,TRT-TGTS-,TRT-TGT5-1,0.8,0.8421052631578947
easyocr,FZRL1,F2RL1,0.8,0.8
easyocr,RNU7-78P,RNU7-78P,1.0,1.0
easyocr,HES3,HES3,1.0,1.0
easyocr,PIK3CD-AS1,PIK3CD-AS1,1.0,1.0
easyocr,FAIM,FAIM,1.0,1.0
easyocr,FAMI8OA,FAM180A,0.7142857142857143,0.7142857142857143
easyocr,CDH1S,CDH15,0.8,0.8
easyocr,IMPDHIP7,IMPDH1P7,0.875,0.875
easyocr,HIBADH,HIBADH,1.0,1.0
easyocr,OR9KIP,OR9K1P,0.8333333333333334,0.8333333333333334
easyocr,NME1,NME1,1.0,1.0
easyocr,DRG1,DRG1,1.0,1.0
easyocr,ADGRFS-AS1,ADGRF5-AS1,0.9,0.9
easyocr,LINCO2503,LINC02503,0.8888888888888888,0.8888888888888888
easyocr,IPMKPI,IPMKP1,0.8333333333333334,0.8333333333333334
easyocr,KIFSA,KIF5A,0.8,0.8
easyocr,ARID3C,ARID3C,1.0,1.0
easyocr,NBEAPA,NBEAP4,0.8333333333333334,0.8333333333333334
easyocr,ABR-AS1,ABR-AS1,1.0,1.0
easyocr,MYOZ2,MYOZ2,1.0,1.0
easyocr,RPL36APS,RPL36AP5,0.875,0.875
easyocr,PHACTRA4,PHACTR4,0.875,0.9333333333333333
easyocr,SH3GLB1,SH3GLB1,1.0,1.0
easyocr,ARHGAP4ZP4,ARHGAP42P4,0.9,0.9
easyocr,ADAMTS17,ADAMTS17,1.0,1.0
easyocr,LINC00534,LINC00534,1.0,1.0
easyocr,RPL23AP95,RPL23AP95,1.0,1.0
easyocr,EXTL3-AS1,EXTL3-AS1,1.0,1.0
easyocr,MIR652,MIR652,1.0,1.0
easyocr,NIPSNAP3A,NIPSNAP3A,1.0,1.0
easyocr,USP54,USP54,1.0,1.0
easyocr,RNU2-32P,RNU2-32P,1.0,1.0
easyocr,RNASSP329,RNA5SP329,0.8888888888888888,0.8888888888888888
easyocr,SNORA109,SNORA109,1.0,1.0
easyocr,GLIS3,GLIS3,1.0,1.0
easyocr,ADGRD1,ADGRD1,1.0,1.0
easyocr,MIR499B,MIR499B,1.0,1.0
easyocr,RHOXFIP2,RHOXF1P2,0.875,0.875
easyocr,MIR4648,MIR4648,1.0,1.0
easyocr,GHET1,GHET1,1.0,1.0
easyocr,LINCO 1388,LINC01388,0.8,0.8421052631578947
easyocr,RPL2ZP16,RPL22P16,0.875,0.875
easyocr,WDR88,WDR88,1.0,1.0
easyocr,CSNK1G2,CSNK1G2,1.0,1.0
easyocr,MYD88,MYD88,1.0,1.0
easyocr,COX6CP1,COX6CP1,1.0,1.0
easyocr,JAK3,JAK3,1.0,1.0
easyocr,RNU6ATACZP,RNU6ATAC2P,0.9,0.9
easyocr,BRDTP1,BRDTP1,1.0,1.0
easyocr,RNZSL703P,RN7SL703P,0.8888888888888888,0.8888888888888888
easyocr,TOPORS,TOPORS,1.0,1.0
easyocr,WNTZA,WNT7A,0.8,0.8
easyocr,THOC3,THOC3,1.0,1.0
easyocr,RNU1-3,RNU1-3,1.0,1.0
easyocr,SNORD62B,SNORD62B,1.0,1.0
easyocr,ACTBL2,ACTBL2,1.0,1.0
easyocr,PYMI,PYM1,0.75,0.75
easyocr,CES1,CES1,1.0,1.0
easyocr,DEFB1O9A,DEFB109A,0.875,0.875
easyocr,RNU6-1203P,RNU6-1203P,1.0,1.0
easyocr,TRT-TGTS-,TRT-TGT5-1,0.8,0.8421052631578947
easyocr,LINCO1275,LINC01275,0.8888888888888888,0.8888888888888888
easyocr,HNRNPA1P29,HNRNPA1P29,1.0,1.0
easyocr,ORZE28P,OR7E28P,0.8571428571428572,0.8571428571428571
easyocr,CAST,CAST,1.0,1.0
easyocr,TAFA3,TAFA3,1.0,1.0
easyocr,RPS2SP1,RPS25P1,0.8571428571428572,0.8571428571428571
easyocr,KCNKS,KCNK5,0.8,0.8
easyocr,ARHGEF7,ARHGEF7,1.0,1.0
easyocr,MYOT,MYOT,1.0,1.0
easyocr,DIAPH2-AS1,DIAPH2-AS1,1.0,1.0
easyocr,ACACB,ACACB,1.0,1.0
easyocr,RPS26P17,RPS26P17,1.0,1.0
easyocr,ZNF341,ZNF341,1.0,1.0
easyocr,LINC02327,LINC02327,1.0,1.0
easyocr,ZNF407,ZNF407,1.0,1.0
easyocr,GPC1,GPC1,1.0,1.0
easyocr,RPS1O-NUDT3,RPS10-NUDT3,0.9090909090909091,0.9090909090909091
easyocr,MPHOSPH6,MPHOSPH6,1.0,1.0
easyocr,FAM53A,FAM53A,1.0,1.0
easyocr,TRP-TGG3-5,TRP-TGG3-5,1.0,1.0
easyocr,FKBPS,FKBP5,0.8,0.8
easyocr,AIDA,AIDA,1.0,1.0
easyocr,MIR7973-,MIR7973-1,0.8888888888888888,0.9411764705882353
easyocr,SEC14LS,SEC14L5,0.8571428571428572,0.8571428571428571
easyocr,ZNF12,ZNF12,1.0,1.0
easyocr,RNASSP365,RNA5SP365,0.8888888888888888,0.8888888888888888
easyocr,USP9YP24,USP9YP24,1.0,1.0
easyocr,EIF4AZPI,EIF4A2P1,0.75,0.75
easyocr,MSHZ-OT1,MSH2-OT1,0.875,0.875
easyocr,SRCAP,SRCAP,1.0,1.0
easyocr,ATPSMFP3,ATP5MFP3,0.875,0.875
easyocr,AQPS,AQP5,0.75,0.75
easyocr,CENPVL1,CENPVL1,1.0,1.0
easyocr,RPLZAP19,RPL7AP19,0.875,0.875
easyocr,OLFM3,OLFM3,1.0,1.0
easyocr,CACNAIC-AS2,CACNA1C-AS2,0.9090909090909091,0.9090909090909091
easyocr,COXZA1,COX7A1,0.8333333333333334,0.8333333333333334
easyocr,ZFR2,ZFR2,1.0,1.0
easyocr,CEBPZOS,CEBPZOS,1.0,1.0
easyocr,CACNAIC-AS4,CACNA1C-AS4,0.9090909090909091,0.9090909090909091
easyocr,ZiC5,ZIC5,0.75,0.75
easyocr,RPLSP35,RPL5P35,0.8571428571428572,0.8571428571428571
easyocr,PPIAP39,PPIAP39,1.0,1.0
easyocr,BSNDP3,BSNDP3,1.0,1.0
easyocr,PIMREG,PIMREG,1.0,1.0
easyocr,SNORA92,SNORA92,1.0,1.0
easyocr,LINCO1494,LINC01494,0.8888888888888888,0.8888888888888888
easyocr,EXOCZP1,EXOC7P1,0.8571428571428572,0.8571428571428571
easyocr,LINCO1213,LINC01213,0.8888888888888888,0.8888888888888888
easyocr,APOCIPI,APOC1P1,0.7142857142857143,0.7142857142857143
easyocr,RPEP2,RPEP2,1.0,1.0
easyocr,OSTMI,OSTM1,0.8,0.8
easyocr,DAP,DAP,1.0,1.0
easyocr,SULT1C3,SULT1C3,1.0,1.0
easyocr,RNZSL184P,RN7SL184P,0.8888888888888888,0.8888888888888888
easyocr,GCC2-AS1,GCC2-AS1,1.0,1.0
easyocr,CPPED1,CPPED1,1.0,1.0
easyocr,RNU6-823P,RNU6-823P,1.0,1.0
easyocr,TRAV36DV7,TRAV36DV7,1.0,1.0
easyocr,JAM2,JAM2,1.0,1.0
easyocr,BMPBA,BMP8A,0.8,0.8
easyocr,ZDHHCZOP3,ZDHHC20P3,0.7777777777777778,0.7777777777777778
easyocr,SARIAP2,SAR1AP2,0.8571428571428572,0.8571428571428571
easyocr,LINC01391,LINC01391,1.0,1.0
easyocr,CTSO,CTSO,1.0,1.0
easyocr,HLA-DQB2,HLA-DQB2,1.0,1.0
easyocr,RNVU1-18,RNVU1-18,1.0,1.0
easyocr,ICAMS,ICAM5,0.8,0.8
easyocr,RNZSL549P,RN7SL549P,0.8888888888888888,0.8888888888888888
easyocr,APIMZPI,AP1M2P1,0.5714285714285714,0.5714285714285714
easyocr,KRT8P1O,KRT8P10,0.8571428571428572,0.8571428571428571
easyocr,BCO1,BCO1,1.0,1.0
easyocr,EIFSALI,EIF5AL1,0.7142857142857143,0.7142857142857143
easyocr,SNORD114-16,SNORD114-16,1.0,1.0
easyocr,METTL8,METTL8,1.0,1.0
easyocr,LGTN,LGTN,1.0,1.0
easyocr,NMRALZP,NMRAL2P,0.8571428571428572,0.8571428571428571
easyocr,IGHV3-16,IGHV3-16,1.0,1.0
easyocr,MIR9-1HG,MIR9-1HG,1.0,1.0
easyocr,LINCO2076,LINC02076,0.8888888888888888,0.8888888888888888
easyocr,ABCGS,ABCG5,0.8,0.8
easyocr,NIFKP3,NIFKP3,1.0,1.0
easyocr,PRMT3,PRMT3,1.0,1.0
easyocr,PROZ,PROZ,1.0,1.0
easyocr,MIR3975,MIR3975,1.0,1.0
easyocr,RNU6-448P,RNU6-448P,1.0,1.0
easyocr,IGLC6,IGLC6,1.0,1.0
easyocr,LINCO2130,LINC02130,0.8888888888888888,0.8888888888888888
easyocr,CPSFIP2,CPSF1P2,0.8571428571428572,0.8571428571428571
easyocr,SOCSSP3,SOCS5P3,0.8571428571428572,0.8571428571428571
easyocr,RPS12P31,RPS12P31,1.0,1.0
easyocr,MTUST,MTUS1,0.8,0.8
easyocr,MIR6718,MIR6718,1.0,1.0
easyocr,ERVW-24,ERVW-24,1.0,1.0
easyocr,MIR6732,MIR6732,1.0,1.0
easyocr,CCDC125,CCDC125,1.0,1.0
easyocr,LINC02929,LINC02929,1.0,1.0
easyocr,PDE4DIPP6,PDE4DIPP6,1.0,1.0
easyocr,PRKCA,PRKCA,1.0,1.0
easyocr,ELKZAP,ELK2AP,0.8333333333333334,0.8333333333333334
easyocr,PCDHB8,PCDHB8,1.0,1.0
easyocr,LINCO2210,LINC02210,0.8888888888888888,0.8888888888888888
easyocr,ERRFII,ERRFI1,0.8333333333333334,0.8333333333333334
easyocr,VNIRASP,VN1R45P,0.5714285714285714,0.5714285714285714
easyocr,F8A1,F8A1,1.0,1.0
easyocr,DPP7,DPP7,1.0,1.0
easyocr,MIR3140,MIR3140,1.0,1.0
easyocr,KMTZE,KMT2E,0.8,0.8
easyocr,SLMAP,SLMAP,1.0,1.0
easyocr,BTBD18,BTBD18,1.0,1.0
easyocr,PCGF2,PCGF2,1.0,1.0
easyocr,RNU6-792P,RNU6-792P,1.0,1.0
easyocr,MIR3934,MIR3934,1.0,1.0
easyocr,RNU6-157P,RNU6-157P,1.0,1.0
easyocr,RNU6-212P,RNU6-212P,1.0,1.0
easyocr,SOWAHA,SOWAHA,1.0,1.0
easyocr,ITK,ITK,1.0,1.0
easyocr,HTRA1,HTRA1,1.0,1.0
easyocr,PRAMEF36P,PRAMEF36P,1.0,1.0
easyocr,LINCOO114,LINC00114,0.7777777777777778,0.7777777777777778
easyocr,SNAI3,SNAI3,1.0,1.0
easyocr,TSC22D2,TSC22D2,1.0,1.0
easyocr,RABIIAP2,RAB11AP2,0.75,0.75
easyocr,HSPA8P12,HSPA8P12,1.0,1.0
easyocr,C180rf32,C18orf32,0.875,0.875
easyocr,LINCO1256,LINC01256,0.8888888888888888,0.8888888888888888
easyocr,ALKBH3,ALKBH3,1.0,1.0
easyocr,GOLGASP1,GOLGA5P1,0.875,0.875
easyocr,NFKBID,NFKBID,1.0,1.0
easyocr,NBPF8,NBPF8,1.0,1.0
easyocr,THAP3,THAP3,1.0,1.0
easyocr,MIR526A2,MIR526A2,1.0,1.0
easyocr,DPRXP4,DPRXP4,1.0,1.0
easyocr,RPLZIP86,RPL21P86,0.75,0.75
easyocr,OTUD3,OTUD3,1.0,1.0
easyocr,RNZSL166P,RN7SL166P,0.8888888888888888,0.8888888888888888
easyocr,PHETA1,PHETA1,1.0,1.0
easyocr,UTF1,UTF1,1.0,1.0
easyocr,STMP1,STMP1,1.0,1.0
easyocr,RNASSP257,RNA5SP257,0.8888888888888888,0.8888888888888888
easyocr,SUMO2,SUMO2,1.0,1.0
easyocr,MALLP2,MALLP2,1.0,1.0
easyocr,MIR6769B,MIR6769B,1.0,1.0
easyocr,PTPRO,PTPRO,1.0,1.0
easyocr,OR7G3,OR7G3,1.0,1.0
easyocr,PPIAP54,PPIAP54,1.0,1.0
easyocr,DHX29,DHX29,1.0,1.0
easyocr,MTNDSP17,MTND5P17,0.875,0.875
easyocr,NR1I4,NR1I4,1.0,1.0
easyocr,NPMIP6,NPM1P6,0.8333333333333334,0.8333333333333334
easyocr,RNU6-1285P,RNU6-1285P,1.0,1.0
easyocr,MIR3OZF,MIR302F,0.7142857142857143,0.7142857142857143
easyocr,IGKV1D-22,IGKV1D-22,1.0,1.0
easyocr,PTPRS-AS1,PTPRS-AS1,1.0,1.0
easyocr,HDAC2,HDAC2,1.0,1.0
easyocr,HSDI1BI,HSD11B1,0.7142857142857143,0.7142857142857143
easyocr,RNU6-296P,RNU6-296P,1.0,1.0
easyocr,SNAR-C4,SNAR-C4,1.0,1.0
easyocr,RBM19,RBM19,1.0,1.0
easyocr,SPP2,SPP2,1.0,1.0
easyocr,UNC93B8,UNC93B8,1.0,1.0
easyocr,FOXD3-AS1,FOXD3-AS1,1.0,1.0
easyocr,RAFIPI,RAF1P1,0.6666666666666667,0.6666666666666666
easyocr,ELPA,ELP4,0.75,0.75
easyocr,CCND3PI,CCND3P1,0.8571428571428572,0.8571428571428571
easyocr,UBAPI,UBAP1,0.8,0.8
easyocr,SLC12AS,SLC12A5,0.8571428571428572,0.8571428571428571
easyocr,RPL34P28,RPL34P28,1.0,1.0
easyocr,RPL26P37,RPL26P37,1.0,1.0
easyocr,SLCZOA1,SLC20A1,0.7142857142857143,0.7142857142857143
easyocr,GNG12,GNG12,1.0,1.0
easyocr,CARD18,CARD18,1.0,1.0
easyocr,HCK,HCK,1.0,1.0
easyocr,RNF138P1,RNF138P1,1.0,1.0
easyocr,MTCO1P31,MTCO1P31,1.0,1.0
easyocr,HSPA8P3,HSPA8P3,1.0,1.0
easyocr,SERHL2,SERHL2,1.0,1.0
easyocr,APLNR,APLNR,1.0,1.0
easyocr,SALL4P6,SALL4P6,1.0,1.0
easyocr,RPS28PS,RPS28P5,0.8571428571428572,0.8571428571428571
easyocr,YWHAEP2,YWHAEP2,1.0,1.0
easyocr,S1OOA11PS,S100A11P5,0.6666666666666667,0.6666666666666666
easyocr,ATGAA,ATG4A,0.8,0.8
easyocr,NRL,NRL,1.0,1.0
easyocr,SLC18A3,SLC18A3,1.0,1.0
easyocr,RSCIA1,RSC1A1,0.8333333333333334,0.8333333333333334
easyocr,TBCID3F,TBC1D3F,0.8571428571428572,0.8571428571428571
easyocr,RNZSL736P,RN7SL736P,0.8888888888888888,0.8888888888888888
easyocr,YWHAZP2,YWHAZP2,1.0,1.0
easyocr,HIBCH,HIBCH,1.0,1.0
easyocr,RNU6-164P,RNU6-164P,1.0,1.0
easyocr,SIAH3,SIAH3,1.0,1.0
easyocr,OR4C46,OR4C46,1.0,1.0
easyocr,POLR3DPI,POLR3DP1,0.875,0.875
easyocr,CCBE1,CCBE1,1.0,1.0
easyocr,RPSZOP31,RPS20P31,0.75,0.75
easyocr,FIGN,FIGN,1.0,1.0
easyocr,NDUFBSP2,NDUFB5P2,0.875,0.875
easyocr,MIR1203,MIR1203,1.0,1.0
easyocr,SRP68P2,SRP68P2,1.0,1.0
easyocr,ZNFS18B,ZNF518B,0.8571428571428572,0.8571428571428571
easyocr,NAPSA,NAPSA,1.0,1.0
easyocr,CDRTISPS,CDRT15P5,0.625,0.625
easyocr,MALTI,MALT1,0.8,0.8
easyocr,FCSK,FCSK,1.0,1.0
easyocr,RPLZIP130,RPL21P130,0.7777777777777778,0.7777777777777778
easyocr,NASP,NASP,1.0,1.0
easyocr,RPL26P15,RPL26P15,1.0,1.0
easyocr,LITAF,LITAF,1.0,1.0
easyocr,MTND4PS,MTND4P5,0.8571428571428572,0.8571428571428571
easyocr,XACT,XACT,1.0,1.0
easyocr,PKMP1,PKMP1,1.0,1.0
easyocr,NPM3,NPM3,1.0,1.0
easyocr,GRB14,GRB14,1.0,1.0
easyocr,MNXI-AS2,MNX1-AS2,0.875,0.875
easyocr,KLHL11,KLHL11,1.0,1.0
easyocr,EEF1G,EEF1G,1.0,1.0
easyocr,SNRPE,SNRPE,1.0,1.0
easyocr,ORAK4P,OR4K4P,0.8333333333333334,0.8333333333333334
easyocr,SLC38A10,SLC38A10,1.0,1.0
easyocr,LINC02479,LINC02479,1.0,1.0
easyocr,RCCZP6,RCC2P6,0.8333333333333334,0.8333333333333334
easyocr,LINC02903,LINC02903,1.0,1.0
easyocr,NAGK,NAGK,1.0,1.0
easyocr,RPL34P9,RPL34P9,1.0,1.0
easyocr,DNAJC19P1,DNAJC19P1,1.0,1.0
easyocr,RNZSKP53,RN7SKP53,0.875,0.875
easyocr,CACNAIC-As3,CACNA1C-AS3,0.8181818181818181,0.8181818181818182
easyocr,MRPS3SP2,MRPS35P2,0.875,0.875
easyocr,HMCN2,HMCN2,1.0,1.0
easyocr,HIRAPI,HIRAP1,0.8333333333333334,0.8333333333333334
easyocr,TMEM161B-DT,TMEM161B-DT,1.0,1.0
easyocr,POUSFIB,POU5F1B,0.7142857142857143,0.7142857142857143
easyocr,TGM4,TGM4,1.0,1.0
easyocr,CTSZ,CTSZ,1.0,1.0
easyocr,LDHAL6DP,LDHAL6DP,1.0,1.0
easyocr,USP9YP21,USP9YP21,1.0,1.0
easyocr,NPPC,NPPC,1.0,1.0
easyocr,SNRK-AS1,SNRK-AS1,1.0,1.0
easyocr,RNU4-84P,RNU4-84P,1.0,1.0
easyocr,NPEPPS,NPEPPS,1.0,1.0
easyocr,TMEM19,TMEM19,1.0,1.0
easyocr,LRRCZ4A,LRRC74A,0.8571428571428572,0.8571428571428571
easyocr,MSNP1,MSNP1,1.0,1.0
easyocr,RRAS,RRAS,1.0,1.0
easyocr,PIRC103,PIRC103,1.0,1.0
easyocr,SLC25A21,SLC25A21,1.0,1.0
easyocr,YEATS4,YEATS4,1.0,1.0
easyocr,ZNF587,ZNF587,1.0,1.0
easyocr,MSRA,MSRA,1.0,1.0
easyocr,KLRG2,KLRG2,1.0,1.0
easyocr,TRF-GAA1-1,TRF-GAA1-1,1.0,1.0
easyocr,CMC4,CMC4,1.0,1.0
easyocr,RPL39P4,RPL39P4,1.0,1.0
easyocr,GAS2,GAS2,1.0,1.0
easyocr,STAP2,STAP2,1.0,1.0
easyocr,TANGO2,TANGO2,1.0,1.0
easyocr,LINCO0680,LINC00680,0.8888888888888888,0.8888888888888888
easyocr,PIRC52,PIRC52,1.0,1.0
easyocr,SNORD113-1,SNORD113-1,1.0,1.0
easyocr,CSNKIGZP1,CSNK1G2P1,0.7777777777777778,0.7777777777777778
easyocr,SNORD14C,SNORD14C,1.0,1.0
easyocr,FAM66A,FAM66A,1.0,1.0
easyocr,SLC2ZA10,SLC22A10,0.875,0.875
easyocr,MAGEB3,MAGEB3,1.0,1.0
easyocr,PIRC9O,PIRC90,0.8333333333333334,0.8333333333333334
easyocr,MIRS48AK,MIR548AK,0.875,0.875
easyocr,BNIP3P35,BNIP3P35,1.0,1.0
easyocr,APOD,APOD,1.0,1.0
easyocr,ORC3,ORC3,1.0,1.0
easyocr,TTTY2B,TTTY2B,1.0,1.0
easyocr,RPSAP38,RPSAP38,1.0,1.0
easyocr,ZNF384,ZNF384,1.0,1.0
easyocr,FAM9SA,FAM95A,0.8333333333333334,0.8333333333333334
easyocr,RNU7-4P,RNU7-4P,1.0,1.0
easyocr,SLC2A14,SLC2A14,1.0,1.0
easyocr,GK,GK,1.0,1.0
easyocr,ZCCHC24,ZCCHC24,1.0,1.0
easyocr,HNRNPA3P15,HNRNPA3P15,1.0,1.0
easyocr,otoG,OTOG,0.25,0.25
easyocr,CHMPAB,CHMP4B,0.8333333333333334,0.8333333333333334
easyocr,PDLIMIPI,PDLIM1P1,0.75,0.75
easyocr,ASNSP6,ASNSP6,1.0,1.0
easyocr,ANKRDZOA 18P,ANKRD20A18P,0.75,0.782608695652174
easyocr,ARHGAP26-IT1,ARHGAP26-IT1,1.0,1.0
easyocr,RPL37P9,RPL37P9,1.0,1.0
easyocr,IGLV3-13,IGLV3-13,1.0,1.0
easyocr,RPSAP52,RPSAP52,1.0,1.0
easyocr,BID,BID,1.0,1.0
easyocr,CCDC180,CCDC180,1.0,1.0
easyocr,SLCZA8,SLC7A8,0.8333333333333334,0.8333333333333334
easyocr,ERVW-14,ERVW-14,1.0,1.0
easyocr,SNORD115-1,SNORD115-11,0.9090909090909091,0.9523809523809523
easyocr,MGAM2,MGAM2,1.0,1.0
easyocr,MIR141,MIR141,1.0,1.0
easyocr,TAPI,TAP1,0.75,0.75
easyocr,RNU6-70P,RNU6-70P,1.0,1.0
easyocr,MIR92A1,MIR92A1,1.0,1.0
easyocr,RPL26P9,RPL26P9,1.0,1.0
easyocr,TRI-GAT1-2,TRI-GAT1-2,1.0,1.0
easyocr,C1QTNF9,C1QTNF9,1.0,1.0
easyocr,MIR656,MIR656,1.0,1.0
easyocr,RNZSLZOSP,RN7SL705P,0.5555555555555556,0.5555555555555556
easyocr,ESPNP,ESPNP,1.0,1.0
easyocr,THEMIS2,THEMIS2,1.0,1.0
easyocr,TRAJ38,TRAJ38,1.0,1.0
easyocr,BTNL12P,BTNL12P,1.0,1.0
easyocr,DLG2-AS2,DLG2-AS2,1.0,1.0
easyocr,"ERVE-""",ERVE-1,0.8333333333333334,0.8333333333333334
easyocr,LINCO1496,LINC01496,0.8888888888888888,0.8888888888888888
easyocr,ZNF853,ZNF853,1.0,1.0
easyocr,LINC02139,LINC02139,1.0,1.0
easyocr,S1O0A13,S100A13,0.8571428571428572,0.8571428571428571
easyocr,GAGEZD,GAGE2D,0.8333333333333334,0.8333333333333334
easyocr,GON4L,GON4L,1.0,1.0
easyocr,LHFPL4,LHFPL4,1.0,1.0
easyocr,LINC02257,LINC02257,1.0,1.0
easyocr,ATXN2,ATXN2,1.0,1.0
easyocr,KRT18P28,KRT18P28,1.0,1.0
easyocr,NIP7,NIP7,1.0,1.0
easyocr,DLGAPSPI,DLGAP5P1,0.75,0.75
easyocr,MYTI,MYT1,0.75,0.75
easyocr,RNU6-196P,RNU6-196P,1.0,1.0
easyocr,SOX30,SOX30,1.0,1.0
easyocr,RNU1-152P,RNU1-152P,1.0,1.0
easyocr,MIR1908,MIR1908,1.0,1.0
easyocr,KIAA1191,KIAA1191,1.0,1.0
easyocr,BNIP3P31,BNIP3P31,1.0,1.0
easyocr,RPL2ZP23,RPL22P23,0.875,0.875
easyocr,MYL6P1,MYL6P1,1.0,1.0
easyocr,STAM,STAM,1.0,1.0
easyocr,TSPEAR-AS1,TSPEAR-AS1,1.0,1.0
easyocr,EHHADH-AS1,EHHADH-AS1,1.0,1.0
easyocr,PRR12,PRR12,1.0,1.0
easyocr,ADAM19,ADAM19,1.0,1.0
easyocr,RNZSL41ZP,RN7SL417P,0.7777777777777778,0.7777777777777778
easyocr,MIR4294,MIR4294,1.0,1.0
easyocr,RNU6-914P,RNU6-914P,1.0,1.0
easyocr,RNU7-39P,RNU7-39P,1.0,1.0
easyocr,LINC02265,LINC02265,1.0,1.0
easyocr,TMEM259,TMEM259,1.0,1.0
easyocr,RNU6-1096P,RNU6-1096P,1.0,1.0
easyocr,MARKZPI,MARK2P11,0.625,0.6666666666666666
easyocr,MIR558,MIR558,1.0,1.0
easyocr,EIF4BP8,EIF4BP8,1.0,1.0
easyocr,PIRC85,PIRC85,1.0,1.0
easyocr,LYPD6,LYPD6,1.0,1.0
easyocr,SUPT16H,SUPT16H,1.0,1.0
easyocr,OVOLI,OVOL1,0.8,0.8
easyocr,RNZSL689P,RN7SL689P,0.8888888888888888,0.8888888888888888
easyocr,P3RBURF-PIK3R3,P3R3URF-PIK3R3,0.9285714285714286,0.9285714285714286
easyocr,KIAAO04O,KIAA0040,0.75,0.75
easyocr,GNAIZP2,GNAI2P2,0.8571428571428572,0.8571428571428571
easyocr,WNT2B,WNT2B,1.0,1.0
easyocr,RPSZP3O,RPS2P30,0.7142857142857143,0.7142857142857143
easyocr,SKORZ,SKOR2,0.8,0.8
easyocr,TAF11L9,TAF11L9,1.0,1.0
easyocr,CCNS,CCN5,0.75,0.75
easyocr,AZGPIP2,AZGP1P2,0.8571428571428572,0.8571428571428571
easyocr,PTGER4,PTGER4,1.0,1.0
easyocr,DLEU1-AS1,DLEU1-AS1,1.0,1.0
easyocr,FAM86B3P,FAM86B3P,1.0,1.0
easyocr,MIR3940,MIR3940,1.0,1.0
easyocr,RNZSLS4SP,RN7SL545P,0.6666666666666667,0.6666666666666666
easyocr,TRR-ACG2-2,TRR-ACG2-2,1.0,1.0
easyocr,CFHR3,CFHR3,1.0,1.0
easyocr,NIFKP9,NIFKP9,1.0,1.0
easyocr,SRP14P1,SRP14P1,1.0,1.0
easyocr,SPINKS,SPINK5,0.8333333333333334,0.8333333333333334
easyocr,MRPL1,MRPL1,1.0,1.0
easyocr,MONIA,MON1A,0.8,0.8
easyocr,SEPTIN14P1O,SEPTIN14P10,0.9090909090909091,0.9090909090909091
easyocr,MRC1,MRC1,1.0,1.0
easyocr,CEP25O,CEP250,0.8333333333333334,0.8333333333333334
easyocr,GADDASGIPT,GADD45GIP1,0.7,0.7
easyocr,MGMT,MGMT,1.0,1.0
easyocr,TMEM97,TMEM97,1.0,1.0
easyocr,MRPS36P6,MRPS36P6,1.0,1.0
easyocr,NTNS,NTN5,0.75,0.75
easyocr,TGM4,TGM4,1.0,1.0
easyocr,IGKJ2,IGKJ2,1.0,1.0
easyocr,RPS24P7,RPS24P7,1.0,1.0
easyocr,PLCXD2-AS1,PLCXD2-AS1,1.0,1.0
easyocr,LINC02529,LINC02529,1.0,1.0
easyocr,UGT2B28,UGT2B28,1.0,1.0
easyocr,RNZSL233P,RN7SL233P,0.8888888888888888,0.8888888888888888
easyocr,CDK2,CDK2,1.0,1.0
easyocr,S1OOA4,S100A4,0.6666666666666667,0.6666666666666666
easyocr,SNRPGP6,SNRPGP6,1.0,1.0
easyocr,HS6STIP1,HS6ST1P1,0.875,0.875
easyocr,GNB2,GNB2,1.0,1.0
easyocr,RBMZP1,RBM7P1,0.8333333333333334,0.8333333333333334
easyocr,LDLR,LDLR,1.0,1.0
easyocr,POGZ,POGZ,1.0,1.0
easyocr,MTND3P23,MTND3P23,1.0,1.0
easyocr,IGLV3-7,IGLV3-7,1.0,1.0
easyocr,FERIL6,FER1L6,0.8333333333333334,0.8333333333333334
easyocr,CCDC120,CCDC120,1.0,1.0
easyocr,NEK4P2,NEK4P2,1.0,1.0
easyocr,GRIN3A,GRIN3A,1.0,1.0
easyocr,PIRC37,PIRC37,1.0,1.0
easyocr,RNZSL432P,RN7SL432P,0.8888888888888888,0.8888888888888888
easyocr,SSBP3P2,SSBP3P2,1.0,1.0
easyocr,SGMST-AS1,SGMS1-AS1,0.8888888888888888,0.8888888888888888
easyocr,SOX6,SOX6,1.0,1.0
easyocr,UTSZB,UTS2B,0.8,0.8
easyocr,MIR4648,MIR4648,1.0,1.0
easyocr,GHET1,GHET1,1.0,1.0
easyocr,KRTAP12-3,KRTAP12-3,1.0,1.0
easyocr,DPY19L3,DPY19L3,1.0,1.0
easyocr,ENTPD1,ENTPD1,1.0,1.0
easyocr,RPLP2,RPLP2,1.0,1.0
easyocr,RAPGEF2,RAPGEF2,1.0,1.0
easyocr,ZFX-AS1,ZFX-AS1,1.0,1.0
easyocr,MRPS35-DT,MRPS35-DT,1.0,1.0
easyocr,ZNF93,ZNF93,1.0,1.0
easyocr,GDPD4,GDPD4,1.0,1.0
easyocr,ZNF622P1,ZNF622P1,1.0,1.0
easyocr,FAM9OA2SP,FAM90A25P,0.7777777777777778,0.7777777777777778
easyocr,RNZSL811P,RN7SL811P,0.8888888888888888,0.8888888888888888
easyocr,RNZSKP42,RN7SKP42,0.875,0.875
easyocr,MIR5089,MIR5089,1.0,1.0
easyocr,AHCYPS,AHCYP5,0.8333333333333334,0.8333333333333334
easyocr,IMP4,IMP4,1.0,1.0
easyocr,BEST2,BEST2,1.0,1.0
easyocr,KRT8PSO,KRT8P50,0.7142857142857143,0.7142857142857143
easyocr,CEACAMP4,CEACAMP4,1.0,1.0
easyocr,ORBH1,OR8H1,0.8,0.8
easyocr,OR52J3,OR52J3,1.0,1.0
easyocr,SNTB1,SNTB1,1.0,1.0
easyocr,LINC00941,LINC00941,1.0,1.0
easyocr,LINC02973,LINC02973,1.0,1.0
easyocr,CACHDI,CACHD1,0.8333333333333334,0.8333333333333334
easyocr,PI4KAP2,PI4KAP2,1.0,1.0
easyocr,FAHDZPI,FAHD2P1,0.7142857142857143,0.7142857142857143
easyocr,MTND3P11,MTND3P11,1.0,1.0
easyocr,MIRZOB,MIR20B,0.6666666666666667,0.6666666666666666
easyocr,SOXS,SOX5,0.75,0.75
easyocr,ADRB2,ADRB2,1.0,1.0
easyocr,NDUFB8P3,NDUFB8P3,1.0,1.0
easyocr,MIR4719,MIR4719,1.0,1.0
easyocr,CHEKZPA,CHEK2P4,0.7142857142857143,0.7142857142857143
easyocr,DHODH,DHODH,1.0,1.0
easyocr,RNU6ATAC36P,RNU6ATAC36P,1.0,1.0
easyocr,RBMYZAP,RBMY2AP,0.8571428571428572,0.8571428571428571
easyocr,FAM1O6A,FAM106A,0.8571428571428572,0.8571428571428571
easyocr,RNU2-40P,RNU2-40P,1.0,1.0
easyocr,ADRAZA,ADRA2A,0.8333333333333334,0.8333333333333334
easyocr,PIGK,PIGK,1.0,1.0
easyocr,ATRNL1,ATRNL1,1.0,1.0
easyocr,NRG3-AS1,NRG3-AS1,1.0,1.0
easyocr,DDX11L16,DDX11L16,1.0,1.0
easyocr,NPTX2,NPTX2,1.0,1.0
easyocr,RNZSKP63,RN7SKP63,0.875,0.875
easyocr,SCPZDI-AS1,SCP2D1-AS1,0.8,0.8
easyocr,ATP6API-DT,ATP6AP1-DT,0.9,0.9
easyocr,CTSLP2,CTSLP2,1.0,1.0
easyocr,SLC16A2,SLC16A2,1.0,1.0
easyocr,GRAPLDR,GRAPLDR,1.0,1.0
easyocr,MTCYBP13,MTCYBP13,1.0,1.0
easyocr,TRW-CCA1-1,TRW-CCA1-1,1.0,1.0
easyocr,FAM193B,FAM193B,1.0,1.0
easyocr,MSII,MSI1,0.75,0.75
easyocr,SMUIPI,SMU1P1,0.6666666666666667,0.6666666666666666
easyocr,GPRSO-AS1,GPR50-AS1,0.7777777777777778,0.7777777777777778
easyocr,MIR12127,MIR12127,1.0,1.0
easyocr,MTND1P33,MTND1P33,1.0,1.0
easyocr,NBEAPS,NBEAP5,0.8333333333333334,0.8333333333333334
easyocr,MTCO3P7,MTCO3P7,1.0,1.0
easyocr,ALDH6A1,ALDH6A1,1.0,1.0
easyocr,RNU4-83P,RNU4-83P,1.0,1.0
easyocr,TMEM212,TMEM212,1.0,1.0
easyocr,TRA-AGC12-3,TRA-AGC12-3,1.0,1.0
easyocr,TIMM9P3,TIMM9P3,1.0,1.0
easyocr,SLC25A42,SLC25A42,1.0,1.0
easyocr,F11R,F11R,1.0,1.0
easyocr,LINCO1344,LINC01344,0.8888888888888888,0.8888888888888888
easyocr,CCDC17O,CCDC170,0.8571428571428572,0.8571428571428571
easyocr,ALGILI4P,ALG1L14P,0.75,0.75
easyocr,SNORA4O,SNORA40,0.8571428571428572,0.8571428571428571
easyocr,KSRZ,KSR2,0.75,0.75
easyocr,ABCA3,ABCA3,1.0,1.0
easyocr,MIR3159,MIR3159,1.0,1.0
easyocr,RNZSKP42,RN7SKP42,0.875,0.875
easyocr,PIHID2,PIH1D2,0.8333333333333334,0.8333333333333334
easyocr,CISD3,CISD3,1.0,1.0
easyocr,OR4A48P,OR4A48P,1.0,1.0
easyocr,SNORD115-41,SNORD115-41,1.0,1.0
easyocr,ZCCHC24,ZCCHC24,1.0,1.0
easyocr,GAB2,GAB2,1.0,1.0
easyocr,S1OOA14,S100A14,0.7142857142857143,0.7142857142857143
easyocr,RNASSP338,RNA5SP338,0.8888888888888888,0.8888888888888888
easyocr,RACIP2,RAC1P2,0.8333333333333334,0.8333333333333334
easyocr,VNIR8ZP,VN1R87P,0.7142857142857143,0.7142857142857143
easyocr,CLEC12B,CLEC12B,1.0,1.0
easyocr,ENPP3,ENPP3,1.0,1.0
easyocr,PAFAHIBZPI,PAFAH1B2P1,0.7,0.7
easyocr,DUX4LZ,DUX4L7,0.8333333333333334,0.8333333333333334
easyocr,ARF6,ARF6,1.0,1.0
easyocr,HMGBIP19,HMGB1P19,0.875,0.875
easyocr,MIR3OZB,MIR302B,0.7142857142857143,0.7142857142857143
easyocr,MIR10524,MIR10524,1.0,1.0
easyocr,RPL34PS,RPL34P5,0.8571428571428572,0.8571428571428571
easyocr,DHX3O,DHX30,0.8,0.8
easyocr,THORLNC,THORLNC,1.0,1.0
easyocr,IVNSIABP,IVNS1ABP,0.875,0.875
easyocr,PIAS3,PIAS3,1.0,1.0
easyocr,PAPSS2,PAPSS2,1.0,1.0
easyocr,RTL1O,RTL10,0.8,0.8
easyocr,MIR2O3A,MIR203A,0.8571428571428572,0.8571428571428571
easyocr,RXFP1,RXFP1,1.0,1.0
easyocr,OBPZB,OBP2B,0.8,0.8
easyocr,RPLZAP37,RPL7AP37,0.875,0.875
easyocr,PLXNA3,PLXNA3,1.0,1.0
easyocr,PIFO,PIFO,1.0,1.0
easyocr,DPH6,DPH6,1.0,1.0
easyocr,AMIGO2,AMIGO2,1.0,1.0
easyocr,CZorf31,C7orf31,0.8571428571428572,0.8571428571428571
easyocr,TMEM52,TMEM52,1.0,1.0
easyocr,CDC37L1,CDC37L1,1.0,1.0
easyocr,CSRP3-AS1,CSRP3-AS1,1.0,1.0
easyocr,ADA,ADA,1.0,1.0
easyocr,COXZA2,COX7A2,0.8333333333333334,0.8333333333333334
easyocr,RABGEF1P1,RABGEF1P1,1.0,1.0
easyocr,CPM,CPM,1.0,1.0
easyocr,RPL39P37,RPL39P37,1.0,1.0
easyocr,WARST,WARS1,0.8,0.8
easyocr,SUCLGZPI,SUCLG2P1,0.75,0.75
easyocr,CADM2-AS2,CADM2-AS2,1.0,1.0
easyocr,BACHI-IT3,BACH1-IT3,0.8888888888888888,0.8888888888888888
easyocr,RNU6-859P,RNU6-859P,1.0,1.0
easyocr,NEXMIF,NEXMIF,1.0,1.0
easyocr,DEFB133,DEFB133,1.0,1.0
easyocr,DNAJC17,DNAJC17,1.0,1.0
easyocr,DNAJB8,DNAJB8,1.0,1.0
easyocr,RTBDN,RTBDN,1.0,1.0
easyocr,ORZATZP,OR2AT2P,0.7142857142857143,0.7142857142857143
easyocr,CDPF1,CDPF1,1.0,1.0
easyocr,SNRNP7O,SNRNP70,0.8571428571428572,0.8571428571428571
easyocr,IL23A,IL23A,1.0,1.0
easyocr,SLC39A10,SLC39A10,1.0,1.0
easyocr,DMBXI,DMBX1,0.8,0.8
easyocr,TRPC6P7,TRPC6P7,1.0,1.0
easyocr,PPIAP69,PPIAP69,1.0,1.0
easyocr,RTL3,RTL3,1.0,1.0
easyocr,PRR13PA,PRR13P4,0.8571428571428572,0.8571428571428571
easyocr,EVA1CP4,EVA1CP4,1.0,1.0
easyocr,GLT8D2,GLT8D2,1.0,1.0
easyocr,PLCZI,PLCZ1,0.8,0.8
easyocr,RBM17P3,RBM17P3,1.0,1.0
easyocr,PI4KB,PI4KB,1.0,1.0
easyocr,KCTD21,KCTD21,1.0,1.0
easyocr,ZNF736P1Y,ZNF736P1Y,1.0,1.0
easyocr,PPPIR35-AS1,PPP1R35-AS1,0.9090909090909091,0.9090909090909091
easyocr,MTCO2P2,MTCO2P2,1.0,1.0
easyocr,IKBKB-DT,IKBKB-DT,1.0,1.0
easyocr,RNZSL299P,RN7SL299P,0.8888888888888888,0.8888888888888888
easyocr,PGD,PGD,1.0,1.0
easyocr,ADCKI,ADCK1,0.8,0.8
easyocr,ADAMTSS,ADAMTS5,0.8571428571428572,0.8571428571428571
easyocr,LINC02996,LINC02996,1.0,1.0
easyocr,IL13RA1,IL13RA1,1.0,1.0
easyocr,IGHV3-73,IGHV3-73,1.0,1.0
easyocr,ALG14-AS1,ALG14-AS1,1.0,1.0
easyocr,RNUAATAC,RNU4ATAC,0.875,0.875
easyocr,FAMAIAY2,FAM41AY2,0.75,0.75
easyocr,LINC02211,LINC02211,1.0,1.0
easyocr,MRPL57,MRPL57,1.0,1.0
easyocr,RNASSP223,RNA5SP223,0.8888888888888888,0.8888888888888888
easyocr,BASP1,BASP1,1.0,1.0
easyocr,MTND4P34,MTND4P34,1.0,1.0
easyocr,SEPTINZP1O,SEPTIN7P10,0.8,0.8
easyocr,VNIR9SP,VN1R95P,0.7142857142857143,0.7142857142857143
easyocr,KRT13,KRT13,1.0,1.0
easyocr,RNZSL42OP,RN7SL420P,0.7777777777777778,0.7777777777777778
easyocr,RPL36AP16,RPL36AP16,1.0,1.0
easyocr,SNORA48,SNORA48,1.0,1.0
easyocr,GMPR,GMPR,1.0,1.0
easyocr,IL31,IL31,1.0,1.0
easyocr,PRKAA1,PRKAA1,1.0,1.0
easyocr,MAPILC3C,MAP1LC3C,0.875,0.875
easyocr,MIR3935,MIR3935,1.0,1.0
easyocr,RNASSP479,RNA5SP479,0.8888888888888888,0.8888888888888888
easyocr,ARLZBPP2,ARL2BPP2,0.875,0.875
easyocr,LINCO0645,LINC00645,0.8888888888888888,0.8888888888888888
easyocr,MTCO1P11,MTCO1P11,1.0,1.0
easyocr,PIKFYVE,PIKFYVE,1.0,1.0
easyocr,DABI-ASI,DAB1-AS1,0.75,0.75
easyocr,RPL9P1,RPL9P11,0.8571428571428572,0.9230769230769231
easyocr,HAAO,HAAO,1.0,1.0
easyocr,USP9YP3,USP9YP3,1.0,1.0
easyocr,KRT18P48,KRT18P48,1.0,1.0
easyocr,MIR6864,MIR6864,1.0,1.0
easyocr,VNIRSZP,VN1R52P,0.5714285714285714,0.5714285714285714
easyocr,FAMZI8BP,FAM218BP,0.75,0.75
easyocr,LINCO 1888,LINC01888,0.8,0.8421052631578947
easyocr,PPPIR3D,PPP1R3D,0.8571428571428572,0.8571428571428571
easyocr,C1orf21-DT,C1orf21-DT,1.0,1.0
easyocr,EXOSC3,EXOSC3,1.0,1.0
easyocr,LINC02059,LINC02059,1.0,1.0
easyocr,FBXO16,FBXO16,1.0,1.0
easyocr,MIR576,MIR576,1.0,1.0
easyocr,NSLI,NSL1,0.75,0.75
easyocr,SLC29A4,SLC29A4,1.0,1.0
easyocr,RPL13P14,RPL13P14,1.0,1.0
easyocr,LINC03013,LINC03013,1.0,1.0
easyocr,STRA6LP,STRA6LP,1.0,1.0
easyocr,TPM3P9,TPM3P9,1.0,1.0
easyocr,MSL3,MSL3,1.0,1.0
easyocr,STOX2,STOX2,1.0,1.0
easyocr,RNU6-1192P,RNU6-1192P,1.0,1.0
easyocr,PDE4B,PDE4B,1.0,1.0
easyocr,MTND6P4,MTND6P4,1.0,1.0
easyocr,RNU2-61P,RNU2-61P,1.0,1.0
easyocr,ABRAXAS1,ABRAXAS1,1.0,1.0
easyocr,GCAT,GCAT,1.0,1.0
easyocr,LINCO1425,LINC01425,0.8888888888888888,0.8888888888888888
easyocr,ACVRL1,ACVRL1,1.0,1.0
easyocr,SIGLEC9,SIGLEC9,1.0,1.0
easyocr,RNZSL81SP,RN7SL815P,0.7777777777777778,0.7777777777777778
easyocr,RPL31P31,RPL31P31,1.0,1.0
easyocr,HNRNPA1P34,HNRNPA1P34,1.0,1.0
easyocr,SNORD38A,SNORD38A,1.0,1.0
easyocr,DHPS,DHPS,1.0,1.0
easyocr,SREBF1,SREBF1,1.0,1.0
easyocr,PCDHGB7,PCDHGB7,1.0,1.0
easyocr,CCT6P3,CCT6P3,1.0,1.0
easyocr,TUBBP2,TUBBP2,1.0,1.0
easyocr,KLHL24,KLHL24,1.0,1.0
easyocr,CAPN3,CAPN3,1.0,1.0
easyocr,MTATP6P1O,MTATP6P10,0.8888888888888888,0.8888888888888888
easyocr,IFITM3P4,IFITM3P4,1.0,1.0
easyocr,LINCO 1883,LINC01883,0.8,0.8421052631578947
easyocr,CYPZAZPI,CYP2A7P1,0.625,0.625
easyocr,PPARGCIB,PPARGC1B,0.875,0.875
easyocr,COPS3,COPS3,1.0,1.0
easyocr,MTCO3P45,MTCO3P45,1.0,1.0
easyocr,HTRSA,HTR5A,0.8,0.8
easyocr,LINCO0544,LINC00544,0.8888888888888888,0.8888888888888888
easyocr,AURKA,AURKA,1.0,1.0
easyocr,ARLSA,ARL5A,0.8,0.8
easyocr,ELOCP6,ELOCP6,1.0,1.0
easyocr,EIF3J,EIF3J,1.0,1.0
easyocr,RPL3OP3,RPL30P3,0.8571428571428572,0.8571428571428571
easyocr,SAP3OL-AS1,SAP30L-AS1,0.9,0.9
easyocr,GSTCD-AS1,GSTCD-AS1,1.0,1.0
easyocr,SCARNA28,SCARNA28,1.0,1.0
easyocr,LAMTORI,LAMTOR1,0.8571428571428572,0.8571428571428571
easyocr,CLEC4M,CLEC4M,1.0,1.0
easyocr,RNU6-930P,RNU6-930P,1.0,1.0
easyocr,PIGO-AS1,PIGO-AS1,1.0,1.0
easyocr,SLC4A8-AS1,SLC4A8-AS1,1.0,1.0
easyocr,IFNBI,IFNB1,0.8,0.8
easyocr,DDX52,DDX52,1.0,1.0
easyocr,PDF,PDF,1.0,1.0
easyocr,PRSS51,PRSS51,1.0,1.0
easyocr,ONECUT3,ONECUT3,1.0,1.0
easyocr,LINCO0351,LINC00351,0.8888888888888888,0.8888888888888888
easyocr,MIR153-1,MIR153-1,1.0,1.0
easyocr,PRELID3BP2,PRELID3BP2,1.0,1.0
easyocr,RNASSP1ZI,RNA5SP171,0.6666666666666667,0.6666666666666666
easyocr,PMM2,PMM2,1.0,1.0
easyocr,WHAMMPI,WHAMMP1,0.8571428571428572,0.8571428571428571
easyocr,IGLV1-50,IGLV1-50,1.0,1.0
easyocr,SNORD172,SNORD172,1.0,1.0
easyocr,SEMA6C,SEMA6C,1.0,1.0
easyocr,PIRC11,PIRC11,1.0,1.0
easyocr,ACKRI,ACKR1,0.8,0.8
easyocr,UBEZVIPI,UBE2V1P1,0.625,0.625
easyocr,MIR3683,MIR3683,1.0,1.0
easyocr,SERTAD4,SERTAD4,1.0,1.0
easyocr,CoG2,COG2,0.75,0.75
easyocr,ZNF877P,ZNF877P,1.0,1.0
easyocr,ZDHHCZOP4,ZDHHC20P4,0.7777777777777778,0.7777777777777778
easyocr,KLHL18,KLHL18,1.0,1.0
easyocr,APOBEC3G,APOBEC3G,1.0,1.0
easyocr,ACTGIPI,ACTG1P11,0.625,0.6666666666666666
easyocr,DPF3,DPF3,1.0,1.0
easyocr,CDV3P1,CDV3P1,1.0,1.0
easyocr,RPL4P4,RPL4P4,1.0,1.0
easyocr,USPL1,USPL1,1.0,1.0
easyocr,ZFAND1,ZFAND1,1.0,1.0
easyocr,POLRIHASP,POLR1HASP,0.8888888888888888,0.8888888888888888
easyocr,RPS4Y2,RPS4Y2,1.0,1.0
easyocr,TMCO1-AS1,TMCO1-AS1,1.0,1.0
easyocr,HEATR4,HEATR4,1.0,1.0
easyocr,RNVU1-33,RNVU1-33,1.0,1.0
easyocr,CSorf67,C5orf67,0.8571428571428572,0.8571428571428571
easyocr,KRT12,KRT12,1.0,1.0
easyocr,OR4F14P,OR4F14P,1.0,1.0
