[{"model": "data fusion NED only", "score": {"char_recall": 0.7455, "char_precision": 0.8663, "word_acc": 0.019, "word_acc_ignore_case": 0.459, "word_acc_ignore_case_symbol": 0.46, "1-N.E.D": 0.7435}, "predictions": [{"prediction": "the", "ground truth": "TLE1-DT", "image path": "test_imgs/0.jpg"}, {"prediction": "ENeAR", "ground truth": "ZNF484", "image path": "test_imgs/1.jpg"}, {"prediction": "vcan", "ground truth": "VCAN", "image path": "test_imgs/2.jpg"}, {"prediction": "rNu6-260", "ground truth": "RNU6-260P", "image path": "test_imgs/3.jpg"}, {"prediction": "matn2", "ground truth": "MATN2", "image path": "test_imgs/4.jpg"}, {"prediction": "usP45", "ground truth": "USP45", "image path": "test_imgs/5.jpg"}, {"prediction": "3p223a2", "ground truth": "RPL23AP12", "image path": "test_imgs/6.jpg"}, {"prediction": "gapt", "ground truth": "GAPT", "image path": "test_imgs/7.jpg"}, {"prediction": "h2al1mp", "ground truth": "H2AL1MP", "image path": "test_imgs/8.jpg"}, {"prediction": "can", "ground truth": "COA6", "image path": "test_imgs/9.jpg"}, {"prediction": "Matr3p", "ground truth": "MATR3P1", "image path": "test_imgs/10.jpg"}, {"prediction": "soat", "ground truth": "SOAT2", "image path": "test_imgs/11.jpg"}, {"prediction": "lTo1", "ground truth": "LTO1", "image path": "test_imgs/12.jpg"}, {"prediction": "COmMID", "ground truth": "COMMD5", "image path": "test_imgs/13.jpg"}, {"prediction": "adpgk-sS", "ground truth": "ADPGK-AS1", "image path": "test_imgs/14.jpg"}, {"prediction": "dSGi-AS", "ground truth": "DSG1-AS1", "image path": "test_imgs/15.jpg"}, {"prediction": "Rnas5S", "ground truth": "RNA5SP480", "image path": "test_imgs/16.jpg"}, {"prediction": "<1NCoO1", "ground truth": "LINC01070", "image path": "test_imgs/17.jpg"}, {"prediction": "LINC01785", "ground truth": "LINC01785", "image path": "test_imgs/18.jpg"}, {"prediction": "mVR", "ground truth": "MVK", "image path": "test_imgs/19.jpg"}, {"prediction": "PANKe", "ground truth": "PANK1", "image path": "test_imgs/20.jpg"}, {"prediction": "ercc6", "ground truth": "ERCC6", "image path": "test_imgs/21.jpg"}, {"prediction": "ante", "ground truth": "RPL29P6", "image path": "test_imgs/22.jpg"}, {"prediction": "tas2r62", "ground truth": "TAS2R62P", "image path": "test_imgs/23.jpg"}, {"prediction": "rad54L2P1", "ground truth": "RAD54L2P1", "image path": "test_imgs/24.jpg"}, {"prediction": "messa", "ground truth": "DNAJC3-DT", "image path": "test_imgs/25.jpg"}, {"prediction": "rN7sL602P", "ground truth": "RN7SL602P", "image path": "test_imgs/26.jpg"}, {"prediction": "plekhn1", "ground truth": "PLEKHN1", "image path": "test_imgs/27.jpg"}, {"prediction": "ankrd44", "ground truth": "ANKRD44", "image path": "test_imgs/28.jpg"}, {"prediction": "rnu6-4p", "ground truth": "RNU6-4P", "image path": "test_imgs/29.jpg"}, {"prediction": "ogreD", "ground truth": "ADGRE4P", "image path": "test_imgs/30.jpg"}, {"prediction": "mansc1", "ground truth": "MANSC1", "image path": "test_imgs/31.jpg"}, {"prediction": "rn7sl50p", "ground truth": "RN7SL50P", "image path": "test_imgs/32.jpg"}, {"prediction": "HMGNIP2", "ground truth": "HMGN1P27", "image path": "test_imgs/33.jpg"}, {"prediction": "mir520a", "ground truth": "MIR520A", "image path": "test_imgs/34.jpg"}, {"prediction": "slC20aip1", "ground truth": "SLC20A1P1", "image path": "test_imgs/35.jpg"}, {"prediction": "-", "ground truth": "MIR1290", "image path": "test_imgs/36.jpg"}, {"prediction": "coriri", "ground truth": "OR1R1P", "image path": "test_imgs/37.jpg"}, {"prediction": "oPrD1", "ground truth": "OPRD1", "image path": "test_imgs/38.jpg"}, {"prediction": "myo1a", "ground truth": "MYO1A", "image path": "test_imgs/39.jpg"}, {"prediction": "TBx2", "ground truth": "TBX2", "image path": "test_imgs/40.jpg"}, {"prediction": "ramacI", "ground truth": "RAMACL", "image path": "test_imgs/41.jpg"}, {"prediction": "smyd3-tt", "ground truth": "SMYD3-IT1", "image path": "test_imgs/42.jpg"}, {"prediction": "dynll1p2", "ground truth": "DYNLL1P2", "image path": "test_imgs/43.jpg"}, {"prediction": "MANCR", "ground truth": "MANCR", "image path": "test_imgs/44.jpg"}, {"prediction": "lig1", "ground truth": "LIG1", "image path": "test_imgs/45.jpg"}, {"prediction": "rnug--33", "ground truth": "RNU6-833P", "image path": "test_imgs/46.jpg"}, {"prediction": "o", "ground truth": "CCDC17", "image path": "test_imgs/47.jpg"}, {"prediction": "ndrG2", "ground truth": "NDRG2", "image path": "test_imgs/48.jpg"}, {"prediction": "RBM39", "ground truth": "RBM39", "image path": "test_imgs/49.jpg"}, {"prediction": "mir892", "ground truth": "MIR892A", "image path": "test_imgs/50.jpg"}, {"prediction": "aAM30B", "ground truth": "FAM30B", "image path": "test_imgs/51.jpg"}, {"prediction": "gal3st2", "ground truth": "GAL3ST2", "image path": "test_imgs/52.jpg"}, {"prediction": "fro", "ground truth": "GPATCH1", "image path": "test_imgs/53.jpg"}, {"prediction": "aroo", "ground truth": "MYOM2", "image path": "test_imgs/54.jpg"}, {"prediction": "hmgn1P27", "ground truth": "HMGN1P27", "image path": "test_imgs/55.jpg"}, {"prediction": "psa", "ground truth": "PSAP", "image path": "test_imgs/56.jpg"}, {"prediction": "H28w", "ground truth": "H2BW1", "image path": "test_imgs/57.jpg"}, {"prediction": "e", "ground truth": "PNLIP", "image path": "test_imgs/58.jpg"}, {"prediction": "gnpda1", "ground truth": "GNPDA1", "image path": "test_imgs/59.jpg"}, {"prediction": "thbs3-AS1", "ground truth": "THBS3-AS1", "image path": "test_imgs/60.jpg"}, {"prediction": "rnu6-477P", "ground truth": "RNU6-477P", "image path": "test_imgs/61.jpg"}, {"prediction": "or8g5", "ground truth": "OR8G5", "image path": "test_imgs/62.jpg"}, {"prediction": "nnomo", "ground truth": "NOMO3", "image path": "test_imgs/63.jpg"}, {"prediction": "rPl27aP", "ground truth": "RPL27AP", "image path": "test_imgs/64.jpg"}, {"prediction": "rpL23AP90", "ground truth": "RPL23AP90", "image path": "test_imgs/65.jpg"}, {"prediction": "bage", "ground truth": "BAGE", "image path": "test_imgs/66.jpg"}, {"prediction": "aos", "ground truth": "SLC38A10", "image path": "test_imgs/67.jpg"}, {"prediction": "pmS2CL", "ground truth": "PMS2CL", "image path": "test_imgs/68.jpg"}, {"prediction": "annN2", "ground truth": "HAND2", "image path": "test_imgs/69.jpg"}, {"prediction": "EEf1a1p19", "ground truth": "EEF1A1P19", "image path": "test_imgs/70.jpg"}, {"prediction": "slC2a9", "ground truth": "SLC2A9", "image path": "test_imgs/71.jpg"}, {"prediction": "aeKsgr", "ground truth": "ANKRD54P1", "image path": "test_imgs/72.jpg"}, {"prediction": "lincO1774", "ground truth": "LINC01774", "image path": "test_imgs/73.jpg"}, {"prediction": "grin2b", "ground truth": "GRIN2B", "image path": "test_imgs/74.jpg"}, {"prediction": "-", "ground truth": "TMED10P1", "image path": "test_imgs/75.jpg"}, {"prediction": "mir4661", "ground truth": "MIR4661", "image path": "test_imgs/76.jpg"}, {"prediction": "tmem167B", "ground truth": "TMEM167B", "image path": "test_imgs/77.jpg"}, {"prediction": "an", "ground truth": "CHCHD4P2", "image path": "test_imgs/78.jpg"}, {"prediction": "Nup35p2", "ground truth": "NUP35P2", "image path": "test_imgs/79.jpg"}, {"prediction": "wdr82p2", "ground truth": "WDR82P2", "image path": "test_imgs/80.jpg"}, {"prediction": "incoosed", "ground truth": "LINC00596", "image path": "test_imgs/81.jpg"}, {"prediction": "fam227B", "ground truth": "FAM227B", "image path": "test_imgs/82.jpg"}, {"prediction": "the", "ground truth": "CCNO", "image path": "test_imgs/83.jpg"}, {"prediction": "wns", "ground truth": "RNU5F-5P", "image path": "test_imgs/84.jpg"}, {"prediction": "anff88", "ground truth": "ZNF780A", "image path": "test_imgs/85.jpg"}, {"prediction": "mefp2", "ground truth": "MFFP2", "image path": "test_imgs/86.jpg"}, {"prediction": "ano7l1", "ground truth": "ANO7L1", "image path": "test_imgs/87.jpg"}, {"prediction": "gpr15", "ground truth": "GPR15", "image path": "test_imgs/88.jpg"}, {"prediction": "dlgGI-AS", "ground truth": "DLG1-AS1", "image path": "test_imgs/89.jpg"}, {"prediction": "lyl1", "ground truth": "LYL1", "image path": "test_imgs/90.jpg"}, {"prediction": "dgKO", "ground truth": "DGKQ", "image path": "test_imgs/91.jpg"}, {"prediction": "the", "ground truth": "CSTP1", "image path": "test_imgs/92.jpg"}, {"prediction": "ppiap11", "ground truth": "PPIAP11", "image path": "test_imgs/93.jpg"}, {"prediction": "nkx2-1-AS1", "ground truth": "NKX2-1-AS1", "image path": "test_imgs/94.jpg"}, {"prediction": "znF674-AS:", "ground truth": "ZNF674-AS1", "image path": "test_imgs/95.jpg"}, {"prediction": "neurog3", "ground truth": "NEUROG3", "image path": "test_imgs/96.jpg"}, {"prediction": "pLAC9", "ground truth": "PLAC9", "image path": "test_imgs/97.jpg"}, {"prediction": "IraGIasi", "ground truth": "IRAG1-AS1", "image path": "test_imgs/98.jpg"}, {"prediction": "or6j1", "ground truth": "OR6J1", "image path": "test_imgs/99.jpg"}, {"prediction": "rpl31p8", "ground truth": "RPL31P8", "image path": "test_imgs/100.jpg"}, {"prediction": "hmhbi", "ground truth": "HMHB1", "image path": "test_imgs/101.jpg"}, {"prediction": "Inc01000", "ground truth": "LINC01003", "image path": "test_imgs/102.jpg"}, {"prediction": "uDEZvir", "ground truth": "UBE2V1P6", "image path": "test_imgs/103.jpg"}, {"prediction": "dnstri1u1", "ground truth": "RNU6-1134P", "image path": "test_imgs/104.jpg"}, {"prediction": "linco1653", "ground truth": "LINC01653", "image path": "test_imgs/105.jpg"}, {"prediction": "rabGgtb", "ground truth": "RABGGTB", "image path": "test_imgs/106.jpg"}, {"prediction": "or52n5", "ground truth": "OR52N5", "image path": "test_imgs/107.jpg"}, {"prediction": "or2WAP", "ground truth": "OR2W4P", "image path": "test_imgs/108.jpg"}, {"prediction": "klHl23", "ground truth": "KLHL23", "image path": "test_imgs/109.jpg"}, {"prediction": "atga", "ground truth": "ATG4AP1", "image path": "test_imgs/110.jpg"}, {"prediction": "and", "ground truth": "FAM107A", "image path": "test_imgs/111.jpg"}, {"prediction": "Line", "ground truth": "MIR3170", "image path": "test_imgs/112.jpg"}, {"prediction": "smantis", "ground truth": "SMANTIS", "image path": "test_imgs/113.jpg"}, {"prediction": "cdrt15pi", "ground truth": "CDRT15P1", "image path": "test_imgs/114.jpg"}, {"prediction": "ASXL2", "ground truth": "ASXL2", "image path": "test_imgs/115.jpg"}, {"prediction": "sqle-D", "ground truth": "SQLE-DT", "image path": "test_imgs/116.jpg"}, {"prediction": "rn7sl57p", "ground truth": "RN7SL57P", "image path": "test_imgs/117.jpg"}, {"prediction": "prrg2", "ground truth": "PRRG2", "image path": "test_imgs/118.jpg"}, {"prediction": "pFkl", "ground truth": "PFKL", "image path": "test_imgs/119.jpg"}, {"prediction": "LPaR6", "ground truth": "LPAR6", "image path": "test_imgs/120.jpg"}, {"prediction": "pabpcip10", "ground truth": "PABPC1P10", "image path": "test_imgs/121.jpg"}, {"prediction": "can", "ground truth": "CC2D2B", "image path": "test_imgs/122.jpg"}, {"prediction": "Fbx048", "ground truth": "FBXO48", "image path": "test_imgs/123.jpg"}, {"prediction": "mTnd1p32", "ground truth": "MTND1P32", "image path": "test_imgs/124.jpg"}, {"prediction": "rplISAPi7", "ground truth": "RPL18AP17", "image path": "test_imgs/125.jpg"}, {"prediction": "himnniaA", "ground truth": "HMGN2P45", "image path": "test_imgs/126.jpg"}, {"prediction": "rPL31P23", "ground truth": "RPL31P23", "image path": "test_imgs/127.jpg"}, {"prediction": "men", "ground truth": "RNU1-83P", "image path": "test_imgs/128.jpg"}, {"prediction": "rab", "ground truth": "RAB44", "image path": "test_imgs/129.jpg"}, {"prediction": "tre", "ground truth": "RNU6-409P", "image path": "test_imgs/130.jpg"}, {"prediction": "gapdhp14", "ground truth": "GAPDHP14", "image path": "test_imgs/131.jpg"}, {"prediction": "setp1", "ground truth": "SETP1", "image path": "test_imgs/132.jpg"}, {"prediction": "Cree", "ground truth": "MIRLET7F2", "image path": "test_imgs/133.jpg"}, {"prediction": "fRAtiB", "ground truth": "FRA11B", "image path": "test_imgs/134.jpg"}, {"prediction": "mish", "ground truth": "MISP", "image path": "test_imgs/135.jpg"}, {"prediction": "tdrGd", "ground truth": "TDRG1", "image path": "test_imgs/136.jpg"}, {"prediction": "linc02012", "ground truth": "LINC02012", "image path": "test_imgs/137.jpg"}, {"prediction": "mir7156", "ground truth": "MIR7156", "image path": "test_imgs/138.jpg"}, {"prediction": "incut", "ground truth": "LINC01079", "image path": "test_imgs/139.jpg"}, {"prediction": "ths", "ground truth": "IGSF21", "image path": "test_imgs/140.jpg"}, {"prediction": "-Rr", "ground truth": "RERG", "image path": "test_imgs/141.jpg"}, {"prediction": "rna5sp489", "ground truth": "RNA5SP489", "image path": "test_imgs/142.jpg"}, {"prediction": "pabpctp", "ground truth": "PABPC1P13", "image path": "test_imgs/143.jpg"}, {"prediction": "acer2", "ground truth": "ACER2", "image path": "test_imgs/144.jpg"}, {"prediction": "RPL31P8", "ground truth": "RPL31P39", "image path": "test_imgs/145.jpg"}, {"prediction": "rasL12", "ground truth": "RASL12", "image path": "test_imgs/146.jpg"}, {"prediction": "hhipl2", "ground truth": "HHIPL2", "image path": "test_imgs/147.jpg"}, {"prediction": "wac", "ground truth": "WAC", "image path": "test_imgs/148.jpg"}, {"prediction": "posae1", "ground truth": "PMS2P14", "image path": "test_imgs/149.jpg"}, {"prediction": "fosb", "ground truth": "FOSB", "image path": "test_imgs/150.jpg"}, {"prediction": "tmem186", "ground truth": "TMEM186", "image path": "test_imgs/151.jpg"}, {"prediction": "gmds", "ground truth": "GMDS", "image path": "test_imgs/152.jpg"}, {"prediction": "cdc27", "ground truth": "CDC27P1", "image path": "test_imgs/153.jpg"}, {"prediction": "glis2-AS", "ground truth": "GLIS2-AS1", "image path": "test_imgs/154.jpg"}, {"prediction": "MiR125", "ground truth": "MIR1251", "image path": "test_imgs/155.jpg"}, {"prediction": "rPL37p17", "ground truth": "RPL37P17", "image path": "test_imgs/156.jpg"}, {"prediction": "emilING", "ground truth": "EMILIN1", "image path": "test_imgs/157.jpg"}, {"prediction": "rela", "ground truth": "RELA", "image path": "test_imgs/158.jpg"}, {"prediction": "rnu6-70", "ground truth": "RNU6-70P", "image path": "test_imgs/159.jpg"}, {"prediction": "m", "ground truth": "MTND2P38", "image path": "test_imgs/160.jpg"}, {"prediction": "rpl22", "ground truth": "RPL22", "image path": "test_imgs/161.jpg"}, {"prediction": "-", "ground truth": "CYP2C58P", "image path": "test_imgs/162.jpg"}, {"prediction": "msantd", "ground truth": "MSANTD7", "image path": "test_imgs/163.jpg"}, {"prediction": "new", "ground truth": "RNU2-34P", "image path": "test_imgs/164.jpg"}, {"prediction": "toe", "ground truth": "POLDIP2", "image path": "test_imgs/165.jpg"}, {"prediction": "pabpn1L", "ground truth": "PABPN1L", "image path": "test_imgs/166.jpg"}, {"prediction": "and", "ground truth": "MIR6801", "image path": "test_imgs/167.jpg"}, {"prediction": "arHgaaa", "ground truth": "ARHGAP42P4", "image path": "test_imgs/168.jpg"}, {"prediction": "rnu6-1235P", "ground truth": "RNU6-1235P", "image path": "test_imgs/169.jpg"}, {"prediction": "siRe", "ground truth": "MIR1302-2", "image path": "test_imgs/170.jpg"}, {"prediction": "PUDP", "ground truth": "PUDP", "image path": "test_imgs/171.jpg"}, {"prediction": "ACVR2B-AS1", "ground truth": "ACVR2B-AS1", "image path": "test_imgs/172.jpg"}, {"prediction": "t", "ground truth": "G2E3-AS1", "image path": "test_imgs/173.jpg"}, {"prediction": "rna5sp164", "ground truth": "RNA5SP164", "image path": "test_imgs/174.jpg"}, {"prediction": "snora11g", "ground truth": "SNORA11G", "image path": "test_imgs/175.jpg"}, {"prediction": "7nf419", "ground truth": "ZNF419", "image path": "test_imgs/176.jpg"}, {"prediction": "irgviI", "ground truth": "TRGV11", "image path": "test_imgs/177.jpg"}, {"prediction": "znf222", "ground truth": "ZNF222", "image path": "test_imgs/178.jpg"}, {"prediction": "rpl21p24", "ground truth": "RPL21P24", "image path": "test_imgs/179.jpg"}, {"prediction": "clec40p", "ground truth": "CLEC4OP", "image path": "test_imgs/180.jpg"}, {"prediction": "LinCOO710", "ground truth": "LINC00710", "image path": "test_imgs/181.jpg"}, {"prediction": "Zhe72", "ground truth": "ZNF723", "image path": "test_imgs/182.jpg"}, {"prediction": "tex", "ground truth": "TBX5", "image path": "test_imgs/183.jpg"}, {"prediction": "kRT73", "ground truth": "KRT73", "image path": "test_imgs/184.jpg"}, {"prediction": "myl7", "ground truth": "MYL7", "image path": "test_imgs/185.jpg"}, {"prediction": "trtyr", "ground truth": "TTTY13C", "image path": "test_imgs/186.jpg"}, {"prediction": "rps26p14", "ground truth": "RPS26P14", "image path": "test_imgs/187.jpg"}, {"prediction": "osbpl2", "ground truth": "OSBPL2", "image path": "test_imgs/188.jpg"}, {"prediction": "trim6op3y", "ground truth": "TRIM60P3Y", "image path": "test_imgs/189.jpg"}, {"prediction": "rxfp4", "ground truth": "RXFP4", "image path": "test_imgs/190.jpg"}, {"prediction": "rn7sl826p", "ground truth": "RN7SL826P", "image path": "test_imgs/191.jpg"}, {"prediction": "uQcr11", "ground truth": "UQCR11", "image path": "test_imgs/192.jpg"}, {"prediction": "galntl6-AST", "ground truth": "GALNTL6-AS1", "image path": "test_imgs/193.jpg"}, {"prediction": "rnu6atac35p", "ground truth": "RNU6ATAC35P", "image path": "test_imgs/194.jpg"}, {"prediction": "a", "ground truth": "LINC01165", "image path": "test_imgs/195.jpg"}, {"prediction": "-", "ground truth": "DLX6-AS1", "image path": "test_imgs/196.jpg"}, {"prediction": "rps3ap54", "ground truth": "RPS3AP54", "image path": "test_imgs/197.jpg"}, {"prediction": "acs", "ground truth": "ACSM1", "image path": "test_imgs/198.jpg"}, {"prediction": "iglV3-31", "ground truth": "IGLV3-31", "image path": "test_imgs/199.jpg"}, {"prediction": "HNRNPA1p61", "ground truth": "HNRNPA1P61", "image path": "test_imgs/200.jpg"}, {"prediction": "lincO1242", "ground truth": "LINC01242", "image path": "test_imgs/201.jpg"}, {"prediction": "faM74ag", "ground truth": "FAM74A6", "image path": "test_imgs/202.jpg"}, {"prediction": "cnnm2", "ground truth": "CNNM2", "image path": "test_imgs/203.jpg"}, {"prediction": "znhit3", "ground truth": "ZNHIT3", "image path": "test_imgs/204.jpg"}, {"prediction": "plac9", "ground truth": "PLAC9", "image path": "test_imgs/205.jpg"}, {"prediction": "linc01550", "ground truth": "LINC01550", "image path": "test_imgs/206.jpg"}, {"prediction": "rnf157", "ground truth": "RNF157", "image path": "test_imgs/207.jpg"}, {"prediction": "ECHSD2", "ground truth": "FCHSD2", "image path": "test_imgs/208.jpg"}, {"prediction": "tafaI", "ground truth": "TAFA1", "image path": "test_imgs/209.jpg"}, {"prediction": "an", "ground truth": "NDUFA5P6", "image path": "test_imgs/210.jpg"}, {"prediction": "linco2547", "ground truth": "LINC02547", "image path": "test_imgs/211.jpg"}, {"prediction": "mettl4", "ground truth": "METTL4", "image path": "test_imgs/212.jpg"}, {"prediction": "rad51d", "ground truth": "RAD51D", "image path": "test_imgs/213.jpg"}, {"prediction": "snord169", "ground truth": "SNORD169", "image path": "test_imgs/214.jpg"}, {"prediction": "tmem1", "ground truth": "TMEM191B", "image path": "test_imgs/215.jpg"}, {"prediction": "7fAND2A-D", "ground truth": "ZFAND2A-DT", "image path": "test_imgs/216.jpg"}, {"prediction": "rn7sl.25", "ground truth": "RN7SL254P", "image path": "test_imgs/217.jpg"}, {"prediction": "lincc2291", "ground truth": "LINC02791", "image path": "test_imgs/218.jpg"}, {"prediction": "HrK", "ground truth": "HRK", "image path": "test_imgs/219.jpg"}, {"prediction": "eya2-AS1", "ground truth": "EYA2-AS1", "image path": "test_imgs/220.jpg"}, {"prediction": "the", "ground truth": "KLF17P1", "image path": "test_imgs/221.jpg"}, {"prediction": "sone", "ground truth": "RPL13AP22", "image path": "test_imgs/222.jpg"}, {"prediction": "Or6X1", "ground truth": "OR6X1", "image path": "test_imgs/223.jpg"}, {"prediction": "<n33rr", "ground truth": "FN3KRP", "image path": "test_imgs/224.jpg"}, {"prediction": "sTR>", "ground truth": "SSTR1", "image path": "test_imgs/225.jpg"}, {"prediction": "tre", "ground truth": "TRI-GAT1-2", "image path": "test_imgs/226.jpg"}, {"prediction": "MSL3P1", "ground truth": "MSL3P1", "image path": "test_imgs/227.jpg"}, {"prediction": "seesa", "ground truth": "EEF1A1P16", "image path": "test_imgs/228.jpg"}, {"prediction": "elen1-AS1", "ground truth": "ELFN1-AS1", "image path": "test_imgs/229.jpg"}, {"prediction": "rnu6-739P", "ground truth": "RNU6-739P", "image path": "test_imgs/230.jpg"}, {"prediction": "linc01878", "ground truth": "LINC01878", "image path": "test_imgs/231.jpg"}, {"prediction": "rpl10p2", "ground truth": "RPL10P2", "image path": "test_imgs/232.jpg"}, {"prediction": "-", "ground truth": "NBPF25P", "image path": "test_imgs/233.jpg"}, {"prediction": "NME", "ground truth": "NME1", "image path": "test_imgs/234.jpg"}, {"prediction": "renbp", "ground truth": "RENBP", "image path": "test_imgs/235.jpg"}, {"prediction": "rRNU6225P", "ground truth": "RNU6-255P", "image path": "test_imgs/236.jpg"}, {"prediction": "mMGSTS", "ground truth": "MGST3", "image path": "test_imgs/237.jpg"}, {"prediction": "npm1p30", "ground truth": "NPM1P30", "image path": "test_imgs/238.jpg"}, {"prediction": "mirS", "ground truth": "MIR598", "image path": "test_imgs/239.jpg"}, {"prediction": "nne2", "ground truth": "ZNF286B", "image path": "test_imgs/240.jpg"}, {"prediction": "and", "ground truth": "MTRNR2L5", "image path": "test_imgs/241.jpg"}, {"prediction": "sf33", "ground truth": "SF3B6", "image path": "test_imgs/242.jpg"}, {"prediction": "snORA14", "ground truth": "SNORA14A", "image path": "test_imgs/243.jpg"}, {"prediction": "mir5a8a", "ground truth": "MIR548AI", "image path": "test_imgs/244.jpg"}, {"prediction": "_rkarRapP", "ground truth": "PRKAR1AP1", "image path": "test_imgs/245.jpg"}, {"prediction": "plCb", "ground truth": "PLCB3", "image path": "test_imgs/246.jpg"}, {"prediction": "B3gaLnTs", "ground truth": "B3GALNT2", "image path": "test_imgs/247.jpg"}, {"prediction": "Bibdy", "ground truth": "BTBD9", "image path": "test_imgs/248.jpg"}, {"prediction": "the", "ground truth": "TRAFD1", "image path": "test_imgs/249.jpg"}, {"prediction": "and", "ground truth": "MAGEA7P", "image path": "test_imgs/250.jpg"}, {"prediction": "ezh1", "ground truth": "EZH1", "image path": "test_imgs/251.jpg"}, {"prediction": "origin", "ground truth": "OR9G2P", "image path": "test_imgs/252.jpg"}, {"prediction": "reg3g", "ground truth": "REG3G", "image path": "test_imgs/253.jpg"}, {"prediction": "CIMD2", "ground truth": "LIMD2", "image path": "test_imgs/254.jpg"}, {"prediction": "kdm2a", "ground truth": "KDM2A", "image path": "test_imgs/255.jpg"}, {"prediction": "<nc0223", "ground truth": "LINC02938", "image path": "test_imgs/256.jpg"}, {"prediction": "and", "ground truth": "TAS2R15P", "image path": "test_imgs/257.jpg"}, {"prediction": "psma", "ground truth": "PSMA1", "image path": "test_imgs/258.jpg"}, {"prediction": "Sen", "ground truth": "RNA5SP318", "image path": "test_imgs/259.jpg"}, {"prediction": "a", "ground truth": "RPL21P96", "image path": "test_imgs/260.jpg"}, {"prediction": "maPRE3", "ground truth": "MAPRE3", "image path": "test_imgs/261.jpg"}, {"prediction": "mtnd5p44", "ground truth": "MTND5P44", "image path": "test_imgs/262.jpg"}, {"prediction": "ak5", "ground truth": "AK5", "image path": "test_imgs/263.jpg"}, {"prediction": "bmsIP", "ground truth": "BMS1P9", "image path": "test_imgs/264.jpg"}, {"prediction": "MYbPC,", "ground truth": "MYBPC3", "image path": "test_imgs/265.jpg"}, {"prediction": "sne", "ground truth": "LINC01558", "image path": "test_imgs/266.jpg"}, {"prediction": "ptbpip", "ground truth": "PTBP1P", "image path": "test_imgs/267.jpg"}, {"prediction": "ornu4--5", "ground truth": "RNU4-35P", "image path": "test_imgs/268.jpg"}, {"prediction": "nsmce2", "ground truth": "NSMCE2", "image path": "test_imgs/269.jpg"}, {"prediction": "igkvid12", "ground truth": "IGKV1D-12", "image path": "test_imgs/270.jpg"}, {"prediction": "rnu6atac15p", "ground truth": "RNU6ATAC15P", "image path": "test_imgs/271.jpg"}, {"prediction": "rpl12P4", "ground truth": "RPL12P4", "image path": "test_imgs/272.jpg"}, {"prediction": "srD5A1", "ground truth": "SRD5A1", "image path": "test_imgs/273.jpg"}, {"prediction": "rps26p1", "ground truth": "RPS26P1", "image path": "test_imgs/274.jpg"}, {"prediction": "andaa", "ground truth": "AIDAP2", "image path": "test_imgs/275.jpg"}, {"prediction": "col4a3", "ground truth": "COL4A3", "image path": "test_imgs/276.jpg"}, {"prediction": "(FNL4", "ground truth": "IFNL4", "image path": "test_imgs/277.jpg"}, {"prediction": "wDr75", "ground truth": "WDR75", "image path": "test_imgs/278.jpg"}, {"prediction": "rn7sL242P", "ground truth": "RN7SL242P", "image path": "test_imgs/279.jpg"}, {"prediction": "aa2", "ground truth": "CA2", "image path": "test_imgs/280.jpg"}, {"prediction": "all", "ground truth": "CMA1", "image path": "test_imgs/281.jpg"}, {"prediction": "the", "ground truth": "IKZF1", "image path": "test_imgs/282.jpg"}, {"prediction": "snordIsE", "ground truth": "SNORD88B", "image path": "test_imgs/283.jpg"}, {"prediction": "Distul", "ground truth": "HSD11B1-AS1", "image path": "test_imgs/284.jpg"}, {"prediction": "tmem165", "ground truth": "TMEM165", "image path": "test_imgs/285.jpg"}, {"prediction": "zbtbA7-AS", "ground truth": "ZBTB47-AS1", "image path": "test_imgs/286.jpg"}, {"prediction": "snx2", "ground truth": "SNX2", "image path": "test_imgs/287.jpg"}, {"prediction": "c2orf83", "ground truth": "C2orf83", "image path": "test_imgs/288.jpg"}, {"prediction": "Dennd2b-AS", "ground truth": "DENND2B-AS1", "image path": "test_imgs/289.jpg"}, {"prediction": "txlngy", "ground truth": "TXLNGY", "image path": "test_imgs/290.jpg"}, {"prediction": "rimklbp2", "ground truth": "RIMKLBP2", "image path": "test_imgs/291.jpg"}, {"prediction": "Map4K3-D", "ground truth": "MAP4K3-DT", "image path": "test_imgs/292.jpg"}, {"prediction": "mir1297", "ground truth": "MIR1297", "image path": "test_imgs/293.jpg"}, {"prediction": "rrn77-41", "ground truth": "RNU7-41P", "image path": "test_imgs/294.jpg"}, {"prediction": "tee", "ground truth": "TEX21P", "image path": "test_imgs/295.jpg"}, {"prediction": "krtis", "ground truth": "KRT18", "image path": "test_imgs/296.jpg"}, {"prediction": "pars1", "ground truth": "RARS1", "image path": "test_imgs/297.jpg"}, {"prediction": "mtnd2P36", "ground truth": "MTND2P36", "image path": "test_imgs/298.jpg"}, {"prediction": "sLc24a3aAS", "ground truth": "SLC24A3-AS1", "image path": "test_imgs/299.jpg"}, {"prediction": "rMI", "ground truth": "RMI1", "image path": "test_imgs/300.jpg"}, {"prediction": "igkv30r2-5", "ground truth": "IGKV3OR2-5", "image path": "test_imgs/301.jpg"}, {"prediction": "plekha3pi", "ground truth": "PLEKHA3P1", "image path": "test_imgs/302.jpg"}, {"prediction": "pro", "ground truth": "SCGB2A2", "image path": "test_imgs/303.jpg"}, {"prediction": "rap1bP1", "ground truth": "RAP1BP1", "image path": "test_imgs/304.jpg"}, {"prediction": "ssbL3p", "ground truth": "SSBL3P", "image path": "test_imgs/305.jpg"}, {"prediction": "arglu1", "ground truth": "ARGLU1", "image path": "test_imgs/306.jpg"}, {"prediction": "LrRN3", "ground truth": "LRRN3", "image path": "test_imgs/307.jpg"}, {"prediction": "mir54813", "ground truth": "MIR548I3", "image path": "test_imgs/308.jpg"}, {"prediction": "snrnp40", "ground truth": "SNRNP40", "image path": "test_imgs/309.jpg"}, {"prediction": "slc45a3", "ground truth": "SLC45A3", "image path": "test_imgs/310.jpg"}, {"prediction": "Upp", "ground truth": "UPP1", "image path": "test_imgs/311.jpg"}, {"prediction": "sen", "ground truth": "TRERF1", "image path": "test_imgs/312.jpg"}, {"prediction": "a", "ground truth": "MAP4K5", "image path": "test_imgs/313.jpg"}, {"prediction": "Senps", "ground truth": "SENP1", "image path": "test_imgs/314.jpg"}, {"prediction": "defb129", "ground truth": "DEFB129", "image path": "test_imgs/315.jpg"}, {"prediction": "mir1502-10", "ground truth": "MIR1302-10", "image path": "test_imgs/316.jpg"}, {"prediction": "finn", "ground truth": "FLNC", "image path": "test_imgs/317.jpg"}, {"prediction": "ca3", "ground truth": "CA3", "image path": "test_imgs/318.jpg"}, {"prediction": "[RNsSTE", "ground truth": "RN7SL68P", "image path": "test_imgs/319.jpg"}, {"prediction": "the", "ground truth": "HNRNPCP10", "image path": "test_imgs/320.jpg"}, {"prediction": "frzb", "ground truth": "FRZB", "image path": "test_imgs/321.jpg"}, {"prediction": "clk4", "ground truth": "CLK4", "image path": "test_imgs/322.jpg"}, {"prediction": "tmx3", "ground truth": "TMX3", "image path": "test_imgs/323.jpg"}, {"prediction": "rNa5S13", "ground truth": "RNA5S13", "image path": "test_imgs/324.jpg"}, {"prediction": "rpl26p9", "ground truth": "RPL26P9", "image path": "test_imgs/325.jpg"}, {"prediction": "and", "ground truth": "IGHV1-69D", "image path": "test_imgs/326.jpg"}, {"prediction": "hotairm", "ground truth": "HOTAIRM1", "image path": "test_imgs/327.jpg"}, {"prediction": "siglec31p", "ground truth": "SIGLEC31P", "image path": "test_imgs/328.jpg"}, {"prediction": "-", "ground truth": "IL17D", "image path": "test_imgs/329.jpg"}, {"prediction": "dsc3", "ground truth": "DSC3", "image path": "test_imgs/330.jpg"}, {"prediction": "ndufa6-D", "ground truth": "NDUFA6-DT", "image path": "test_imgs/331.jpg"}, {"prediction": "wbp1p2", "ground truth": "WBP1P2", "image path": "test_imgs/332.jpg"}, {"prediction": "mir492", "ground truth": "MIR492", "image path": "test_imgs/333.jpg"}, {"prediction": "scd", "ground truth": "SCD", "image path": "test_imgs/334.jpg"}, {"prediction": "mIR12132", "ground truth": "MIR12132", "image path": "test_imgs/335.jpg"}, {"prediction": "KnE7", "ground truth": "RNU7-125P", "image path": "test_imgs/336.jpg"}, {"prediction": "ctnnd2", "ground truth": "CTNND2", "image path": "test_imgs/337.jpg"}, {"prediction": "rg1", "ground truth": "FRG1", "image path": "test_imgs/338.jpg"}, {"prediction": "mTnd2p16", "ground truth": "MTND2P16", "image path": "test_imgs/339.jpg"}, {"prediction": "rab6a", "ground truth": "RAB6A", "image path": "test_imgs/340.jpg"}, {"prediction": "IGHV4-4", "ground truth": "IGHV4-4", "image path": "test_imgs/341.jpg"}, {"prediction": "a", "ground truth": "MIR6870", "image path": "test_imgs/342.jpg"}, {"prediction": "the", "ground truth": "ADAMTS9", "image path": "test_imgs/343.jpg"}, {"prediction": "or7e148p", "ground truth": "OR7E148P", "image path": "test_imgs/344.jpg"}, {"prediction": "rpLIsap2G", "ground truth": "RPL23AP27", "image path": "test_imgs/345.jpg"}, {"prediction": "<HSPAsP", "ground truth": "HSPA8P17", "image path": "test_imgs/346.jpg"}, {"prediction": "rpl29p24", "ground truth": "RPL29P24", "image path": "test_imgs/347.jpg"}, {"prediction": "tifab", "ground truth": "TIFAB", "image path": "test_imgs/348.jpg"}, {"prediction": "dennd5", "ground truth": "DENND5B", "image path": "test_imgs/349.jpg"}, {"prediction": "Or52b2", "ground truth": "OR52B2", "image path": "test_imgs/350.jpg"}, {"prediction": "brD7P6", "ground truth": "BRD7P6", "image path": "test_imgs/351.jpg"}, {"prediction": "gnpatp", "ground truth": "GNPATP", "image path": "test_imgs/352.jpg"}, {"prediction": "rnaSsp272", "ground truth": "RNA5SP272", "image path": "test_imgs/353.jpg"}, {"prediction": "sirt7", "ground truth": "SIRT7", "image path": "test_imgs/354.jpg"}, {"prediction": "PCdHgb2", "ground truth": "PCDHGB2", "image path": "test_imgs/355.jpg"}, {"prediction": "linco1070", "ground truth": "LINC01070", "image path": "test_imgs/356.jpg"}, {"prediction": "aldh3a2", "ground truth": "ALDH3A2", "image path": "test_imgs/357.jpg"}, {"prediction": "and", "ground truth": "KIF19BP", "image path": "test_imgs/358.jpg"}, {"prediction": "mes", "ground truth": "MIR4645", "image path": "test_imgs/359.jpg"}, {"prediction": "tmem9b-AS1", "ground truth": "TMEM9B-AS1", "image path": "test_imgs/360.jpg"}, {"prediction": "osbplIa", "ground truth": "OSBPL1A", "image path": "test_imgs/361.jpg"}, {"prediction": "smcr5", "ground truth": "SMCR5", "image path": "test_imgs/362.jpg"}, {"prediction": "Ref6rence", "ground truth": "RNU6-823P", "image path": "test_imgs/363.jpg"}, {"prediction": "ahe", "ground truth": "TIGD5", "image path": "test_imgs/364.jpg"}, {"prediction": "higd1ap9", "ground truth": "HIGD1AP9", "image path": "test_imgs/365.jpg"}, {"prediction": "an", "ground truth": "ERVH-1", "image path": "test_imgs/366.jpg"}, {"prediction": "-", "ground truth": "PA2G4P2", "image path": "test_imgs/367.jpg"}, {"prediction": "or5m2p", "ground truth": "OR5M2P", "image path": "test_imgs/368.jpg"}, {"prediction": "dnaJb5", "ground truth": "DNAJB5", "image path": "test_imgs/369.jpg"}, {"prediction": "and", "ground truth": "BICDL3P", "image path": "test_imgs/370.jpg"}, {"prediction": "pomididD", "ground truth": "PCMTD1-DT", "image path": "test_imgs/371.jpg"}, {"prediction": "lATP5F1pP", "ground truth": "ATP5F1AP4", "image path": "test_imgs/372.jpg"}, {"prediction": "fCf18", "ground truth": "FGF18", "image path": "test_imgs/373.jpg"}, {"prediction": "Rn7sL494p", "ground truth": "RN7SL494P", "image path": "test_imgs/374.jpg"}, {"prediction": "slC6A2", "ground truth": "SLC6A2", "image path": "test_imgs/375.jpg"}, {"prediction": "hapP", "ground truth": "HAP1", "image path": "test_imgs/376.jpg"}, {"prediction": "anyssS", "ground truth": "RN7SL503P", "image path": "test_imgs/377.jpg"}, {"prediction": "cox7C", "ground truth": "COX7C", "image path": "test_imgs/378.jpg"}, {"prediction": "lincO2926", "ground truth": "LINC02926", "image path": "test_imgs/379.jpg"}, {"prediction": "the", "ground truth": "GDF5", "image path": "test_imgs/380.jpg"}, {"prediction": "entB", "ground truth": "FNTB", "image path": "test_imgs/381.jpg"}, {"prediction": "fra2d", "ground truth": "FRA2D", "image path": "test_imgs/382.jpg"}, {"prediction": "rac1p8", "ground truth": "RAC1P8", "image path": "test_imgs/383.jpg"}, {"prediction": "apBB2", "ground truth": "APBB2", "image path": "test_imgs/384.jpg"}, {"prediction": "7DHhc20", "ground truth": "ZDHHC20", "image path": "test_imgs/385.jpg"}, {"prediction": "trbv23-1", "ground truth": "TRBV23-1", "image path": "test_imgs/386.jpg"}, {"prediction": "RNzsls", "ground truth": "RN7SL6P", "image path": "test_imgs/387.jpg"}, {"prediction": "or5m2p", "ground truth": "OR5M2P", "image path": "test_imgs/388.jpg"}, {"prediction": "ccampa-A", "ground truth": "SCAMP1-AS1", "image path": "test_imgs/389.jpg"}, {"prediction": "MIATPS", "ground truth": "MTATP8P2", "image path": "test_imgs/390.jpg"}, {"prediction": "rn-SKP", "ground truth": "RN7SKP2", "image path": "test_imgs/391.jpg"}, {"prediction": "dux4l39", "ground truth": "DUX4L39", "image path": "test_imgs/392.jpg"}, {"prediction": "sashe", "ground truth": "SASH3", "image path": "test_imgs/393.jpg"}, {"prediction": "caps/d", "ground truth": "CAPSL-DT", "image path": "test_imgs/394.jpg"}, {"prediction": "aep", "ground truth": "RPL7AP57", "image path": "test_imgs/395.jpg"}, {"prediction": "FBLIM1P1", "ground truth": "FBLIM1P1", "image path": "test_imgs/396.jpg"}, {"prediction": "rpl233p22", "ground truth": "RPL23AP27", "image path": "test_imgs/397.jpg"}, {"prediction": "camkid", "ground truth": "CAMK1D", "image path": "test_imgs/398.jpg"}, {"prediction": "rpL21P57", "ground truth": "RPL21P57", "image path": "test_imgs/399.jpg"}, {"prediction": "suc", "ground truth": "SLC7A11", "image path": "test_imgs/400.jpg"}, {"prediction": "seraar", "ground truth": "SEMA6B", "image path": "test_imgs/401.jpg"}, {"prediction": "D", "ground truth": "UQCRHP2", "image path": "test_imgs/402.jpg"}, {"prediction": "a", "ground truth": "LCE3D", "image path": "test_imgs/403.jpg"}, {"prediction": "lRrC37b", "ground truth": "LRRC37B", "image path": "test_imgs/404.jpg"}, {"prediction": "abca12", "ground truth": "ABCA12", "image path": "test_imgs/405.jpg"}, {"prediction": "linco183", "ground truth": "LINC01839", "image path": "test_imgs/406.jpg"}, {"prediction": "fam111b", "ground truth": "FAM111B", "image path": "test_imgs/407.jpg"}, {"prediction": "Pdkip2", "ground truth": "PDK1P2", "image path": "test_imgs/408.jpg"}, {"prediction": "rbm17Pd", "ground truth": "RBM17P1", "image path": "test_imgs/409.jpg"}, {"prediction": "linc01611", "ground truth": "LINC01611", "image path": "test_imgs/410.jpg"}, {"prediction": "miR368of", "ground truth": "MIR3689F", "image path": "test_imgs/411.jpg"}, {"prediction": "rna5sp478", "ground truth": "RNA5SP478", "image path": "test_imgs/412.jpg"}, {"prediction": "rps8p6", "ground truth": "RPS8P6", "image path": "test_imgs/413.jpg"}, {"prediction": "pcDHb17p", "ground truth": "PCDHB17P", "image path": "test_imgs/414.jpg"}, {"prediction": "ap3d", "ground truth": "AP3D1", "image path": "test_imgs/415.jpg"}, {"prediction": "tha", "ground truth": "RPS10P24", "image path": "test_imgs/416.jpg"}, {"prediction": "c2orf27a", "ground truth": "C2orf27A", "image path": "test_imgs/417.jpg"}, {"prediction": "cks1Bp5", "ground truth": "CKS1BP5", "image path": "test_imgs/418.jpg"}, {"prediction": "rmdn", "ground truth": "RMDN2", "image path": "test_imgs/419.jpg"}, {"prediction": "<oxcC1", "ground truth": "HOXC13", "image path": "test_imgs/420.jpg"}, {"prediction": "dBn1", "ground truth": "DBN1", "image path": "test_imgs/421.jpg"}, {"prediction": "Snx", "ground truth": "SNX7", "image path": "test_imgs/422.jpg"}, {"prediction": "rnu7-194P", "ground truth": "RNU7-194P", "image path": "test_imgs/423.jpg"}, {"prediction": "SLC04A1-AS2", "ground truth": "SLCO4A1-AS2", "image path": "test_imgs/424.jpg"}, {"prediction": "ptcd222", "ground truth": "PTCD2P2", "image path": "test_imgs/425.jpg"}, {"prediction": "Rps27p19", "ground truth": "RPS27P19", "image path": "test_imgs/426.jpg"}, {"prediction": "rn7sl100p", "ground truth": "RN7SL100P", "image path": "test_imgs/427.jpg"}, {"prediction": "exosc3p1", "ground truth": "EXOSC3P1", "image path": "test_imgs/428.jpg"}, {"prediction": "and", "ground truth": "RNU6-293P", "image path": "test_imgs/429.jpg"}, {"prediction": "rPL23ap25", "ground truth": "RPL23AP25", "image path": "test_imgs/430.jpg"}, {"prediction": "eyco", "ground truth": "FYCO1", "image path": "test_imgs/431.jpg"}, {"prediction": "/naaladLz", "ground truth": "NAALADL2", "image path": "test_imgs/432.jpg"}, {"prediction": "sho", "ground truth": "SHQ1", "image path": "test_imgs/433.jpg"}, {"prediction": "helt", "ground truth": "HELT", "image path": "test_imgs/434.jpg"}, {"prediction": "enho", "ground truth": "ENHO", "image path": "test_imgs/435.jpg"}, {"prediction": "lAMTOR5-ASt", "ground truth": "LAMTOR5-AS1", "image path": "test_imgs/436.jpg"}, {"prediction": "mir6802", "ground truth": "MIR6802", "image path": "test_imgs/437.jpg"}, {"prediction": "mir608", "ground truth": "MIR608", "image path": "test_imgs/438.jpg"}, {"prediction": "pN7sKP1", "ground truth": "RN7SKP132", "image path": "test_imgs/439.jpg"}, {"prediction": "the", "ground truth": "TSPO2", "image path": "test_imgs/440.jpg"}, {"prediction": "aRvCF", "ground truth": "ARVCF", "image path": "test_imgs/441.jpg"}, {"prediction": "arpp21as1", "ground truth": "ARPP21-AS1", "image path": "test_imgs/442.jpg"}, {"prediction": "a", "ground truth": "OR4Q3", "image path": "test_imgs/443.jpg"}, {"prediction": "rn7sl513p", "ground truth": "RN7SL513P", "image path": "test_imgs/444.jpg"}, {"prediction": "tgiF2", "ground truth": "TGIF2", "image path": "test_imgs/445.jpg"}, {"prediction": "Lines:", "ground truth": "LHFPL5", "image path": "test_imgs/446.jpg"}, {"prediction": "blocIs4", "ground truth": "BLOC1S4", "image path": "test_imgs/447.jpg"}, {"prediction": "brE2", "ground truth": "BRF2", "image path": "test_imgs/448.jpg"}, {"prediction": "Aada22111", "ground truth": "ADAM21P1", "image path": "test_imgs/449.jpg"}, {"prediction": "enn", "ground truth": "EIF3EP1", "image path": "test_imgs/450.jpg"}, {"prediction": "ndufasp10", "ground truth": "NDUFA5P10", "image path": "test_imgs/451.jpg"}, {"prediction": "HIGH", "ground truth": "H3C9P", "image path": "test_imgs/452.jpg"}, {"prediction": "eif3e", "ground truth": "EIF3E", "image path": "test_imgs/453.jpg"}, {"prediction": "zim3", "ground truth": "ZIM3", "image path": "test_imgs/454.jpg"}, {"prediction": "lyplal1", "ground truth": "LYPLAL1", "image path": "test_imgs/455.jpg"}, {"prediction": "mtndD", "ground truth": "MT-ND1", "image path": "test_imgs/456.jpg"}, {"prediction": "Mrap", "ground truth": "MRAP", "image path": "test_imgs/457.jpg"}, {"prediction": "prkg1-AS", "ground truth": "PRKG1-AS1", "image path": "test_imgs/458.jpg"}, {"prediction": "cGFp", "ground truth": "FGF7P6", "image path": "test_imgs/459.jpg"}, {"prediction": "[Sa33", "ground truth": "SAA3P", "image path": "test_imgs/460.jpg"}, {"prediction": "-", "ground truth": "HSD3BP3", "image path": "test_imgs/461.jpg"}, {"prediction": "txn2", "ground truth": "TXN2", "image path": "test_imgs/462.jpg"}, {"prediction": "birC6-AS2", "ground truth": "BIRC6-AS2", "image path": "test_imgs/463.jpg"}, {"prediction": "nanognb", "ground truth": "NANOGNB", "image path": "test_imgs/464.jpg"}, {"prediction": "trK-tTT2", "ground truth": "TRK-CTT2-3", "image path": "test_imgs/465.jpg"}, {"prediction": "uQcrBp2", "ground truth": "UQCRBP2", "image path": "test_imgs/466.jpg"}, {"prediction": "pcdhgB2", "ground truth": "PCDHGB2", "image path": "test_imgs/467.jpg"}, {"prediction": "arhgef5", "ground truth": "ARHGEF5", "image path": "test_imgs/468.jpg"}, {"prediction": "the", "ground truth": "OR6N2", "image path": "test_imgs/469.jpg"}, {"prediction": "amy2B", "ground truth": "AMY2B", "image path": "test_imgs/470.jpg"}, {"prediction": "adam2", "ground truth": "ADAM2", "image path": "test_imgs/471.jpg"}, {"prediction": "GRM5", "ground truth": "GRM5", "image path": "test_imgs/472.jpg"}, {"prediction": "txn2p1", "ground truth": "TXN2P1", "image path": "test_imgs/473.jpg"}, {"prediction": "cit", "ground truth": "CIDECP1", "image path": "test_imgs/474.jpg"}, {"prediction": "pPIAP24", "ground truth": "PPIAP24", "image path": "test_imgs/475.jpg"}, {"prediction": "usP,y", "ground truth": "USP9YP9", "image path": "test_imgs/476.jpg"}, {"prediction": "scgb1d2", "ground truth": "SCGB1D2", "image path": "test_imgs/477.jpg"}, {"prediction": "<nNA20P", "ground truth": "IFNA20P", "image path": "test_imgs/478.jpg"}, {"prediction": "or2t34", "ground truth": "OR2T34", "image path": "test_imgs/479.jpg"}, {"prediction": "IPLINT", "ground truth": "PLIN1", "image path": "test_imgs/480.jpg"}, {"prediction": "tmem147-AS1", "ground truth": "TMEM147-AS1", "image path": "test_imgs/481.jpg"}, {"prediction": "space", "ground truth": "SPAG9", "image path": "test_imgs/482.jpg"}, {"prediction": "mir323b", "ground truth": "MIR323B", "image path": "test_imgs/483.jpg"}, {"prediction": "rpl12p7", "ground truth": "RPL12P7", "image path": "test_imgs/484.jpg"}, {"prediction": "lrrfip2", "ground truth": "LRRFIP2", "image path": "test_imgs/485.jpg"}, {"prediction": "HnRNPCL1", "ground truth": "HNRNPCL1", "image path": "test_imgs/486.jpg"}, {"prediction": "Gusbp6", "ground truth": "GUSBP6", "image path": "test_imgs/487.jpg"}, {"prediction": "tro-CTG9-", "ground truth": "TRQ-CTG9-1", "image path": "test_imgs/488.jpg"}, {"prediction": "t", "ground truth": "IL7", "image path": "test_imgs/489.jpg"}, {"prediction": "mirio3o4", "ground truth": "MIR10394", "image path": "test_imgs/490.jpg"}, {"prediction": "dTwd1", "ground truth": "DTWD1", "image path": "test_imgs/491.jpg"}, {"prediction": "ervk3-2", "ground truth": "ERVK3-2", "image path": "test_imgs/492.jpg"}, {"prediction": "rFng", "ground truth": "RFNG", "image path": "test_imgs/493.jpg"}, {"prediction": "Organi", "ground truth": "RPL23AP39", "image path": "test_imgs/494.jpg"}, {"prediction": "tro-CTG8-3", "ground truth": "TRQ-CTG8-3", "image path": "test_imgs/495.jpg"}, {"prediction": "snora16B", "ground truth": "SNORA16B", "image path": "test_imgs/496.jpg"}, {"prediction": "Irtp", "ground truth": "RTP1", "image path": "test_imgs/497.jpg"}, {"prediction": "c1ob", "ground truth": "C1QB", "image path": "test_imgs/498.jpg"}, {"prediction": "a", "ground truth": "OR4C16", "image path": "test_imgs/499.jpg"}, {"prediction": "mir548an", "ground truth": "MIR548AN", "image path": "test_imgs/500.jpg"}, {"prediction": "cald", "ground truth": "CALD1", "image path": "test_imgs/501.jpg"}, {"prediction": "zpr", "ground truth": "ZPR1", "image path": "test_imgs/502.jpg"}, {"prediction": "tpm3p6", "ground truth": "TPM3P6", "image path": "test_imgs/503.jpg"}, {"prediction": "pex13", "ground truth": "PEX13", "image path": "test_imgs/504.jpg"}, {"prediction": "btbd10p", "ground truth": "BTBD10P2", "image path": "test_imgs/505.jpg"}, {"prediction": "linco2425", "ground truth": "LINC02425", "image path": "test_imgs/506.jpg"}, {"prediction": "sf3a2", "ground truth": "SF3A2", "image path": "test_imgs/507.jpg"}, {"prediction": "lime1", "ground truth": "LIME1", "image path": "test_imgs/508.jpg"}, {"prediction": "mir3130-2", "ground truth": "MIR3130-2", "image path": "test_imgs/509.jpg"}, {"prediction": "mTerF1", "ground truth": "MTERF1", "image path": "test_imgs/510.jpg"}, {"prediction": "or6k1f", "ground truth": "OR6K1P", "image path": "test_imgs/511.jpg"}, {"prediction": "rnu6-61P", "ground truth": "RNU6-61P", "image path": "test_imgs/512.jpg"}, {"prediction": "tas2r46", "ground truth": "TAS2R46", "image path": "test_imgs/513.jpg"}, {"prediction": "mavs", "ground truth": "MAVS", "image path": "test_imgs/514.jpg"}, {"prediction": "lysmd1", "ground truth": "LYSMD1", "image path": "test_imgs/515.jpg"}, {"prediction": "Trri", "ground truth": "TRBJ2-6", "image path": "test_imgs/516.jpg"}, {"prediction": "pc", "ground truth": "PC", "image path": "test_imgs/517.jpg"}, {"prediction": "pde5a", "ground truth": "PDE5A", "image path": "test_imgs/518.jpg"}, {"prediction": "tceal", "ground truth": "TCEA1", "image path": "test_imgs/519.jpg"}, {"prediction": "eno", "ground truth": "ENY2", "image path": "test_imgs/520.jpg"}, {"prediction": "MIR550BD", "ground truth": "MIR550B1", "image path": "test_imgs/521.jpg"}, {"prediction": "@na5sp292", "ground truth": "RNA5SP291", "image path": "test_imgs/522.jpg"}, {"prediction": "dusp9", "ground truth": "DUSP9", "image path": "test_imgs/523.jpg"}, {"prediction": "aoosr", "ground truth": "RNU6-590P", "image path": "test_imgs/524.jpg"}, {"prediction": "mir6511a1", "ground truth": "MIR6511A1", "image path": "test_imgs/525.jpg"}, {"prediction": "digaplas5", "ground truth": "DLGAP1-AS5", "image path": "test_imgs/526.jpg"}, {"prediction": "ae", "ground truth": "ADAMTS5", "image path": "test_imgs/527.jpg"}, {"prediction": "the", "ground truth": "RPL6P14", "image path": "test_imgs/528.jpg"}, {"prediction": "Lines:", "ground truth": "LINC01828", "image path": "test_imgs/529.jpg"}, {"prediction": "Rps26p34", "ground truth": "RPS26P34", "image path": "test_imgs/530.jpg"}, {"prediction": "linc00868", "ground truth": "LINC00868", "image path": "test_imgs/531.jpg"}, {"prediction": "nup35", "ground truth": "NUP35", "image path": "test_imgs/532.jpg"}, {"prediction": "fbxw9", "ground truth": "FBXW9", "image path": "test_imgs/533.jpg"}, {"prediction": "linc01395", "ground truth": "LINC01395", "image path": "test_imgs/534.jpg"}, {"prediction": "(LINC11569", "ground truth": "LINC01569", "image path": "test_imgs/535.jpg"}, {"prediction": "mir4497", "ground truth": "MIR4497", "image path": "test_imgs/536.jpg"}, {"prediction": "anys", "ground truth": "RN7SL297P", "image path": "test_imgs/537.jpg"}, {"prediction": "nsd3", "ground truth": "NSD3", "image path": "test_imgs/538.jpg"}, {"prediction": "SOST-", "ground truth": "SOS1-IT1", "image path": "test_imgs/539.jpg"}, {"prediction": "col6A3", "ground truth": "COL6A3", "image path": "test_imgs/540.jpg"}, {"prediction": "mosmd", "ground truth": "MOSMO", "image path": "test_imgs/541.jpg"}, {"prediction": "and", "ground truth": "MIR3910-2", "image path": "test_imgs/542.jpg"}, {"prediction": "anKRd44.tT", "ground truth": "ANKRD44-IT1", "image path": "test_imgs/543.jpg"}, {"prediction": "lLINC1108", "ground truth": "LINC01038", "image path": "test_imgs/544.jpg"}, {"prediction": "nmtrq-tgg6", "ground truth": "NMTRQ-TTG6-1", "image path": "test_imgs/545.jpg"}, {"prediction": "slc30a9", "ground truth": "SLC30A9", "image path": "test_imgs/546.jpg"}, {"prediction": "wdr", "ground truth": "WDR7", "image path": "test_imgs/547.jpg"}, {"prediction": "kdm4b", "ground truth": "KDM4B", "image path": "test_imgs/548.jpg"}, {"prediction": "atp13a5-AS1", "ground truth": "ATP13A5-AS1", "image path": "test_imgs/549.jpg"}, {"prediction": "pced1b", "ground truth": "PCED1B", "image path": "test_imgs/550.jpg"}, {"prediction": "Rnassp2", "ground truth": "RNA5SP282", "image path": "test_imgs/551.jpg"}, {"prediction": "wdr72", "ground truth": "WDR72", "image path": "test_imgs/552.jpg"}, {"prediction": "linc02145", "ground truth": "LINC02145", "image path": "test_imgs/553.jpg"}, {"prediction": "capsl-DT", "ground truth": "CAPSL-DT", "image path": "test_imgs/554.jpg"}, {"prediction": "npm1p23", "ground truth": "NPM1P23", "image path": "test_imgs/555.jpg"}, {"prediction": "a", "ground truth": "CTDSP2", "image path": "test_imgs/556.jpg"}, {"prediction": "PNMA6B", "ground truth": "PNMA6B", "image path": "test_imgs/557.jpg"}, {"prediction": "cep112", "ground truth": "CEP112", "image path": "test_imgs/558.jpg"}, {"prediction": "coA", "ground truth": "CDH18-AS1", "image path": "test_imgs/559.jpg"}, {"prediction": "Tmem145", "ground truth": "TMEM145", "image path": "test_imgs/560.jpg"}, {"prediction": "elocp6", "ground truth": "ELOCP6", "image path": "test_imgs/561.jpg"}, {"prediction": "doe", "ground truth": "AQP5", "image path": "test_imgs/562.jpg"}, {"prediction": "the", "ground truth": "RN7SL443P", "image path": "test_imgs/563.jpg"}, {"prediction": "znF101p1", "ground truth": "ZNF101P1", "image path": "test_imgs/564.jpg"}, {"prediction": "linc01992", "ground truth": "LINC01992", "image path": "test_imgs/565.jpg"}, {"prediction": "rnu6-326", "ground truth": "RNU6-326P", "image path": "test_imgs/566.jpg"}, {"prediction": "ca15P2", "ground truth": "CA15P2", "image path": "test_imgs/567.jpg"}, {"prediction": "rnu6-1027P", "ground truth": "RNU6-1027P", "image path": "test_imgs/568.jpg"}, {"prediction": "serpinb6", "ground truth": "SERPINB6", "image path": "test_imgs/569.jpg"}, {"prediction": "ue-e2", "ground truth": "UBA52P7", "image path": "test_imgs/570.jpg"}, {"prediction": "tee", "ground truth": "TBC1D3P2", "image path": "test_imgs/571.jpg"}, {"prediction": "rpL32p2", "ground truth": "RPL32P2", "image path": "test_imgs/572.jpg"}, {"prediction": "h3p10", "ground truth": "H3P10", "image path": "test_imgs/573.jpg"}, {"prediction": "cTnNAip", "ground truth": "CTNNA1P1", "image path": "test_imgs/574.jpg"}, {"prediction": "kleAp", "ground truth": "KLF4P1", "image path": "test_imgs/575.jpg"}, {"prediction": "vnNr21p", "ground truth": "VN1R21P", "image path": "test_imgs/576.jpg"}, {"prediction": "acox3", "ground truth": "ACOX3", "image path": "test_imgs/577.jpg"}, {"prediction": "rnu11-4P", "ground truth": "RNU11-4P", "image path": "test_imgs/578.jpg"}, {"prediction": "linco1318", "ground truth": "LINC01318", "image path": "test_imgs/579.jpg"}, {"prediction": "nxpea", "ground truth": "NXPE4", "image path": "test_imgs/580.jpg"}, {"prediction": "unfrsf25", "ground truth": "TNFRSF25", "image path": "test_imgs/581.jpg"}, {"prediction": "an7", "ground truth": "RNU7-127P", "image path": "test_imgs/582.jpg"}, {"prediction": "aIG14", "ground truth": "ATG14", "image path": "test_imgs/583.jpg"}, {"prediction": "iNts4p", "ground truth": "INTS4P2", "image path": "test_imgs/584.jpg"}, {"prediction": "CmmT", "ground truth": "DNM1L", "image path": "test_imgs/585.jpg"}, {"prediction": "piRC54", "ground truth": "PIRC54", "image path": "test_imgs/586.jpg"}, {"prediction": "GORA", "ground truth": "BORA", "image path": "test_imgs/587.jpg"}, {"prediction": "smg1p6", "ground truth": "SMG1P6", "image path": "test_imgs/588.jpg"}, {"prediction": "uGT2B26p", "ground truth": "UGT2B26P", "image path": "test_imgs/589.jpg"}, {"prediction": "iGBP1-AS1", "ground truth": "IGBP1-AS1", "image path": "test_imgs/590.jpg"}, {"prediction": "-", "ground truth": "AKR1B1P6", "image path": "test_imgs/591.jpg"}, {"prediction": "pre", "ground truth": "DNAJC7", "image path": "test_imgs/592.jpg"}, {"prediction": "oon", "ground truth": "DPH6", "image path": "test_imgs/593.jpg"}, {"prediction": "snora", "ground truth": "SNORA21", "image path": "test_imgs/594.jpg"}, {"prediction": "MT-OLR", "ground truth": "MT-OLR", "image path": "test_imgs/595.jpg"}, {"prediction": "rpl12p49", "ground truth": "RPL12P49", "image path": "test_imgs/596.jpg"}, {"prediction": "linco2828", "ground truth": "LINC02828", "image path": "test_imgs/597.jpg"}, {"prediction": "cpne3", "ground truth": "CPNE3", "image path": "test_imgs/598.jpg"}, {"prediction": "cECT2", "ground truth": "LECT2", "image path": "test_imgs/599.jpg"}, {"prediction": "rps15ap36", "ground truth": "RPS15AP36", "image path": "test_imgs/600.jpg"}, {"prediction": "b3gnt3", "ground truth": "B3GNT3", "image path": "test_imgs/601.jpg"}, {"prediction": "rnNkskp7", "ground truth": "RN7SKP74", "image path": "test_imgs/602.jpg"}, {"prediction": "Rnassp219", "ground truth": "RNA5SP219", "image path": "test_imgs/603.jpg"}, {"prediction": "linco2943", "ground truth": "LINC02943", "image path": "test_imgs/604.jpg"}, {"prediction": "rnug-62s", "ground truth": "RNU6-621P", "image path": "test_imgs/605.jpg"}, {"prediction": "putTast", "ground truth": "POT1-AS1", "image path": "test_imgs/606.jpg"}, {"prediction": "snora4d", "ground truth": "SNORA41", "image path": "test_imgs/607.jpg"}, {"prediction": "efr3B", "ground truth": "EFR3B", "image path": "test_imgs/608.jpg"}, {"prediction": "linco2274", "ground truth": "LINC02274", "image path": "test_imgs/609.jpg"}, {"prediction": "RN7SKP247", "ground truth": "RN7SKP247", "image path": "test_imgs/610.jpg"}, {"prediction": "mir197", "ground truth": "MIR197", "image path": "test_imgs/611.jpg"}, {"prediction": "clec4f", "ground truth": "CLEC4F", "image path": "test_imgs/612.jpg"}, {"prediction": "piwil1", "ground truth": "PIWIL1", "image path": "test_imgs/613.jpg"}, {"prediction": "MIR3/8", "ground truth": "MIR378H", "image path": "test_imgs/614.jpg"}, {"prediction": "Rt1", "ground truth": "KRT18P53", "image path": "test_imgs/615.jpg"}, {"prediction": "bTBd9", "ground truth": "BTBD9", "image path": "test_imgs/616.jpg"}, {"prediction": "Rnu6-749", "ground truth": "RNU6-749P", "image path": "test_imgs/617.jpg"}, {"prediction": "and", "ground truth": "LINC01701", "image path": "test_imgs/618.jpg"}, {"prediction": "brpf1", "ground truth": "BRPF1", "image path": "test_imgs/619.jpg"}, {"prediction": "cue", "ground truth": "RNU6-947P", "image path": "test_imgs/620.jpg"}, {"prediction": "nr2C2", "ground truth": "NR2C2", "image path": "test_imgs/621.jpg"}, {"prediction": "Nasspa", "ground truth": "RNA5SP411", "image path": "test_imgs/622.jpg"}, {"prediction": "h3p32", "ground truth": "H3P32", "image path": "test_imgs/623.jpg"}, {"prediction": "rpl17p27", "ground truth": "RPL17P27", "image path": "test_imgs/624.jpg"}, {"prediction": "bcrp6", "ground truth": "BCRP6", "image path": "test_imgs/625.jpg"}, {"prediction": "K01d10r15-1", "ground truth": "IGHD1OR15-1B", "image path": "test_imgs/626.jpg"}, {"prediction": "camlg", "ground truth": "CAMLG", "image path": "test_imgs/627.jpg"}, {"prediction": "and", "ground truth": "GAMTP1", "image path": "test_imgs/628.jpg"}, {"prediction": "RACK1p1", "ground truth": "RACK1P1", "image path": "test_imgs/629.jpg"}, {"prediction": "suow", "ground truth": "SLC34A2", "image path": "test_imgs/630.jpg"}, {"prediction": "jarid2-sS", "ground truth": "JARID2-AS1", "image path": "test_imgs/631.jpg"}, {"prediction": "fam218Bp", "ground truth": "FAM218BP", "image path": "test_imgs/632.jpg"}, {"prediction": "carmn", "ground truth": "CARMN", "image path": "test_imgs/633.jpg"}, {"prediction": "iccead", "ground truth": "TMCC1-DT", "image path": "test_imgs/634.jpg"}, {"prediction": "dab2ip", "ground truth": "DAB2IP", "image path": "test_imgs/635.jpg"}, {"prediction": "bicd2", "ground truth": "BICD2", "image path": "test_imgs/636.jpg"}, {"prediction": "muc2u", "ground truth": "MUC20", "image path": "test_imgs/637.jpg"}, {"prediction": "SPz", "ground truth": "SPZ1", "image path": "test_imgs/638.jpg"}, {"prediction": "glrxp2", "ground truth": "GLRXP2", "image path": "test_imgs/639.jpg"}, {"prediction": "cycsp39", "ground truth": "CYCSP39", "image path": "test_imgs/640.jpg"}, {"prediction": "rNnssp213", "ground truth": "RN7SKP213", "image path": "test_imgs/641.jpg"}, {"prediction": "ACMSD", "ground truth": "ACMSD", "image path": "test_imgs/642.jpg"}, {"prediction": "b3gnt4", "ground truth": "B3GNT4", "image path": "test_imgs/643.jpg"}, {"prediction": "aoo", "ground truth": "MTCO1P20", "image path": "test_imgs/644.jpg"}, {"prediction": "Rna5-8pP9", "ground truth": "RNA5-8SP9", "image path": "test_imgs/645.jpg"}, {"prediction": "mt-T", "ground truth": "MT-TG", "image path": "test_imgs/646.jpg"}, {"prediction": "prdm4-AS", "ground truth": "PRDM4-AS1", "image path": "test_imgs/647.jpg"}, {"prediction": "sert", "ground truth": "SERTAD4-AS1", "image path": "test_imgs/648.jpg"}, {"prediction": "unc5d", "ground truth": "UNC5D", "image path": "test_imgs/649.jpg"}, {"prediction": "trBv8-1", "ground truth": "TRBV8-1", "image path": "test_imgs/650.jpg"}, {"prediction": "cDc42SE2", "ground truth": "CDC42SE2", "image path": "test_imgs/651.jpg"}, {"prediction": "nrxn3", "ground truth": "NRXN3", "image path": "test_imgs/652.jpg"}, {"prediction": "eTV7", "ground truth": "ETV7", "image path": "test_imgs/653.jpg"}, {"prediction": "linco304", "ground truth": "LINC03041", "image path": "test_imgs/654.jpg"}, {"prediction": "IMEM", "ground truth": "TMEM171", "image path": "test_imgs/655.jpg"}, {"prediction": "giagp", "ground truth": "GJA6P", "image path": "test_imgs/656.jpg"}, {"prediction": "t", "ground truth": "CLIC5", "image path": "test_imgs/657.jpg"}, {"prediction": "Mess", "ground truth": "TMEM236", "image path": "test_imgs/658.jpg"}, {"prediction": "cuBn", "ground truth": "CUBNP2", "image path": "test_imgs/659.jpg"}, {"prediction": "<pll4p", "ground truth": "RPL14P1", "image path": "test_imgs/660.jpg"}, {"prediction": "aTM", "ground truth": "ATM", "image path": "test_imgs/661.jpg"}, {"prediction": "sighd5", "ground truth": "IGHD5-12", "image path": "test_imgs/662.jpg"}, {"prediction": "Cnn", "ground truth": "RNU6-762P", "image path": "test_imgs/663.jpg"}, {"prediction": "tipr", "ground truth": "TIPRL", "image path": "test_imgs/664.jpg"}, {"prediction": "meroes", "ground truth": "MIR1283-2", "image path": "test_imgs/665.jpg"}, {"prediction": "spcs2p2", "ground truth": "SPCS2P2", "image path": "test_imgs/666.jpg"}, {"prediction": "oeferen", "ground truth": "KBTBD11-AS1", "image path": "test_imgs/667.jpg"}, {"prediction": "krtap29-1", "ground truth": "KRTAP29-1", "image path": "test_imgs/668.jpg"}, {"prediction": "soe", "ground truth": "RPL7P24", "image path": "test_imgs/669.jpg"}, {"prediction": "dido1", "ground truth": "DIDO1", "image path": "test_imgs/670.jpg"}, {"prediction": "Sa", "ground truth": "HHATL", "image path": "test_imgs/671.jpg"}, {"prediction": "-", "ground truth": "VCX3B", "image path": "test_imgs/672.jpg"}, {"prediction": "MTnd2p24", "ground truth": "MTND2P24", "image path": "test_imgs/673.jpg"}, {"prediction": "FHL2", "ground truth": "FHL2", "image path": "test_imgs/674.jpg"}, {"prediction": "(mo2", "ground truth": "NOMO2", "image path": "test_imgs/675.jpg"}, {"prediction": "RpsapS", "ground truth": "RPSAP25", "image path": "test_imgs/676.jpg"}, {"prediction": "mir615", "ground truth": "MIR615", "image path": "test_imgs/677.jpg"}, {"prediction": "the", "ground truth": "KPNA4", "image path": "test_imgs/678.jpg"}, {"prediction": "rNU6-10766", "ground truth": "RNU6-1076P", "image path": "test_imgs/679.jpg"}, {"prediction": "oppa2p2", "ground truth": "DPPA2P2", "image path": "test_imgs/680.jpg"}, {"prediction": "mIR49", "ground truth": "MIR491", "image path": "test_imgs/681.jpg"}, {"prediction": "mnn", "ground truth": "RNASE11-AS1", "image path": "test_imgs/682.jpg"}, {"prediction": "nxt2", "ground truth": "NXT2", "image path": "test_imgs/683.jpg"}, {"prediction": "cCdc190", "ground truth": "CCDC190", "image path": "test_imgs/684.jpg"}, {"prediction": "<nu66-099", "ground truth": "RNU6-1098P", "image path": "test_imgs/685.jpg"}, {"prediction": "rNu6-948", "ground truth": "RNU6-948P", "image path": "test_imgs/686.jpg"}, {"prediction": "ane", "ground truth": "SGTB", "image path": "test_imgs/687.jpg"}, {"prediction": "oh", "ground truth": "DHH", "image path": "test_imgs/688.jpg"}, {"prediction": "pirc44", "ground truth": "PIRC44", "image path": "test_imgs/689.jpg"}, {"prediction": "dgK)", "ground truth": "DGKI", "image path": "test_imgs/690.jpg"}, {"prediction": "cCnd2p1", "ground truth": "CCND2P1", "image path": "test_imgs/691.jpg"}, {"prediction": "usp14", "ground truth": "USP14", "image path": "test_imgs/692.jpg"}, {"prediction": "tmeM72", "ground truth": "TMEM72", "image path": "test_imgs/693.jpg"}, {"prediction": "L", "ground truth": "UPF3AP1", "image path": "test_imgs/694.jpg"}, {"prediction": "mancr", "ground truth": "MANCR", "image path": "test_imgs/695.jpg"}, {"prediction": "hMmgip12", "ground truth": "HMGN1P12", "image path": "test_imgs/696.jpg"}, {"prediction": "gggti", "ground truth": "GGTLC3", "image path": "test_imgs/697.jpg"}, {"prediction": "Trd-GTC2-5", "ground truth": "TRD-GTC2-5", "image path": "test_imgs/698.jpg"}, {"prediction": "naa60", "ground truth": "NAA60", "image path": "test_imgs/699.jpg"}, {"prediction": "naa80", "ground truth": "NAA80", "image path": "test_imgs/700.jpg"}, {"prediction": "snora21b", "ground truth": "SNORA21B", "image path": "test_imgs/701.jpg"}, {"prediction": "tMe", "ground truth": "TMEM67", "image path": "test_imgs/702.jpg"}, {"prediction": "mir941-3", "ground truth": "MIR941-3", "image path": "test_imgs/703.jpg"}, {"prediction": "linc02149", "ground truth": "LINC02149", "image path": "test_imgs/704.jpg"}, {"prediction": "rnucrss", "ground truth": "RNU6-53P", "image path": "test_imgs/705.jpg"}, {"prediction": "and", "ground truth": "RNU6-447P", "image path": "test_imgs/706.jpg"}, {"prediction": "rnu4-24P", "ground truth": "RNU4-24P", "image path": "test_imgs/707.jpg"}, {"prediction": "f2", "ground truth": "F2", "image path": "test_imgs/708.jpg"}, {"prediction": "LincO0440", "ground truth": "LINC00440", "image path": "test_imgs/709.jpg"}, {"prediction": "rn7sl391p", "ground truth": "RN7SL391P", "image path": "test_imgs/710.jpg"}, {"prediction": "b-g-lin", "ground truth": "B4GALNT4", "image path": "test_imgs/711.jpg"}, {"prediction": "rnu6-1222", "ground truth": "RNU6-1222P", "image path": "test_imgs/712.jpg"}, {"prediction": "znf614", "ground truth": "ZNF614", "image path": "test_imgs/713.jpg"}, {"prediction": "ttc38", "ground truth": "TTC38", "image path": "test_imgs/714.jpg"}, {"prediction": "phlda2", "ground truth": "PHLDA2", "image path": "test_imgs/715.jpg"}, {"prediction": "rHBDL3", "ground truth": "RHBDL3", "image path": "test_imgs/716.jpg"}, {"prediction": "scml4", "ground truth": "SCML4", "image path": "test_imgs/717.jpg"}, {"prediction": "HSP90AA1", "ground truth": "HSP90AA1", "image path": "test_imgs/718.jpg"}, {"prediction": "mttp", "ground truth": "MTTP", "image path": "test_imgs/719.jpg"}, {"prediction": "pgam3e", "ground truth": "PGAM3P", "image path": "test_imgs/720.jpg"}, {"prediction": "tad", "ground truth": "TAF1C", "image path": "test_imgs/721.jpg"}, {"prediction": "GmarcAeid", "ground truth": "SMARCAD1-DT", "image path": "test_imgs/722.jpg"}, {"prediction": "tv", "ground truth": "ETV2", "image path": "test_imgs/723.jpg"}, {"prediction": "a", "ground truth": "SLC8B1", "image path": "test_imgs/724.jpg"}, {"prediction": "ddah2", "ground truth": "DDAH2", "image path": "test_imgs/725.jpg"}, {"prediction": "1E:1", "ground truth": "LRFN4", "image path": "test_imgs/726.jpg"}, {"prediction": "fro", "ground truth": "FAM234A", "image path": "test_imgs/727.jpg"}, {"prediction": "c3orf36", "ground truth": "C3orf36", "image path": "test_imgs/728.jpg"}, {"prediction": "Igkvid-35", "ground truth": "IGKV1D-35", "image path": "test_imgs/729.jpg"}, {"prediction": "mArchE11-sS", "ground truth": "MARCHF11-AS1", "image path": "test_imgs/730.jpg"}, {"prediction": "icgn", "ground truth": "CGN", "image path": "test_imgs/731.jpg"}, {"prediction": "ATP6VOE1P4", "ground truth": "ATP6V0E1P4", "image path": "test_imgs/732.jpg"}, {"prediction": "lmnb1-DT", "ground truth": "LMNB1-DT", "image path": "test_imgs/733.jpg"}, {"prediction": "mark2pIo", "ground truth": "MARK2P10", "image path": "test_imgs/734.jpg"}, {"prediction": "incO28o0", "ground truth": "LINC02800", "image path": "test_imgs/735.jpg"}, {"prediction": "rn7sl198p", "ground truth": "RN7SL198P", "image path": "test_imgs/736.jpg"}, {"prediction": "ane", "ground truth": "ZNF625", "image path": "test_imgs/737.jpg"}, {"prediction": "the", "ground truth": "P2RX4", "image path": "test_imgs/738.jpg"}, {"prediction": "rpl36ap49", "ground truth": "RPL36AP49", "image path": "test_imgs/739.jpg"}, {"prediction": "crx", "ground truth": "CRX", "image path": "test_imgs/740.jpg"}, {"prediction": "inco1398", "ground truth": "LINC01398", "image path": "test_imgs/741.jpg"}, {"prediction": "inca2", "ground truth": "NCAM2", "image path": "test_imgs/742.jpg"}, {"prediction": "zdhhc9", "ground truth": "ZDHHC9", "image path": "test_imgs/743.jpg"}, {"prediction": "Znf785", "ground truth": "ZNF785", "image path": "test_imgs/744.jpg"}, {"prediction": "aen", "ground truth": "MNDA", "image path": "test_imgs/745.jpg"}, {"prediction": "rnu6-864P", "ground truth": "RNU6-864P", "image path": "test_imgs/746.jpg"}, {"prediction": "nup93", "ground truth": "NUP93", "image path": "test_imgs/747.jpg"}, {"prediction": "prrtib", "ground truth": "PRRT1B", "image path": "test_imgs/748.jpg"}, {"prediction": "etaal", "ground truth": "ETAA1", "image path": "test_imgs/749.jpg"}, {"prediction": "npipas", "ground truth": "NPIPA8", "image path": "test_imgs/750.jpg"}, {"prediction": "Atp-Ba", "ground truth": "ATP2B4", "image path": "test_imgs/751.jpg"}, {"prediction": "mir6750", "ground truth": "MIR6750", "image path": "test_imgs/752.jpg"}, {"prediction": "kir2dl4", "ground truth": "KIR2DL4", "image path": "test_imgs/753.jpg"}, {"prediction": "myocd", "ground truth": "MYOCD", "image path": "test_imgs/754.jpg"}, {"prediction": "miR6/2", "ground truth": "MIR6722", "image path": "test_imgs/755.jpg"}, {"prediction": "RPSAP11", "ground truth": "RPSAP11", "image path": "test_imgs/756.jpg"}, {"prediction": "rnu7-182", "ground truth": "RNU7-182P", "image path": "test_imgs/757.jpg"}, {"prediction": "ascl5", "ground truth": "ASCL5", "image path": "test_imgs/758.jpg"}, {"prediction": "myhIo", "ground truth": "MYH10", "image path": "test_imgs/759.jpg"}, {"prediction": "linco2098", "ground truth": "LINC02098", "image path": "test_imgs/760.jpg"}, {"prediction": "sydel", "ground truth": "SYDE1", "image path": "test_imgs/761.jpg"}, {"prediction": "Rnn44aaccS", "ground truth": "RNU4ATAC8P", "image path": "test_imgs/762.jpg"}, {"prediction": "rradstart", "ground truth": "RAD51AP1", "image path": "test_imgs/763.jpg"}, {"prediction": "Lineo:", "ground truth": "LINC01143", "image path": "test_imgs/764.jpg"}, {"prediction": "c", "ground truth": "CPLX4", "image path": "test_imgs/765.jpg"}, {"prediction": "fifLaipI", "ground truth": "EIF4A1P13", "image path": "test_imgs/766.jpg"}, {"prediction": "cnnM3", "ground truth": "CNNM3", "image path": "test_imgs/767.jpg"}, {"prediction": "the", "ground truth": "SLC22A15", "image path": "test_imgs/768.jpg"}, {"prediction": "sest", "ground truth": "RPS15AP16", "image path": "test_imgs/769.jpg"}, {"prediction": "tTrR-TC11", "ground truth": "TRR-TCG1-1", "image path": "test_imgs/770.jpg"}, {"prediction": "rpl39p35", "ground truth": "RPL39P35", "image path": "test_imgs/771.jpg"}, {"prediction": "Nupke", "ground truth": "NUP35P1", "image path": "test_imgs/772.jpg"}, {"prediction": "neN", "ground truth": "NKX6-1", "image path": "test_imgs/773.jpg"}, {"prediction": "pdcd2", "ground truth": "PDCD2", "image path": "test_imgs/774.jpg"}, {"prediction": "and", "ground truth": "ZNF354C", "image path": "test_imgs/775.jpg"}, {"prediction": "zpaxp", "ground truth": "ZPAXP", "image path": "test_imgs/776.jpg"}, {"prediction": "IGHVII-1", "ground truth": "IGHVII-1-1", "image path": "test_imgs/777.jpg"}, {"prediction": "F", "ground truth": "PKMP2", "image path": "test_imgs/778.jpg"}, {"prediction": "scgb3a2", "ground truth": "SCGB3A2", "image path": "test_imgs/779.jpg"}, {"prediction": "dynll2-t", "ground truth": "DYNLL2-DT", "image path": "test_imgs/780.jpg"}, {"prediction": "the", "ground truth": "GTF2IP3", "image path": "test_imgs/781.jpg"}, {"prediction": "Praver", "ground truth": "PRAMEF26", "image path": "test_imgs/782.jpg"}, {"prediction": "rna5sp333", "ground truth": "RNA5SP333", "image path": "test_imgs/783.jpg"}, {"prediction": "the", "ground truth": "UEVLD", "image path": "test_imgs/784.jpg"}, {"prediction": "--gT", "ground truth": "PIGO", "image path": "test_imgs/785.jpg"}, {"prediction": "vGLl", "ground truth": "VGLL1", "image path": "test_imgs/786.jpg"}, {"prediction": "a", "ground truth": "ADSS2", "image path": "test_imgs/787.jpg"}, {"prediction": "slc6a18", "ground truth": "SLC6A18", "image path": "test_imgs/788.jpg"}, {"prediction": "shprh", "ground truth": "SHPRH", "image path": "test_imgs/789.jpg"}, {"prediction": "micybp2", "ground truth": "MTCYBP2", "image path": "test_imgs/790.jpg"}, {"prediction": "entPD3-AS:", "ground truth": "ENTPD3-AS1", "image path": "test_imgs/791.jpg"}, {"prediction": "an", "ground truth": "RNA5SP405", "image path": "test_imgs/792.jpg"}, {"prediction": "rnu1-100", "ground truth": "RNU1-100P", "image path": "test_imgs/793.jpg"}, {"prediction": "snora49", "ground truth": "SNORA49", "image path": "test_imgs/794.jpg"}, {"prediction": "tulp3p1", "ground truth": "TULP3P1", "image path": "test_imgs/795.jpg"}, {"prediction": "toe1", "ground truth": "TOE1", "image path": "test_imgs/796.jpg"}, {"prediction": "Nudtinp", "ground truth": "NUDT19P4", "image path": "test_imgs/797.jpg"}, {"prediction": "linc02047", "ground truth": "LINC02047", "image path": "test_imgs/798.jpg"}, {"prediction": "linc00602", "ground truth": "LINC00602", "image path": "test_imgs/799.jpg"}, {"prediction": "seco", "ground truth": "SLC35G3", "image path": "test_imgs/800.jpg"}, {"prediction": "ali", "ground truth": "BLTP3A", "image path": "test_imgs/801.jpg"}, {"prediction": "Bnip3p17", "ground truth": "BNIP3P17", "image path": "test_imgs/802.jpg"}, {"prediction": "hcar", "ground truth": "HCAR2", "image path": "test_imgs/803.jpg"}, {"prediction": "mIR5189", "ground truth": "MIR5189", "image path": "test_imgs/804.jpg"}, {"prediction": "smc", "ground truth": "SMC2", "image path": "test_imgs/805.jpg"}, {"prediction": "the", "ground truth": "OR7C2", "image path": "test_imgs/806.jpg"}, {"prediction": "plL37pP", "ground truth": "RPL37AP7", "image path": "test_imgs/807.jpg"}, {"prediction": "gpr61", "ground truth": "GPR61", "image path": "test_imgs/808.jpg"}, {"prediction": "Or4q1p", "ground truth": "OR4Q1P", "image path": "test_imgs/809.jpg"}, {"prediction": "ct47a11", "ground truth": "CT47A11", "image path": "test_imgs/810.jpg"}, {"prediction": "aal", "ground truth": "RAD18", "image path": "test_imgs/811.jpg"}, {"prediction": "rpl21p102", "ground truth": "RPL21P102", "image path": "test_imgs/812.jpg"}, {"prediction": "lrRc3b", "ground truth": "LRRC3B", "image path": "test_imgs/813.jpg"}, {"prediction": "pim", "ground truth": "PIM1", "image path": "test_imgs/814.jpg"}, {"prediction": "nAF", "ground truth": "NXF4", "image path": "test_imgs/815.jpg"}, {"prediction": "ranp1", "ground truth": "RANP1", "image path": "test_imgs/816.jpg"}, {"prediction": "reN5g", "ground truth": "KCNJ5-AS1", "image path": "test_imgs/817.jpg"}, {"prediction": "polr3gl", "ground truth": "POLR3GL", "image path": "test_imgs/818.jpg"}, {"prediction": "rPl/AP23", "ground truth": "RPL7AP23", "image path": "test_imgs/819.jpg"}, {"prediction": "knuc", "ground truth": "RNU6-1289P", "image path": "test_imgs/820.jpg"}, {"prediction": "cenps-CORT", "ground truth": "CENPS-CORT", "image path": "test_imgs/821.jpg"}, {"prediction": "msrbt", "ground truth": "MSRB1", "image path": "test_imgs/822.jpg"}, {"prediction": "vTrna2-1", "ground truth": "VTRNA2-1", "image path": "test_imgs/823.jpg"}, {"prediction": "pin1-DT", "ground truth": "PIN1-DT", "image path": "test_imgs/824.jpg"}, {"prediction": "mt-TI", "ground truth": "MT-TI", "image path": "test_imgs/825.jpg"}, {"prediction": "84gaT", "ground truth": "B4GAT1", "image path": "test_imgs/826.jpg"}, {"prediction": "meisi-AS3", "ground truth": "MEIS1-AS3", "image path": "test_imgs/827.jpg"}, {"prediction": "aosm2A", "ground truth": "ACSM2A", "image path": "test_imgs/828.jpg"}, {"prediction": "h3-4", "ground truth": "H3-4", "image path": "test_imgs/829.jpg"}, {"prediction": "Amem245", "ground truth": "TMEM245", "image path": "test_imgs/830.jpg"}, {"prediction": "lgals9", "ground truth": "LGALS9B", "image path": "test_imgs/831.jpg"}, {"prediction": "sLci9a", "ground truth": "SLC19A1", "image path": "test_imgs/832.jpg"}, {"prediction": "crhr", "ground truth": "CRHR1", "image path": "test_imgs/833.jpg"}, {"prediction": "far2p2", "ground truth": "FAR2P2", "image path": "test_imgs/834.jpg"}, {"prediction": "Linco141", "ground truth": "LINC01411", "image path": "test_imgs/835.jpg"}, {"prediction": "ULBp", "ground truth": "ULBP2", "image path": "test_imgs/836.jpg"}, {"prediction": "pe", "ground truth": "PAFAH1B2P2", "image path": "test_imgs/837.jpg"}, {"prediction": "soen", "ground truth": "SPINT4", "image path": "test_imgs/838.jpg"}, {"prediction": "slC35g1", "ground truth": "SLC35G1", "image path": "test_imgs/839.jpg"}, {"prediction": "pHbIpIt", "ground truth": "PHB1P17", "image path": "test_imgs/840.jpg"}, {"prediction": "PRr34-AS1", "ground truth": "PRR34-AS1", "image path": "test_imgs/841.jpg"}, {"prediction": "or10t1p", "ground truth": "OR10T1P", "image path": "test_imgs/842.jpg"}, {"prediction": "tipin", "ground truth": "TIPIN", "image path": "test_imgs/843.jpg"}, {"prediction": "igkV2-1", "ground truth": "IGKV2-18", "image path": "test_imgs/844.jpg"}, {"prediction": "eOLA2", "ground truth": "EOLA2", "image path": "test_imgs/845.jpg"}, {"prediction": "megf6", "ground truth": "MEGF6", "image path": "test_imgs/846.jpg"}, {"prediction": "hmGB3P20", "ground truth": "HMGB3P20", "image path": "test_imgs/847.jpg"}, {"prediction": "asic5", "ground truth": "ASIC5", "image path": "test_imgs/848.jpg"}, {"prediction": "fam229A", "ground truth": "FAM229A", "image path": "test_imgs/849.jpg"}, {"prediction": "anu7", "ground truth": "RNU7-154P", "image path": "test_imgs/850.jpg"}, {"prediction": "rnu6-311P", "ground truth": "RNU6-311P", "image path": "test_imgs/851.jpg"}, {"prediction": "qtrt2", "ground truth": "QTRT2", "image path": "test_imgs/852.jpg"}, {"prediction": "a", "ground truth": "SERPINA7", "image path": "test_imgs/853.jpg"}, {"prediction": "assm", "ground truth": "AS3MT", "image path": "test_imgs/854.jpg"}, {"prediction": "knug-888", "ground truth": "RNU6-888P", "image path": "test_imgs/855.jpg"}, {"prediction": "smIM>", "ground truth": "SMIM7", "image path": "test_imgs/856.jpg"}, {"prediction": "fro-ti", "ground truth": "TRQ-TTG2-1", "image path": "test_imgs/857.jpg"}, {"prediction": "fam3C", "ground truth": "FAM3C", "image path": "test_imgs/858.jpg"}, {"prediction": "trbv5-2", "ground truth": "TRBV5-2", "image path": "test_imgs/859.jpg"}, {"prediction": "rna5-8SP6", "ground truth": "RNA5-8SP6", "image path": "test_imgs/860.jpg"}, {"prediction": "phc1", "ground truth": "PHC1", "image path": "test_imgs/861.jpg"}, {"prediction": "lepcam-t", "ground truth": "EPCAM-DT", "image path": "test_imgs/862.jpg"}, {"prediction": "mynn", "ground truth": "MYNN", "image path": "test_imgs/863.jpg"}, {"prediction": "urgcp", "ground truth": "URGCP", "image path": "test_imgs/864.jpg"}, {"prediction": "rnu6-194", "ground truth": "RNU6-194P", "image path": "test_imgs/865.jpg"}, {"prediction": "tubap14", "ground truth": "TUBAP14", "image path": "test_imgs/866.jpg"}, {"prediction": "mir601", "ground truth": "MIR601", "image path": "test_imgs/867.jpg"}, {"prediction": "lACO", "ground truth": "TACO1", "image path": "test_imgs/868.jpg"}, {"prediction": "znf652p1", "ground truth": "ZNF652P1", "image path": "test_imgs/869.jpg"}, {"prediction": "rpl23aP24", "ground truth": "RPL23AP24", "image path": "test_imgs/870.jpg"}, {"prediction": "h3C13", "ground truth": "H3C13", "image path": "test_imgs/871.jpg"}, {"prediction": "linco1078", "ground truth": "LINC01078", "image path": "test_imgs/872.jpg"}, {"prediction": "rnassp887", "ground truth": "RNA5SP187", "image path": "test_imgs/873.jpg"}, {"prediction": "dennd1a", "ground truth": "DENND1A", "image path": "test_imgs/874.jpg"}, {"prediction": "tmemi71", "ground truth": "TMEM171", "image path": "test_imgs/875.jpg"}, {"prediction": "snrpb", "ground truth": "SNRPB", "image path": "test_imgs/876.jpg"}, {"prediction": "2nu2", "ground truth": "RNU2-55P", "image path": "test_imgs/877.jpg"}, {"prediction": "IMagiN", "ground truth": "MAGT1", "image path": "test_imgs/878.jpg"}, {"prediction": "sosr", "ground truth": "ISCA1P3", "image path": "test_imgs/879.jpg"}, {"prediction": "mirsibal", "ground truth": "MIR548AM", "image path": "test_imgs/880.jpg"}, {"prediction": "Reseap2", "ground truth": "RPS26P28", "image path": "test_imgs/881.jpg"}, {"prediction": "miR651112", "ground truth": "MIR6511B2", "image path": "test_imgs/882.jpg"}, {"prediction": "SsGalIs", "ground truth": "B3GALT5", "image path": "test_imgs/883.jpg"}, {"prediction": "ifitm3p6", "ground truth": "IFITM3P6", "image path": "test_imgs/884.jpg"}, {"prediction": "rnu6vi", "ground truth": "RNU6V", "image path": "test_imgs/885.jpg"}, {"prediction": "tspani8-ASI", "ground truth": "TSPAN18-AS1", "image path": "test_imgs/886.jpg"}, {"prediction": "agbl5", "ground truth": "AGBL5", "image path": "test_imgs/887.jpg"}, {"prediction": "alg5", "ground truth": "ALG5", "image path": "test_imgs/888.jpg"}, {"prediction": "the", "ground truth": "RNU6-718P", "image path": "test_imgs/889.jpg"}, {"prediction": "MyO-bp", "ground truth": "MYO5BP3", "image path": "test_imgs/890.jpg"}, {"prediction": "rrniil", "ground truth": "RNF111", "image path": "test_imgs/891.jpg"}, {"prediction": "ptgis", "ground truth": "PTGIS", "image path": "test_imgs/892.jpg"}, {"prediction": "rnugg", "ground truth": "RNU6-653P", "image path": "test_imgs/893.jpg"}, {"prediction": "LrrC37a17P", "ground truth": "LRRC37A17P", "image path": "test_imgs/894.jpg"}, {"prediction": "the", "ground truth": "PCDH9", "image path": "test_imgs/895.jpg"}, {"prediction": "kIaaoo40", "ground truth": "KIAA0040", "image path": "test_imgs/896.jpg"}, {"prediction": "sLc18a2-AS1", "ground truth": "SLC18A2-AS1", "image path": "test_imgs/897.jpg"}, {"prediction": "sulFI", "ground truth": "SULF1", "image path": "test_imgs/898.jpg"}, {"prediction": "uico1050", "ground truth": "LINC01050", "image path": "test_imgs/899.jpg"}, {"prediction": "kbtbd4", "ground truth": "KBTBD4", "image path": "test_imgs/900.jpg"}, {"prediction": "c1rl-AS1", "ground truth": "C1RL-AS1", "image path": "test_imgs/901.jpg"}, {"prediction": "hspaLa", "ground truth": "HSPA1A", "image path": "test_imgs/902.jpg"}, {"prediction": "FAMI6", "ground truth": "FAM166B", "image path": "test_imgs/903.jpg"}, {"prediction": "pPila", "ground truth": "PPIL4", "image path": "test_imgs/904.jpg"}, {"prediction": "ars5b", "ground truth": "OR55B1P", "image path": "test_imgs/905.jpg"}, {"prediction": "ankhd1-EIF4eb", "ground truth": "ANKHD1-EIF4EBP3", "image path": "test_imgs/906.jpg"}, {"prediction": "atg4c", "ground truth": "ATG4C", "image path": "test_imgs/907.jpg"}, {"prediction": "<GHV", "ground truth": "IGHVIII-25-1", "image path": "test_imgs/908.jpg"}, {"prediction": "cidecp1", "ground truth": "CIDECP1", "image path": "test_imgs/909.jpg"}, {"prediction": "asb9p", "ground truth": "ASB9P1", "image path": "test_imgs/910.jpg"}, {"prediction": "lincu1864", "ground truth": "LINC01864", "image path": "test_imgs/911.jpg"}, {"prediction": "rna5sp530", "ground truth": "RNA5SP530", "image path": "test_imgs/912.jpg"}, {"prediction": "CTTT2", "ground truth": "TTTY20", "image path": "test_imgs/913.jpg"}, {"prediction": "gif21pi", "ground truth": "GTF2IP14", "image path": "test_imgs/914.jpg"}, {"prediction": "RrssOp", "ground truth": "RPS10P12", "image path": "test_imgs/915.jpg"}, {"prediction": "agap9", "ground truth": "AGAP9", "image path": "test_imgs/916.jpg"}, {"prediction": "RPL19P10", "ground truth": "RPL19P10", "image path": "test_imgs/917.jpg"}, {"prediction": "rpl31257", "ground truth": "RPL31P57", "image path": "test_imgs/918.jpg"}, {"prediction": "dPpa3pe", "ground truth": "DPPA3P1", "image path": "test_imgs/919.jpg"}, {"prediction": "a", "ground truth": "UGT1A2P", "image path": "test_imgs/920.jpg"}, {"prediction": "rn7sl97p", "ground truth": "RN7SL97P", "image path": "test_imgs/921.jpg"}, {"prediction": "gramd2b", "ground truth": "GRAMD2B", "image path": "test_imgs/922.jpg"}, {"prediction": "rnu4atac5p", "ground truth": "RNU4ATAC5P", "image path": "test_imgs/923.jpg"}, {"prediction": "plb1", "ground truth": "PLB1", "image path": "test_imgs/924.jpg"}, {"prediction": "rbpJl", "ground truth": "RBPJL", "image path": "test_imgs/925.jpg"}, {"prediction": "eifsd", "ground truth": "EIF3D", "image path": "test_imgs/926.jpg"}, {"prediction": "steGAlNAG", "ground truth": "ST6GALNAC5", "image path": "test_imgs/927.jpg"}, {"prediction": "rpp30", "ground truth": "RPP30", "image path": "test_imgs/928.jpg"}, {"prediction": "rpl19p5", "ground truth": "RPL19P5", "image path": "test_imgs/929.jpg"}, {"prediction": "stx", "ground truth": "STX4", "image path": "test_imgs/930.jpg"}, {"prediction": "golcasb", "ground truth": "GOLGA8B", "image path": "test_imgs/931.jpg"}, {"prediction": "jade1", "ground truth": "JADE1", "image path": "test_imgs/932.jpg"}, {"prediction": "MIR6801", "ground truth": "MIR6801", "image path": "test_imgs/933.jpg"}, {"prediction": "ier2", "ground truth": "IER2", "image path": "test_imgs/934.jpg"}, {"prediction": "ure", "ground truth": "OR7E46P", "image path": "test_imgs/935.jpg"}, {"prediction": "zscan32", "ground truth": "ZSCAN32", "image path": "test_imgs/936.jpg"}, {"prediction": "0r10p1", "ground truth": "OR10P1", "image path": "test_imgs/937.jpg"}, {"prediction": "ceep", "ground truth": "CEBPE", "image path": "test_imgs/938.jpg"}, {"prediction": "bora", "ground truth": "RORA", "image path": "test_imgs/939.jpg"}, {"prediction": "Irx", "ground truth": "IRX6", "image path": "test_imgs/940.jpg"}, {"prediction": "tTENT4", "ground truth": "TENT4A", "image path": "test_imgs/941.jpg"}, {"prediction": "PTPRz1", "ground truth": "PTPRZ1", "image path": "test_imgs/942.jpg"}, {"prediction": "ancel", "ground truth": "ANGEL1", "image path": "test_imgs/943.jpg"}, {"prediction": "tub-sA1", "ground truth": "TUB-AS1", "image path": "test_imgs/944.jpg"}, {"prediction": "usP", "ground truth": "USP49", "image path": "test_imgs/945.jpg"}, {"prediction": "tmem129", "ground truth": "TMEM129", "image path": "test_imgs/946.jpg"}, {"prediction": "SBF2-AS", "ground truth": "SBF2-AS1", "image path": "test_imgs/947.jpg"}, {"prediction": "trg-cC33-", "ground truth": "TRG-CCC3-1", "image path": "test_imgs/948.jpg"}, {"prediction": "a", "ground truth": "H2BP7", "image path": "test_imgs/949.jpg"}, {"prediction": "ggkv6-2", "ground truth": "IGKV6-21", "image path": "test_imgs/950.jpg"}, {"prediction": "dnaic15", "ground truth": "DNAJC15", "image path": "test_imgs/951.jpg"}, {"prediction": "ImemIeEd", "ground truth": "TMEM11-DT", "image path": "test_imgs/952.jpg"}, {"prediction": "a", "ground truth": "PPY", "image path": "test_imgs/953.jpg"}, {"prediction": "Rn7skp299", "ground truth": "RN7SKP299", "image path": "test_imgs/954.jpg"}, {"prediction": "nrrmen", "ground truth": "MYO18B-AS1", "image path": "test_imgs/955.jpg"}, {"prediction": "prss21", "ground truth": "PRSS21", "image path": "test_imgs/956.jpg"}, {"prediction": "tbc1d3k", "ground truth": "TBC1D3K", "image path": "test_imgs/957.jpg"}, {"prediction": "KAZn", "ground truth": "KAZN", "image path": "test_imgs/958.jpg"}, {"prediction": "Rpl23ap2", "ground truth": "RPL23AP2", "image path": "test_imgs/959.jpg"}, {"prediction": "ifna5", "ground truth": "IFNA5", "image path": "test_imgs/960.jpg"}, {"prediction": "infrs", "ground truth": "TNFRSF10D", "image path": "test_imgs/961.jpg"}, {"prediction": "cracr2a", "ground truth": "CRACR2A", "image path": "test_imgs/962.jpg"}, {"prediction": "mRps10p1", "ground truth": "MRPS10P1", "image path": "test_imgs/963.jpg"}, {"prediction": "ro", "ground truth": "PODXL2", "image path": "test_imgs/964.jpg"}, {"prediction": "gtF2H5", "ground truth": "GTF2H5", "image path": "test_imgs/965.jpg"}, {"prediction": "tnfrsf1b", "ground truth": "TNFRSF1B", "image path": "test_imgs/966.jpg"}, {"prediction": "jeetme", "ground truth": "IFITM3P8", "image path": "test_imgs/967.jpg"}, {"prediction": "kbtbd11-AS", "ground truth": "KBTBD11-AS1", "image path": "test_imgs/968.jpg"}, {"prediction": "srgap2c", "ground truth": "SRGAP2C", "image path": "test_imgs/969.jpg"}, {"prediction": "bola2", "ground truth": "BOLA2", "image path": "test_imgs/970.jpg"}, {"prediction": "rnzskp14", "ground truth": "RN7SKP147", "image path": "test_imgs/971.jpg"}, {"prediction": "Mettl17", "ground truth": "METTL17", "image path": "test_imgs/972.jpg"}, {"prediction": "mir548am", "ground truth": "MIR548AM", "image path": "test_imgs/973.jpg"}, {"prediction": "or4e1", "ground truth": "OR4E1", "image path": "test_imgs/974.jpg"}, {"prediction": "the", "ground truth": "TOMM40P2", "image path": "test_imgs/975.jpg"}, {"prediction": "klhl26", "ground truth": "KLHL26", "image path": "test_imgs/976.jpg"}, {"prediction": "mne", "ground truth": "ERVK11-1", "image path": "test_imgs/977.jpg"}, {"prediction": "Reee", "ground truth": "RNU6-379P", "image path": "test_imgs/978.jpg"}, {"prediction": "heRc2PY", "ground truth": "HERC2P1", "image path": "test_imgs/979.jpg"}, {"prediction": "ANRNPRP", "ground truth": "HNRNPRP1", "image path": "test_imgs/980.jpg"}, {"prediction": "eEeELpP", "ground truth": "ECEL1P3", "image path": "test_imgs/981.jpg"}, {"prediction": "or2ak2", "ground truth": "OR2AK2", "image path": "test_imgs/982.jpg"}, {"prediction": "OTd", "ground truth": "DTX2", "image path": "test_imgs/983.jpg"}, {"prediction": "tmem223", "ground truth": "TMEM223", "image path": "test_imgs/984.jpg"}, {"prediction": "hccap5", "ground truth": "HCG4P5", "image path": "test_imgs/985.jpg"}, {"prediction": "rpl21p55", "ground truth": "RPL21P55", "image path": "test_imgs/986.jpg"}, {"prediction": "mir2052hG", "ground truth": "MIR2052HG", "image path": "test_imgs/987.jpg"}, {"prediction": "RNAsSPTu", "ground truth": "RNA5SP108", "image path": "test_imgs/988.jpg"}, {"prediction": "mir1302-5", "ground truth": "MIR1302-5", "image path": "test_imgs/989.jpg"}, {"prediction": "relarps", "ground truth": "RPL36P17", "image path": "test_imgs/990.jpg"}, {"prediction": "endci-IT", "ground truth": "FNDC1-IT1", "image path": "test_imgs/991.jpg"}, {"prediction": "mir3976HG", "ground truth": "MIR3976HG", "image path": "test_imgs/992.jpg"}, {"prediction": "lincOT228", "ground truth": "LINC01228", "image path": "test_imgs/993.jpg"}, {"prediction": "rnu6-378", "ground truth": "RNU6-378P", "image path": "test_imgs/994.jpg"}, {"prediction": "rax2", "ground truth": "RAX2", "image path": "test_imgs/995.jpg"}, {"prediction": "c", "ground truth": "MIR1263", "image path": "test_imgs/996.jpg"}, {"prediction": "mTND1P5", "ground truth": "MTND1P5", "image path": "test_imgs/997.jpg"}, {"prediction": "dyrk3", "ground truth": "DYRK3", "image path": "test_imgs/998.jpg"}, {"prediction": "fra19b", "ground truth": "FRA19B", "image path": "test_imgs/999.jpg"}]}]