[{"model": "easyocr", "score": {"char_recall": 0.4398, "char_precision": 0.778, "word_acc": 0.137, "word_acc_ignore_case": 0.138, "word_acc_ignore_case_symbol": 0.14, "1-N.E.D": 0.4349}, "predictions": [{"prediction": "", "ground truth": "TLE1-DT", "image path": "test_imgs/0.jpg"}, {"prediction": "", "ground truth": "ZNF484", "image path": "test_imgs/1.jpg"}, {"prediction": "VCAN", "ground truth": "VCAN", "image path": "test_imgs/2.jpg"}, {"prediction": "", "ground truth": "RNU6-260P", "image path": "test_imgs/3.jpg"}, {"prediction": "IATN?", "ground truth": "MATN2", "image path": "test_imgs/4.jpg"}, {"prediction": "", "ground truth": "USP45", "image path": "test_imgs/5.jpg"}, {"prediction": "", "ground truth": "RPL23AP12", "image path": "test_imgs/6.jpg"}, {"prediction": "GAPT", "ground truth": "GAPT", "image path": "test_imgs/7.jpg"}, {"prediction": "HZALIMA", "ground truth": "H2AL1MP", "image path": "test_imgs/8.jpg"}, {"prediction": "", "ground truth": "COA6", "image path": "test_imgs/9.jpg"}, {"prediction": "", "ground truth": "MATR3P1", "image path": "test_imgs/10.jpg"}, {"prediction": "", "ground truth": "SOAT2", "image path": "test_imgs/11.jpg"}, {"prediction": "LTO1", "ground truth": "LTO1", "image path": "test_imgs/12.jpg"}, {"prediction": "", "ground truth": "COMMD5", "image path": "test_imgs/13.jpg"}, {"prediction": "", "ground truth": "ADPGK-AS1", "image path": "test_imgs/14.jpg"}, {"prediction": "Dasic", "ground truth": "DSG1-AS1", "image path": "test_imgs/15.jpg"}, {"prediction": "", "ground truth": "RNA5SP480", "image path": "test_imgs/16.jpg"}, {"prediction": "", "ground truth": "LINC01070", "image path": "test_imgs/17.jpg"}, {"prediction": "", "ground truth": "LINC01785", "image path": "test_imgs/18.jpg"}, {"prediction": "", "ground truth": "MVK", "image path": "test_imgs/19.jpg"}, {"prediction": "", "ground truth": "PANK1", "image path": "test_imgs/20.jpg"}, {"prediction": "", "ground truth": "ERCC6", "image path": "test_imgs/21.jpg"}, {"prediction": "", "ground truth": "RPL29P6", "image path": "test_imgs/22.jpg"}, {"prediction": "", "ground truth": "TAS2R62P", "image path": "test_imgs/23.jpg"}, {"prediction": "", "ground truth": "RAD54L2P1", "image path": "test_imgs/24.jpg"}, {"prediction": "", "ground truth": "DNAJC3-DT", "image path": "test_imgs/25.jpg"}, {"prediction": "RNZSL6O2P", "ground truth": "RN7SL602P", "image path": "test_imgs/26.jpg"}, {"prediction": "PLEKHNT", "ground truth": "PLEKHN1", "image path": "test_imgs/27.jpg"}, {"prediction": "AANKKRD44", "ground truth": "ANKRD44", "image path": "test_imgs/28.jpg"}, {"prediction": "RNU6-4P", "ground truth": "RNU6-4P", "image path": "test_imgs/29.jpg"}, {"prediction": "", "ground truth": "ADGRE4P", "image path": "test_imgs/30.jpg"}, {"prediction": "MANSC1", "ground truth": "MANSC1", "image path": "test_imgs/31.jpg"}, {"prediction": "RNZSLGOD", "ground truth": "RN7SL50P", "image path": "test_imgs/32.jpg"}, {"prediction": "HMMGNIP27", "ground truth": "HMGN1P27", "image path": "test_imgs/33.jpg"}, {"prediction": "(VIIRSZUA", "ground truth": "MIR520A", "image path": "test_imgs/34.jpg"}, {"prediction": "t . :", "ground truth": "SLC20A1P1", "image path": "test_imgs/35.jpg"}, {"prediction": "", "ground truth": "MIR1290", "image path": "test_imgs/36.jpg"}, {"prediction": "", "ground truth": "OR1R1P", "image path": "test_imgs/37.jpg"}, {"prediction": "OPRDI", "ground truth": "OPRD1", "image path": "test_imgs/38.jpg"}, {"prediction": "MYOTA", "ground truth": "MYO1A", "image path": "test_imgs/39.jpg"}, {"prediction": "TBXZ", "ground truth": "TBX2", "image path": "test_imgs/40.jpg"}, {"prediction": "RAMACL", "ground truth": "RAMACL", "image path": "test_imgs/41.jpg"}, {"prediction": "SMYD}-IT", "ground truth": "SMYD3-IT1", "image path": "test_imgs/42.jpg"}, {"prediction": "DYNLLIP2", "ground truth": "DYNLL1P2", "image path": "test_imgs/43.jpg"}, {"prediction": "", "ground truth": "MANCR", "image path": "test_imgs/44.jpg"}, {"prediction": "LIG1", "ground truth": "LIG1", "image path": "test_imgs/45.jpg"}, {"prediction": "nna", "ground truth": "RNU6-833P", "image path": "test_imgs/46.jpg"}, {"prediction": "", "ground truth": "CCDC17", "image path": "test_imgs/47.jpg"}, {"prediction": "NDRG2", "ground truth": "NDRG2", "image path": "test_imgs/48.jpg"}, {"prediction": "RBMRE", "ground truth": "RBM39", "image path": "test_imgs/49.jpg"}, {"prediction": "", "ground truth": "MIR892A", "image path": "test_imgs/50.jpg"}, {"prediction": "", "ground truth": "FAM30B", "image path": "test_imgs/51.jpg"}, {"prediction": "GAL3ST2", "ground truth": "GAL3ST2", "image path": "test_imgs/52.jpg"}, {"prediction": "", "ground truth": "GPATCH1", "image path": "test_imgs/53.jpg"}, {"prediction": "", "ground truth": "MYOM2", "image path": "test_imgs/54.jpg"}, {"prediction": "HMGNIP27", "ground truth": "HMGN1P27", "image path": "test_imgs/55.jpg"}, {"prediction": "", "ground truth": "PSAP", "image path": "test_imgs/56.jpg"}, {"prediction": "", "ground truth": "H2BW1", "image path": "test_imgs/57.jpg"}, {"prediction": "", "ground truth": "PNLIP", "image path": "test_imgs/58.jpg"}, {"prediction": "GNPDAT", "ground truth": "GNPDA1", "image path": "test_imgs/59.jpg"}, {"prediction": "THBS3-ASI", "ground truth": "THBS3-AS1", "image path": "test_imgs/60.jpg"}, {"prediction": "RNU6-4 TTp", "ground truth": "RNU6-477P", "image path": "test_imgs/61.jpg"}, {"prediction": "Ukous", "ground truth": "OR8G5", "image path": "test_imgs/62.jpg"}, {"prediction": "", "ground truth": "NOMO3", "image path": "test_imgs/63.jpg"}, {"prediction": "RPLZIAP", "ground truth": "RPL27AP", "image path": "test_imgs/64.jpg"}, {"prediction": "RPL 23AP90", "ground truth": "RPL23AP90", "image path": "test_imgs/65.jpg"}, {"prediction": "BAGE", "ground truth": "BAGE", "image path": "test_imgs/66.jpg"}, {"prediction": "", "ground truth": "SLC38A10", "image path": "test_imgs/67.jpg"}, {"prediction": "PMSZCL", "ground truth": "PMS2CL", "image path": "test_imgs/68.jpg"}, {"prediction": "", "ground truth": "HAND2", "image path": "test_imgs/69.jpg"}, {"prediction": "Ars", "ground truth": "EEF1A1P19", "image path": "test_imgs/70.jpg"}, {"prediction": "", "ground truth": "SLC2A9", "image path": "test_imgs/71.jpg"}, {"prediction": "", "ground truth": "ANKRD54P1", "image path": "test_imgs/72.jpg"}, {"prediction": "LINC01774", "ground truth": "LINC01774", "image path": "test_imgs/73.jpg"}, {"prediction": "GRINZB", "ground truth": "GRIN2B", "image path": "test_imgs/74.jpg"}, {"prediction": "", "ground truth": "TMED10P1", "image path": "test_imgs/75.jpg"}, {"prediction": "Vin400 _", "ground truth": "MIR4661", "image path": "test_imgs/76.jpg"}, {"prediction": "TMEM!67B", "ground truth": "TMEM167B", "image path": "test_imgs/77.jpg"}, {"prediction": "", "ground truth": "CHCHD4P2", "image path": "test_imgs/78.jpg"}, {"prediction": "", "ground truth": "NUP35P2", "image path": "test_imgs/79.jpg"}, {"prediction": "WDR82P2", "ground truth": "WDR82P2", "image path": "test_imgs/80.jpg"}, {"prediction": "", "ground truth": "LINC00596", "image path": "test_imgs/81.jpg"}, {"prediction": "", "ground truth": "FAM227B", "image path": "test_imgs/82.jpg"}, {"prediction": "", "ground truth": "CCNO", "image path": "test_imgs/83.jpg"}, {"prediction": "", "ground truth": "RNU5F-5P", "image path": "test_imgs/84.jpg"}, {"prediction": "", "ground truth": "ZNF780A", "image path": "test_imgs/85.jpg"}, {"prediction": "MEFP 2", "ground truth": "MFFP2", "image path": "test_imgs/86.jpg"}, {"prediction": "ANOTLI", "ground truth": "ANO7L1", "image path": "test_imgs/87.jpg"}, {"prediction": "GPRI5", "ground truth": "GPR15", "image path": "test_imgs/88.jpg"}, {"prediction": "DieIAC", "ground truth": "DLG1-AS1", "image path": "test_imgs/89.jpg"}, {"prediction": "LYLI", "ground truth": "LYL1", "image path": "test_imgs/90.jpg"}, {"prediction": "DGKO", "ground truth": "DGKQ", "image path": "test_imgs/91.jpg"}, {"prediction": "", "ground truth": "CSTP1", "image path": "test_imgs/92.jpg"}, {"prediction": "PPIAPI", "ground truth": "PPIAP11", "image path": "test_imgs/93.jpg"}, {"prediction": "", "ground truth": "NKX2-1-AS1", "image path": "test_imgs/94.jpg"}, {"prediction": "1", "ground truth": "ZNF674-AS1", "image path": "test_imgs/95.jpg"}, {"prediction": "NEUR0G3", "ground truth": "NEUROG3", "image path": "test_imgs/96.jpg"}, {"prediction": "PLAC9", "ground truth": "PLAC9", "image path": "test_imgs/97.jpg"}, {"prediction": "IRAGI-ASI", "ground truth": "IRAG1-AS1", "image path": "test_imgs/98.jpg"}, {"prediction": "UkOJI", "ground truth": "OR6J1", "image path": "test_imgs/99.jpg"}, {"prediction": "RPLBP8", "ground truth": "RPL31P8", "image path": "test_imgs/100.jpg"}, {"prediction": "HMHBi", "ground truth": "HMHB1", "image path": "test_imgs/101.jpg"}, {"prediction": "", "ground truth": "LINC01003", "image path": "test_imgs/102.jpg"}, {"prediction": "", "ground truth": "UBE2V1P6", "image path": "test_imgs/103.jpg"}, {"prediction": "", "ground truth": "RNU6-1134P", "image path": "test_imgs/104.jpg"}, {"prediction": "301653", "ground truth": "LINC01653", "image path": "test_imgs/105.jpg"}, {"prediction": "RABGGTP", "ground truth": "RABGGTB", "image path": "test_imgs/106.jpg"}, {"prediction": "ORSZNS", "ground truth": "OR52N5", "image path": "test_imgs/107.jpg"}, {"prediction": "3", "ground truth": "OR2W4P", "image path": "test_imgs/108.jpg"}, {"prediction": "KLHL23", "ground truth": "KLHL23", "image path": "test_imgs/109.jpg"}, {"prediction": "", "ground truth": "ATG4AP1", "image path": "test_imgs/110.jpg"}, {"prediction": "FANIOZA", "ground truth": "FAM107A", "image path": "test_imgs/111.jpg"}, {"prediction": "", "ground truth": "MIR3170", "image path": "test_imgs/112.jpg"}, {"prediction": "Ccdtk", "ground truth": "SMANTIS", "image path": "test_imgs/113.jpg"}, {"prediction": "RTSp", "ground truth": "CDRT15P1", "image path": "test_imgs/114.jpg"}, {"prediction": "", "ground truth": "ASXL2", "image path": "test_imgs/115.jpg"}, {"prediction": "SOLE DT", "ground truth": "SQLE-DT", "image path": "test_imgs/116.jpg"}, {"prediction": "RNZSLSZP", "ground truth": "RN7SL57P", "image path": "test_imgs/117.jpg"}, {"prediction": "DG", "ground truth": "PRRG2", "image path": "test_imgs/118.jpg"}, {"prediction": "PEKL", "ground truth": "PFKL", "image path": "test_imgs/119.jpg"}, {"prediction": "", "ground truth": "LPAR6", "image path": "test_imgs/120.jpg"}, {"prediction": "PABPCIPI0", "ground truth": "PABPC1P10", "image path": "test_imgs/121.jpg"}, {"prediction": "", "ground truth": "CC2D2B", "image path": "test_imgs/122.jpg"}, {"prediction": "FBXO48", "ground truth": "FBXO48", "image path": "test_imgs/123.jpg"}, {"prediction": "MTND P32", "ground truth": "MTND1P32", "image path": "test_imgs/124.jpg"}, {"prediction": "", "ground truth": "RPL18AP17", "image path": "test_imgs/125.jpg"}, {"prediction": "", "ground truth": "HMGN2P45", "image path": "test_imgs/126.jpg"}, {"prediction": "", "ground truth": "RPL31P23", "image path": "test_imgs/127.jpg"}, {"prediction": "", "ground truth": "RNU1-83P", "image path": "test_imgs/128.jpg"}, {"prediction": "", "ground truth": "RAB44", "image path": "test_imgs/129.jpg"}, {"prediction": "", "ground truth": "RNU6-409P", "image path": "test_imgs/130.jpg"}, {"prediction": "GAPDHPIA", "ground truth": "GAPDHP14", "image path": "test_imgs/131.jpg"}, {"prediction": "SETPT", "ground truth": "SETP1", "image path": "test_imgs/132.jpg"}, {"prediction": "", "ground truth": "MIRLET7F2", "image path": "test_imgs/133.jpg"}, {"prediction": "", "ground truth": "FRA11B", "image path": "test_imgs/134.jpg"}, {"prediction": "WSE", "ground truth": "MISP", "image path": "test_imgs/135.jpg"}, {"prediction": "IDKL", "ground truth": "TDRG1", "image path": "test_imgs/136.jpg"}, {"prediction": "NCUZUl2", "ground truth": "LINC02012", "image path": "test_imgs/137.jpg"}, {"prediction": "MIR /156", "ground truth": "MIR7156", "image path": "test_imgs/138.jpg"}, {"prediction": "Meu", "ground truth": "LINC01079", "image path": "test_imgs/139.jpg"}, {"prediction": "", "ground truth": "IGSF21", "image path": "test_imgs/140.jpg"}, {"prediction": "", "ground truth": "RERG", "image path": "test_imgs/141.jpg"}, {"prediction": "RNASSP489", "ground truth": "RNA5SP489", "image path": "test_imgs/142.jpg"}, {"prediction": "PPABPCP3]", "ground truth": "PABPC1P13", "image path": "test_imgs/143.jpg"}, {"prediction": "ACER2", "ground truth": "ACER2", "image path": "test_imgs/144.jpg"}, {"prediction": "RELiibad", "ground truth": "RPL31P39", "image path": "test_imgs/145.jpg"}, {"prediction": "", "ground truth": "RASL12", "image path": "test_imgs/146.jpg"}, {"prediction": "HHIPL2", "ground truth": "HHIPL2", "image path": "test_imgs/147.jpg"}, {"prediction": "", "ground truth": "WAC", "image path": "test_imgs/148.jpg"}, {"prediction": "", "ground truth": "PMS2P14", "image path": "test_imgs/149.jpg"}, {"prediction": "FOSB", "ground truth": "FOSB", "image path": "test_imgs/150.jpg"}, {"prediction": "TMFMi86", "ground truth": "TMEM186", "image path": "test_imgs/151.jpg"}, {"prediction": "GMDS", "ground truth": "GMDS", "image path": "test_imgs/152.jpg"}, {"prediction": "AC2AP'", "ground truth": "CDC27P1", "image path": "test_imgs/153.jpg"}, {"prediction": "GLIS2-ASl", "ground truth": "GLIS2-AS1", "image path": "test_imgs/154.jpg"}, {"prediction": "Mp125", "ground truth": "MIR1251", "image path": "test_imgs/155.jpg"}, {"prediction": "PPL37P10", "ground truth": "RPL37P17", "image path": "test_imgs/156.jpg"}, {"prediction": "", "ground truth": "EMILIN1", "image path": "test_imgs/157.jpg"}, {"prediction": "", "ground truth": "RELA", "image path": "test_imgs/158.jpg"}, {"prediction": "", "ground truth": "RNU6-70P", "image path": "test_imgs/159.jpg"}, {"prediction": "", "ground truth": "MTND2P38", "image path": "test_imgs/160.jpg"}, {"prediction": "RF'Lzz", "ground truth": "RPL22", "image path": "test_imgs/161.jpg"}, {"prediction": "", "ground truth": "CYP2C58P", "image path": "test_imgs/162.jpg"}, {"prediction": "TD7", "ground truth": "MSANTD7", "image path": "test_imgs/163.jpg"}, {"prediction": "", "ground truth": "RNU2-34P", "image path": "test_imgs/164.jpg"}, {"prediction": "", "ground truth": "POLDIP2", "image path": "test_imgs/165.jpg"}, {"prediction": "PPABPNIL", "ground truth": "PABPN1L", "image path": "test_imgs/166.jpg"}, {"prediction": "", "ground truth": "MIR6801", "image path": "test_imgs/167.jpg"}, {"prediction": "", "ground truth": "ARHGAP42P4", "image path": "test_imgs/168.jpg"}, {"prediction": "", "ground truth": "RNU6-1235P", "image path": "test_imgs/169.jpg"}, {"prediction": "", "ground truth": "MIR1302-2", "image path": "test_imgs/170.jpg"}, {"prediction": "", "ground truth": "PUDP", "image path": "test_imgs/171.jpg"}, {"prediction": "ACVRZB-ASI", "ground truth": "ACVR2B-AS1", "image path": "test_imgs/172.jpg"}, {"prediction": "", "ground truth": "G2E3-AS1", "image path": "test_imgs/173.jpg"}, {"prediction": "RNASSP164", "ground truth": "RNA5SP164", "image path": "test_imgs/174.jpg"}, {"prediction": "SNORATIG", "ground truth": "SNORA11G", "image path": "test_imgs/175.jpg"}, {"prediction": "ZNFAIO", "ground truth": "ZNF419", "image path": "test_imgs/176.jpg"}, {"prediction": "URGV", "ground truth": "TRGV11", "image path": "test_imgs/177.jpg"}, {"prediction": "ZNF222", "ground truth": "ZNF222", "image path": "test_imgs/178.jpg"}, {"prediction": "RPLZIP24", "ground truth": "RPL21P24", "image path": "test_imgs/179.jpg"}, {"prediction": "CLEC4OP", "ground truth": "CLEC4OP", "image path": "test_imgs/180.jpg"}, {"prediction": "", "ground truth": "LINC00710", "image path": "test_imgs/181.jpg"}, {"prediction": "", "ground truth": "ZNF723", "image path": "test_imgs/182.jpg"}, {"prediction": "", "ground truth": "TBX5", "image path": "test_imgs/183.jpg"}, {"prediction": "KRT73", "ground truth": "KRT73", "image path": "test_imgs/184.jpg"}, {"prediction": "MYL7", "ground truth": "MYL7", "image path": "test_imgs/185.jpg"}, {"prediction": "", "ground truth": "TTTY13C", "image path": "test_imgs/186.jpg"}, {"prediction": "RPS2GPia", "ground truth": "RPS26P14", "image path": "test_imgs/187.jpg"}, {"prediction": "33", "ground truth": "OSBPL2", "image path": "test_imgs/188.jpg"}, {"prediction": "TRIM6OP3Y", "ground truth": "TRIM60P3Y", "image path": "test_imgs/189.jpg"}, {"prediction": "RXFP4", "ground truth": "RXFP4", "image path": "test_imgs/190.jpg"}, {"prediction": "RNZSL826P", "ground truth": "RN7SL826P", "image path": "test_imgs/191.jpg"}, {"prediction": "UOCRI", "ground truth": "UQCR11", "image path": "test_imgs/192.jpg"}, {"prediction": "GALNTL6-AS", "ground truth": "GALNTL6-AS1", "image path": "test_imgs/193.jpg"}, {"prediction": "RNUGATACSP", "ground truth": "RNU6ATAC35P", "image path": "test_imgs/194.jpg"}, {"prediction": "", "ground truth": "LINC01165", "image path": "test_imgs/195.jpg"}, {"prediction": "", "ground truth": "DLX6-AS1", "image path": "test_imgs/196.jpg"}, {"prediction": "RPS3AP54", "ground truth": "RPS3AP54", "image path": "test_imgs/197.jpg"}, {"prediction": "", "ground truth": "ACSM1", "image path": "test_imgs/198.jpg"}, {"prediction": "IGLV3-31", "ground truth": "IGLV3-31", "image path": "test_imgs/199.jpg"}, {"prediction": "WRNRAAPO", "ground truth": "HNRNPA1P61", "image path": "test_imgs/200.jpg"}, {"prediction": "LINC01242", "ground truth": "LINC01242", "image path": "test_imgs/201.jpg"}, {"prediction": "", "ground truth": "FAM74A6", "image path": "test_imgs/202.jpg"}, {"prediction": "", "ground truth": "CNNM2", "image path": "test_imgs/203.jpg"}, {"prediction": "ZNHIT3", "ground truth": "ZNHIT3", "image path": "test_imgs/204.jpg"}, {"prediction": "PLACY", "ground truth": "PLAC9", "image path": "test_imgs/205.jpg"}, {"prediction": "LINCO1550 ", "ground truth": "LINC01550", "image path": "test_imgs/206.jpg"}, {"prediction": "RNF157", "ground truth": "RNF157", "image path": "test_imgs/207.jpg"}, {"prediction": "GEIDA", "ground truth": "FCHSD2", "image path": "test_imgs/208.jpg"}, {"prediction": "AFA", "ground truth": "TAFA1", "image path": "test_imgs/209.jpg"}, {"prediction": "", "ground truth": "NDUFA5P6", "image path": "test_imgs/210.jpg"}, {"prediction": "LINCO2547", "ground truth": "LINC02547", "image path": "test_imgs/211.jpg"}, {"prediction": "METTLA", "ground truth": "METTL4", "image path": "test_imgs/212.jpg"}, {"prediction": "RADS 1", "ground truth": "RAD51D", "image path": "test_imgs/213.jpg"}, {"prediction": "SNORD169", "ground truth": "SNORD169", "image path": "test_imgs/214.jpg"}, {"prediction": "aMFMTOTR", "ground truth": "TMEM191B", "image path": "test_imgs/215.jpg"}, {"prediction": "FAND?", "ground truth": "ZFAND2A-DT", "image path": "test_imgs/216.jpg"}, {"prediction": "RNzSL2HI", "ground truth": "RN7SL254P", "image path": "test_imgs/217.jpg"}, {"prediction": "", "ground truth": "LINC02791", "image path": "test_imgs/218.jpg"}, {"prediction": "HRKe", "ground truth": "HRK", "image path": "test_imgs/219.jpg"}, {"prediction": "EYA2-ASI", "ground truth": "EYA2-AS1", "image path": "test_imgs/220.jpg"}, {"prediction": "", "ground truth": "KLF17P1", "image path": "test_imgs/221.jpg"}, {"prediction": "", "ground truth": "RPL13AP22", "image path": "test_imgs/222.jpg"}, {"prediction": "6:", "ground truth": "OR6X1", "image path": "test_imgs/223.jpg"}, {"prediction": "", "ground truth": "FN3KRP", "image path": "test_imgs/224.jpg"}, {"prediction": "", "ground truth": "SSTR1", "image path": "test_imgs/225.jpg"}, {"prediction": "IRi-GAT", "ground truth": "TRI-GAT1-2", "image path": "test_imgs/226.jpg"}, {"prediction": "IMSLSPM", "ground truth": "MSL3P1", "image path": "test_imgs/227.jpg"}, {"prediction": "", "ground truth": "EEF1A1P16", "image path": "test_imgs/228.jpg"}, {"prediction": "FLENEAS", "ground truth": "ELFN1-AS1", "image path": "test_imgs/229.jpg"}, {"prediction": "RNU6-739P", "ground truth": "RNU6-739P", "image path": "test_imgs/230.jpg"}, {"prediction": "TTNC01878", "ground truth": "LINC01878", "image path": "test_imgs/231.jpg"}, {"prediction": "RPLIOP2", "ground truth": "RPL10P2", "image path": "test_imgs/232.jpg"}, {"prediction": "", "ground truth": "NBPF25P", "image path": "test_imgs/233.jpg"}, {"prediction": "QME", "ground truth": "NME1", "image path": "test_imgs/234.jpg"}, {"prediction": "RENBT", "ground truth": "RENBP", "image path": "test_imgs/235.jpg"}, {"prediction": "[RN6I6 25512", "ground truth": "RNU6-255P", "image path": "test_imgs/236.jpg"}, {"prediction": "=", "ground truth": "MGST3", "image path": "test_imgs/237.jpg"}, {"prediction": "TPMiP3o", "ground truth": "NPM1P30", "image path": "test_imgs/238.jpg"}, {"prediction": "", "ground truth": "MIR598", "image path": "test_imgs/239.jpg"}, {"prediction": "/v3y1", "ground truth": "ZNF286B", "image path": "test_imgs/240.jpg"}, {"prediction": "PNbe", "ground truth": "MTRNR2L5", "image path": "test_imgs/241.jpg"}, {"prediction": "SF3BE", "ground truth": "SF3B6", "image path": "test_imgs/242.jpg"}, {"prediction": "SNORAT4-", "ground truth": "SNORA14A", "image path": "test_imgs/243.jpg"}, {"prediction": "Vi5_ -", "ground truth": "MIR548AI", "image path": "test_imgs/244.jpg"}, {"prediction": "", "ground truth": "PRKAR1AP1", "image path": "test_imgs/245.jpg"}, {"prediction": "", "ground truth": "PLCB3", "image path": "test_imgs/246.jpg"}, {"prediction": "", "ground truth": "B3GALNT2", "image path": "test_imgs/247.jpg"}, {"prediction": "DI DY", "ground truth": "BTBD9", "image path": "test_imgs/248.jpg"}, {"prediction": "", "ground truth": "TRAFD1", "image path": "test_imgs/249.jpg"}, {"prediction": "", "ground truth": "MAGEA7P", "image path": "test_imgs/250.jpg"}, {"prediction": "EZH1", "ground truth": "EZH1", "image path": "test_imgs/251.jpg"}, {"prediction": "", "ground truth": "OR9G2P", "image path": "test_imgs/252.jpg"}, {"prediction": "REG3G", "ground truth": "REG3G", "image path": "test_imgs/253.jpg"}, {"prediction": "MMZ", "ground truth": "LIMD2", "image path": "test_imgs/254.jpg"}, {"prediction": "", "ground truth": "KDM2A", "image path": "test_imgs/255.jpg"}, {"prediction": "", "ground truth": "LINC02938", "image path": "test_imgs/256.jpg"}, {"prediction": "", "ground truth": "TAS2R15P", "image path": "test_imgs/257.jpg"}, {"prediction": "", "ground truth": "PSMA1", "image path": "test_imgs/258.jpg"}, {"prediction": "", "ground truth": "RNA5SP318", "image path": "test_imgs/259.jpg"}, {"prediction": "", "ground truth": "RPL21P96", "image path": "test_imgs/260.jpg"}, {"prediction": "MAPREB", "ground truth": "MAPRE3", "image path": "test_imgs/261.jpg"}, {"prediction": "MTNDSP44", "ground truth": "MTND5P44", "image path": "test_imgs/262.jpg"}, {"prediction": "AKS", "ground truth": "AK5", "image path": "test_imgs/263.jpg"}, {"prediction": "", "ground truth": "BMS1P9", "image path": "test_imgs/264.jpg"}, {"prediction": "(TYBPC", "ground truth": "MYBPC3", "image path": "test_imgs/265.jpg"}, {"prediction": "", "ground truth": "LINC01558", "image path": "test_imgs/266.jpg"}, {"prediction": "", "ground truth": "PTBP1P", "image path": "test_imgs/267.jpg"}, {"prediction": "", "ground truth": "RNU4-35P", "image path": "test_imgs/268.jpg"}, {"prediction": "Nalcha", "ground truth": "NSMCE2", "image path": "test_imgs/269.jpg"}, {"prediction": "IGKVID-[2", "ground truth": "IGKV1D-12", "image path": "test_imgs/270.jpg"}, {"prediction": "", "ground truth": "RNU6ATAC15P", "image path": "test_imgs/271.jpg"}, {"prediction": "RPLEP4", "ground truth": "RPL12P4", "image path": "test_imgs/272.jpg"}, {"prediction": "SRDSAI", "ground truth": "SRD5A1", "image path": "test_imgs/273.jpg"}, {"prediction": "RPSPGP]", "ground truth": "RPS26P1", "image path": "test_imgs/274.jpg"}, {"prediction": "", "ground truth": "AIDAP2", "image path": "test_imgs/275.jpg"}, {"prediction": "COL4A3", "ground truth": "COL4A3", "image path": "test_imgs/276.jpg"}, {"prediction": "IFNL4", "ground truth": "IFNL4", "image path": "test_imgs/277.jpg"}, {"prediction": "WDR75", "ground truth": "WDR75", "image path": "test_imgs/278.jpg"}, {"prediction": "RNISLZ4ZP", "ground truth": "RN7SL242P", "image path": "test_imgs/279.jpg"}, {"prediction": "C4 2", "ground truth": "CA2", "image path": "test_imgs/280.jpg"}, {"prediction": "", "ground truth": "CMA1", "image path": "test_imgs/281.jpg"}, {"prediction": "", "ground truth": "IKZF1", "image path": "test_imgs/282.jpg"}, {"prediction": "SNONdJOB:", "ground truth": "SNORD88B", "image path": "test_imgs/283.jpg"}, {"prediction": "", "ground truth": "HSD11B1-AS1", "image path": "test_imgs/284.jpg"}, {"prediction": "TMEM165", "ground truth": "TMEM165", "image path": "test_imgs/285.jpg"}, {"prediction": "ZBTBau-ASL", "ground truth": "ZBTB47-AS1", "image path": "test_imgs/286.jpg"}, {"prediction": "SNX2", "ground truth": "SNX2", "image path": "test_imgs/287.jpg"}, {"prediction": "C2ort8s", "ground truth": "C2orf83", "image path": "test_imgs/288.jpg"}, {"prediction": "DENNDZB-ASl", "ground truth": "DENND2B-AS1", "image path": "test_imgs/289.jpg"}, {"prediction": "TXLNGV", "ground truth": "TXLNGY", "image path": "test_imgs/290.jpg"}, {"prediction": "B", "ground truth": "RIMKLBP2", "image path": "test_imgs/291.jpg"}, {"prediction": "MAPAK", "ground truth": "MAP4K3-DT", "image path": "test_imgs/292.jpg"}, {"prediction": "MIKI297", "ground truth": "MIR1297", "image path": "test_imgs/293.jpg"}, {"prediction": "", "ground truth": "RNU7-41P", "image path": "test_imgs/294.jpg"}, {"prediction": "", "ground truth": "TEX21P", "image path": "test_imgs/295.jpg"}, {"prediction": "KRTS", "ground truth": "KRT18", "image path": "test_imgs/296.jpg"}, {"prediction": "Loc", "ground truth": "RARS1", "image path": "test_imgs/297.jpg"}, {"prediction": "MTNDZP36", "ground truth": "MTND2P36", "image path": "test_imgs/298.jpg"}, {"prediction": "SLC24A3-AST", "ground truth": "SLC24A3-AS1", "image path": "test_imgs/299.jpg"}, {"prediction": "RMlt", "ground truth": "RMI1", "image path": "test_imgs/300.jpg"}, {"prediction": "IGKVBOR2-5", "ground truth": "IGKV3OR2-5", "image path": "test_imgs/301.jpg"}, {"prediction": "PLEKHAzPi", "ground truth": "PLEKHA3P1", "image path": "test_imgs/302.jpg"}, {"prediction": "", "ground truth": "SCGB2A2", "image path": "test_imgs/303.jpg"}, {"prediction": "RAPTBPT", "ground truth": "RAP1BP1", "image path": "test_imgs/304.jpg"}, {"prediction": "OSBLSIF", "ground truth": "SSBL3P", "image path": "test_imgs/305.jpg"}, {"prediction": "ARGLUI", "ground truth": "ARGLU1", "image path": "test_imgs/306.jpg"}, {"prediction": "LRRNS", "ground truth": "LRRN3", "image path": "test_imgs/307.jpg"}, {"prediction": "MR54813", "ground truth": "MIR548I3", "image path": "test_imgs/308.jpg"}, {"prediction": "SNRNP4O", "ground truth": "SNRNP40", "image path": "test_imgs/309.jpg"}, {"prediction": "SLC4SA3", "ground truth": "SLC45A3", "image path": "test_imgs/310.jpg"}, {"prediction": "", "ground truth": "UPP1", "image path": "test_imgs/311.jpg"}, {"prediction": "", "ground truth": "TRERF1", "image path": "test_imgs/312.jpg"}, {"prediction": "", "ground truth": "MAP4K5", "image path": "test_imgs/313.jpg"}, {"prediction": "", "ground truth": "SENP1", "image path": "test_imgs/314.jpg"}, {"prediction": "DEFB129", "ground truth": "DEFB129", "image path": "test_imgs/315.jpg"}, {"prediction": "MIR1302-10", "ground truth": "MIR1302-10", "image path": "test_imgs/316.jpg"}, {"prediction": "", "ground truth": "FLNC", "image path": "test_imgs/317.jpg"}, {"prediction": "", "ground truth": "CA3", "image path": "test_imgs/318.jpg"}, {"prediction": "", "ground truth": "RN7SL68P", "image path": "test_imgs/319.jpg"}, {"prediction": "", "ground truth": "HNRNPCP10", "image path": "test_imgs/320.jpg"}, {"prediction": "", "ground truth": "FRZB", "image path": "test_imgs/321.jpg"}, {"prediction": "CLK4", "ground truth": "CLK4", "image path": "test_imgs/322.jpg"}, {"prediction": "TMX", "ground truth": "TMX3", "image path": "test_imgs/323.jpg"}, {"prediction": "RNA5S1?", "ground truth": "RNA5S13", "image path": "test_imgs/324.jpg"}, {"prediction": "RPL2opg", "ground truth": "RPL26P9", "image path": "test_imgs/325.jpg"}, {"prediction": "", "ground truth": "IGHV1-69D", "image path": "test_imgs/326.jpg"}, {"prediction": "HOTAIRMi", "ground truth": "HOTAIRM1", "image path": "test_imgs/327.jpg"}, {"prediction": "SIGLEC31p", "ground truth": "SIGLEC31P", "image path": "test_imgs/328.jpg"}, {"prediction": "", "ground truth": "IL17D", "image path": "test_imgs/329.jpg"}, {"prediction": "", "ground truth": "DSC3", "image path": "test_imgs/330.jpg"}, {"prediction": "NDUFA6-D [", "ground truth": "NDUFA6-DT", "image path": "test_imgs/331.jpg"}, {"prediction": "VBPle}", "ground truth": "WBP1P2", "image path": "test_imgs/332.jpg"}, {"prediction": "MIR492", "ground truth": "MIR492", "image path": "test_imgs/333.jpg"}, {"prediction": "OUD", "ground truth": "SCD", "image path": "test_imgs/334.jpg"}, {"prediction": "MIR12132", "ground truth": "MIR12132", "image path": "test_imgs/335.jpg"}, {"prediction": "Metn", "ground truth": "RNU7-125P", "image path": "test_imgs/336.jpg"}, {"prediction": "", "ground truth": "CTNND2", "image path": "test_imgs/337.jpg"}, {"prediction": "FRGT", "ground truth": "FRG1", "image path": "test_imgs/338.jpg"}, {"prediction": "MTNDZP16", "ground truth": "MTND2P16", "image path": "test_imgs/339.jpg"}, {"prediction": "RAB6A", "ground truth": "RAB6A", "image path": "test_imgs/340.jpg"}, {"prediction": "dGHV4->", "ground truth": "IGHV4-4", "image path": "test_imgs/341.jpg"}, {"prediction": "", "ground truth": "MIR6870", "image path": "test_imgs/342.jpg"}, {"prediction": "", "ground truth": "ADAMTS9", "image path": "test_imgs/343.jpg"}, {"prediction": "OR7EI48P", "ground truth": "OR7E148P", "image path": "test_imgs/344.jpg"}, {"prediction": "", "ground truth": "RPL23AP27", "image path": "test_imgs/345.jpg"}, {"prediction": "", "ground truth": "HSPA8P17", "image path": "test_imgs/346.jpg"}, {"prediction": "RPL29P24", "ground truth": "RPL29P24", "image path": "test_imgs/347.jpg"}, {"prediction": "TIFAB", "ground truth": "TIFAB", "image path": "test_imgs/348.jpg"}, {"prediction": "DENNDSh", "ground truth": "DENND5B", "image path": "test_imgs/349.jpg"}, {"prediction": "", "ground truth": "OR52B2", "image path": "test_imgs/350.jpg"}, {"prediction": "BRDZP6", "ground truth": "BRD7P6", "image path": "test_imgs/351.jpg"}, {"prediction": "", "ground truth": "GNPATP", "image path": "test_imgs/352.jpg"}, {"prediction": "RNASSP-72", "ground truth": "RNA5SP272", "image path": "test_imgs/353.jpg"}, {"prediction": "SIRTZ", "ground truth": "SIRT7", "image path": "test_imgs/354.jpg"}, {"prediction": "", "ground truth": "PCDHGB2", "image path": "test_imgs/355.jpg"}, {"prediction": "LINCo17o", "ground truth": "LINC01070", "image path": "test_imgs/356.jpg"}, {"prediction": "ALDH3A2", "ground truth": "ALDH3A2", "image path": "test_imgs/357.jpg"}, {"prediction": "", "ground truth": "KIF19BP", "image path": "test_imgs/358.jpg"}, {"prediction": "", "ground truth": "MIR4645", "image path": "test_imgs/359.jpg"}, {"prediction": "TMEM9B-AST", "ground truth": "TMEM9B-AS1", "image path": "test_imgs/360.jpg"}, {"prediction": "", "ground truth": "OSBPL1A", "image path": "test_imgs/361.jpg"}, {"prediction": "SMCRS", "ground truth": "SMCR5", "image path": "test_imgs/362.jpg"}, {"prediction": "", "ground truth": "RNU6-823P", "image path": "test_imgs/363.jpg"}, {"prediction": "", "ground truth": "TIGD5", "image path": "test_imgs/364.jpg"}, {"prediction": "HIGDIAP9", "ground truth": "HIGD1AP9", "image path": "test_imgs/365.jpg"}, {"prediction": "", "ground truth": "ERVH-1", "image path": "test_imgs/366.jpg"}, {"prediction": "", "ground truth": "PA2G4P2", "image path": "test_imgs/367.jpg"}, {"prediction": "ORsMzP'", "ground truth": "OR5M2P", "image path": "test_imgs/368.jpg"}, {"prediction": "ONAJBS", "ground truth": "DNAJB5", "image path": "test_imgs/369.jpg"}, {"prediction": "", "ground truth": "BICDL3P", "image path": "test_imgs/370.jpg"}, {"prediction": "", "ground truth": "PCMTD1-DT", "image path": "test_imgs/371.jpg"}, {"prediction": "ATPSFIAP4", "ground truth": "ATP5F1AP4", "image path": "test_imgs/372.jpg"}, {"prediction": "FCFI8", "ground truth": "FGF18", "image path": "test_imgs/373.jpg"}, {"prediction": "RNZSL494P", "ground truth": "RN7SL494P", "image path": "test_imgs/374.jpg"}, {"prediction": "", "ground truth": "SLC6A2", "image path": "test_imgs/375.jpg"}, {"prediction": "Ienno", "ground truth": "HAP1", "image path": "test_imgs/376.jpg"}, {"prediction": "", "ground truth": "RN7SL503P", "image path": "test_imgs/377.jpg"}, {"prediction": "COXZC", "ground truth": "COX7C", "image path": "test_imgs/378.jpg"}, {"prediction": "LINC02926", "ground truth": "LINC02926", "image path": "test_imgs/379.jpg"}, {"prediction": "", "ground truth": "GDF5", "image path": "test_imgs/380.jpg"}, {"prediction": "Fut", "ground truth": "FNTB", "image path": "test_imgs/381.jpg"}, {"prediction": "", "ground truth": "FRA2D", "image path": "test_imgs/382.jpg"}, {"prediction": "RACIP:", "ground truth": "RAC1P8", "image path": "test_imgs/383.jpg"}, {"prediction": "APBBZ", "ground truth": "APBB2", "image path": "test_imgs/384.jpg"}, {"prediction": "", "ground truth": "ZDHHC20", "image path": "test_imgs/385.jpg"}, {"prediction": "FRBV23-", "ground truth": "TRBV23-1", "image path": "test_imgs/386.jpg"}, {"prediction": "", "ground truth": "RN7SL6P", "image path": "test_imgs/387.jpg"}, {"prediction": "ORSMZP", "ground truth": "OR5M2P", "image path": "test_imgs/388.jpg"}, {"prediction": "", "ground truth": "SCAMP1-AS1", "image path": "test_imgs/389.jpg"}, {"prediction": "MTATPoLZ", "ground truth": "MTATP8P2", "image path": "test_imgs/390.jpg"}, {"prediction": "VzSKP", "ground truth": "RN7SKP2", "image path": "test_imgs/391.jpg"}, {"prediction": "", "ground truth": "DUX4L39", "image path": "test_imgs/392.jpg"}, {"prediction": "Se", "ground truth": "SASH3", "image path": "test_imgs/393.jpg"}, {"prediction": "", "ground truth": "CAPSL-DT", "image path": "test_imgs/394.jpg"}, {"prediction": "", "ground truth": "RPL7AP57", "image path": "test_imgs/395.jpg"}, {"prediction": "FBLIMIPI", "ground truth": "FBLIM1P1", "image path": "test_imgs/396.jpg"}, {"prediction": "RPL23AP27", "ground truth": "RPL23AP27", "image path": "test_imgs/397.jpg"}, {"prediction": "CAMKID", "ground truth": "CAMK1D", "image path": "test_imgs/398.jpg"}, {"prediction": "Pp71P5/", "ground truth": "RPL21P57", "image path": "test_imgs/399.jpg"}, {"prediction": "", "ground truth": "SLC7A11", "image path": "test_imgs/400.jpg"}, {"prediction": "", "ground truth": "SEMA6B", "image path": "test_imgs/401.jpg"}, {"prediction": "", "ground truth": "UQCRHP2", "image path": "test_imgs/402.jpg"}, {"prediction": "", "ground truth": "LCE3D", "image path": "test_imgs/403.jpg"}, {"prediction": "aln6rt3", "ground truth": "LRRC37B", "image path": "test_imgs/404.jpg"}, {"prediction": "ABCA12", "ground truth": "ABCA12", "image path": "test_imgs/405.jpg"}, {"prediction": "LINCO1835", "ground truth": "LINC01839", "image path": "test_imgs/406.jpg"}, {"prediction": "FAMII1B", "ground truth": "FAM111B", "image path": "test_imgs/407.jpg"}, {"prediction": "", "ground truth": "PDK1P2", "image path": "test_imgs/408.jpg"}, {"prediction": "RBMIZPE", "ground truth": "RBM17P1", "image path": "test_imgs/409.jpg"}, {"prediction": "LINC0161", "ground truth": "LINC01611", "image path": "test_imgs/410.jpg"}, {"prediction": "", "ground truth": "MIR3689F", "image path": "test_imgs/411.jpg"}, {"prediction": "PNA5S8478", "ground truth": "RNA5SP478", "image path": "test_imgs/412.jpg"}, {"prediction": "RPSSP6", "ground truth": "RPS8P6", "image path": "test_imgs/413.jpg"}, {"prediction": "(ofRTTP", "ground truth": "PCDHB17P", "image path": "test_imgs/414.jpg"}, {"prediction": "APzl", "ground truth": "AP3D1", "image path": "test_imgs/415.jpg"}, {"prediction": "-", "ground truth": "RPS10P24", "image path": "test_imgs/416.jpg"}, {"prediction": "C2orf27A", "ground truth": "C2orf27A", "image path": "test_imgs/417.jpg"}, {"prediction": "CKSIBPS", "ground truth": "CKS1BP5", "image path": "test_imgs/418.jpg"}, {"prediction": "", "ground truth": "RMDN2", "image path": "test_imgs/419.jpg"}, {"prediction": "HOXC13", "ground truth": "HOXC13", "image path": "test_imgs/420.jpg"}, {"prediction": "DBNT", "ground truth": "DBN1", "image path": "test_imgs/421.jpg"}, {"prediction": "DN", "ground truth": "SNX7", "image path": "test_imgs/422.jpg"}, {"prediction": "RNU7-194P", "ground truth": "RNU7-194P", "image path": "test_imgs/423.jpg"}, {"prediction": "", "ground truth": "SLCO4A1-AS2", "image path": "test_imgs/424.jpg"}, {"prediction": "PTCDOPO", "ground truth": "PTCD2P2", "image path": "test_imgs/425.jpg"}, {"prediction": "", "ground truth": "RPS27P19", "image path": "test_imgs/426.jpg"}, {"prediction": "#N7Ciod", "ground truth": "RN7SL100P", "image path": "test_imgs/427.jpg"}, {"prediction": "EXOSC3PT", "ground truth": "EXOSC3P1", "image path": "test_imgs/428.jpg"}, {"prediction": "AeCos", "ground truth": "RNU6-293P", "image path": "test_imgs/429.jpg"}, {"prediction": "RPI 284025", "ground truth": "RPL23AP25", "image path": "test_imgs/430.jpg"}, {"prediction": "", "ground truth": "FYCO1", "image path": "test_imgs/431.jpg"}, {"prediction": "", "ground truth": "NAALADL2", "image path": "test_imgs/432.jpg"}, {"prediction": "", "ground truth": "SHQ1", "image path": "test_imgs/433.jpg"}, {"prediction": "HELT", "ground truth": "HELT", "image path": "test_imgs/434.jpg"}, {"prediction": "", "ground truth": "ENHO", "image path": "test_imgs/435.jpg"}, {"prediction": "LAMTORS-AST", "ground truth": "LAMTOR5-AS1", "image path": "test_imgs/436.jpg"}, {"prediction": "MIR6802", "ground truth": "MIR6802", "image path": "test_imgs/437.jpg"}, {"prediction": "MRGCS", "ground truth": "MIR608", "image path": "test_imgs/438.jpg"}, {"prediction": "", "ground truth": "RN7SKP132", "image path": "test_imgs/439.jpg"}, {"prediction": "ToPuz", "ground truth": "TSPO2", "image path": "test_imgs/440.jpg"}, {"prediction": "", "ground truth": "ARVCF", "image path": "test_imgs/441.jpg"}, {"prediction": "F430567E<7", "ground truth": "ARPP21-AS1", "image path": "test_imgs/442.jpg"}, {"prediction": "", "ground truth": "OR4Q3", "image path": "test_imgs/443.jpg"}, {"prediction": "RNZSL513P", "ground truth": "RN7SL513P", "image path": "test_imgs/444.jpg"}, {"prediction": "TGlF 2", "ground truth": "TGIF2", "image path": "test_imgs/445.jpg"}, {"prediction": "LHFPLJ", "ground truth": "LHFPL5", "image path": "test_imgs/446.jpg"}, {"prediction": "BLOCISA", "ground truth": "BLOC1S4", "image path": "test_imgs/447.jpg"}, {"prediction": "", "ground truth": "BRF2", "image path": "test_imgs/448.jpg"}, {"prediction": "", "ground truth": "ADAM21P1", "image path": "test_imgs/449.jpg"}, {"prediction": "", "ground truth": "EIF3EP1", "image path": "test_imgs/450.jpg"}, {"prediction": "NDUFASP1O", "ground truth": "NDUFA5P10", "image path": "test_imgs/451.jpg"}, {"prediction": "", "ground truth": "H3C9P", "image path": "test_imgs/452.jpg"}, {"prediction": "EIFSE", "ground truth": "EIF3E", "image path": "test_imgs/453.jpg"}, {"prediction": "TMB", "ground truth": "ZIM3", "image path": "test_imgs/454.jpg"}, {"prediction": "LYPLAL", "ground truth": "LYPLAL1", "image path": "test_imgs/455.jpg"}, {"prediction": "MT-NDI", "ground truth": "MT-ND1", "image path": "test_imgs/456.jpg"}, {"prediction": "VRA", "ground truth": "MRAP", "image path": "test_imgs/457.jpg"}, {"prediction": "PRKGI-ASI", "ground truth": "PRKG1-AS1", "image path": "test_imgs/458.jpg"}, {"prediction": "", "ground truth": "FGF7P6", "image path": "test_imgs/459.jpg"}, {"prediction": "QAAOP", "ground truth": "SAA3P", "image path": "test_imgs/460.jpg"}, {"prediction": "", "ground truth": "HSD3BP3", "image path": "test_imgs/461.jpg"}, {"prediction": "ITXN?", "ground truth": "TXN2", "image path": "test_imgs/462.jpg"}, {"prediction": "", "ground truth": "BIRC6-AS2", "image path": "test_imgs/463.jpg"}, {"prediction": "NANOGNB", "ground truth": "NANOGNB", "image path": "test_imgs/464.jpg"}, {"prediction": "TRK-CTT", "ground truth": "TRK-CTT2-3", "image path": "test_imgs/465.jpg"}, {"prediction": "Juerbpz", "ground truth": "UQCRBP2", "image path": "test_imgs/466.jpg"}, {"prediction": "PCDHGB2", "ground truth": "PCDHGB2", "image path": "test_imgs/467.jpg"}, {"prediction": "ARHGEFS", "ground truth": "ARHGEF5", "image path": "test_imgs/468.jpg"}, {"prediction": "", "ground truth": "OR6N2", "image path": "test_imgs/469.jpg"}, {"prediction": "AMY2B", "ground truth": "AMY2B", "image path": "test_imgs/470.jpg"}, {"prediction": "ADAM2", "ground truth": "ADAM2", "image path": "test_imgs/471.jpg"}, {"prediction": "GRMS", "ground truth": "GRM5", "image path": "test_imgs/472.jpg"}, {"prediction": "TXNZP1", "ground truth": "TXN2P1", "image path": "test_imgs/473.jpg"}, {"prediction": "", "ground truth": "CIDECP1", "image path": "test_imgs/474.jpg"}, {"prediction": "", "ground truth": "PPIAP24", "image path": "test_imgs/475.jpg"}, {"prediction": "", "ground truth": "USP9YP9", "image path": "test_imgs/476.jpg"}, {"prediction": "SCGBID2", "ground truth": "SCGB1D2", "image path": "test_imgs/477.jpg"}, {"prediction": "dNAZOP", "ground truth": "IFNA20P", "image path": "test_imgs/478.jpg"}, {"prediction": "OR2T34", "ground truth": "OR2T34", "image path": "test_imgs/479.jpg"}, {"prediction": "", "ground truth": "PLIN1", "image path": "test_imgs/480.jpg"}, {"prediction": "TMEM147-AST", "ground truth": "TMEM147-AS1", "image path": "test_imgs/481.jpg"}, {"prediction": "", "ground truth": "SPAG9", "image path": "test_imgs/482.jpg"}, {"prediction": "MIR323B", "ground truth": "MIR323B", "image path": "test_imgs/483.jpg"}, {"prediction": "RPLI2P7", "ground truth": "RPL12P7", "image path": "test_imgs/484.jpg"}, {"prediction": "LRRFIP2", "ground truth": "LRRFIP2", "image path": "test_imgs/485.jpg"}, {"prediction": "HNRNPCLI", "ground truth": "HNRNPCL1", "image path": "test_imgs/486.jpg"}, {"prediction": "CUSPPO", "ground truth": "GUSBP6", "image path": "test_imgs/487.jpg"}, {"prediction": "TRO-CTG9", "ground truth": "TRQ-CTG9-1", "image path": "test_imgs/488.jpg"}, {"prediction": "", "ground truth": "IL7", "image path": "test_imgs/489.jpg"}, {"prediction": "", "ground truth": "MIR10394", "image path": "test_imgs/490.jpg"}, {"prediction": "DTWDL", "ground truth": "DTWD1", "image path": "test_imgs/491.jpg"}, {"prediction": "ERVK3-2", "ground truth": "ERVK3-2", "image path": "test_imgs/492.jpg"}, {"prediction": "RFNG", "ground truth": "RFNG", "image path": "test_imgs/493.jpg"}, {"prediction": "", "ground truth": "RPL23AP39", "image path": "test_imgs/494.jpg"}, {"prediction": "TRO-CTG8-3", "ground truth": "TRQ-CTG8-3", "image path": "test_imgs/495.jpg"}, {"prediction": "SJM[OFR7Aa3", "ground truth": "SNORA16B", "image path": "test_imgs/496.jpg"}, {"prediction": "RTP", "ground truth": "RTP1", "image path": "test_imgs/497.jpg"}, {"prediction": "CTOb", "ground truth": "C1QB", "image path": "test_imgs/498.jpg"}, {"prediction": "", "ground truth": "OR4C16", "image path": "test_imgs/499.jpg"}, {"prediction": "JR5+8AN", "ground truth": "MIR548AN", "image path": "test_imgs/500.jpg"}, {"prediction": "", "ground truth": "CALD1", "image path": "test_imgs/501.jpg"}, {"prediction": "", "ground truth": "ZPR1", "image path": "test_imgs/502.jpg"}, {"prediction": "TPM3P6", "ground truth": "TPM3P6", "image path": "test_imgs/503.jpg"}, {"prediction": "[PEXi3", "ground truth": "PEX13", "image path": "test_imgs/504.jpg"}, {"prediction": "FBDob", "ground truth": "BTBD10P2", "image path": "test_imgs/505.jpg"}, {"prediction": "LINCo2425", "ground truth": "LINC02425", "image path": "test_imgs/506.jpg"}, {"prediction": "SF3AZ", "ground truth": "SF3A2", "image path": "test_imgs/507.jpg"}, {"prediction": "LIMEL", "ground truth": "LIME1", "image path": "test_imgs/508.jpg"}, {"prediction": "MIR3130-_", "ground truth": "MIR3130-2", "image path": "test_imgs/509.jpg"}, {"prediction": "", "ground truth": "MTERF1", "image path": "test_imgs/510.jpg"}, {"prediction": "ORGKIF", "ground truth": "OR6K1P", "image path": "test_imgs/511.jpg"}, {"prediction": "RNU6-61P", "ground truth": "RNU6-61P", "image path": "test_imgs/512.jpg"}, {"prediction": "R46", "ground truth": "TAS2R46", "image path": "test_imgs/513.jpg"}, {"prediction": "MAVS", "ground truth": "MAVS", "image path": "test_imgs/514.jpg"}, {"prediction": "LYSMDL", "ground truth": "LYSMD1", "image path": "test_imgs/515.jpg"}, {"prediction": "TRB? \u20ac", "ground truth": "TRBJ2-6", "image path": "test_imgs/516.jpg"}, {"prediction": "", "ground truth": "PC", "image path": "test_imgs/517.jpg"}, {"prediction": "PDESA", "ground truth": "PDE5A", "image path": "test_imgs/518.jpg"}, {"prediction": "TCEAI", "ground truth": "TCEA1", "image path": "test_imgs/519.jpg"}, {"prediction": "", "ground truth": "ENY2", "image path": "test_imgs/520.jpg"}, {"prediction": "Ta", "ground truth": "MIR550B1", "image path": "test_imgs/521.jpg"}, {"prediction": "", "ground truth": "RNA5SP291", "image path": "test_imgs/522.jpg"}, {"prediction": "DUSP9", "ground truth": "DUSP9", "image path": "test_imgs/523.jpg"}, {"prediction": "", "ground truth": "RNU6-590P", "image path": "test_imgs/524.jpg"}, {"prediction": "MIR6S1A1", "ground truth": "MIR6511A1", "image path": "test_imgs/525.jpg"}, {"prediction": "DGFAS", "ground truth": "DLGAP1-AS5", "image path": "test_imgs/526.jpg"}, {"prediction": "", "ground truth": "ADAMTS5", "image path": "test_imgs/527.jpg"}, {"prediction": "OPLbP ]", "ground truth": "RPL6P14", "image path": "test_imgs/528.jpg"}, {"prediction": "", "ground truth": "LINC01828", "image path": "test_imgs/529.jpg"}, {"prediction": "RPS_6P3A", "ground truth": "RPS26P34", "image path": "test_imgs/530.jpg"}, {"prediction": "LINC00868", "ground truth": "LINC00868", "image path": "test_imgs/531.jpg"}, {"prediction": "NUP35", "ground truth": "NUP35", "image path": "test_imgs/532.jpg"}, {"prediction": "FBXW9", "ground truth": "FBXW9", "image path": "test_imgs/533.jpg"}, {"prediction": "LNCQ1395", "ground truth": "LINC01395", "image path": "test_imgs/534.jpg"}, {"prediction": "LINC01569", "ground truth": "LINC01569", "image path": "test_imgs/535.jpg"}, {"prediction": "MIR4497", "ground truth": "MIR4497", "image path": "test_imgs/536.jpg"}, {"prediction": "", "ground truth": "RN7SL297P", "image path": "test_imgs/537.jpg"}, {"prediction": "", "ground truth": "NSD3", "image path": "test_imgs/538.jpg"}, {"prediction": "", "ground truth": "SOS1-IT1", "image path": "test_imgs/539.jpg"}, {"prediction": "COL6A3", "ground truth": "COL6A3", "image path": "test_imgs/540.jpg"}, {"prediction": "IeSA", "ground truth": "MOSMO", "image path": "test_imgs/541.jpg"}, {"prediction": "", "ground truth": "MIR3910-2", "image path": "test_imgs/542.jpg"}, {"prediction": "ANKRD44-ITI", "ground truth": "ANKRD44-IT1", "image path": "test_imgs/543.jpg"}, {"prediction": "6010?", "ground truth": "LINC01038", "image path": "test_imgs/544.jpg"}, {"prediction": "", "ground truth": "NMTRQ-TTG6-1", "image path": "test_imgs/545.jpg"}, {"prediction": "SLC30A9", "ground truth": "SLC30A9", "image path": "test_imgs/546.jpg"}, {"prediction": "MDR", "ground truth": "WDR7", "image path": "test_imgs/547.jpg"}, {"prediction": "KDMAB", "ground truth": "KDM4B", "image path": "test_imgs/548.jpg"}, {"prediction": "", "ground truth": "ATP13A5-AS1", "image path": "test_imgs/549.jpg"}, {"prediction": "PCEDIB", "ground truth": "PCED1B", "image path": "test_imgs/550.jpg"}, {"prediction": "1A5SP2O", "ground truth": "RNA5SP282", "image path": "test_imgs/551.jpg"}, {"prediction": "WDR72", "ground truth": "WDR72", "image path": "test_imgs/552.jpg"}, {"prediction": "", "ground truth": "LINC02145", "image path": "test_imgs/553.jpg"}, {"prediction": "CAPSL-DT", "ground truth": "CAPSL-DT", "image path": "test_imgs/554.jpg"}, {"prediction": "NPMP23", "ground truth": "NPM1P23", "image path": "test_imgs/555.jpg"}, {"prediction": "", "ground truth": "CTDSP2", "image path": "test_imgs/556.jpg"}, {"prediction": "PNMA6B", "ground truth": "PNMA6B", "image path": "test_imgs/557.jpg"}, {"prediction": "CEPiz", "ground truth": "CEP112", "image path": "test_imgs/558.jpg"}, {"prediction": "LLt/T8A3 |", "ground truth": "CDH18-AS1", "image path": "test_imgs/559.jpg"}, {"prediction": "", "ground truth": "TMEM145", "image path": "test_imgs/560.jpg"}, {"prediction": "ELOCP6", "ground truth": "ELOCP6", "image path": "test_imgs/561.jpg"}, {"prediction": "", "ground truth": "AQP5", "image path": "test_imgs/562.jpg"}, {"prediction": "", "ground truth": "RN7SL443P", "image path": "test_imgs/563.jpg"}, {"prediction": "ZNFTOTPT", "ground truth": "ZNF101P1", "image path": "test_imgs/564.jpg"}, {"prediction": "LINC01992", "ground truth": "LINC01992", "image path": "test_imgs/565.jpg"}, {"prediction": "RNU6-326P", "ground truth": "RNU6-326P", "image path": "test_imgs/566.jpg"}, {"prediction": "CA1SPA", "ground truth": "CA15P2", "image path": "test_imgs/567.jpg"}, {"prediction": "RNU6-1027P", "ground truth": "RNU6-1027P", "image path": "test_imgs/568.jpg"}, {"prediction": "SERPINB6", "ground truth": "SERPINB6", "image path": "test_imgs/569.jpg"}, {"prediction": "0-", "ground truth": "UBA52P7", "image path": "test_imgs/570.jpg"}, {"prediction": "", "ground truth": "TBC1D3P2", "image path": "test_imgs/571.jpg"}, {"prediction": "", "ground truth": "RPL32P2", "image path": "test_imgs/572.jpg"}, {"prediction": "HBP1O", "ground truth": "H3P10", "image path": "test_imgs/573.jpg"}, {"prediction": "", "ground truth": "CTNNA1P1", "image path": "test_imgs/574.jpg"}, {"prediction": "", "ground truth": "KLF4P1", "image path": "test_imgs/575.jpg"}, {"prediction": "", "ground truth": "VN1R21P", "image path": "test_imgs/576.jpg"}, {"prediction": "AGOX;", "ground truth": "ACOX3", "image path": "test_imgs/577.jpg"}, {"prediction": "KNU1-4P", "ground truth": "RNU11-4P", "image path": "test_imgs/578.jpg"}, {"prediction": "LINCO1318", "ground truth": "LINC01318", "image path": "test_imgs/579.jpg"}, {"prediction": "", "ground truth": "NXPE4", "image path": "test_imgs/580.jpg"}, {"prediction": "NFRSF2)", "ground truth": "TNFRSF25", "image path": "test_imgs/581.jpg"}, {"prediction": "", "ground truth": "RNU7-127P", "image path": "test_imgs/582.jpg"}, {"prediction": "41614", "ground truth": "ATG14", "image path": "test_imgs/583.jpg"}, {"prediction": "INTS4PZ", "ground truth": "INTS4P2", "image path": "test_imgs/584.jpg"}, {"prediction": "DNMTL", "ground truth": "DNM1L", "image path": "test_imgs/585.jpg"}, {"prediction": "PIRC52", "ground truth": "PIRC54", "image path": "test_imgs/586.jpg"}, {"prediction": "BOR_", "ground truth": "BORA", "image path": "test_imgs/587.jpg"}, {"prediction": "Sn", "ground truth": "SMG1P6", "image path": "test_imgs/588.jpg"}, {"prediction": "(7roap", "ground truth": "UGT2B26P", "image path": "test_imgs/589.jpg"}, {"prediction": "IGBPI-ASI", "ground truth": "IGBP1-AS1", "image path": "test_imgs/590.jpg"}, {"prediction": "", "ground truth": "AKR1B1P6", "image path": "test_imgs/591.jpg"}, {"prediction": "", "ground truth": "DNAJC7", "image path": "test_imgs/592.jpg"}, {"prediction": "", "ground truth": "DPH6", "image path": "test_imgs/593.jpg"}, {"prediction": "4n", "ground truth": "SNORA21", "image path": "test_imgs/594.jpg"}, {"prediction": "M-OLR", "ground truth": "MT-OLR", "image path": "test_imgs/595.jpg"}, {"prediction": "RPLI2P49", "ground truth": "RPL12P49", "image path": "test_imgs/596.jpg"}, {"prediction": "LINC02828", "ground truth": "LINC02828", "image path": "test_imgs/597.jpg"}, {"prediction": "CPNES", "ground truth": "CPNE3", "image path": "test_imgs/598.jpg"}, {"prediction": "(ECTZ", "ground truth": "LECT2", "image path": "test_imgs/599.jpg"}, {"prediction": "RPSISAP36", "ground truth": "RPS15AP36", "image path": "test_imgs/600.jpg"}, {"prediction": "", "ground truth": "B3GNT3", "image path": "test_imgs/601.jpg"}, {"prediction": "", "ground truth": "RN7SKP74", "image path": "test_imgs/602.jpg"}, {"prediction": "RnMGsPz=", "ground truth": "RNA5SP219", "image path": "test_imgs/603.jpg"}, {"prediction": "LNNCO2926", "ground truth": "LINC02943", "image path": "test_imgs/604.jpg"}, {"prediction": "RNU6-6)1", "ground truth": "RNU6-621P", "image path": "test_imgs/605.jpg"}, {"prediction": "PUT KS", "ground truth": "POT1-AS1", "image path": "test_imgs/606.jpg"}, {"prediction": "CNORA4 ", "ground truth": "SNORA41", "image path": "test_imgs/607.jpg"}, {"prediction": "", "ground truth": "EFR3B", "image path": "test_imgs/608.jpg"}, {"prediction": "LINC02274", "ground truth": "LINC02274", "image path": "test_imgs/609.jpg"}, {"prediction": "RNZSKP247", "ground truth": "RN7SKP247", "image path": "test_imgs/610.jpg"}, {"prediction": "", "ground truth": "MIR197", "image path": "test_imgs/611.jpg"}, {"prediction": "CLEC4F", "ground truth": "CLEC4F", "image path": "test_imgs/612.jpg"}, {"prediction": "PIWILI", "ground truth": "PIWIL1", "image path": "test_imgs/613.jpg"}, {"prediction": "", "ground truth": "MIR378H", "image path": "test_imgs/614.jpg"}, {"prediction": "", "ground truth": "KRT18P53", "image path": "test_imgs/615.jpg"}, {"prediction": "BTBD ", "ground truth": "BTBD9", "image path": "test_imgs/616.jpg"}, {"prediction": "(", "ground truth": "RNU6-749P", "image path": "test_imgs/617.jpg"}, {"prediction": "", "ground truth": "LINC01701", "image path": "test_imgs/618.jpg"}, {"prediction": "BRPPI", "ground truth": "BRPF1", "image path": "test_imgs/619.jpg"}, {"prediction": "", "ground truth": "RNU6-947P", "image path": "test_imgs/620.jpg"}, {"prediction": "", "ground truth": "NR2C2", "image path": "test_imgs/621.jpg"}, {"prediction": "", "ground truth": "RNA5SP411", "image path": "test_imgs/622.jpg"}, {"prediction": "73p3z", "ground truth": "H3P32", "image path": "test_imgs/623.jpg"}, {"prediction": "RPL1ZP2Z", "ground truth": "RPL17P27", "image path": "test_imgs/624.jpg"}, {"prediction": "BCRP6", "ground truth": "BCRP6", "image path": "test_imgs/625.jpg"}, {"prediction": "", "ground truth": "IGHD1OR15-1B", "image path": "test_imgs/626.jpg"}, {"prediction": "CAMLG", "ground truth": "CAMLG", "image path": "test_imgs/627.jpg"}, {"prediction": "", "ground truth": "GAMTP1", "image path": "test_imgs/628.jpg"}, {"prediction": "L", "ground truth": "RACK1P1", "image path": "test_imgs/629.jpg"}, {"prediction": "", "ground truth": "SLC34A2", "image path": "test_imgs/630.jpg"}, {"prediction": "JARID2-AS1", "ground truth": "JARID2-AS1", "image path": "test_imgs/631.jpg"}, {"prediction": "PEALREP", "ground truth": "FAM218BP", "image path": "test_imgs/632.jpg"}, {"prediction": "", "ground truth": "CARMN", "image path": "test_imgs/633.jpg"}, {"prediction": "", "ground truth": "TMCC1-DT", "image path": "test_imgs/634.jpg"}, {"prediction": "DABZIP", "ground truth": "DAB2IP", "image path": "test_imgs/635.jpg"}, {"prediction": "BICDZ", "ground truth": "BICD2", "image path": "test_imgs/636.jpg"}, {"prediction": "", "ground truth": "MUC20", "image path": "test_imgs/637.jpg"}, {"prediction": "", "ground truth": "SPZ1", "image path": "test_imgs/638.jpg"}, {"prediction": "~GLRXPZ", "ground truth": "GLRXP2", "image path": "test_imgs/639.jpg"}, {"prediction": "CYCSPS9", "ground truth": "CYCSP39", "image path": "test_imgs/640.jpg"}, {"prediction": "RNWTSnP21S", "ground truth": "RN7SKP213", "image path": "test_imgs/641.jpg"}, {"prediction": "ACMSD", "ground truth": "ACMSD", "image path": "test_imgs/642.jpg"}, {"prediction": "BBGNT4", "ground truth": "B3GNT4", "image path": "test_imgs/643.jpg"}, {"prediction": "", "ground truth": "MTCO1P20", "image path": "test_imgs/644.jpg"}, {"prediction": "RNAJ-8op9", "ground truth": "RNA5-8SP9", "image path": "test_imgs/645.jpg"}, {"prediction": "", "ground truth": "MT-TG", "image path": "test_imgs/646.jpg"}, {"prediction": "PRDM4-ASD", "ground truth": "PRDM4-AS1", "image path": "test_imgs/647.jpg"}, {"prediction": "", "ground truth": "SERTAD4-AS1", "image path": "test_imgs/648.jpg"}, {"prediction": "UNCSD", "ground truth": "UNC5D", "image path": "test_imgs/649.jpg"}, {"prediction": "TRBV8", "ground truth": "TRBV8-1", "image path": "test_imgs/650.jpg"}, {"prediction": "CDCAZSEZ", "ground truth": "CDC42SE2", "image path": "test_imgs/651.jpg"}, {"prediction": "NRXN3", "ground truth": "NRXN3", "image path": "test_imgs/652.jpg"}, {"prediction": "", "ground truth": "ETV7", "image path": "test_imgs/653.jpg"}, {"prediction": "LINCo3041", "ground truth": "LINC03041", "image path": "test_imgs/654.jpg"}, {"prediction": "", "ground truth": "TMEM171", "image path": "test_imgs/655.jpg"}, {"prediction": "", "ground truth": "GJA6P", "image path": "test_imgs/656.jpg"}, {"prediction": "", "ground truth": "CLIC5", "image path": "test_imgs/657.jpg"}, {"prediction": "", "ground truth": "TMEM236", "image path": "test_imgs/658.jpg"}, {"prediction": "", "ground truth": "CUBNP2", "image path": "test_imgs/659.jpg"}, {"prediction": "PPLIAPI", "ground truth": "RPL14P1", "image path": "test_imgs/660.jpg"}, {"prediction": "", "ground truth": "ATM", "image path": "test_imgs/661.jpg"}, {"prediction": "", "ground truth": "IGHD5-12", "image path": "test_imgs/662.jpg"}, {"prediction": "", "ground truth": "RNU6-762P", "image path": "test_imgs/663.jpg"}, {"prediction": "", "ground truth": "TIPRL", "image path": "test_imgs/664.jpg"}, {"prediction": "", "ground truth": "MIR1283-2", "image path": "test_imgs/665.jpg"}, {"prediction": "SPCSZP2", "ground truth": "SPCS2P2", "image path": "test_imgs/666.jpg"}, {"prediction": "", "ground truth": "KBTBD11-AS1", "image path": "test_imgs/667.jpg"}, {"prediction": "KRT Pec", "ground truth": "KRTAP29-1", "image path": "test_imgs/668.jpg"}, {"prediction": "", "ground truth": "RPL7P24", "image path": "test_imgs/669.jpg"}, {"prediction": "", "ground truth": "DIDO1", "image path": "test_imgs/670.jpg"}, {"prediction": "", "ground truth": "HHATL", "image path": "test_imgs/671.jpg"}, {"prediction": "", "ground truth": "VCX3B", "image path": "test_imgs/672.jpg"}, {"prediction": "MTNDZPZE", "ground truth": "MTND2P24", "image path": "test_imgs/673.jpg"}, {"prediction": "CHL?", "ground truth": "FHL2", "image path": "test_imgs/674.jpg"}, {"prediction": "Ovo_", "ground truth": "NOMO2", "image path": "test_imgs/675.jpg"}, {"prediction": "", "ground truth": "RPSAP25", "image path": "test_imgs/676.jpg"}, {"prediction": "MR615", "ground truth": "MIR615", "image path": "test_imgs/677.jpg"}, {"prediction": "", "ground truth": "KPNA4", "image path": "test_imgs/678.jpg"}, {"prediction": "", "ground truth": "RNU6-1076P", "image path": "test_imgs/679.jpg"}, {"prediction": "DPPAZE", "ground truth": "DPPA2P2", "image path": "test_imgs/680.jpg"}, {"prediction": "", "ground truth": "MIR491", "image path": "test_imgs/681.jpg"}, {"prediction": "", "ground truth": "RNASE11-AS1", "image path": "test_imgs/682.jpg"}, {"prediction": "NXT2", "ground truth": "NXT2", "image path": "test_imgs/683.jpg"}, {"prediction": "CCDC19O", "ground truth": "CCDC190", "image path": "test_imgs/684.jpg"}, {"prediction": "INUO=", "ground truth": "RNU6-1098P", "image path": "test_imgs/685.jpg"}, {"prediction": "Gaeld", "ground truth": "RNU6-948P", "image path": "test_imgs/686.jpg"}, {"prediction": "", "ground truth": "SGTB", "image path": "test_imgs/687.jpg"}, {"prediction": "DHH", "ground truth": "DHH", "image path": "test_imgs/688.jpg"}, {"prediction": "PIRC44", "ground truth": "PIRC44", "image path": "test_imgs/689.jpg"}, {"prediction": "CGK>", "ground truth": "DGKI", "image path": "test_imgs/690.jpg"}, {"prediction": "CCNDzP1", "ground truth": "CCND2P1", "image path": "test_imgs/691.jpg"}, {"prediction": "65312", "ground truth": "USP14", "image path": "test_imgs/692.jpg"}, {"prediction": "TMEM73", "ground truth": "TMEM72", "image path": "test_imgs/693.jpg"}, {"prediction": "", "ground truth": "UPF3AP1", "image path": "test_imgs/694.jpg"}, {"prediction": "MANCR", "ground truth": "MANCR", "image path": "test_imgs/695.jpg"}, {"prediction": "", "ground truth": "HMGN1P12", "image path": "test_imgs/696.jpg"}, {"prediction": "", "ground truth": "GGTLC3", "image path": "test_imgs/697.jpg"}, {"prediction": "RD-GTCz", "ground truth": "TRD-GTC2-5", "image path": "test_imgs/698.jpg"}, {"prediction": "", "ground truth": "NAA60", "image path": "test_imgs/699.jpg"}, {"prediction": "0N4480", "ground truth": "NAA80", "image path": "test_imgs/700.jpg"}, {"prediction": "", "ground truth": "SNORA21B", "image path": "test_imgs/701.jpg"}, {"prediction": "Deu6", "ground truth": "TMEM67", "image path": "test_imgs/702.jpg"}, {"prediction": "MIR941-3", "ground truth": "MIR941-3", "image path": "test_imgs/703.jpg"}, {"prediction": "", "ground truth": "LINC02149", "image path": "test_imgs/704.jpg"}, {"prediction": "", "ground truth": "RNU6-53P", "image path": "test_imgs/705.jpg"}, {"prediction": "", "ground truth": "RNU6-447P", "image path": "test_imgs/706.jpg"}, {"prediction": "RNUA-24pe", "ground truth": "RNU4-24P", "image path": "test_imgs/707.jpg"}, {"prediction": "F2", "ground truth": "F2", "image path": "test_imgs/708.jpg"}, {"prediction": "INc004040-", "ground truth": "LINC00440", "image path": "test_imgs/709.jpg"}, {"prediction": "RNZSL391P", "ground truth": "RN7SL391P", "image path": "test_imgs/710.jpg"}, {"prediction": "", "ground truth": "B4GALNT4", "image path": "test_imgs/711.jpg"}, {"prediction": "RNU6-1222P", "ground truth": "RNU6-1222P", "image path": "test_imgs/712.jpg"}, {"prediction": "ZNF614", "ground truth": "ZNF614", "image path": "test_imgs/713.jpg"}, {"prediction": "7TTC38", "ground truth": "TTC38", "image path": "test_imgs/714.jpg"}, {"prediction": "L", "ground truth": "PHLDA2", "image path": "test_imgs/715.jpg"}, {"prediction": "RHBDL}", "ground truth": "RHBDL3", "image path": "test_imgs/716.jpg"}, {"prediction": "SCML4", "ground truth": "SCML4", "image path": "test_imgs/717.jpg"}, {"prediction": "HSP9OAAT", "ground truth": "HSP90AA1", "image path": "test_imgs/718.jpg"}, {"prediction": "", "ground truth": "MTTP", "image path": "test_imgs/719.jpg"}, {"prediction": "RCAWMRJE", "ground truth": "PGAM3P", "image path": "test_imgs/720.jpg"}, {"prediction": "", "ground truth": "TAF1C", "image path": "test_imgs/721.jpg"}, {"prediction": "VcPC-Di-_", "ground truth": "SMARCAD1-DT", "image path": "test_imgs/722.jpg"}, {"prediction": "", "ground truth": "ETV2", "image path": "test_imgs/723.jpg"}, {"prediction": "", "ground truth": "SLC8B1", "image path": "test_imgs/724.jpg"}, {"prediction": "DDAHZ", "ground truth": "DDAH2", "image path": "test_imgs/725.jpg"}, {"prediction": "CoinZ", "ground truth": "LRFN4", "image path": "test_imgs/726.jpg"}, {"prediction": "", "ground truth": "FAM234A", "image path": "test_imgs/727.jpg"}, {"prediction": "C30rf36", "ground truth": "C3orf36", "image path": "test_imgs/728.jpg"}, {"prediction": "IGRVD O", "ground truth": "IGKV1D-35", "image path": "test_imgs/729.jpg"}, {"prediction": "", "ground truth": "MARCHF11-AS1", "image path": "test_imgs/730.jpg"}, {"prediction": "", "ground truth": "CGN", "image path": "test_imgs/731.jpg"}, {"prediction": "ATPOVOEIPI", "ground truth": "ATP6V0E1P4", "image path": "test_imgs/732.jpg"}, {"prediction": "LMNBI-DT", "ground truth": "LMNB1-DT", "image path": "test_imgs/733.jpg"}, {"prediction": "", "ground truth": "MARK2P10", "image path": "test_imgs/734.jpg"}, {"prediction": "INA48m", "ground truth": "LINC02800", "image path": "test_imgs/735.jpg"}, {"prediction": "RNZSL198P", "ground truth": "RN7SL198P", "image path": "test_imgs/736.jpg"}, {"prediction": "", "ground truth": "ZNF625", "image path": "test_imgs/737.jpg"}, {"prediction": "", "ground truth": "P2RX4", "image path": "test_imgs/738.jpg"}, {"prediction": "", "ground truth": "RPL36AP49", "image path": "test_imgs/739.jpg"}, {"prediction": "CRX", "ground truth": "CRX", "image path": "test_imgs/740.jpg"}, {"prediction": "LINCO1398", "ground truth": "LINC01398", "image path": "test_imgs/741.jpg"}, {"prediction": "INCAM2", "ground truth": "NCAM2", "image path": "test_imgs/742.jpg"}, {"prediction": "ZDHHC9", "ground truth": "ZDHHC9", "image path": "test_imgs/743.jpg"}, {"prediction": "ZNF785", "ground truth": "ZNF785", "image path": "test_imgs/744.jpg"}, {"prediction": "", "ground truth": "MNDA", "image path": "test_imgs/745.jpg"}, {"prediction": ".s", "ground truth": "RNU6-864P", "image path": "test_imgs/746.jpg"}, {"prediction": "NUP9}", "ground truth": "NUP93", "image path": "test_imgs/747.jpg"}, {"prediction": "PRRTB", "ground truth": "PRRT1B", "image path": "test_imgs/748.jpg"}, {"prediction": "", "ground truth": "ETAA1", "image path": "test_imgs/749.jpg"}, {"prediction": "1/'I' | $", "ground truth": "NPIPA8", "image path": "test_imgs/750.jpg"}, {"prediction": "", "ground truth": "ATP2B4", "image path": "test_imgs/751.jpg"}, {"prediction": "MIR6750", "ground truth": "MIR6750", "image path": "test_imgs/752.jpg"}, {"prediction": "KIRZDLA", "ground truth": "KIR2DL4", "image path": "test_imgs/753.jpg"}, {"prediction": "VOcD", "ground truth": "MYOCD", "image path": "test_imgs/754.jpg"}, {"prediction": "", "ground truth": "MIR6722", "image path": "test_imgs/755.jpg"}, {"prediction": "", "ground truth": "RPSAP11", "image path": "test_imgs/756.jpg"}, {"prediction": "RNU7-182P", "ground truth": "RNU7-182P", "image path": "test_imgs/757.jpg"}, {"prediction": "ASCLH", "ground truth": "ASCL5", "image path": "test_imgs/758.jpg"}, {"prediction": "m", "ground truth": "MYH10", "image path": "test_imgs/759.jpg"}, {"prediction": "INC02098", "ground truth": "LINC02098", "image path": "test_imgs/760.jpg"}, {"prediction": "SYDE", "ground truth": "SYDE1", "image path": "test_imgs/761.jpg"}, {"prediction": "RNLATAGSF", "ground truth": "RNU4ATAC8P", "image path": "test_imgs/762.jpg"}, {"prediction": "", "ground truth": "RAD51AP1", "image path": "test_imgs/763.jpg"}, {"prediction": "", "ground truth": "LINC01143", "image path": "test_imgs/764.jpg"}, {"prediction": "", "ground truth": "CPLX4", "image path": "test_imgs/765.jpg"}, {"prediction": "", "ground truth": "EIF4A1P13", "image path": "test_imgs/766.jpg"}, {"prediction": "", "ground truth": "CNNM3", "image path": "test_imgs/767.jpg"}, {"prediction": "", "ground truth": "SLC22A15", "image path": "test_imgs/768.jpg"}, {"prediction": "", "ground truth": "RPS15AP16", "image path": "test_imgs/769.jpg"}, {"prediction": "IRR-ICGI -", "ground truth": "TRR-TCG1-1", "image path": "test_imgs/770.jpg"}, {"prediction": "RPL39P35", "ground truth": "RPL39P35", "image path": "test_imgs/771.jpg"}, {"prediction": "", "ground truth": "NUP35P1", "image path": "test_imgs/772.jpg"}, {"prediction": "", "ground truth": "NKX6-1", "image path": "test_imgs/773.jpg"}, {"prediction": "", "ground truth": "PDCD2", "image path": "test_imgs/774.jpg"}, {"prediction": "", "ground truth": "ZNF354C", "image path": "test_imgs/775.jpg"}, {"prediction": "ZPAXP", "ground truth": "ZPAXP", "image path": "test_imgs/776.jpg"}, {"prediction": "TGHVTT-1-1", "ground truth": "IGHVII-1-1", "image path": "test_imgs/777.jpg"}, {"prediction": "", "ground truth": "PKMP2", "image path": "test_imgs/778.jpg"}, {"prediction": "SCGBSAZ", "ground truth": "SCGB3A2", "image path": "test_imgs/779.jpg"}, {"prediction": "DYNLL?-DT", "ground truth": "DYNLL2-DT", "image path": "test_imgs/780.jpg"}, {"prediction": "", "ground truth": "GTF2IP3", "image path": "test_imgs/781.jpg"}, {"prediction": "73_NVEFZ", "ground truth": "PRAMEF26", "image path": "test_imgs/782.jpg"}, {"prediction": "RNTAFCneie", "ground truth": "RNA5SP333", "image path": "test_imgs/783.jpg"}, {"prediction": "", "ground truth": "UEVLD", "image path": "test_imgs/784.jpg"}, {"prediction": "", "ground truth": "PIGO", "image path": "test_imgs/785.jpg"}, {"prediction": "GLL", "ground truth": "VGLL1", "image path": "test_imgs/786.jpg"}, {"prediction": "", "ground truth": "ADSS2", "image path": "test_imgs/787.jpg"}, {"prediction": "SLC6A18", "ground truth": "SLC6A18", "image path": "test_imgs/788.jpg"}, {"prediction": "BHPRH", "ground truth": "SHPRH", "image path": "test_imgs/789.jpg"}, {"prediction": "MICYBP", "ground truth": "MTCYBP2", "image path": "test_imgs/790.jpg"}, {"prediction": "ENTPD3-ASI", "ground truth": "ENTPD3-AS1", "image path": "test_imgs/791.jpg"}, {"prediction": "", "ground truth": "RNA5SP405", "image path": "test_imgs/792.jpg"}, {"prediction": "RNUT- Io0p", "ground truth": "RNU1-100P", "image path": "test_imgs/793.jpg"}, {"prediction": "SNORA49", "ground truth": "SNORA49", "image path": "test_imgs/794.jpg"}, {"prediction": "TUI PBDI", "ground truth": "TULP3P1", "image path": "test_imgs/795.jpg"}, {"prediction": "TOE1", "ground truth": "TOE1", "image path": "test_imgs/796.jpg"}, {"prediction": "", "ground truth": "NUDT19P4", "image path": "test_imgs/797.jpg"}, {"prediction": "LINC0204", "ground truth": "LINC02047", "image path": "test_imgs/798.jpg"}, {"prediction": "LINC006021", "ground truth": "LINC00602", "image path": "test_imgs/799.jpg"}, {"prediction": "", "ground truth": "SLC35G3", "image path": "test_imgs/800.jpg"}, {"prediction": "", "ground truth": "BLTP3A", "image path": "test_imgs/801.jpg"}, {"prediction": "NIPBp", "ground truth": "BNIP3P17", "image path": "test_imgs/802.jpg"}, {"prediction": "HCARa", "ground truth": "HCAR2", "image path": "test_imgs/803.jpg"}, {"prediction": "III589]", "ground truth": "MIR5189", "image path": "test_imgs/804.jpg"}, {"prediction": "SMO", "ground truth": "SMC2", "image path": "test_imgs/805.jpg"}, {"prediction": "", "ground truth": "OR7C2", "image path": "test_imgs/806.jpg"}, {"prediction": "", "ground truth": "RPL37AP7", "image path": "test_imgs/807.jpg"}, {"prediction": "GPR6I", "ground truth": "GPR61", "image path": "test_imgs/808.jpg"}, {"prediction": "OR4QIP", "ground truth": "OR4Q1P", "image path": "test_imgs/809.jpg"}, {"prediction": "CT47ATT", "ground truth": "CT47A11", "image path": "test_imgs/810.jpg"}, {"prediction": "", "ground truth": "RAD18", "image path": "test_imgs/811.jpg"}, {"prediction": "RPLAIPIOS", "ground truth": "RPL21P102", "image path": "test_imgs/812.jpg"}, {"prediction": "LRRC3B", "ground truth": "LRRC3B", "image path": "test_imgs/813.jpg"}, {"prediction": "", "ground truth": "PIM1", "image path": "test_imgs/814.jpg"}, {"prediction": "", "ground truth": "NXF4", "image path": "test_imgs/815.jpg"}, {"prediction": "ANEP", "ground truth": "RANP1", "image path": "test_imgs/816.jpg"}, {"prediction": "LV-AS'", "ground truth": "KCNJ5-AS1", "image path": "test_imgs/817.jpg"}, {"prediction": "1", "ground truth": "POLR3GL", "image path": "test_imgs/818.jpg"}, {"prediction": "KPLIAPLJ", "ground truth": "RPL7AP23", "image path": "test_imgs/819.jpg"}, {"prediction": "", "ground truth": "RNU6-1289P", "image path": "test_imgs/820.jpg"}, {"prediction": "CENPS-CORT", "ground truth": "CENPS-CORT", "image path": "test_imgs/821.jpg"}, {"prediction": "MSRB", "ground truth": "MSRB1", "image path": "test_imgs/822.jpg"}, {"prediction": "VTRNAZ-I", "ground truth": "VTRNA2-1", "image path": "test_imgs/823.jpg"}, {"prediction": "PINI-DT", "ground truth": "PIN1-DT", "image path": "test_imgs/824.jpg"}, {"prediction": "MI-TI", "ground truth": "MT-TI", "image path": "test_imgs/825.jpg"}, {"prediction": "", "ground truth": "B4GAT1", "image path": "test_imgs/826.jpg"}, {"prediction": "METSTI-AS3", "ground truth": "MEIS1-AS3", "image path": "test_imgs/827.jpg"}, {"prediction": "", "ground truth": "ACSM2A", "image path": "test_imgs/828.jpg"}, {"prediction": "0s4", "ground truth": "H3-4", "image path": "test_imgs/829.jpg"}, {"prediction": "MEMZAS", "ground truth": "TMEM245", "image path": "test_imgs/830.jpg"}, {"prediction": "GALS9B", "ground truth": "LGALS9B", "image path": "test_imgs/831.jpg"}, {"prediction": "SLCTAAI", "ground truth": "SLC19A1", "image path": "test_imgs/832.jpg"}, {"prediction": "CRHRI", "ground truth": "CRHR1", "image path": "test_imgs/833.jpg"}, {"prediction": "FARZP2", "ground truth": "FAR2P2", "image path": "test_imgs/834.jpg"}, {"prediction": "DNCUZN", "ground truth": "LINC01411", "image path": "test_imgs/835.jpg"}, {"prediction": "OLBFS", "ground truth": "ULBP2", "image path": "test_imgs/836.jpg"}, {"prediction": "", "ground truth": "PAFAH1B2P2", "image path": "test_imgs/837.jpg"}, {"prediction": "", "ground truth": "SPINT4", "image path": "test_imgs/838.jpg"}, {"prediction": "SLC3561", "ground truth": "SLC35G1", "image path": "test_imgs/839.jpg"}, {"prediction": "", "ground truth": "PHB1P17", "image path": "test_imgs/840.jpg"}, {"prediction": "", "ground truth": "PRR34-AS1", "image path": "test_imgs/841.jpg"}, {"prediction": "OPiOTID", "ground truth": "OR10T1P", "image path": "test_imgs/842.jpg"}, {"prediction": "TTPIN", "ground truth": "TIPIN", "image path": "test_imgs/843.jpg"}, {"prediction": "U ! _", "ground truth": "IGKV2-18", "image path": "test_imgs/844.jpg"}, {"prediction": "EOLA2", "ground truth": "EOLA2", "image path": "test_imgs/845.jpg"}, {"prediction": "MEGRO", "ground truth": "MEGF6", "image path": "test_imgs/846.jpg"}, {"prediction": "HMGB;P2o", "ground truth": "HMGB3P20", "image path": "test_imgs/847.jpg"}, {"prediction": "ASIC5", "ground truth": "ASIC5", "image path": "test_imgs/848.jpg"}, {"prediction": "FAM229A", "ground truth": "FAM229A", "image path": "test_imgs/849.jpg"}, {"prediction": "", "ground truth": "RNU7-154P", "image path": "test_imgs/850.jpg"}, {"prediction": "RNIU6-B TIP", "ground truth": "RNU6-311P", "image path": "test_imgs/851.jpg"}, {"prediction": "QTRT2", "ground truth": "QTRT2", "image path": "test_imgs/852.jpg"}, {"prediction": "", "ground truth": "SERPINA7", "image path": "test_imgs/853.jpg"}, {"prediction": "", "ground truth": "AS3MT", "image path": "test_imgs/854.jpg"}, {"prediction": "", "ground truth": "RNU6-888P", "image path": "test_imgs/855.jpg"}, {"prediction": "SKM", "ground truth": "SMIM7", "image path": "test_imgs/856.jpg"}, {"prediction": "", "ground truth": "TRQ-TTG2-1", "image path": "test_imgs/857.jpg"}, {"prediction": "F4M3C", "ground truth": "FAM3C", "image path": "test_imgs/858.jpg"}, {"prediction": "TRBV5-2", "ground truth": "TRBV5-2", "image path": "test_imgs/859.jpg"}, {"prediction": "RNAS-8SP6", "ground truth": "RNA5-8SP6", "image path": "test_imgs/860.jpg"}, {"prediction": "", "ground truth": "PHC1", "image path": "test_imgs/861.jpg"}, {"prediction": "EPCAM-DT", "ground truth": "EPCAM-DT", "image path": "test_imgs/862.jpg"}, {"prediction": "MYNN", "ground truth": "MYNN", "image path": "test_imgs/863.jpg"}, {"prediction": "URGCPI", "ground truth": "URGCP", "image path": "test_imgs/864.jpg"}, {"prediction": "RNU6-194P", "ground truth": "RNU6-194P", "image path": "test_imgs/865.jpg"}, {"prediction": "TUBAP14", "ground truth": "TUBAP14", "image path": "test_imgs/866.jpg"}, {"prediction": "MIR6OT", "ground truth": "MIR601", "image path": "test_imgs/867.jpg"}, {"prediction": "", "ground truth": "TACO1", "image path": "test_imgs/868.jpg"}, {"prediction": "ZNF652P1", "ground truth": "ZNF652P1", "image path": "test_imgs/869.jpg"}, {"prediction": "RPL 234024", "ground truth": "RPL23AP24", "image path": "test_imgs/870.jpg"}, {"prediction": "H3C13", "ground truth": "H3C13", "image path": "test_imgs/871.jpg"}, {"prediction": "LINCO1078", "ground truth": "LINC01078", "image path": "test_imgs/872.jpg"}, {"prediction": "", "ground truth": "RNA5SP187", "image path": "test_imgs/873.jpg"}, {"prediction": "DENNDIA", "ground truth": "DENND1A", "image path": "test_imgs/874.jpg"}, {"prediction": "TMEN{7", "ground truth": "TMEM171", "image path": "test_imgs/875.jpg"}, {"prediction": "SNRPB", "ground truth": "SNRPB", "image path": "test_imgs/876.jpg"}, {"prediction": "", "ground truth": "RNU2-55P", "image path": "test_imgs/877.jpg"}, {"prediction": "MA(", "ground truth": "MAGT1", "image path": "test_imgs/878.jpg"}, {"prediction": "", "ground truth": "ISCA1P3", "image path": "test_imgs/879.jpg"}, {"prediction": "", "ground truth": "MIR548AM", "image path": "test_imgs/880.jpg"}, {"prediction": "BPSE628", "ground truth": "RPS26P28", "image path": "test_imgs/881.jpg"}, {"prediction": "Ioj", "ground truth": "MIR6511B2", "image path": "test_imgs/882.jpg"}, {"prediction": "BSGAA", "ground truth": "B3GALT5", "image path": "test_imgs/883.jpg"}, {"prediction": "IFITM3P6 ", "ground truth": "IFITM3P6", "image path": "test_imgs/884.jpg"}, {"prediction": "RNUov", "ground truth": "RNU6V", "image path": "test_imgs/885.jpg"}, {"prediction": "", "ground truth": "TSPAN18-AS1", "image path": "test_imgs/886.jpg"}, {"prediction": "AGBL5", "ground truth": "AGBL5", "image path": "test_imgs/887.jpg"}, {"prediction": "ALGS", "ground truth": "ALG5", "image path": "test_imgs/888.jpg"}, {"prediction": "", "ground truth": "RNU6-718P", "image path": "test_imgs/889.jpg"}, {"prediction": "VT,BI", "ground truth": "MYO5BP3", "image path": "test_imgs/890.jpg"}, {"prediction": "", "ground truth": "RNF111", "image path": "test_imgs/891.jpg"}, {"prediction": "PTGIS", "ground truth": "PTGIS", "image path": "test_imgs/892.jpg"}, {"prediction": "RNUG 651/'", "ground truth": "RNU6-653P", "image path": "test_imgs/893.jpg"}, {"prediction": "LRRC3TAIZP", "ground truth": "LRRC37A17P", "image path": "test_imgs/894.jpg"}, {"prediction": "", "ground truth": "PCDH9", "image path": "test_imgs/895.jpg"}, {"prediction": "", "ground truth": "KIAA0040", "image path": "test_imgs/896.jpg"}, {"prediction": "SLC T8A2-AST", "ground truth": "SLC18A2-AS1", "image path": "test_imgs/897.jpg"}, {"prediction": "", "ground truth": "SULF1", "image path": "test_imgs/898.jpg"}, {"prediction": "", "ground truth": "LINC01050", "image path": "test_imgs/899.jpg"}, {"prediction": "", "ground truth": "KBTBD4", "image path": "test_imgs/900.jpg"}, {"prediction": "CIRL-ASI", "ground truth": "C1RL-AS1", "image path": "test_imgs/901.jpg"}, {"prediction": "'ea", "ground truth": "HSPA1A", "image path": "test_imgs/902.jpg"}, {"prediction": "", "ground truth": "FAM166B", "image path": "test_imgs/903.jpg"}, {"prediction": "FFILI", "ground truth": "PPIL4", "image path": "test_imgs/904.jpg"}, {"prediction": "", "ground truth": "OR55B1P", "image path": "test_imgs/905.jpg"}, {"prediction": "ANKHDI-EIFAEBP:", "ground truth": "ANKHD1-EIF4EBP3", "image path": "test_imgs/906.jpg"}, {"prediction": "", "ground truth": "ATG4C", "image path": "test_imgs/907.jpg"}, {"prediction": "", "ground truth": "IGHVIII-25-1", "image path": "test_imgs/908.jpg"}, {"prediction": "CIDECPI", "ground truth": "CIDECP1", "image path": "test_imgs/909.jpg"}, {"prediction": "ASBoPi", "ground truth": "ASB9P1", "image path": "test_imgs/910.jpg"}, {"prediction": "ILIINICU1604", "ground truth": "LINC01864", "image path": "test_imgs/911.jpg"}, {"prediction": "RNA5SP530", "ground truth": "RNA5SP530", "image path": "test_imgs/912.jpg"}, {"prediction": "TY2U", "ground truth": "TTTY20", "image path": "test_imgs/913.jpg"}, {"prediction": "", "ground truth": "GTF2IP14", "image path": "test_imgs/914.jpg"}, {"prediction": "", "ground truth": "RPS10P12", "image path": "test_imgs/915.jpg"}, {"prediction": "1", "ground truth": "AGAP9", "image path": "test_imgs/916.jpg"}, {"prediction": "RPL19P1d", "ground truth": "RPL19P10", "image path": "test_imgs/917.jpg"}, {"prediction": "", "ground truth": "RPL31P57", "image path": "test_imgs/918.jpg"}, {"prediction": "(J7 x\"", "ground truth": "DPPA3P1", "image path": "test_imgs/919.jpg"}, {"prediction": "", "ground truth": "UGT1A2P", "image path": "test_imgs/920.jpg"}, {"prediction": "RNZSI 97p", "ground truth": "RN7SL97P", "image path": "test_imgs/921.jpg"}, {"prediction": "GRAMDZB", "ground truth": "GRAMD2B", "image path": "test_imgs/922.jpg"}, {"prediction": "RNUAATACSP", "ground truth": "RNU4ATAC5P", "image path": "test_imgs/923.jpg"}, {"prediction": "PLBi", "ground truth": "PLB1", "image path": "test_imgs/924.jpg"}, {"prediction": "RBPJL", "ground truth": "RBPJL", "image path": "test_imgs/925.jpg"}, {"prediction": "", "ground truth": "EIF3D", "image path": "test_imgs/926.jpg"}, {"prediction": "TGCLNNL", "ground truth": "ST6GALNAC5", "image path": "test_imgs/927.jpg"}, {"prediction": "RPPzo", "ground truth": "RPP30", "image path": "test_imgs/928.jpg"}, {"prediction": "RPLI9PS", "ground truth": "RPL19P5", "image path": "test_imgs/929.jpg"}, {"prediction": "", "ground truth": "STX4", "image path": "test_imgs/930.jpg"}, {"prediction": "", "ground truth": "GOLGA8B", "image path": "test_imgs/931.jpg"}, {"prediction": "", "ground truth": "JADE1", "image path": "test_imgs/932.jpg"}, {"prediction": "Ilr6gte", "ground truth": "MIR6801", "image path": "test_imgs/933.jpg"}, {"prediction": "IERZ", "ground truth": "IER2", "image path": "test_imgs/934.jpg"}, {"prediction": "", "ground truth": "OR7E46P", "image path": "test_imgs/935.jpg"}, {"prediction": "ZSCAN32", "ground truth": "ZSCAN32", "image path": "test_imgs/936.jpg"}, {"prediction": "ORIOPT", "ground truth": "OR10P1", "image path": "test_imgs/937.jpg"}, {"prediction": "", "ground truth": "CEBPE", "image path": "test_imgs/938.jpg"}, {"prediction": "Dd4", "ground truth": "RORA", "image path": "test_imgs/939.jpg"}, {"prediction": "IRXC", "ground truth": "IRX6", "image path": "test_imgs/940.jpg"}, {"prediction": "", "ground truth": "TENT4A", "image path": "test_imgs/941.jpg"}, {"prediction": "377937771", "ground truth": "PTPRZ1", "image path": "test_imgs/942.jpg"}, {"prediction": "", "ground truth": "ANGEL1", "image path": "test_imgs/943.jpg"}, {"prediction": "TUB-AS1", "ground truth": "TUB-AS1", "image path": "test_imgs/944.jpg"}, {"prediction": "USPAC", "ground truth": "USP49", "image path": "test_imgs/945.jpg"}, {"prediction": "FMENi29", "ground truth": "TMEM129", "image path": "test_imgs/946.jpg"}, {"prediction": "SBFz-ASI", "ground truth": "SBF2-AS1", "image path": "test_imgs/947.jpg"}, {"prediction": "TRG-CCC3-1", "ground truth": "TRG-CCC3-1", "image path": "test_imgs/948.jpg"}, {"prediction": "", "ground truth": "H2BP7", "image path": "test_imgs/949.jpg"}, {"prediction": "", "ground truth": "IGKV6-21", "image path": "test_imgs/950.jpg"}, {"prediction": "DNAIC15", "ground truth": "DNAJC15", "image path": "test_imgs/951.jpg"}, {"prediction": "LMLML-DI", "ground truth": "TMEM11-DT", "image path": "test_imgs/952.jpg"}, {"prediction": "", "ground truth": "PPY", "image path": "test_imgs/953.jpg"}, {"prediction": "{zSKP299", "ground truth": "RN7SKP299", "image path": "test_imgs/954.jpg"}, {"prediction": "", "ground truth": "MYO18B-AS1", "image path": "test_imgs/955.jpg"}, {"prediction": "PRSS2", "ground truth": "PRSS21", "image path": "test_imgs/956.jpg"}, {"prediction": "TBC1D3K", "ground truth": "TBC1D3K", "image path": "test_imgs/957.jpg"}, {"prediction": "", "ground truth": "KAZN", "image path": "test_imgs/958.jpg"}, {"prediction": "FL2Y", "ground truth": "RPL23AP2", "image path": "test_imgs/959.jpg"}, {"prediction": "IFNAS", "ground truth": "IFNA5", "image path": "test_imgs/960.jpg"}, {"prediction": "", "ground truth": "TNFRSF10D", "image path": "test_imgs/961.jpg"}, {"prediction": "CRACRRA", "ground truth": "CRACR2A", "image path": "test_imgs/962.jpg"}, {"prediction": "MPPSIOPI", "ground truth": "MRPS10P1", "image path": "test_imgs/963.jpg"}, {"prediction": "", "ground truth": "PODXL2", "image path": "test_imgs/964.jpg"}, {"prediction": "GTFzHs", "ground truth": "GTF2H5", "image path": "test_imgs/965.jpg"}, {"prediction": "TNFRSF IB", "ground truth": "TNFRSF1B", "image path": "test_imgs/966.jpg"}, {"prediction": "", "ground truth": "IFITM3P8", "image path": "test_imgs/967.jpg"}, {"prediction": "KRTRD-AS", "ground truth": "KBTBD11-AS1", "image path": "test_imgs/968.jpg"}, {"prediction": "SRGAP2C", "ground truth": "SRGAP2C", "image path": "test_imgs/969.jpg"}, {"prediction": "BOLA2", "ground truth": "BOLA2", "image path": "test_imgs/970.jpg"}, {"prediction": "", "ground truth": "RN7SKP147", "image path": "test_imgs/971.jpg"}, {"prediction": "", "ground truth": "METTL17", "image path": "test_imgs/972.jpg"}, {"prediction": "MIRS48AM", "ground truth": "MIR548AM", "image path": "test_imgs/973.jpg"}, {"prediction": "OR4EL", "ground truth": "OR4E1", "image path": "test_imgs/974.jpg"}, {"prediction": "", "ground truth": "TOMM40P2", "image path": "test_imgs/975.jpg"}, {"prediction": "KLHL26", "ground truth": "KLHL26", "image path": "test_imgs/976.jpg"}, {"prediction": "", "ground truth": "ERVK11-1", "image path": "test_imgs/977.jpg"}, {"prediction": "", "ground truth": "RNU6-379P", "image path": "test_imgs/978.jpg"}, {"prediction": "", "ground truth": "HERC2P1", "image path": "test_imgs/979.jpg"}, {"prediction": "HNRNPRPI", "ground truth": "HNRNPRP1", "image path": "test_imgs/980.jpg"}, {"prediction": "EGELIPS", "ground truth": "ECEL1P3", "image path": "test_imgs/981.jpg"}, {"prediction": "", "ground truth": "OR2AK2", "image path": "test_imgs/982.jpg"}, {"prediction": "", "ground truth": "DTX2", "image path": "test_imgs/983.jpg"}, {"prediction": "TMEM226", "ground truth": "TMEM223", "image path": "test_imgs/984.jpg"}, {"prediction": "", "ground truth": "HCG4P5", "image path": "test_imgs/985.jpg"}, {"prediction": "RPL2IPSS", "ground truth": "RPL21P55", "image path": "test_imgs/986.jpg"}, {"prediction": "MIR2OS2HG", "ground truth": "MIR2052HG", "image path": "test_imgs/987.jpg"}, {"prediction": "RNASSPTu8", "ground truth": "RNA5SP108", "image path": "test_imgs/988.jpg"}, {"prediction": "1302 -", "ground truth": "MIR1302-5", "image path": "test_imgs/989.jpg"}, {"prediction": "RPPL36Po7", "ground truth": "RPL36P17", "image path": "test_imgs/990.jpg"}, {"prediction": "'NDCHTN", "ground truth": "FNDC1-IT1", "image path": "test_imgs/991.jpg"}, {"prediction": "MIR3976HG", "ground truth": "MIR3976HG", "image path": "test_imgs/992.jpg"}, {"prediction": "LINCO12Z8", "ground truth": "LINC01228", "image path": "test_imgs/993.jpg"}, {"prediction": "RNU6-378P", "ground truth": "RNU6-378P", "image path": "test_imgs/994.jpg"}, {"prediction": "", "ground truth": "RAX2", "image path": "test_imgs/995.jpg"}, {"prediction": "", "ground truth": "MIR1263", "image path": "test_imgs/996.jpg"}, {"prediction": "MTNDIPS", "ground truth": "MTND1P5", "image path": "test_imgs/997.jpg"}, {"prediction": ")TRK}", "ground truth": "DYRK3", "image path": "test_imgs/998.jpg"}, {"prediction": "FRAI9B", "ground truth": "FRA19B", "image path": "test_imgs/999.jpg"}]}]