[{"model": "google ocr", "score": {"char_recall": 0.753, "char_precision": 0.9285, "word_acc": 0.548, "word_acc_ignore_case": 0.548, "word_acc_ignore_case_symbol": 0.559, "1-N.E.D": 0.7476}, "predictions": [{"prediction": "TLEI-DT", "ground truth": "TLE1-DT", "image path": "test_imgs/0.jpg"}, {"prediction": "7873NZ", "ground truth": "ZNF484", "image path": "test_imgs/1.jpg"}, {"prediction": "VCAN", "ground truth": "VCAN", "image path": "test_imgs/2.jpg"}, {"prediction": "INU6-260", "ground truth": "RNU6-260P", "image path": "test_imgs/3.jpg"}, {"prediction": "\u039c\u0391\u03a4\u0399\u039d\u039f", "ground truth": "MATN2", "image path": "test_imgs/4.jpg"}, {"prediction": "S", "ground truth": "USP45", "image path": "test_imgs/5.jpg"}, {"prediction": "PPL23-P12", "ground truth": "RPL23AP12", "image path": "test_imgs/6.jpg"}, {"prediction": "GAPT", "ground truth": "GAPT", "image path": "test_imgs/7.jpg"}, {"prediction": "H2AL1MP", "ground truth": "H2AL1MP", "image path": "test_imgs/8.jpg"}, {"prediction": "", "ground truth": "COA6", "image path": "test_imgs/9.jpg"}, {"prediction": "", "ground truth": "MATR3P1", "image path": "test_imgs/10.jpg"}, {"prediction": "SOATZ", "ground truth": "SOAT2", "image path": "test_imgs/11.jpg"}, {"prediction": "LTO1", "ground truth": "LTO1", "image path": "test_imgs/12.jpg"}, {"prediction": "MD5", "ground truth": "COMMD5", "image path": "test_imgs/13.jpg"}, {"prediction": "ADPGK-ASI", "ground truth": "ADPGK-AS1", "image path": "test_imgs/14.jpg"}, {"prediction": "DSGI-ASI", "ground truth": "DSG1-AS1", "image path": "test_imgs/15.jpg"}, {"prediction": "INIA5SPA80", "ground truth": "RNA5SP480", "image path": "test_imgs/16.jpg"}, {"prediction": "01070", "ground truth": "LINC01070", "image path": "test_imgs/17.jpg"}, {"prediction": "", "ground truth": "LINC01785", "image path": "test_imgs/18.jpg"}, {"prediction": "MVK", "ground truth": "MVK", "image path": "test_imgs/19.jpg"}, {"prediction": "", "ground truth": "PANK1", "image path": "test_imgs/20.jpg"}, {"prediction": "ERCC6", "ground truth": "ERCC6", "image path": "test_imgs/21.jpg"}, {"prediction": "", "ground truth": "RPL29P6", "image path": "test_imgs/22.jpg"}, {"prediction": "TAS2R62P", "ground truth": "TAS2R62P", "image path": "test_imgs/23.jpg"}, {"prediction": "RAD54L2PT", "ground truth": "RAD54L2P1", "image path": "test_imgs/24.jpg"}, {"prediction": "", "ground truth": "DNAJC3-DT", "image path": "test_imgs/25.jpg"}, {"prediction": "RN7SL602P", "ground truth": "RN7SL602P", "image path": "test_imgs/26.jpg"}, {"prediction": "PLEKHN1", "ground truth": "PLEKHN1", "image path": "test_imgs/27.jpg"}, {"prediction": "ANKRD44", "ground truth": "ANKRD44", "image path": "test_imgs/28.jpg"}, {"prediction": "RNU6-4P", "ground truth": "RNU6-4P", "image path": "test_imgs/29.jpg"}, {"prediction": "DGRE!", "ground truth": "ADGRE4P", "image path": "test_imgs/30.jpg"}, {"prediction": "MANSC1", "ground truth": "MANSC1", "image path": "test_imgs/31.jpg"}, {"prediction": "RN7SL50P", "ground truth": "RN7SL50P", "image path": "test_imgs/32.jpg"}, {"prediction": "HMGN1P27", "ground truth": "HMGN1P27", "image path": "test_imgs/33.jpg"}, {"prediction": "MIR520A", "ground truth": "MIR520A", "image path": "test_imgs/34.jpg"}, {"prediction": "SLC20A1P1", "ground truth": "SLC20A1P1", "image path": "test_imgs/35.jpg"}, {"prediction": "", "ground truth": "MIR1290", "image path": "test_imgs/36.jpg"}, {"prediction": "ORIRIP", "ground truth": "OR1R1P", "image path": "test_imgs/37.jpg"}, {"prediction": "OPRD1", "ground truth": "OPRD1", "image path": "test_imgs/38.jpg"}, {"prediction": "MYO1A", "ground truth": "MYO1A", "image path": "test_imgs/39.jpg"}, {"prediction": "TBX2", "ground truth": "TBX2", "image path": "test_imgs/40.jpg"}, {"prediction": "RAMACL", "ground truth": "RAMACL", "image path": "test_imgs/41.jpg"}, {"prediction": "SMYD3-IT", "ground truth": "SMYD3-IT1", "image path": "test_imgs/42.jpg"}, {"prediction": "DYNLL1P2", "ground truth": "DYNLL1P2", "image path": "test_imgs/43.jpg"}, {"prediction": "MANCR", "ground truth": "MANCR", "image path": "test_imgs/44.jpg"}, {"prediction": "LIGT", "ground truth": "LIG1", "image path": "test_imgs/45.jpg"}, {"prediction": "RNU6-833H", "ground truth": "RNU6-833P", "image path": "test_imgs/46.jpg"}, {"prediction": "", "ground truth": "CCDC17", "image path": "test_imgs/47.jpg"}, {"prediction": "NDRG2", "ground truth": "NDRG2", "image path": "test_imgs/48.jpg"}, {"prediction": "RBM39", "ground truth": "RBM39", "image path": "test_imgs/49.jpg"}, {"prediction": "", "ground truth": "MIR892A", "image path": "test_imgs/50.jpg"}, {"prediction": "FAM30B", "ground truth": "FAM30B", "image path": "test_imgs/51.jpg"}, {"prediction": "GAL3ST2", "ground truth": "GAL3ST2", "image path": "test_imgs/52.jpg"}, {"prediction": "GPSICIN", "ground truth": "GPATCH1", "image path": "test_imgs/53.jpg"}, {"prediction": "", "ground truth": "MYOM2", "image path": "test_imgs/54.jpg"}, {"prediction": "HMGN1P27", "ground truth": "HMGN1P27", "image path": "test_imgs/55.jpg"}, {"prediction": "", "ground truth": "PSAP", "image path": "test_imgs/56.jpg"}, {"prediction": "H2BWI", "ground truth": "H2BW1", "image path": "test_imgs/57.jpg"}, {"prediction": "GIM", "ground truth": "PNLIP", "image path": "test_imgs/58.jpg"}, {"prediction": "GNPDA1", "ground truth": "GNPDA1", "image path": "test_imgs/59.jpg"}, {"prediction": "THBS3-AS1", "ground truth": "THBS3-AS1", "image path": "test_imgs/60.jpg"}, {"prediction": "RNU6-477P", "ground truth": "RNU6-477P", "image path": "test_imgs/61.jpg"}, {"prediction": "OR8G5", "ground truth": "OR8G5", "image path": "test_imgs/62.jpg"}, {"prediction": "NOMOS", "ground truth": "NOMO3", "image path": "test_imgs/63.jpg"}, {"prediction": "RPL27AP", "ground truth": "RPL27AP", "image path": "test_imgs/64.jpg"}, {"prediction": "RPL23AP90", "ground truth": "RPL23AP90", "image path": "test_imgs/65.jpg"}, {"prediction": "BAGE", "ground truth": "BAGE", "image path": "test_imgs/66.jpg"}, {"prediction": "E", "ground truth": "SLC38A10", "image path": "test_imgs/67.jpg"}, {"prediction": "PMS2CL", "ground truth": "PMS2CL", "image path": "test_imgs/68.jpg"}, {"prediction": "", "ground truth": "HAND2", "image path": "test_imgs/69.jpg"}, {"prediction": "EEF1A1P19", "ground truth": "EEF1A1P19", "image path": "test_imgs/70.jpg"}, {"prediction": "SLC2A9", "ground truth": "SLC2A9", "image path": "test_imgs/71.jpg"}, {"prediction": "ANKRD54P1", "ground truth": "ANKRD54P1", "image path": "test_imgs/72.jpg"}, {"prediction": "LINCO1774", "ground truth": "LINC01774", "image path": "test_imgs/73.jpg"}, {"prediction": "GRIN2B", "ground truth": "GRIN2B", "image path": "test_imgs/74.jpg"}, {"prediction": "", "ground truth": "TMED10P1", "image path": "test_imgs/75.jpg"}, {"prediction": "MIR4661", "ground truth": "MIR4661", "image path": "test_imgs/76.jpg"}, {"prediction": "TMEM167B", "ground truth": "TMEM167B", "image path": "test_imgs/77.jpg"}, {"prediction": "", "ground truth": "CHCHD4P2", "image path": "test_imgs/78.jpg"}, {"prediction": "NUP35P2", "ground truth": "NUP35P2", "image path": "test_imgs/79.jpg"}, {"prediction": "WDR82P2", "ground truth": "WDR82P2", "image path": "test_imgs/80.jpg"}, {"prediction": "INC00596", "ground truth": "LINC00596", "image path": "test_imgs/81.jpg"}, {"prediction": "FAM227B", "ground truth": "FAM227B", "image path": "test_imgs/82.jpg"}, {"prediction": "CNO", "ground truth": "CCNO", "image path": "test_imgs/83.jpg"}, {"prediction": "", "ground truth": "RNU5F-5P", "image path": "test_imgs/84.jpg"}, {"prediction": "ZNF780A", "ground truth": "ZNF780A", "image path": "test_imgs/85.jpg"}, {"prediction": "MFFP2", "ground truth": "MFFP2", "image path": "test_imgs/86.jpg"}, {"prediction": "AN07L1", "ground truth": "ANO7L1", "image path": "test_imgs/87.jpg"}, {"prediction": "GPR15", "ground truth": "GPR15", "image path": "test_imgs/88.jpg"}, {"prediction": "DI\nLG1-AS1", "ground truth": "DLG1-AS1", "image path": "test_imgs/89.jpg"}, {"prediction": "LYL1", "ground truth": "LYL1", "image path": "test_imgs/90.jpg"}, {"prediction": "DGKO", "ground truth": "DGKQ", "image path": "test_imgs/91.jpg"}, {"prediction": "", "ground truth": "CSTP1", "image path": "test_imgs/92.jpg"}, {"prediction": "PPIAPII", "ground truth": "PPIAP11", "image path": "test_imgs/93.jpg"}, {"prediction": "NKX2-1-AS1", "ground truth": "NKX2-1-AS1", "image path": "test_imgs/94.jpg"}, {"prediction": "", "ground truth": "ZNF674-AS1", "image path": "test_imgs/95.jpg"}, {"prediction": "NEUROG3", "ground truth": "NEUROG3", "image path": "test_imgs/96.jpg"}, {"prediction": "PLAC9", "ground truth": "PLAC9", "image path": "test_imgs/97.jpg"}, {"prediction": "IRAGI-AS1", "ground truth": "IRAG1-AS1", "image path": "test_imgs/98.jpg"}, {"prediction": "OR6J1", "ground truth": "OR6J1", "image path": "test_imgs/99.jpg"}, {"prediction": "RPL31P8", "ground truth": "RPL31P8", "image path": "test_imgs/100.jpg"}, {"prediction": "\u041d\u041c\u041d\u0412", "ground truth": "HMHB1", "image path": "test_imgs/101.jpg"}, {"prediction": "60109", "ground truth": "LINC01003", "image path": "test_imgs/102.jpg"}, {"prediction": "", "ground truth": "UBE2V1P6", "image path": "test_imgs/103.jpg"}, {"prediction": "RNH6-113AP", "ground truth": "RNU6-1134P", "image path": "test_imgs/104.jpg"}, {"prediction": "LINCO1653", "ground truth": "LINC01653", "image path": "test_imgs/105.jpg"}, {"prediction": "RABGGTB", "ground truth": "RABGGTB", "image path": "test_imgs/106.jpg"}, {"prediction": "OR52N5", "ground truth": "OR52N5", "image path": "test_imgs/107.jpg"}, {"prediction": "", "ground truth": "OR2W4P", "image path": "test_imgs/108.jpg"}, {"prediction": "KLHL23", "ground truth": "KLHL23", "image path": "test_imgs/109.jpg"}, {"prediction": "ATG4APL", "ground truth": "ATG4AP1", "image path": "test_imgs/110.jpg"}, {"prediction": "FAM107A", "ground truth": "FAM107A", "image path": "test_imgs/111.jpg"}, {"prediction": "", "ground truth": "MIR3170", "image path": "test_imgs/112.jpg"}, {"prediction": "SMANTIS", "ground truth": "SMANTIS", "image path": "test_imgs/113.jpg"}, {"prediction": "CDRT15P1", "ground truth": "CDRT15P1", "image path": "test_imgs/114.jpg"}, {"prediction": "ASXL2", "ground truth": "ASXL2", "image path": "test_imgs/115.jpg"}, {"prediction": "SQLE-DT", "ground truth": "SQLE-DT", "image path": "test_imgs/116.jpg"}, {"prediction": "RN7SL57P", "ground truth": "RN7SL57P", "image path": "test_imgs/117.jpg"}, {"prediction": "PRRG2", "ground truth": "PRRG2", "image path": "test_imgs/118.jpg"}, {"prediction": "PFKL", "ground truth": "PFKL", "image path": "test_imgs/119.jpg"}, {"prediction": "", "ground truth": "LPAR6", "image path": "test_imgs/120.jpg"}, {"prediction": "PABPC1P10", "ground truth": "PABPC1P10", "image path": "test_imgs/121.jpg"}, {"prediction": "", "ground truth": "CC2D2B", "image path": "test_imgs/122.jpg"}, {"prediction": "FBXO48", "ground truth": "FBXO48", "image path": "test_imgs/123.jpg"}, {"prediction": "MTND1P32", "ground truth": "MTND1P32", "image path": "test_imgs/124.jpg"}, {"prediction": "RPL18AP17", "ground truth": "RPL18AP17", "image path": "test_imgs/125.jpg"}, {"prediction": "HMCNDPAL", "ground truth": "HMGN2P45", "image path": "test_imgs/126.jpg"}, {"prediction": "RPL31P23", "ground truth": "RPL31P23", "image path": "test_imgs/127.jpg"}, {"prediction": "", "ground truth": "RNU1-83P", "image path": "test_imgs/128.jpg"}, {"prediction": "R-B-", "ground truth": "RAB44", "image path": "test_imgs/129.jpg"}, {"prediction": "RI\n16-4177", "ground truth": "RNU6-409P", "image path": "test_imgs/130.jpg"}, {"prediction": "GAPDHP14", "ground truth": "GAPDHP14", "image path": "test_imgs/131.jpg"}, {"prediction": "SETP1", "ground truth": "SETP1", "image path": "test_imgs/132.jpg"}, {"prediction": "RLETZE", "ground truth": "MIRLET7F2", "image path": "test_imgs/133.jpg"}, {"prediction": "\"RATIB", "ground truth": "FRA11B", "image path": "test_imgs/134.jpg"}, {"prediction": "MISP", "ground truth": "MISP", "image path": "test_imgs/135.jpg"}, {"prediction": "TDKG", "ground truth": "TDRG1", "image path": "test_imgs/136.jpg"}, {"prediction": "LINC02012", "ground truth": "LINC02012", "image path": "test_imgs/137.jpg"}, {"prediction": "MIR7156", "ground truth": "MIR7156", "image path": "test_imgs/138.jpg"}, {"prediction": "", "ground truth": "LINC01079", "image path": "test_imgs/139.jpg"}, {"prediction": "", "ground truth": "IGSF21", "image path": "test_imgs/140.jpg"}, {"prediction": "RERG", "ground truth": "RERG", "image path": "test_imgs/141.jpg"}, {"prediction": "RNA5SP489", "ground truth": "RNA5SP489", "image path": "test_imgs/142.jpg"}, {"prediction": "\u0420\u0410\u0412\u0420\u0421\u0422\u0420\u0417", "ground truth": "PABPC1P13", "image path": "test_imgs/143.jpg"}, {"prediction": "ACER2", "ground truth": "ACER2", "image path": "test_imgs/144.jpg"}, {"prediction": "RPL31P39", "ground truth": "RPL31P39", "image path": "test_imgs/145.jpg"}, {"prediction": "RASLI2", "ground truth": "RASL12", "image path": "test_imgs/146.jpg"}, {"prediction": "HHIPL2", "ground truth": "HHIPL2", "image path": "test_imgs/147.jpg"}, {"prediction": "WAC", "ground truth": "WAC", "image path": "test_imgs/148.jpg"}, {"prediction": "", "ground truth": "PMS2P14", "image path": "test_imgs/149.jpg"}, {"prediction": "FOSB", "ground truth": "FOSB", "image path": "test_imgs/150.jpg"}, {"prediction": "TMEM186", "ground truth": "TMEM186", "image path": "test_imgs/151.jpg"}, {"prediction": "GMDS", "ground truth": "GMDS", "image path": "test_imgs/152.jpg"}, {"prediction": "CDC27P", "ground truth": "CDC27P1", "image path": "test_imgs/153.jpg"}, {"prediction": "GLIS2-AS1", "ground truth": "GLIS2-AS1", "image path": "test_imgs/154.jpg"}, {"prediction": "MIR1257", "ground truth": "MIR1251", "image path": "test_imgs/155.jpg"}, {"prediction": "RPL37P17", "ground truth": "RPL37P17", "image path": "test_imgs/156.jpg"}, {"prediction": "", "ground truth": "EMILIN1", "image path": "test_imgs/157.jpg"}, {"prediction": "RELA", "ground truth": "RELA", "image path": "test_imgs/158.jpg"}, {"prediction": "RNU6-70P", "ground truth": "RNU6-70P", "image path": "test_imgs/159.jpg"}, {"prediction": "LIND2P38", "ground truth": "MTND2P38", "image path": "test_imgs/160.jpg"}, {"prediction": "RPL22", "ground truth": "RPL22", "image path": "test_imgs/161.jpg"}, {"prediction": "WYM CHL", "ground truth": "CYP2C58P", "image path": "test_imgs/162.jpg"}, {"prediction": "MSANTD7", "ground truth": "MSANTD7", "image path": "test_imgs/163.jpg"}, {"prediction": "RNU2-34P", "ground truth": "RNU2-34P", "image path": "test_imgs/164.jpg"}, {"prediction": "", "ground truth": "POLDIP2", "image path": "test_imgs/165.jpg"}, {"prediction": "PABPN1L", "ground truth": "PABPN1L", "image path": "test_imgs/166.jpg"}, {"prediction": "IOROHTY", "ground truth": "MIR6801", "image path": "test_imgs/167.jpg"}, {"prediction": "ARHGAP42P4", "ground truth": "ARHGAP42P4", "image path": "test_imgs/168.jpg"}, {"prediction": "RNU6-1235P", "ground truth": "RNU6-1235P", "image path": "test_imgs/169.jpg"}, {"prediction": "m", "ground truth": "MIR1302-2", "image path": "test_imgs/170.jpg"}, {"prediction": "PUDE", "ground truth": "PUDP", "image path": "test_imgs/171.jpg"}, {"prediction": "ACVR2B-AS1", "ground truth": "ACVR2B-AS1", "image path": "test_imgs/172.jpg"}, {"prediction": "", "ground truth": "G2E3-AS1", "image path": "test_imgs/173.jpg"}, {"prediction": "RNA5SP164", "ground truth": "RNA5SP164", "image path": "test_imgs/174.jpg"}, {"prediction": "SNORA11G", "ground truth": "SNORA11G", "image path": "test_imgs/175.jpg"}, {"prediction": "ZNF419", "ground truth": "ZNF419", "image path": "test_imgs/176.jpg"}, {"prediction": "RGI VI", "ground truth": "TRGV11", "image path": "test_imgs/177.jpg"}, {"prediction": "ZNF222", "ground truth": "ZNF222", "image path": "test_imgs/178.jpg"}, {"prediction": "RPL21P24", "ground truth": "RPL21P24", "image path": "test_imgs/179.jpg"}, {"prediction": "CLEC4OP", "ground truth": "CLEC4OP", "image path": "test_imgs/180.jpg"}, {"prediction": "LINC00710", "ground truth": "LINC00710", "image path": "test_imgs/181.jpg"}, {"prediction": "ZNF723", "ground truth": "ZNF723", "image path": "test_imgs/182.jpg"}, {"prediction": "TBXS", "ground truth": "TBX5", "image path": "test_imgs/183.jpg"}, {"prediction": "KRT73", "ground truth": "KRT73", "image path": "test_imgs/184.jpg"}, {"prediction": "MYL7", "ground truth": "MYL7", "image path": "test_imgs/185.jpg"}, {"prediction": "ITTY130", "ground truth": "TTTY13C", "image path": "test_imgs/186.jpg"}, {"prediction": "RPS26P14", "ground truth": "RPS26P14", "image path": "test_imgs/187.jpg"}, {"prediction": "OSBPL:", "ground truth": "OSBPL2", "image path": "test_imgs/188.jpg"}, {"prediction": "TRIM60P3\u0423", "ground truth": "TRIM60P3Y", "image path": "test_imgs/189.jpg"}, {"prediction": "RXFP4", "ground truth": "RXFP4", "image path": "test_imgs/190.jpg"}, {"prediction": "RN7SL826P\n196", "ground truth": "RN7SL826P", "image path": "test_imgs/191.jpg"}, {"prediction": "UQCR11", "ground truth": "UQCR11", "image path": "test_imgs/192.jpg"}, {"prediction": "GALNTL6-AS1", "ground truth": "GALNTL6-AS1", "image path": "test_imgs/193.jpg"}, {"prediction": "\u0154NU6ATAC35P", "ground truth": "RNU6ATAC35P", "image path": "test_imgs/194.jpg"}, {"prediction": "", "ground truth": "LINC01165", "image path": "test_imgs/195.jpg"}, {"prediction": "", "ground truth": "DLX6-AS1", "image path": "test_imgs/196.jpg"}, {"prediction": "RPS3AP54", "ground truth": "RPS3AP54", "image path": "test_imgs/197.jpg"}, {"prediction": "", "ground truth": "ACSM1", "image path": "test_imgs/198.jpg"}, {"prediction": "IGLV3-31", "ground truth": "IGLV3-31", "image path": "test_imgs/199.jpg"}, {"prediction": "HNRNPA1P61", "ground truth": "HNRNPA1P61", "image path": "test_imgs/200.jpg"}, {"prediction": "LINC01242", "ground truth": "LINC01242", "image path": "test_imgs/201.jpg"}, {"prediction": "FAM74A6", "ground truth": "FAM74A6", "image path": "test_imgs/202.jpg"}, {"prediction": "CNNM2", "ground truth": "CNNM2", "image path": "test_imgs/203.jpg"}, {"prediction": "ZNHIT3", "ground truth": "ZNHIT3", "image path": "test_imgs/204.jpg"}, {"prediction": "PLAC9", "ground truth": "PLAC9", "image path": "test_imgs/205.jpg"}, {"prediction": "LINC01550", "ground truth": "LINC01550", "image path": "test_imgs/206.jpg"}, {"prediction": "RNF157", "ground truth": "RNF157", "image path": "test_imgs/207.jpg"}, {"prediction": "ECHSD2", "ground truth": "FCHSD2", "image path": "test_imgs/208.jpg"}, {"prediction": "KIAFAT", "ground truth": "TAFA1", "image path": "test_imgs/209.jpg"}, {"prediction": "", "ground truth": "NDUFA5P6", "image path": "test_imgs/210.jpg"}, {"prediction": "LINC02547", "ground truth": "LINC02547", "image path": "test_imgs/211.jpg"}, {"prediction": "METTL4", "ground truth": "METTL4", "image path": "test_imgs/212.jpg"}, {"prediction": "RAD51D", "ground truth": "RAD51D", "image path": "test_imgs/213.jpg"}, {"prediction": "|SNORD169", "ground truth": "SNORD169", "image path": "test_imgs/214.jpg"}, {"prediction": "MEM1916", "ground truth": "TMEM191B", "image path": "test_imgs/215.jpg"}, {"prediction": "ZEAND2A-DT", "ground truth": "ZFAND2A-DT", "image path": "test_imgs/216.jpg"}, {"prediction": "RN7SL254F", "ground truth": "RN7SL254P", "image path": "test_imgs/217.jpg"}, {"prediction": "", "ground truth": "LINC02791", "image path": "test_imgs/218.jpg"}, {"prediction": "HRK", "ground truth": "HRK", "image path": "test_imgs/219.jpg"}, {"prediction": "EYA2-AS1", "ground truth": "EYA2-AS1", "image path": "test_imgs/220.jpg"}, {"prediction": "", "ground truth": "KLF17P1", "image path": "test_imgs/221.jpg"}, {"prediction": "", "ground truth": "RPL13AP22", "image path": "test_imgs/222.jpg"}, {"prediction": "", "ground truth": "OR6X1", "image path": "test_imgs/223.jpg"}, {"prediction": "EN3KRE", "ground truth": "FN3KRP", "image path": "test_imgs/224.jpg"}, {"prediction": "COED", "ground truth": "SSTR1", "image path": "test_imgs/225.jpg"}, {"prediction": "TRI-GAT1-", "ground truth": "TRI-GAT1-2", "image path": "test_imgs/226.jpg"}, {"prediction": "MSL3P1", "ground truth": "MSL3P1", "image path": "test_imgs/227.jpg"}, {"prediction": "", "ground truth": "EEF1A1P16", "image path": "test_imgs/228.jpg"}, {"prediction": "ELEN1-AS1", "ground truth": "ELFN1-AS1", "image path": "test_imgs/229.jpg"}, {"prediction": "RNU6-739P", "ground truth": "RNU6-739P", "image path": "test_imgs/230.jpg"}, {"prediction": "LINC01878", "ground truth": "LINC01878", "image path": "test_imgs/231.jpg"}, {"prediction": "RPL10P2", "ground truth": "RPL10P2", "image path": "test_imgs/232.jpg"}, {"prediction": "ARCOSO", "ground truth": "NBPF25P", "image path": "test_imgs/233.jpg"}, {"prediction": "NME", "ground truth": "NME1", "image path": "test_imgs/234.jpg"}, {"prediction": "RENBP", "ground truth": "RENBP", "image path": "test_imgs/235.jpg"}, {"prediction": "RNU6-255P", "ground truth": "RNU6-255P", "image path": "test_imgs/236.jpg"}, {"prediction": "", "ground truth": "MGST3", "image path": "test_imgs/237.jpg"}, {"prediction": "\u041a\u0410\u0420\u041c1\u0420\u0437\u0434\nM\u2081", "ground truth": "NPM1P30", "image path": "test_imgs/238.jpg"}, {"prediction": "", "ground truth": "MIR598", "image path": "test_imgs/239.jpg"}, {"prediction": "ZNF286B", "ground truth": "ZNF286B", "image path": "test_imgs/240.jpg"}, {"prediction": "MIRNR2L", "ground truth": "MTRNR2L5", "image path": "test_imgs/241.jpg"}, {"prediction": "SF3B6", "ground truth": "SF3B6", "image path": "test_imgs/242.jpg"}, {"prediction": "SNORA14A", "ground truth": "SNORA14A", "image path": "test_imgs/243.jpg"}, {"prediction": "MIR548A", "ground truth": "MIR548AI", "image path": "test_imgs/244.jpg"}, {"prediction": "PRKARIAP1", "ground truth": "PRKAR1AP1", "image path": "test_imgs/245.jpg"}, {"prediction": "\u05d1\u05e839", "ground truth": "PLCB3", "image path": "test_imgs/246.jpg"}, {"prediction": "(P3GALNT", "ground truth": "B3GALNT2", "image path": "test_imgs/247.jpg"}, {"prediction": "BD9", "ground truth": "BTBD9", "image path": "test_imgs/248.jpg"}, {"prediction": "", "ground truth": "TRAFD1", "image path": "test_imgs/249.jpg"}, {"prediction": "", "ground truth": "MAGEA7P", "image path": "test_imgs/250.jpg"}, {"prediction": "EZH1", "ground truth": "EZH1", "image path": "test_imgs/251.jpg"}, {"prediction": "GR9GZP", "ground truth": "OR9G2P", "image path": "test_imgs/252.jpg"}, {"prediction": "REG3G", "ground truth": "REG3G", "image path": "test_imgs/253.jpg"}, {"prediction": "LIMD2", "ground truth": "LIMD2", "image path": "test_imgs/254.jpg"}, {"prediction": "KDM\u2082A", "ground truth": "KDM2A", "image path": "test_imgs/255.jpg"}, {"prediction": "INC02938", "ground truth": "LINC02938", "image path": "test_imgs/256.jpg"}, {"prediction": "S2R15H", "ground truth": "TAS2R15P", "image path": "test_imgs/257.jpg"}, {"prediction": "", "ground truth": "PSMA1", "image path": "test_imgs/258.jpg"}, {"prediction": "110", "ground truth": "RNA5SP318", "image path": "test_imgs/259.jpg"}, {"prediction": "", "ground truth": "RPL21P96", "image path": "test_imgs/260.jpg"}, {"prediction": "MAPRE3", "ground truth": "MAPRE3", "image path": "test_imgs/261.jpg"}, {"prediction": "MTND5P44", "ground truth": "MTND5P44", "image path": "test_imgs/262.jpg"}, {"prediction": "AK5", "ground truth": "AK5", "image path": "test_imgs/263.jpg"}, {"prediction": "BMSIP", "ground truth": "BMS1P9", "image path": "test_imgs/264.jpg"}, {"prediction": "MYBPC", "ground truth": "MYBPC3", "image path": "test_imgs/265.jpg"}, {"prediction": "", "ground truth": "LINC01558", "image path": "test_imgs/266.jpg"}, {"prediction": "", "ground truth": "PTBP1P", "image path": "test_imgs/267.jpg"}, {"prediction": "RNU4-15P", "ground truth": "RNU4-35P", "image path": "test_imgs/268.jpg"}, {"prediction": "NSMCE2", "ground truth": "NSMCE2", "image path": "test_imgs/269.jpg"}, {"prediction": "IGKVID-12", "ground truth": "IGKV1D-12", "image path": "test_imgs/270.jpg"}, {"prediction": "RNU6ATAC15P", "ground truth": "RNU6ATAC15P", "image path": "test_imgs/271.jpg"}, {"prediction": "RPL12P4", "ground truth": "RPL12P4", "image path": "test_imgs/272.jpg"}, {"prediction": "SRD5A1", "ground truth": "SRD5A1", "image path": "test_imgs/273.jpg"}, {"prediction": "RPS26P1", "ground truth": "RPS26P1", "image path": "test_imgs/274.jpg"}, {"prediction": "AIDAP\u2082", "ground truth": "AIDAP2", "image path": "test_imgs/275.jpg"}, {"prediction": "COL4A3", "ground truth": "COL4A3", "image path": "test_imgs/276.jpg"}, {"prediction": "IFNL4", "ground truth": "IFNL4", "image path": "test_imgs/277.jpg"}, {"prediction": "WDR75", "ground truth": "WDR75", "image path": "test_imgs/278.jpg"}, {"prediction": "RN7SL242P", "ground truth": "RN7SL242P", "image path": "test_imgs/279.jpg"}, {"prediction": "CA2", "ground truth": "CA2", "image path": "test_imgs/280.jpg"}, {"prediction": "", "ground truth": "CMA1", "image path": "test_imgs/281.jpg"}, {"prediction": "K7F1", "ground truth": "IKZF1", "image path": "test_imgs/282.jpg"}, {"prediction": "SNORD88B", "ground truth": "SNORD88B", "image path": "test_imgs/283.jpg"}, {"prediction": "ESYSTURISIT", "ground truth": "HSD11B1-AS1", "image path": "test_imgs/284.jpg"}, {"prediction": "TMEM165", "ground truth": "TMEM165", "image path": "test_imgs/285.jpg"}, {"prediction": "ZBTB47-ASI", "ground truth": "ZBTB47-AS1", "image path": "test_imgs/286.jpg"}, {"prediction": "SNX2", "ground truth": "SNX2", "image path": "test_imgs/287.jpg"}, {"prediction": "C2orf83", "ground truth": "C2orf83", "image path": "test_imgs/288.jpg"}, {"prediction": "DENND2B-AST", "ground truth": "DENND2B-AS1", "image path": "test_imgs/289.jpg"}, {"prediction": "TXLNGY", "ground truth": "TXLNGY", "image path": "test_imgs/290.jpg"}, {"prediction": "RIMKLBP2", "ground truth": "RIMKLBP2", "image path": "test_imgs/291.jpg"}, {"prediction": "MAP4K3-DT", "ground truth": "MAP4K3-DT", "image path": "test_imgs/292.jpg"}, {"prediction": "MIR1297", "ground truth": "MIR1297", "image path": "test_imgs/293.jpg"}, {"prediction": "RNU7-41P", "ground truth": "RNU7-41P", "image path": "test_imgs/294.jpg"}, {"prediction": "", "ground truth": "TEX21P", "image path": "test_imgs/295.jpg"}, {"prediction": "KRT18", "ground truth": "KRT18", "image path": "test_imgs/296.jpg"}, {"prediction": "DADS1", "ground truth": "RARS1", "image path": "test_imgs/297.jpg"}, {"prediction": "MTND2P36", "ground truth": "MTND2P36", "image path": "test_imgs/298.jpg"}, {"prediction": "SLC24A3-AS1", "ground truth": "SLC24A3-AS1", "image path": "test_imgs/299.jpg"}, {"prediction": "RMIT", "ground truth": "RMI1", "image path": "test_imgs/300.jpg"}, {"prediction": "IGKV30R2-5", "ground truth": "IGKV3OR2-5", "image path": "test_imgs/301.jpg"}, {"prediction": "PLEKHA3P1", "ground truth": "PLEKHA3P1", "image path": "test_imgs/302.jpg"}, {"prediction": "", "ground truth": "SCGB2A2", "image path": "test_imgs/303.jpg"}, {"prediction": "RAP1BP1", "ground truth": "RAP1BP1", "image path": "test_imgs/304.jpg"}, {"prediction": "SSBL3P", "ground truth": "SSBL3P", "image path": "test_imgs/305.jpg"}, {"prediction": "ARGLU1", "ground truth": "ARGLU1", "image path": "test_imgs/306.jpg"}, {"prediction": "LRRN3", "ground truth": "LRRN3", "image path": "test_imgs/307.jpg"}, {"prediction": "MIR54813", "ground truth": "MIR548I3", "image path": "test_imgs/308.jpg"}, {"prediction": "SNRNP40", "ground truth": "SNRNP40", "image path": "test_imgs/309.jpg"}, {"prediction": "SLC45A3", "ground truth": "SLC45A3", "image path": "test_imgs/310.jpg"}, {"prediction": "OPP", "ground truth": "UPP1", "image path": "test_imgs/311.jpg"}, {"prediction": "", "ground truth": "TRERF1", "image path": "test_imgs/312.jpg"}, {"prediction": "", "ground truth": "MAP4K5", "image path": "test_imgs/313.jpg"}, {"prediction": "SENPT", "ground truth": "SENP1", "image path": "test_imgs/314.jpg"}, {"prediction": "DEFB129", "ground truth": "DEFB129", "image path": "test_imgs/315.jpg"}, {"prediction": "MIR1302-10", "ground truth": "MIR1302-10", "image path": "test_imgs/316.jpg"}, {"prediction": "FUNC", "ground truth": "FLNC", "image path": "test_imgs/317.jpg"}, {"prediction": "CA3", "ground truth": "CA3", "image path": "test_imgs/318.jpg"}, {"prediction": "KN7SL68P", "ground truth": "RN7SL68P", "image path": "test_imgs/319.jpg"}, {"prediction": "", "ground truth": "HNRNPCP10", "image path": "test_imgs/320.jpg"}, {"prediction": "FRZB", "ground truth": "FRZB", "image path": "test_imgs/321.jpg"}, {"prediction": "CLK4", "ground truth": "CLK4", "image path": "test_imgs/322.jpg"}, {"prediction": "TMX3", "ground truth": "TMX3", "image path": "test_imgs/323.jpg"}, {"prediction": "RNA5S13", "ground truth": "RNA5S13", "image path": "test_imgs/324.jpg"}, {"prediction": "RPL26P9", "ground truth": "RPL26P9", "image path": "test_imgs/325.jpg"}, {"prediction": "IGHV-690", "ground truth": "IGHV1-69D", "image path": "test_imgs/326.jpg"}, {"prediction": "HOTAIRMr", "ground truth": "HOTAIRM1", "image path": "test_imgs/327.jpg"}, {"prediction": "SIGLEC31P", "ground truth": "SIGLEC31P", "image path": "test_imgs/328.jpg"}, {"prediction": "", "ground truth": "IL17D", "image path": "test_imgs/329.jpg"}, {"prediction": "DSC3", "ground truth": "DSC3", "image path": "test_imgs/330.jpg"}, {"prediction": "NDUFA6-DI", "ground truth": "NDUFA6-DT", "image path": "test_imgs/331.jpg"}, {"prediction": "WBP1P2", "ground truth": "WBP1P2", "image path": "test_imgs/332.jpg"}, {"prediction": "MIR492", "ground truth": "MIR492", "image path": "test_imgs/333.jpg"}, {"prediction": "SCD", "ground truth": "SCD", "image path": "test_imgs/334.jpg"}, {"prediction": "MIR12132", "ground truth": "MIR12132", "image path": "test_imgs/335.jpg"}, {"prediction": "", "ground truth": "RNU7-125P", "image path": "test_imgs/336.jpg"}, {"prediction": "CTNND2", "ground truth": "CTNND2", "image path": "test_imgs/337.jpg"}, {"prediction": "FRG1", "ground truth": "FRG1", "image path": "test_imgs/338.jpg"}, {"prediction": "MTND2P16", "ground truth": "MTND2P16", "image path": "test_imgs/339.jpg"}, {"prediction": "RAB6A", "ground truth": "RAB6A", "image path": "test_imgs/340.jpg"}, {"prediction": "IGHV4-4", "ground truth": "IGHV4-4", "image path": "test_imgs/341.jpg"}, {"prediction": "", "ground truth": "MIR6870", "image path": "test_imgs/342.jpg"}, {"prediction": "", "ground truth": "ADAMTS9", "image path": "test_imgs/343.jpg"}, {"prediction": "OR7 E148P", "ground truth": "OR7E148P", "image path": "test_imgs/344.jpg"}, {"prediction": "", "ground truth": "RPL23AP27", "image path": "test_imgs/345.jpg"}, {"prediction": "CHSPA8P17", "ground truth": "HSPA8P17", "image path": "test_imgs/346.jpg"}, {"prediction": "RPL29P24", "ground truth": "RPL29P24", "image path": "test_imgs/347.jpg"}, {"prediction": "TIFAB", "ground truth": "TIFAB", "image path": "test_imgs/348.jpg"}, {"prediction": "DENND5B", "ground truth": "DENND5B", "image path": "test_imgs/349.jpg"}, {"prediction": "OR52B2", "ground truth": "OR52B2", "image path": "test_imgs/350.jpg"}, {"prediction": "BRD7P6", "ground truth": "BRD7P6", "image path": "test_imgs/351.jpg"}, {"prediction": "GNPATP", "ground truth": "GNPATP", "image path": "test_imgs/352.jpg"}, {"prediction": "RNA5SP272", "ground truth": "RNA5SP272", "image path": "test_imgs/353.jpg"}, {"prediction": "SIRT7", "ground truth": "SIRT7", "image path": "test_imgs/354.jpg"}, {"prediction": "PC D H G B 2", "ground truth": "PCDHGB2", "image path": "test_imgs/355.jpg"}, {"prediction": "LINC01070", "ground truth": "LINC01070", "image path": "test_imgs/356.jpg"}, {"prediction": "ALDH3A2", "ground truth": "ALDH3A2", "image path": "test_imgs/357.jpg"}, {"prediction": "", "ground truth": "KIF19BP", "image path": "test_imgs/358.jpg"}, {"prediction": "cto+\nT", "ground truth": "MIR4645", "image path": "test_imgs/359.jpg"}, {"prediction": "TMEM9B-AS1", "ground truth": "TMEM9B-AS1", "image path": "test_imgs/360.jpg"}, {"prediction": "", "ground truth": "OSBPL1A", "image path": "test_imgs/361.jpg"}, {"prediction": "SMCR5", "ground truth": "SMCR5", "image path": "test_imgs/362.jpg"}, {"prediction": "-91 N?", "ground truth": "RNU6-823P", "image path": "test_imgs/363.jpg"}, {"prediction": "", "ground truth": "TIGD5", "image path": "test_imgs/364.jpg"}, {"prediction": "HIGD1AP9", "ground truth": "HIGD1AP9", "image path": "test_imgs/365.jpg"}, {"prediction": "", "ground truth": "ERVH-1", "image path": "test_imgs/366.jpg"}, {"prediction": "", "ground truth": "PA2G4P2", "image path": "test_imgs/367.jpg"}, {"prediction": "OR5M2P", "ground truth": "OR5M2P", "image path": "test_imgs/368.jpg"}, {"prediction": "ONAJB5", "ground truth": "DNAJB5", "image path": "test_imgs/369.jpg"}, {"prediction": "", "ground truth": "BICDL3P", "image path": "test_imgs/370.jpg"}, {"prediction": "PCM\nD1-DF", "ground truth": "PCMTD1-DT", "image path": "test_imgs/371.jpg"}, {"prediction": "ATP5F1AP4", "ground truth": "ATP5F1AP4", "image path": "test_imgs/372.jpg"}, {"prediction": "FGF18", "ground truth": "FGF18", "image path": "test_imgs/373.jpg"}, {"prediction": "RN7SL494P", "ground truth": "RN7SL494P", "image path": "test_imgs/374.jpg"}, {"prediction": "SLC6A2", "ground truth": "SLC6A2", "image path": "test_imgs/375.jpg"}, {"prediction": "HAP", "ground truth": "HAP1", "image path": "test_imgs/376.jpg"}, {"prediction": "32.", "ground truth": "RN7SL503P", "image path": "test_imgs/377.jpg"}, {"prediction": "COX7C", "ground truth": "COX7C", "image path": "test_imgs/378.jpg"}, {"prediction": "LINCO2926", "ground truth": "LINC02926", "image path": "test_imgs/379.jpg"}, {"prediction": "", "ground truth": "GDF5", "image path": "test_imgs/380.jpg"}, {"prediction": "FNTB", "ground truth": "FNTB", "image path": "test_imgs/381.jpg"}, {"prediction": "FRA2D", "ground truth": "FRA2D", "image path": "test_imgs/382.jpg"}, {"prediction": "RAC1P8", "ground truth": "RAC1P8", "image path": "test_imgs/383.jpg"}, {"prediction": "APBB2", "ground truth": "APBB2", "image path": "test_imgs/384.jpg"}, {"prediction": "ZDHHC2", "ground truth": "ZDHHC20", "image path": "test_imgs/385.jpg"}, {"prediction": "TRBV23-1", "ground truth": "TRBV23-1", "image path": "test_imgs/386.jpg"}, {"prediction": "RNZSL6P", "ground truth": "RN7SL6P", "image path": "test_imgs/387.jpg"}, {"prediction": "OR5M2P", "ground truth": "OR5M2P", "image path": "test_imgs/388.jpg"}, {"prediction": "CAMPI-AST", "ground truth": "SCAMP1-AS1", "image path": "test_imgs/389.jpg"}, {"prediction": "MTATP8P2", "ground truth": "MTATP8P2", "image path": "test_imgs/390.jpg"}, {"prediction": "KN7SKP2", "ground truth": "RN7SKP2", "image path": "test_imgs/391.jpg"}, {"prediction": "DUX4L39", "ground truth": "DUX4L39", "image path": "test_imgs/392.jpg"}, {"prediction": "SASH3", "ground truth": "SASH3", "image path": "test_imgs/393.jpg"}, {"prediction": "CAPSI-DE", "ground truth": "CAPSL-DT", "image path": "test_imgs/394.jpg"}, {"prediction": "R.PL7AP57", "ground truth": "RPL7AP57", "image path": "test_imgs/395.jpg"}, {"prediction": "FBLIM1P1", "ground truth": "FBLIM1P1", "image path": "test_imgs/396.jpg"}, {"prediction": "RPL23AP27", "ground truth": "RPL23AP27", "image path": "test_imgs/397.jpg"}, {"prediction": "CAMK1D", "ground truth": "CAMK1D", "image path": "test_imgs/398.jpg"}, {"prediction": "RPL21P57", "ground truth": "RPL21P57", "image path": "test_imgs/399.jpg"}, {"prediction": "A", "ground truth": "SLC7A11", "image path": "test_imgs/400.jpg"}, {"prediction": "", "ground truth": "SEMA6B", "image path": "test_imgs/401.jpg"}, {"prediction": "OCHIPZ", "ground truth": "UQCRHP2", "image path": "test_imgs/402.jpg"}, {"prediction": "Cop", "ground truth": "LCE3D", "image path": "test_imgs/403.jpg"}, {"prediction": "LRRC37B", "ground truth": "LRRC37B", "image path": "test_imgs/404.jpg"}, {"prediction": "ABCA12", "ground truth": "ABCA12", "image path": "test_imgs/405.jpg"}, {"prediction": "LINCO1839", "ground truth": "LINC01839", "image path": "test_imgs/406.jpg"}, {"prediction": "FAM111B", "ground truth": "FAM111B", "image path": "test_imgs/407.jpg"}, {"prediction": "PDK1P2", "ground truth": "PDK1P2", "image path": "test_imgs/408.jpg"}, {"prediction": "RBM17PD", "ground truth": "RBM17P1", "image path": "test_imgs/409.jpg"}, {"prediction": "LINC01611", "ground truth": "LINC01611", "image path": "test_imgs/410.jpg"}, {"prediction": "", "ground truth": "MIR3689F", "image path": "test_imgs/411.jpg"}, {"prediction": "RNA5SP478", "ground truth": "RNA5SP478", "image path": "test_imgs/412.jpg"}, {"prediction": "RPS8P6", "ground truth": "RPS8P6", "image path": "test_imgs/413.jpg"}, {"prediction": "PCDHB17P", "ground truth": "PCDHB17P", "image path": "test_imgs/414.jpg"}, {"prediction": "AP3D", "ground truth": "AP3D1", "image path": "test_imgs/415.jpg"}, {"prediction": "RPSTOP2", "ground truth": "RPS10P24", "image path": "test_imgs/416.jpg"}, {"prediction": "C2orf27A", "ground truth": "C2orf27A", "image path": "test_imgs/417.jpg"}, {"prediction": "CKSIBP5", "ground truth": "CKS1BP5", "image path": "test_imgs/418.jpg"}, {"prediction": "RMDN2", "ground truth": "RMDN2", "image path": "test_imgs/419.jpg"}, {"prediction": "\u041d\u041e\u0425\u0421\u0406\u0417\nC13", "ground truth": "HOXC13", "image path": "test_imgs/420.jpg"}, {"prediction": "DBN1", "ground truth": "DBN1", "image path": "test_imgs/421.jpg"}, {"prediction": "", "ground truth": "SNX7", "image path": "test_imgs/422.jpg"}, {"prediction": "RNU7-194P", "ground truth": "RNU7-194P", "image path": "test_imgs/423.jpg"}, {"prediction": "", "ground truth": "SLCO4A1-AS2", "image path": "test_imgs/424.jpg"}, {"prediction": "PTCD2P2", "ground truth": "PTCD2P2", "image path": "test_imgs/425.jpg"}, {"prediction": "KPS27P19", "ground truth": "RPS27P19", "image path": "test_imgs/426.jpg"}, {"prediction": "RNZSL100P", "ground truth": "RN7SL100P", "image path": "test_imgs/427.jpg"}, {"prediction": "EXOSC3P1", "ground truth": "EXOSC3P1", "image path": "test_imgs/428.jpg"}, {"prediction": "RNU6-293P", "ground truth": "RNU6-293P", "image path": "test_imgs/429.jpg"}, {"prediction": "RPL23AP25", "ground truth": "RPL23AP25", "image path": "test_imgs/430.jpg"}, {"prediction": "", "ground truth": "FYCO1", "image path": "test_imgs/431.jpg"}, {"prediction": "NAALADL2", "ground truth": "NAALADL2", "image path": "test_imgs/432.jpg"}, {"prediction": "", "ground truth": "SHQ1", "image path": "test_imgs/433.jpg"}, {"prediction": "HELT", "ground truth": "HELT", "image path": "test_imgs/434.jpg"}, {"prediction": "ENHO", "ground truth": "ENHO", "image path": "test_imgs/435.jpg"}, {"prediction": "LAMTOR5-AS1", "ground truth": "LAMTOR5-AS1", "image path": "test_imgs/436.jpg"}, {"prediction": "MIR6802", "ground truth": "MIR6802", "image path": "test_imgs/437.jpg"}, {"prediction": "MIR608", "ground truth": "MIR608", "image path": "test_imgs/438.jpg"}, {"prediction": "PNZSKP132", "ground truth": "RN7SKP132", "image path": "test_imgs/439.jpg"}, {"prediction": "TSE", "ground truth": "TSPO2", "image path": "test_imgs/440.jpg"}, {"prediction": "ARVCE", "ground truth": "ARVCF", "image path": "test_imgs/441.jpg"}, {"prediction": "TARPP21-AS11", "ground truth": "ARPP21-AS1", "image path": "test_imgs/442.jpg"}, {"prediction": "", "ground truth": "OR4Q3", "image path": "test_imgs/443.jpg"}, {"prediction": "RN7SL513P", "ground truth": "RN7SL513P", "image path": "test_imgs/444.jpg"}, {"prediction": "TGIF2", "ground truth": "TGIF2", "image path": "test_imgs/445.jpg"}, {"prediction": "LHFPL5", "ground truth": "LHFPL5", "image path": "test_imgs/446.jpg"}, {"prediction": "BLOCIS4", "ground truth": "BLOC1S4", "image path": "test_imgs/447.jpg"}, {"prediction": "BRE2", "ground truth": "BRF2", "image path": "test_imgs/448.jpg"}, {"prediction": "ADAM21PT", "ground truth": "ADAM21P1", "image path": "test_imgs/449.jpg"}, {"prediction": "", "ground truth": "EIF3EP1", "image path": "test_imgs/450.jpg"}, {"prediction": "NDUFA5P10", "ground truth": "NDUFA5P10", "image path": "test_imgs/451.jpg"}, {"prediction": "H\u2082CgP", "ground truth": "H3C9P", "image path": "test_imgs/452.jpg"}, {"prediction": "EIF3E", "ground truth": "EIF3E", "image path": "test_imgs/453.jpg"}, {"prediction": "ZIM3", "ground truth": "ZIM3", "image path": "test_imgs/454.jpg"}, {"prediction": "LYPLAL1", "ground truth": "LYPLAL1", "image path": "test_imgs/455.jpg"}, {"prediction": "MT-ND1", "ground truth": "MT-ND1", "image path": "test_imgs/456.jpg"}, {"prediction": "MRAP", "ground truth": "MRAP", "image path": "test_imgs/457.jpg"}, {"prediction": "PRKG1-AS1", "ground truth": "PRKG1-AS1", "image path": "test_imgs/458.jpg"}, {"prediction": "", "ground truth": "FGF7P6", "image path": "test_imgs/459.jpg"}, {"prediction": "SAA3P", "ground truth": "SAA3P", "image path": "test_imgs/460.jpg"}, {"prediction": "", "ground truth": "HSD3BP3", "image path": "test_imgs/461.jpg"}, {"prediction": "TXN2", "ground truth": "TXN2", "image path": "test_imgs/462.jpg"}, {"prediction": "BIRC6-ASZ", "ground truth": "BIRC6-AS2", "image path": "test_imgs/463.jpg"}, {"prediction": "NANOGNB", "ground truth": "NANOGNB", "image path": "test_imgs/464.jpg"}, {"prediction": "TRK-CTT2-3", "ground truth": "TRK-CTT2-3", "image path": "test_imgs/465.jpg"}, {"prediction": "UQCRBP2", "ground truth": "UQCRBP2", "image path": "test_imgs/466.jpg"}, {"prediction": "PCDHGB2", "ground truth": "PCDHGB2", "image path": "test_imgs/467.jpg"}, {"prediction": "ARHGEF5", "ground truth": "ARHGEF5", "image path": "test_imgs/468.jpg"}, {"prediction": "", "ground truth": "OR6N2", "image path": "test_imgs/469.jpg"}, {"prediction": "AMY2B", "ground truth": "AMY2B", "image path": "test_imgs/470.jpg"}, {"prediction": "ADAM2", "ground truth": "ADAM2", "image path": "test_imgs/471.jpg"}, {"prediction": "GRM5", "ground truth": "GRM5", "image path": "test_imgs/472.jpg"}, {"prediction": "TXN2P1", "ground truth": "TXN2P1", "image path": "test_imgs/473.jpg"}, {"prediction": "", "ground truth": "CIDECP1", "image path": "test_imgs/474.jpg"}, {"prediction": "", "ground truth": "PPIAP24", "image path": "test_imgs/475.jpg"}, {"prediction": "USPYP", "ground truth": "USP9YP9", "image path": "test_imgs/476.jpg"}, {"prediction": "SCGB1D2", "ground truth": "SCGB1D2", "image path": "test_imgs/477.jpg"}, {"prediction": "FNA20P", "ground truth": "IFNA20P", "image path": "test_imgs/478.jpg"}, {"prediction": "OR2T34", "ground truth": "OR2T34", "image path": "test_imgs/479.jpg"}, {"prediction": "PI", "ground truth": "PLIN1", "image path": "test_imgs/480.jpg"}, {"prediction": "TMEM147-AS1", "ground truth": "TMEM147-AS1", "image path": "test_imgs/481.jpg"}, {"prediction": "", "ground truth": "SPAG9", "image path": "test_imgs/482.jpg"}, {"prediction": "MIR323B", "ground truth": "MIR323B", "image path": "test_imgs/483.jpg"}, {"prediction": "RPL12P7", "ground truth": "RPL12P7", "image path": "test_imgs/484.jpg"}, {"prediction": "LRRFIP2", "ground truth": "LRRFIP2", "image path": "test_imgs/485.jpg"}, {"prediction": "HNRNPCL1", "ground truth": "HNRNPCL1", "image path": "test_imgs/486.jpg"}, {"prediction": "GUSBP6", "ground truth": "GUSBP6", "image path": "test_imgs/487.jpg"}, {"prediction": "TRQ-CTG9- P", "ground truth": "TRQ-CTG9-1", "image path": "test_imgs/488.jpg"}, {"prediction": "", "ground truth": "IL7", "image path": "test_imgs/489.jpg"}, {"prediction": "", "ground truth": "MIR10394", "image path": "test_imgs/490.jpg"}, {"prediction": "DTWD1", "ground truth": "DTWD1", "image path": "test_imgs/491.jpg"}, {"prediction": "ERVK3-2", "ground truth": "ERVK3-2", "image path": "test_imgs/492.jpg"}, {"prediction": "RFNG", "ground truth": "RFNG", "image path": "test_imgs/493.jpg"}, {"prediction": "OPI 234P20\nD", "ground truth": "RPL23AP39", "image path": "test_imgs/494.jpg"}, {"prediction": "TRO-CTG8-3", "ground truth": "TRQ-CTG8-3", "image path": "test_imgs/495.jpg"}, {"prediction": "SNORA16B", "ground truth": "SNORA16B", "image path": "test_imgs/496.jpg"}, {"prediction": "RTP", "ground truth": "RTP1", "image path": "test_imgs/497.jpg"}, {"prediction": "CLOB", "ground truth": "C1QB", "image path": "test_imgs/498.jpg"}, {"prediction": "", "ground truth": "OR4C16", "image path": "test_imgs/499.jpg"}, {"prediction": "MIR548AN", "ground truth": "MIR548AN", "image path": "test_imgs/500.jpg"}, {"prediction": "CALD", "ground truth": "CALD1", "image path": "test_imgs/501.jpg"}, {"prediction": "ZPR1", "ground truth": "ZPR1", "image path": "test_imgs/502.jpg"}, {"prediction": "TPM3P6", "ground truth": "TPM3P6", "image path": "test_imgs/503.jpg"}, {"prediction": "PEX13", "ground truth": "PEX13", "image path": "test_imgs/504.jpg"}, {"prediction": "6TBD10P2", "ground truth": "BTBD10P2", "image path": "test_imgs/505.jpg"}, {"prediction": "LINC02425", "ground truth": "LINC02425", "image path": "test_imgs/506.jpg"}, {"prediction": "SF3A2", "ground truth": "SF3A2", "image path": "test_imgs/507.jpg"}, {"prediction": "LIME1", "ground truth": "LIME1", "image path": "test_imgs/508.jpg"}, {"prediction": "MIR3130-2", "ground truth": "MIR3130-2", "image path": "test_imgs/509.jpg"}, {"prediction": "MTERFI", "ground truth": "MTERF1", "image path": "test_imgs/510.jpg"}, {"prediction": "OR6K1F", "ground truth": "OR6K1P", "image path": "test_imgs/511.jpg"}, {"prediction": "RNU6-61P", "ground truth": "RNU6-61P", "image path": "test_imgs/512.jpg"}, {"prediction": "TAS2R46", "ground truth": "TAS2R46", "image path": "test_imgs/513.jpg"}, {"prediction": "MAVS", "ground truth": "MAVS", "image path": "test_imgs/514.jpg"}, {"prediction": "LYSMD1", "ground truth": "LYSMD1", "image path": "test_imgs/515.jpg"}, {"prediction": "TRBJ2-e", "ground truth": "TRBJ2-6", "image path": "test_imgs/516.jpg"}, {"prediction": "PC", "ground truth": "PC", "image path": "test_imgs/517.jpg"}, {"prediction": "PDE5A", "ground truth": "PDE5A", "image path": "test_imgs/518.jpg"}, {"prediction": "TCEA1", "ground truth": "TCEA1", "image path": "test_imgs/519.jpg"}, {"prediction": "ENY?", "ground truth": "ENY2", "image path": "test_imgs/520.jpg"}, {"prediction": ".\n20", "ground truth": "MIR550B1", "image path": "test_imgs/521.jpg"}, {"prediction": "CNA5SP29", "ground truth": "RNA5SP291", "image path": "test_imgs/522.jpg"}, {"prediction": "DUSP9", "ground truth": "DUSP9", "image path": "test_imgs/523.jpg"}, {"prediction": "BUNDO-SSUE", "ground truth": "RNU6-590P", "image path": "test_imgs/524.jpg"}, {"prediction": "MIR6511A1", "ground truth": "MIR6511A1", "image path": "test_imgs/525.jpg"}, {"prediction": "DLGAPI-AS5", "ground truth": "DLGAP1-AS5", "image path": "test_imgs/526.jpg"}, {"prediction": "BA", "ground truth": "ADAMTS5", "image path": "test_imgs/527.jpg"}, {"prediction": "PPL 6P14", "ground truth": "RPL6P14", "image path": "test_imgs/528.jpg"}, {"prediction": "", "ground truth": "LINC01828", "image path": "test_imgs/529.jpg"}, {"prediction": "RPS26P34", "ground truth": "RPS26P34", "image path": "test_imgs/530.jpg"}, {"prediction": "LINC00868", "ground truth": "LINC00868", "image path": "test_imgs/531.jpg"}, {"prediction": "NUP35", "ground truth": "NUP35", "image path": "test_imgs/532.jpg"}, {"prediction": "FBXW9", "ground truth": "FBXW9", "image path": "test_imgs/533.jpg"}, {"prediction": "LINCO1395", "ground truth": "LINC01395", "image path": "test_imgs/534.jpg"}, {"prediction": "LINCO1569", "ground truth": "LINC01569", "image path": "test_imgs/535.jpg"}, {"prediction": "MIR4497", "ground truth": "MIR4497", "image path": "test_imgs/536.jpg"}, {"prediction": "", "ground truth": "RN7SL297P", "image path": "test_imgs/537.jpg"}, {"prediction": "NSD3", "ground truth": "NSD3", "image path": "test_imgs/538.jpg"}, {"prediction": "ELSOS", "ground truth": "SOS1-IT1", "image path": "test_imgs/539.jpg"}, {"prediction": "COL6A3", "ground truth": "COL6A3", "image path": "test_imgs/540.jpg"}, {"prediction": "MOSMO D", "ground truth": "MOSMO", "image path": "test_imgs/541.jpg"}, {"prediction": "", "ground truth": "MIR3910-2", "image path": "test_imgs/542.jpg"}, {"prediction": "ANKRD44-IT1", "ground truth": "ANKRD44-IT1", "image path": "test_imgs/543.jpg"}, {"prediction": "LINCO1038", "ground truth": "LINC01038", "image path": "test_imgs/544.jpg"}, {"prediction": "NMTRQ-TTG6-1", "ground truth": "NMTRQ-TTG6-1", "image path": "test_imgs/545.jpg"}, {"prediction": "SLC30A9", "ground truth": "SLC30A9", "image path": "test_imgs/546.jpg"}, {"prediction": "WDR", "ground truth": "WDR7", "image path": "test_imgs/547.jpg"}, {"prediction": "KDM4B", "ground truth": "KDM4B", "image path": "test_imgs/548.jpg"}, {"prediction": "ATPI3A5-AS1", "ground truth": "ATP13A5-AS1", "image path": "test_imgs/549.jpg"}, {"prediction": "PCEDTB", "ground truth": "PCED1B", "image path": "test_imgs/550.jpg"}, {"prediction": "RNA5SP282", "ground truth": "RNA5SP282", "image path": "test_imgs/551.jpg"}, {"prediction": "WDR72", "ground truth": "WDR72", "image path": "test_imgs/552.jpg"}, {"prediction": "", "ground truth": "LINC02145", "image path": "test_imgs/553.jpg"}, {"prediction": "CAPSL-DT", "ground truth": "CAPSL-DT", "image path": "test_imgs/554.jpg"}, {"prediction": "NPM1P23", "ground truth": "NPM1P23", "image path": "test_imgs/555.jpg"}, {"prediction": "", "ground truth": "CTDSP2", "image path": "test_imgs/556.jpg"}, {"prediction": "PNMA6B", "ground truth": "PNMA6B", "image path": "test_imgs/557.jpg"}, {"prediction": "CEP112", "ground truth": "CEP112", "image path": "test_imgs/558.jpg"}, {"prediction": "(CDF18:48:1", "ground truth": "CDH18-AS1", "image path": "test_imgs/559.jpg"}, {"prediction": "TMEMT45", "ground truth": "TMEM145", "image path": "test_imgs/560.jpg"}, {"prediction": "ELOCP6", "ground truth": "ELOCP6", "image path": "test_imgs/561.jpg"}, {"prediction": "HOPS", "ground truth": "AQP5", "image path": "test_imgs/562.jpg"}, {"prediction": "ONTSI 446", "ground truth": "RN7SL443P", "image path": "test_imgs/563.jpg"}, {"prediction": "ZNF101P1", "ground truth": "ZNF101P1", "image path": "test_imgs/564.jpg"}, {"prediction": "LINC01992", "ground truth": "LINC01992", "image path": "test_imgs/565.jpg"}, {"prediction": "RNU6-326P", "ground truth": "RNU6-326P", "image path": "test_imgs/566.jpg"}, {"prediction": "CA15P2", "ground truth": "CA15P2", "image path": "test_imgs/567.jpg"}, {"prediction": "RNU6-1027P", "ground truth": "RNU6-1027P", "image path": "test_imgs/568.jpg"}, {"prediction": "SERPINB6", "ground truth": "SERPINB6", "image path": "test_imgs/569.jpg"}, {"prediction": "UB-52P7", "ground truth": "UBA52P7", "image path": "test_imgs/570.jpg"}, {"prediction": "", "ground truth": "TBC1D3P2", "image path": "test_imgs/571.jpg"}, {"prediction": "771 lad", "ground truth": "RPL32P2", "image path": "test_imgs/572.jpg"}, {"prediction": "H3P10", "ground truth": "H3P10", "image path": "test_imgs/573.jpg"}, {"prediction": "CTNNAIPP", "ground truth": "CTNNA1P1", "image path": "test_imgs/574.jpg"}, {"prediction": "", "ground truth": "KLF4P1", "image path": "test_imgs/575.jpg"}, {"prediction": "DICHINA", "ground truth": "VN1R21P", "image path": "test_imgs/576.jpg"}, {"prediction": "ACOX3", "ground truth": "ACOX3", "image path": "test_imgs/577.jpg"}, {"prediction": "RNU11-4P", "ground truth": "RNU11-4P", "image path": "test_imgs/578.jpg"}, {"prediction": "LINCO1318", "ground truth": "LINC01318", "image path": "test_imgs/579.jpg"}, {"prediction": "", "ground truth": "NXPE4", "image path": "test_imgs/580.jpg"}, {"prediction": "INFRSF25", "ground truth": "TNFRSF25", "image path": "test_imgs/581.jpg"}, {"prediction": "NU/-12/P", "ground truth": "RNU7-127P", "image path": "test_imgs/582.jpg"}, {"prediction": "ATG14", "ground truth": "ATG14", "image path": "test_imgs/583.jpg"}, {"prediction": "INTS4P2", "ground truth": "INTS4P2", "image path": "test_imgs/584.jpg"}, {"prediction": "DNMIL", "ground truth": "DNM1L", "image path": "test_imgs/585.jpg"}, {"prediction": "PIRC54", "ground truth": "PIRC54", "image path": "test_imgs/586.jpg"}, {"prediction": "BORA", "ground truth": "BORA", "image path": "test_imgs/587.jpg"}, {"prediction": "SMG1P6", "ground truth": "SMG1P6", "image path": "test_imgs/588.jpg"}, {"prediction": "UGT2B26P", "ground truth": "UGT2B26P", "image path": "test_imgs/589.jpg"}, {"prediction": "GBP1-AS1", "ground truth": "IGBP1-AS1", "image path": "test_imgs/590.jpg"}, {"prediction": "", "ground truth": "AKR1B1P6", "image path": "test_imgs/591.jpg"}, {"prediction": "DIAC", "ground truth": "DNAJC7", "image path": "test_imgs/592.jpg"}, {"prediction": "", "ground truth": "DPH6", "image path": "test_imgs/593.jpg"}, {"prediction": "SNORA21", "ground truth": "SNORA21", "image path": "test_imgs/594.jpg"}, {"prediction": "MT-OLR-", "ground truth": "MT-OLR", "image path": "test_imgs/595.jpg"}, {"prediction": "RPL12P49", "ground truth": "RPL12P49", "image path": "test_imgs/596.jpg"}, {"prediction": "LINC02828", "ground truth": "LINC02828", "image path": "test_imgs/597.jpg"}, {"prediction": "CPNE3", "ground truth": "CPNE3", "image path": "test_imgs/598.jpg"}, {"prediction": "CECT2", "ground truth": "LECT2", "image path": "test_imgs/599.jpg"}, {"prediction": "RPS15AP36", "ground truth": "RPS15AP36", "image path": "test_imgs/600.jpg"}, {"prediction": "B3GN13", "ground truth": "B3GNT3", "image path": "test_imgs/601.jpg"}, {"prediction": "RN-SKP74", "ground truth": "RN7SKP74", "image path": "test_imgs/602.jpg"}, {"prediction": "RNASSP219", "ground truth": "RNA5SP219", "image path": "test_imgs/603.jpg"}, {"prediction": "INCO2943", "ground truth": "LINC02943", "image path": "test_imgs/604.jpg"}, {"prediction": "RNUG-621PS", "ground truth": "RNU6-621P", "image path": "test_imgs/605.jpg"}, {"prediction": "PUTTAST", "ground truth": "POT1-AS1", "image path": "test_imgs/606.jpg"}, {"prediction": "SNORA4P", "ground truth": "SNORA41", "image path": "test_imgs/607.jpg"}, {"prediction": "EFR3B", "ground truth": "EFR3B", "image path": "test_imgs/608.jpg"}, {"prediction": "LINC02274", "ground truth": "LINC02274", "image path": "test_imgs/609.jpg"}, {"prediction": "RN7SKP247", "ground truth": "RN7SKP247", "image path": "test_imgs/610.jpg"}, {"prediction": "", "ground truth": "MIR197", "image path": "test_imgs/611.jpg"}, {"prediction": "CLEC4F", "ground truth": "CLEC4F", "image path": "test_imgs/612.jpg"}, {"prediction": "PIWIL1", "ground truth": "PIWIL1", "image path": "test_imgs/613.jpg"}, {"prediction": "", "ground truth": "MIR378H", "image path": "test_imgs/614.jpg"}, {"prediction": "KRT18P53", "ground truth": "KRT18P53", "image path": "test_imgs/615.jpg"}, {"prediction": "BTBD9", "ground truth": "BTBD9", "image path": "test_imgs/616.jpg"}, {"prediction": "RNU6-749P", "ground truth": "RNU6-749P", "image path": "test_imgs/617.jpg"}, {"prediction": "", "ground truth": "LINC01701", "image path": "test_imgs/618.jpg"}, {"prediction": "BRPF1", "ground truth": "BRPF1", "image path": "test_imgs/619.jpg"}, {"prediction": "", "ground truth": "RNU6-947P", "image path": "test_imgs/620.jpg"}, {"prediction": "NR2C2", "ground truth": "NR2C2", "image path": "test_imgs/621.jpg"}, {"prediction": "NASSPA", "ground truth": "RNA5SP411", "image path": "test_imgs/622.jpg"}, {"prediction": "H3P32", "ground truth": "H3P32", "image path": "test_imgs/623.jpg"}, {"prediction": "RPL17P27", "ground truth": "RPL17P27", "image path": "test_imgs/624.jpg"}, {"prediction": "BCRP6", "ground truth": "BCRP6", "image path": "test_imgs/625.jpg"}, {"prediction": "", "ground truth": "IGHD1OR15-1B", "image path": "test_imgs/626.jpg"}, {"prediction": "CAMLG", "ground truth": "CAMLG", "image path": "test_imgs/627.jpg"}, {"prediction": "", "ground truth": "GAMTP1", "image path": "test_imgs/628.jpg"}, {"prediction": "RACK1P1", "ground truth": "RACK1P1", "image path": "test_imgs/629.jpg"}, {"prediction": "", "ground truth": "SLC34A2", "image path": "test_imgs/630.jpg"}, {"prediction": "JARID2-AS1", "ground truth": "JARID2-AS1", "image path": "test_imgs/631.jpg"}, {"prediction": "1218BP", "ground truth": "FAM218BP", "image path": "test_imgs/632.jpg"}, {"prediction": "CARMN", "ground truth": "CARMN", "image path": "test_imgs/633.jpg"}, {"prediction": "TMCC1 DT", "ground truth": "TMCC1-DT", "image path": "test_imgs/634.jpg"}, {"prediction": "DAB2IP", "ground truth": "DAB2IP", "image path": "test_imgs/635.jpg"}, {"prediction": "BICD2", "ground truth": "BICD2", "image path": "test_imgs/636.jpg"}, {"prediction": "\u0627\u0633\u062a\u0627\u0646", "ground truth": "MUC20", "image path": "test_imgs/637.jpg"}, {"prediction": "", "ground truth": "SPZ1", "image path": "test_imgs/638.jpg"}, {"prediction": "GLRXP2", "ground truth": "GLRXP2", "image path": "test_imgs/639.jpg"}, {"prediction": "CYCSP39", "ground truth": "CYCSP39", "image path": "test_imgs/640.jpg"}, {"prediction": "RN/SKP2\n13", "ground truth": "RN7SKP213", "image path": "test_imgs/641.jpg"}, {"prediction": "ACMSD", "ground truth": "ACMSD", "image path": "test_imgs/642.jpg"}, {"prediction": "B3GNT4", "ground truth": "B3GNT4", "image path": "test_imgs/643.jpg"}, {"prediction": "ITCOIP", "ground truth": "MTCO1P20", "image path": "test_imgs/644.jpg"}, {"prediction": "RNA5-8SP9", "ground truth": "RNA5-8SP9", "image path": "test_imgs/645.jpg"}, {"prediction": "", "ground truth": "MT-TG", "image path": "test_imgs/646.jpg"}, {"prediction": "PRDM4-AST", "ground truth": "PRDM4-AS1", "image path": "test_imgs/647.jpg"}, {"prediction": "SERT-D4--51", "ground truth": "SERTAD4-AS1", "image path": "test_imgs/648.jpg"}, {"prediction": "UNC5D", "ground truth": "UNC5D", "image path": "test_imgs/649.jpg"}, {"prediction": "TRBV8-1", "ground truth": "TRBV8-1", "image path": "test_imgs/650.jpg"}, {"prediction": "CDC42SE2", "ground truth": "CDC42SE2", "image path": "test_imgs/651.jpg"}, {"prediction": "NRXN3", "ground truth": "NRXN3", "image path": "test_imgs/652.jpg"}, {"prediction": "ETV7", "ground truth": "ETV7", "image path": "test_imgs/653.jpg"}, {"prediction": "LINC03041", "ground truth": "LINC03041", "image path": "test_imgs/654.jpg"}, {"prediction": "", "ground truth": "TMEM171", "image path": "test_imgs/655.jpg"}, {"prediction": "GJA6P", "ground truth": "GJA6P", "image path": "test_imgs/656.jpg"}, {"prediction": "", "ground truth": "CLIC5", "image path": "test_imgs/657.jpg"}, {"prediction": "", "ground truth": "TMEM236", "image path": "test_imgs/658.jpg"}, {"prediction": "CUBNP2n", "ground truth": "CUBNP2", "image path": "test_imgs/659.jpg"}, {"prediction": "RPL14P1", "ground truth": "RPL14P1", "image path": "test_imgs/660.jpg"}, {"prediction": "", "ground truth": "ATM", "image path": "test_imgs/661.jpg"}, {"prediction": "4GHDS-12", "ground truth": "IGHD5-12", "image path": "test_imgs/662.jpg"}, {"prediction": "", "ground truth": "RNU6-762P", "image path": "test_imgs/663.jpg"}, {"prediction": "TIPRI", "ground truth": "TIPRL", "image path": "test_imgs/664.jpg"}, {"prediction": "", "ground truth": "MIR1283-2", "image path": "test_imgs/665.jpg"}, {"prediction": "SPCS2P2", "ground truth": "SPCS2P2", "image path": "test_imgs/666.jpg"}, {"prediction": "RTED11ACE", "ground truth": "KBTBD11-AS1", "image path": "test_imgs/667.jpg"}, {"prediction": "KRTAP29-1", "ground truth": "KRTAP29-1", "image path": "test_imgs/668.jpg"}, {"prediction": "", "ground truth": "RPL7P24", "image path": "test_imgs/669.jpg"}, {"prediction": "DIDOI", "ground truth": "DIDO1", "image path": "test_imgs/670.jpg"}, {"prediction": "L.LVHA", "ground truth": "HHATL", "image path": "test_imgs/671.jpg"}, {"prediction": "PA", "ground truth": "VCX3B", "image path": "test_imgs/672.jpg"}, {"prediction": "MTND2P24", "ground truth": "MTND2P24", "image path": "test_imgs/673.jpg"}, {"prediction": "FHL2", "ground truth": "FHL2", "image path": "test_imgs/674.jpg"}, {"prediction": "11OMO2", "ground truth": "NOMO2", "image path": "test_imgs/675.jpg"}, {"prediction": "RPSAPas\nStatu", "ground truth": "RPSAP25", "image path": "test_imgs/676.jpg"}, {"prediction": "MIR615", "ground truth": "MIR615", "image path": "test_imgs/677.jpg"}, {"prediction": "-", "ground truth": "KPNA4", "image path": "test_imgs/678.jpg"}, {"prediction": "16-10768", "ground truth": "RNU6-1076P", "image path": "test_imgs/679.jpg"}, {"prediction": "DPPA2P2", "ground truth": "DPPA2P2", "image path": "test_imgs/680.jpg"}, {"prediction": "MIR491", "ground truth": "MIR491", "image path": "test_imgs/681.jpg"}, {"prediction": "", "ground truth": "RNASE11-AS1", "image path": "test_imgs/682.jpg"}, {"prediction": "NXT2", "ground truth": "NXT2", "image path": "test_imgs/683.jpg"}, {"prediction": "CCDC190", "ground truth": "CCDC190", "image path": "test_imgs/684.jpg"}, {"prediction": "RNU6-1098P", "ground truth": "RNU6-1098P", "image path": "test_imgs/685.jpg"}, {"prediction": "J6-94", "ground truth": "RNU6-948P", "image path": "test_imgs/686.jpg"}, {"prediction": "Gus", "ground truth": "SGTB", "image path": "test_imgs/687.jpg"}, {"prediction": "DHH", "ground truth": "DHH", "image path": "test_imgs/688.jpg"}, {"prediction": "PIRC44", "ground truth": "PIRC44", "image path": "test_imgs/689.jpg"}, {"prediction": "OGKI", "ground truth": "DGKI", "image path": "test_imgs/690.jpg"}, {"prediction": "CCND2P1", "ground truth": "CCND2P1", "image path": "test_imgs/691.jpg"}, {"prediction": "USP14", "ground truth": "USP14", "image path": "test_imgs/692.jpg"}, {"prediction": "TMEM73", "ground truth": "TMEM72", "image path": "test_imgs/693.jpg"}, {"prediction": "", "ground truth": "UPF3AP1", "image path": "test_imgs/694.jpg"}, {"prediction": "MANCR", "ground truth": "MANCR", "image path": "test_imgs/695.jpg"}, {"prediction": "HMGN1P12", "ground truth": "HMGN1P12", "image path": "test_imgs/696.jpg"}, {"prediction": "GGTLC3", "ground truth": "GGTLC3", "image path": "test_imgs/697.jpg"}, {"prediction": "TRD-GTC2-5", "ground truth": "TRD-GTC2-5", "image path": "test_imgs/698.jpg"}, {"prediction": "NAA60", "ground truth": "NAA60", "image path": "test_imgs/699.jpg"}, {"prediction": "NAA80", "ground truth": "NAA80", "image path": "test_imgs/700.jpg"}, {"prediction": "SNORA21B", "ground truth": "SNORA21B", "image path": "test_imgs/701.jpg"}, {"prediction": "TMEM67", "ground truth": "TMEM67", "image path": "test_imgs/702.jpg"}, {"prediction": "MIR941-3", "ground truth": "MIR941-3", "image path": "test_imgs/703.jpg"}, {"prediction": "LINC02149", "ground truth": "LINC02149", "image path": "test_imgs/704.jpg"}, {"prediction": "KN06-531.", "ground truth": "RNU6-53P", "image path": "test_imgs/705.jpg"}, {"prediction": "6-44", "ground truth": "RNU6-447P", "image path": "test_imgs/706.jpg"}, {"prediction": "RNU4-24P", "ground truth": "RNU4-24P", "image path": "test_imgs/707.jpg"}, {"prediction": "F2", "ground truth": "F2", "image path": "test_imgs/708.jpg"}, {"prediction": "LINC00440", "ground truth": "LINC00440", "image path": "test_imgs/709.jpg"}, {"prediction": "RN7SL391P", "ground truth": "RN7SL391P", "image path": "test_imgs/710.jpg"}, {"prediction": "B4G-UNTH", "ground truth": "B4GALNT4", "image path": "test_imgs/711.jpg"}, {"prediction": "RNU6-1222 P", "ground truth": "RNU6-1222P", "image path": "test_imgs/712.jpg"}, {"prediction": "ZNF614", "ground truth": "ZNF614", "image path": "test_imgs/713.jpg"}, {"prediction": "TTC38", "ground truth": "TTC38", "image path": "test_imgs/714.jpg"}, {"prediction": "PHLDA2", "ground truth": "PHLDA2", "image path": "test_imgs/715.jpg"}, {"prediction": "RHBDL3", "ground truth": "RHBDL3", "image path": "test_imgs/716.jpg"}, {"prediction": "SCML4", "ground truth": "SCML4", "image path": "test_imgs/717.jpg"}, {"prediction": "HSP90AA1", "ground truth": "HSP90AA1", "image path": "test_imgs/718.jpg"}, {"prediction": "MTTP", "ground truth": "MTTP", "image path": "test_imgs/719.jpg"}, {"prediction": "PGAM3P", "ground truth": "PGAM3P", "image path": "test_imgs/720.jpg"}, {"prediction": "TAFIC", "ground truth": "TAF1C", "image path": "test_imgs/721.jpg"}, {"prediction": "SMARCAD1-DT", "ground truth": "SMARCAD1-DT", "image path": "test_imgs/722.jpg"}, {"prediction": "", "ground truth": "ETV2", "image path": "test_imgs/723.jpg"}, {"prediction": "", "ground truth": "SLC8B1", "image path": "test_imgs/724.jpg"}, {"prediction": "DDAH2", "ground truth": "DDAH2", "image path": "test_imgs/725.jpg"}, {"prediction": "INFIGET", "ground truth": "LRFN4", "image path": "test_imgs/726.jpg"}, {"prediction": "", "ground truth": "FAM234A", "image path": "test_imgs/727.jpg"}, {"prediction": "C3orf36", "ground truth": "C3orf36", "image path": "test_imgs/728.jpg"}, {"prediction": "IGKV1D-35", "ground truth": "IGKV1D-35", "image path": "test_imgs/729.jpg"}, {"prediction": "ARCHF11-AS", "ground truth": "MARCHF11-AS1", "image path": "test_imgs/730.jpg"}, {"prediction": "CGN", "ground truth": "CGN", "image path": "test_imgs/731.jpg"}, {"prediction": "ATP6V0E1P4", "ground truth": "ATP6V0E1P4", "image path": "test_imgs/732.jpg"}, {"prediction": "LMNB1-DT", "ground truth": "LMNB1-DT", "image path": "test_imgs/733.jpg"}, {"prediction": "MARK2PTO", "ground truth": "MARK2P10", "image path": "test_imgs/734.jpg"}, {"prediction": "LINC02800", "ground truth": "LINC02800", "image path": "test_imgs/735.jpg"}, {"prediction": "RN7SL198P", "ground truth": "RN7SL198P", "image path": "test_imgs/736.jpg"}, {"prediction": "ZNFOZY\nFG", "ground truth": "ZNF625", "image path": "test_imgs/737.jpg"}, {"prediction": "", "ground truth": "P2RX4", "image path": "test_imgs/738.jpg"}, {"prediction": "RPL36AP 49", "ground truth": "RPL36AP49", "image path": "test_imgs/739.jpg"}, {"prediction": "CRX", "ground truth": "CRX", "image path": "test_imgs/740.jpg"}, {"prediction": "LINCO1398", "ground truth": "LINC01398", "image path": "test_imgs/741.jpg"}, {"prediction": "NCAM2", "ground truth": "NCAM2", "image path": "test_imgs/742.jpg"}, {"prediction": "ZDHHC9", "ground truth": "ZDHHC9", "image path": "test_imgs/743.jpg"}, {"prediction": "ZNF785", "ground truth": "ZNF785", "image path": "test_imgs/744.jpg"}, {"prediction": "", "ground truth": "MNDA", "image path": "test_imgs/745.jpg"}, {"prediction": "RNU6-864P", "ground truth": "RNU6-864P", "image path": "test_imgs/746.jpg"}, {"prediction": "NUP93", "ground truth": "NUP93", "image path": "test_imgs/747.jpg"}, {"prediction": "PRRTIB", "ground truth": "PRRT1B", "image path": "test_imgs/748.jpg"}, {"prediction": "ETAA1", "ground truth": "ETAA1", "image path": "test_imgs/749.jpg"}, {"prediction": "NPIPAS", "ground truth": "NPIPA8", "image path": "test_imgs/750.jpg"}, {"prediction": "", "ground truth": "ATP2B4", "image path": "test_imgs/751.jpg"}, {"prediction": "MIR6750", "ground truth": "MIR6750", "image path": "test_imgs/752.jpg"}, {"prediction": "KIR2DL4", "ground truth": "KIR2DL4", "image path": "test_imgs/753.jpg"}, {"prediction": "MYOCD", "ground truth": "MYOCD", "image path": "test_imgs/754.jpg"}, {"prediction": "", "ground truth": "MIR6722", "image path": "test_imgs/755.jpg"}, {"prediction": "", "ground truth": "RPSAP11", "image path": "test_imgs/756.jpg"}, {"prediction": "RNU7-182P", "ground truth": "RNU7-182P", "image path": "test_imgs/757.jpg"}, {"prediction": "ASCL5", "ground truth": "ASCL5", "image path": "test_imgs/758.jpg"}, {"prediction": "MYHO", "ground truth": "MYH10", "image path": "test_imgs/759.jpg"}, {"prediction": "LINC02098", "ground truth": "LINC02098", "image path": "test_imgs/760.jpg"}, {"prediction": "SYDE1", "ground truth": "SYDE1", "image path": "test_imgs/761.jpg"}, {"prediction": "RNU4ATAC8P", "ground truth": "RNU4ATAC8P", "image path": "test_imgs/762.jpg"}, {"prediction": "RAD51AP1", "ground truth": "RAD51AP1", "image path": "test_imgs/763.jpg"}, {"prediction": "INCO1143", "ground truth": "LINC01143", "image path": "test_imgs/764.jpg"}, {"prediction": "A", "ground truth": "CPLX4", "image path": "test_imgs/765.jpg"}, {"prediction": "FIF4A1P13", "ground truth": "EIF4A1P13", "image path": "test_imgs/766.jpg"}, {"prediction": "INNMO", "ground truth": "CNNM3", "image path": "test_imgs/767.jpg"}, {"prediction": "", "ground truth": "SLC22A15", "image path": "test_imgs/768.jpg"}, {"prediction": "913951588", "ground truth": "RPS15AP16", "image path": "test_imgs/769.jpg"}, {"prediction": "TRR-TCG1-1", "ground truth": "TRR-TCG1-1", "image path": "test_imgs/770.jpg"}, {"prediction": "RPL39P35", "ground truth": "RPL39P35", "image path": "test_imgs/771.jpg"}, {"prediction": "JASEALIN", "ground truth": "NUP35P1", "image path": "test_imgs/772.jpg"}, {"prediction": "NKX6-1", "ground truth": "NKX6-1", "image path": "test_imgs/773.jpg"}, {"prediction": "", "ground truth": "PDCD2", "image path": "test_imgs/774.jpg"}, {"prediction": "", "ground truth": "ZNF354C", "image path": "test_imgs/775.jpg"}, {"prediction": "ZPAXP", "ground truth": "ZPAXP", "image path": "test_imgs/776.jpg"}, {"prediction": "IGHVII-1-1", "ground truth": "IGHVII-1-1", "image path": "test_imgs/777.jpg"}, {"prediction": "", "ground truth": "PKMP2", "image path": "test_imgs/778.jpg"}, {"prediction": "SCGB3A2", "ground truth": "SCGB3A2", "image path": "test_imgs/779.jpg"}, {"prediction": "DYNLL2-DT", "ground truth": "DYNLL2-DT", "image path": "test_imgs/780.jpg"}, {"prediction": "", "ground truth": "GTF2IP3", "image path": "test_imgs/781.jpg"}, {"prediction": "PRAMEF2A", "ground truth": "PRAMEF26", "image path": "test_imgs/782.jpg"}, {"prediction": "RNA5SP333", "ground truth": "RNA5SP333", "image path": "test_imgs/783.jpg"}, {"prediction": "", "ground truth": "UEVLD", "image path": "test_imgs/784.jpg"}, {"prediction": "PICO", "ground truth": "PIGO", "image path": "test_imgs/785.jpg"}, {"prediction": "VGLLI", "ground truth": "VGLL1", "image path": "test_imgs/786.jpg"}, {"prediction": "Anssa", "ground truth": "ADSS2", "image path": "test_imgs/787.jpg"}, {"prediction": "SLC6A18", "ground truth": "SLC6A18", "image path": "test_imgs/788.jpg"}, {"prediction": "SHPRH", "ground truth": "SHPRH", "image path": "test_imgs/789.jpg"}, {"prediction": "\u0422\u0421\u0423\u0411\u04202", "ground truth": "MTCYBP2", "image path": "test_imgs/790.jpg"}, {"prediction": "ENTPD3-ASTI", "ground truth": "ENTPD3-AS1", "image path": "test_imgs/791.jpg"}, {"prediction": "", "ground truth": "RNA5SP405", "image path": "test_imgs/792.jpg"}, {"prediction": "RNU1-100P", "ground truth": "RNU1-100P", "image path": "test_imgs/793.jpg"}, {"prediction": "SNORA49", "ground truth": "SNORA49", "image path": "test_imgs/794.jpg"}, {"prediction": "TULP3P1", "ground truth": "TULP3P1", "image path": "test_imgs/795.jpg"}, {"prediction": "TOE1", "ground truth": "TOE1", "image path": "test_imgs/796.jpg"}, {"prediction": "NUDT19P4", "ground truth": "NUDT19P4", "image path": "test_imgs/797.jpg"}, {"prediction": "LINC02047", "ground truth": "LINC02047", "image path": "test_imgs/798.jpg"}, {"prediction": "LINC00602", "ground truth": "LINC00602", "image path": "test_imgs/799.jpg"}, {"prediction": "", "ground truth": "SLC35G3", "image path": "test_imgs/800.jpg"}, {"prediction": "BLIF SA", "ground truth": "BLTP3A", "image path": "test_imgs/801.jpg"}, {"prediction": "6NIP3P17", "ground truth": "BNIP3P17", "image path": "test_imgs/802.jpg"}, {"prediction": "HCAR\u2082", "ground truth": "HCAR2", "image path": "test_imgs/803.jpg"}, {"prediction": "MIR5189", "ground truth": "MIR5189", "image path": "test_imgs/804.jpg"}, {"prediction": "SMC\u2082", "ground truth": "SMC2", "image path": "test_imgs/805.jpg"}, {"prediction": "", "ground truth": "OR7C2", "image path": "test_imgs/806.jpg"}, {"prediction": "PL", "ground truth": "RPL37AP7", "image path": "test_imgs/807.jpg"}, {"prediction": "GPR61", "ground truth": "GPR61", "image path": "test_imgs/808.jpg"}, {"prediction": "OR4Q1P", "ground truth": "OR4Q1P", "image path": "test_imgs/809.jpg"}, {"prediction": "CT47A11", "ground truth": "CT47A11", "image path": "test_imgs/810.jpg"}, {"prediction": "28", "ground truth": "RAD18", "image path": "test_imgs/811.jpg"}, {"prediction": "RPL21P102", "ground truth": "RPL21P102", "image path": "test_imgs/812.jpg"}, {"prediction": "LRRC3B", "ground truth": "LRRC3B", "image path": "test_imgs/813.jpg"}, {"prediction": "CRIM", "ground truth": "PIM1", "image path": "test_imgs/814.jpg"}, {"prediction": "NXF4", "ground truth": "NXF4", "image path": "test_imgs/815.jpg"}, {"prediction": "RANP", "ground truth": "RANP1", "image path": "test_imgs/816.jpg"}, {"prediction": "KC\nA.S:", "ground truth": "KCNJ5-AS1", "image path": "test_imgs/817.jpg"}, {"prediction": "", "ground truth": "POLR3GL", "image path": "test_imgs/818.jpg"}, {"prediction": "RPL/AP23", "ground truth": "RPL7AP23", "image path": "test_imgs/819.jpg"}, {"prediction": "", "ground truth": "RNU6-1289P", "image path": "test_imgs/820.jpg"}, {"prediction": "CENPS-CORT", "ground truth": "CENPS-CORT", "image path": "test_imgs/821.jpg"}, {"prediction": "MSRB1", "ground truth": "MSRB1", "image path": "test_imgs/822.jpg"}, {"prediction": "VTRNA2-1", "ground truth": "VTRNA2-1", "image path": "test_imgs/823.jpg"}, {"prediction": "PIN1-DT", "ground truth": "PIN1-DT", "image path": "test_imgs/824.jpg"}, {"prediction": "MT-TI", "ground truth": "MT-TI", "image path": "test_imgs/825.jpg"}, {"prediction": "34GAT", "ground truth": "B4GAT1", "image path": "test_imgs/826.jpg"}, {"prediction": "MEISI-AS3", "ground truth": "MEIS1-AS3", "image path": "test_imgs/827.jpg"}, {"prediction": "", "ground truth": "ACSM2A", "image path": "test_imgs/828.jpg"}, {"prediction": "H3-4", "ground truth": "H3-4", "image path": "test_imgs/829.jpg"}, {"prediction": "MEM245", "ground truth": "TMEM245", "image path": "test_imgs/830.jpg"}, {"prediction": "LGALS9B", "ground truth": "LGALS9B", "image path": "test_imgs/831.jpg"}, {"prediction": "SLC19A1", "ground truth": "SLC19A1", "image path": "test_imgs/832.jpg"}, {"prediction": "CRHR1", "ground truth": "CRHR1", "image path": "test_imgs/833.jpg"}, {"prediction": "FAR2P2", "ground truth": "FAR2P2", "image path": "test_imgs/834.jpg"}, {"prediction": "LINCO1411", "ground truth": "LINC01411", "image path": "test_imgs/835.jpg"}, {"prediction": "ULBP", "ground truth": "ULBP2", "image path": "test_imgs/836.jpg"}, {"prediction": "", "ground truth": "PAFAH1B2P2", "image path": "test_imgs/837.jpg"}, {"prediction": "SPINT", "ground truth": "SPINT4", "image path": "test_imgs/838.jpg"}, {"prediction": "SLC35G1", "ground truth": "SLC35G1", "image path": "test_imgs/839.jpg"}, {"prediction": "PHBIPIT", "ground truth": "PHB1P17", "image path": "test_imgs/840.jpg"}, {"prediction": "", "ground truth": "PRR34-AS1", "image path": "test_imgs/841.jpg"}, {"prediction": "QR10T1P", "ground truth": "OR10T1P", "image path": "test_imgs/842.jpg"}, {"prediction": "TIPIN", "ground truth": "TIPIN", "image path": "test_imgs/843.jpg"}, {"prediction": "IGKV2-18", "ground truth": "IGKV2-18", "image path": "test_imgs/844.jpg"}, {"prediction": "EOLA2", "ground truth": "EOLA2", "image path": "test_imgs/845.jpg"}, {"prediction": "MEGF6", "ground truth": "MEGF6", "image path": "test_imgs/846.jpg"}, {"prediction": "HMGB3P20", "ground truth": "HMGB3P20", "image path": "test_imgs/847.jpg"}, {"prediction": "ASIC5", "ground truth": "ASIC5", "image path": "test_imgs/848.jpg"}, {"prediction": "FAM229A", "ground truth": "FAM229A", "image path": "test_imgs/849.jpg"}, {"prediction": "", "ground truth": "RNU7-154P", "image path": "test_imgs/850.jpg"}, {"prediction": "RNU6-311P", "ground truth": "RNU6-311P", "image path": "test_imgs/851.jpg"}, {"prediction": "QTRT2", "ground truth": "QTRT2", "image path": "test_imgs/852.jpg"}, {"prediction": "SERPINA", "ground truth": "SERPINA7", "image path": "test_imgs/853.jpg"}, {"prediction": "AS3MT", "ground truth": "AS3MT", "image path": "test_imgs/854.jpg"}, {"prediction": "RNU6-888P]", "ground truth": "RNU6-888P", "image path": "test_imgs/855.jpg"}, {"prediction": "SMIMP", "ground truth": "SMIM7", "image path": "test_imgs/856.jpg"}, {"prediction": "2", "ground truth": "TRQ-TTG2-1", "image path": "test_imgs/857.jpg"}, {"prediction": "FAM3C", "ground truth": "FAM3C", "image path": "test_imgs/858.jpg"}, {"prediction": "TRBV5-2", "ground truth": "TRBV5-2", "image path": "test_imgs/859.jpg"}, {"prediction": "RNA5-8SP6", "ground truth": "RNA5-8SP6", "image path": "test_imgs/860.jpg"}, {"prediction": "CT", "ground truth": "PHC1", "image path": "test_imgs/861.jpg"}, {"prediction": "EPCAM-DT", "ground truth": "EPCAM-DT", "image path": "test_imgs/862.jpg"}, {"prediction": "MYNN", "ground truth": "MYNN", "image path": "test_imgs/863.jpg"}, {"prediction": "URGCPI", "ground truth": "URGCP", "image path": "test_imgs/864.jpg"}, {"prediction": "RNU6-194P", "ground truth": "RNU6-194P", "image path": "test_imgs/865.jpg"}, {"prediction": "TUBAP14", "ground truth": "TUBAP14", "image path": "test_imgs/866.jpg"}, {"prediction": "MIR601", "ground truth": "MIR601", "image path": "test_imgs/867.jpg"}, {"prediction": "", "ground truth": "TACO1", "image path": "test_imgs/868.jpg"}, {"prediction": "ZNF652P1", "ground truth": "ZNF652P1", "image path": "test_imgs/869.jpg"}, {"prediction": "RPL23AP24", "ground truth": "RPL23AP24", "image path": "test_imgs/870.jpg"}, {"prediction": "H3C13", "ground truth": "H3C13", "image path": "test_imgs/871.jpg"}, {"prediction": "LINC01078", "ground truth": "LINC01078", "image path": "test_imgs/872.jpg"}, {"prediction": "NA5CP18", "ground truth": "RNA5SP187", "image path": "test_imgs/873.jpg"}, {"prediction": "DENND1A", "ground truth": "DENND1A", "image path": "test_imgs/874.jpg"}, {"prediction": "TMEM171", "ground truth": "TMEM171", "image path": "test_imgs/875.jpg"}, {"prediction": "SNRPB", "ground truth": "SNRPB", "image path": "test_imgs/876.jpg"}, {"prediction": "RNU2-55P", "ground truth": "RNU2-55P", "image path": "test_imgs/877.jpg"}, {"prediction": "MAG", "ground truth": "MAGT1", "image path": "test_imgs/878.jpg"}, {"prediction": "ISCAIPS", "ground truth": "ISCA1P3", "image path": "test_imgs/879.jpg"}, {"prediction": "MIRS48AN", "ground truth": "MIR548AM", "image path": "test_imgs/880.jpg"}, {"prediction": "RPS26P28", "ground truth": "RPS26P28", "image path": "test_imgs/881.jpg"}, {"prediction": "MIR6511B2", "ground truth": "MIR6511B2", "image path": "test_imgs/882.jpg"}, {"prediction": "B3GALLS", "ground truth": "B3GALT5", "image path": "test_imgs/883.jpg"}, {"prediction": "IFITM3P6", "ground truth": "IFITM3P6", "image path": "test_imgs/884.jpg"}, {"prediction": "RNU6V", "ground truth": "RNU6V", "image path": "test_imgs/885.jpg"}, {"prediction": "TSPAN18-AS1", "ground truth": "TSPAN18-AS1", "image path": "test_imgs/886.jpg"}, {"prediction": "AGBL5", "ground truth": "AGBL5", "image path": "test_imgs/887.jpg"}, {"prediction": "ALG5", "ground truth": "ALG5", "image path": "test_imgs/888.jpg"}, {"prediction": "PAU 16-7180\nON", "ground truth": "RNU6-718P", "image path": "test_imgs/889.jpg"}, {"prediction": "MYO BP3", "ground truth": "MYO5BP3", "image path": "test_imgs/890.jpg"}, {"prediction": "", "ground truth": "RNF111", "image path": "test_imgs/891.jpg"}, {"prediction": "PTGIS", "ground truth": "PTGIS", "image path": "test_imgs/892.jpg"}, {"prediction": "RNU6-6", "ground truth": "RNU6-653P", "image path": "test_imgs/893.jpg"}, {"prediction": "LRRC37A17B", "ground truth": "LRRC37A17P", "image path": "test_imgs/894.jpg"}, {"prediction": "", "ground truth": "PCDH9", "image path": "test_imgs/895.jpg"}, {"prediction": "KIAA0040", "ground truth": "KIAA0040", "image path": "test_imgs/896.jpg"}, {"prediction": "SLC18A2-AS1", "ground truth": "SLC18A2-AS1", "image path": "test_imgs/897.jpg"}, {"prediction": "SULF", "ground truth": "SULF1", "image path": "test_imgs/898.jpg"}, {"prediction": "01050", "ground truth": "LINC01050", "image path": "test_imgs/899.jpg"}, {"prediction": "KBTBD4", "ground truth": "KBTBD4", "image path": "test_imgs/900.jpg"}, {"prediction": "C1RL-AS1", "ground truth": "C1RL-AS1", "image path": "test_imgs/901.jpg"}, {"prediction": "12", "ground truth": "HSPA1A", "image path": "test_imgs/902.jpg"}, {"prediction": "FAM1668", "ground truth": "FAM166B", "image path": "test_imgs/903.jpg"}, {"prediction": "PPILA", "ground truth": "PPIL4", "image path": "test_imgs/904.jpg"}, {"prediction": "", "ground truth": "OR55B1P", "image path": "test_imgs/905.jpg"}, {"prediction": "ANKHD1-EIF4EBP3", "ground truth": "ANKHD1-EIF4EBP3", "image path": "test_imgs/906.jpg"}, {"prediction": "ATG4D", "ground truth": "ATG4C", "image path": "test_imgs/907.jpg"}, {"prediction": "", "ground truth": "IGHVIII-25-1", "image path": "test_imgs/908.jpg"}, {"prediction": "CIDECP1", "ground truth": "CIDECP1", "image path": "test_imgs/909.jpg"}, {"prediction": "ASB9P\u2081", "ground truth": "ASB9P1", "image path": "test_imgs/910.jpg"}, {"prediction": "LINCO1864", "ground truth": "LINC01864", "image path": "test_imgs/911.jpg"}, {"prediction": "RNA5SP530", "ground truth": "RNA5SP530", "image path": "test_imgs/912.jpg"}, {"prediction": "TTTY20", "ground truth": "TTTY20", "image path": "test_imgs/913.jpg"}, {"prediction": "GIFZIPIA", "ground truth": "GTF2IP14", "image path": "test_imgs/914.jpg"}, {"prediction": "RPS10P12", "ground truth": "RPS10P12", "image path": "test_imgs/915.jpg"}, {"prediction": "AGAP9", "ground truth": "AGAP9", "image path": "test_imgs/916.jpg"}, {"prediction": "RPL19P10", "ground truth": "RPL19P10", "image path": "test_imgs/917.jpg"}, {"prediction": "RPL31957", "ground truth": "RPL31P57", "image path": "test_imgs/918.jpg"}, {"prediction": "DPPA3P", "ground truth": "DPPA3P1", "image path": "test_imgs/919.jpg"}, {"prediction": "", "ground truth": "UGT1A2P", "image path": "test_imgs/920.jpg"}, {"prediction": "RN7SL97P", "ground truth": "RN7SL97P", "image path": "test_imgs/921.jpg"}, {"prediction": "GRAMD2B", "ground truth": "GRAMD2B", "image path": "test_imgs/922.jpg"}, {"prediction": "RNU4ATAC5P", "ground truth": "RNU4ATAC5P", "image path": "test_imgs/923.jpg"}, {"prediction": "PLB1", "ground truth": "PLB1", "image path": "test_imgs/924.jpg"}, {"prediction": "RBPJL", "ground truth": "RBPJL", "image path": "test_imgs/925.jpg"}, {"prediction": "EIF 3D", "ground truth": "EIF3D", "image path": "test_imgs/926.jpg"}, {"prediction": "STOGALNAC", "ground truth": "ST6GALNAC5", "image path": "test_imgs/927.jpg"}, {"prediction": "RPP30", "ground truth": "RPP30", "image path": "test_imgs/928.jpg"}, {"prediction": "RPL19P5", "ground truth": "RPL19P5", "image path": "test_imgs/929.jpg"}, {"prediction": "STX4", "ground truth": "STX4", "image path": "test_imgs/930.jpg"}, {"prediction": "GOLGASB", "ground truth": "GOLGA8B", "image path": "test_imgs/931.jpg"}, {"prediction": "JADE1", "ground truth": "JADE1", "image path": "test_imgs/932.jpg"}, {"prediction": "MIR6801", "ground truth": "MIR6801", "image path": "test_imgs/933.jpg"}, {"prediction": "IER2", "ground truth": "IER2", "image path": "test_imgs/934.jpg"}, {"prediction": "", "ground truth": "OR7E46P", "image path": "test_imgs/935.jpg"}, {"prediction": "ZSCAN32", "ground truth": "ZSCAN32", "image path": "test_imgs/936.jpg"}, {"prediction": "OR10P1", "ground truth": "OR10P1", "image path": "test_imgs/937.jpg"}, {"prediction": "\u0421\u0415\u0412\u0420\u0415", "ground truth": "CEBPE", "image path": "test_imgs/938.jpg"}, {"prediction": "RORA", "ground truth": "RORA", "image path": "test_imgs/939.jpg"}, {"prediction": "IRXE", "ground truth": "IRX6", "image path": "test_imgs/940.jpg"}, {"prediction": "", "ground truth": "TENT4A", "image path": "test_imgs/941.jpg"}, {"prediction": "PTPRZ1", "ground truth": "PTPRZ1", "image path": "test_imgs/942.jpg"}, {"prediction": "", "ground truth": "ANGEL1", "image path": "test_imgs/943.jpg"}, {"prediction": "TUB-AS1", "ground truth": "TUB-AS1", "image path": "test_imgs/944.jpg"}, {"prediction": "USP49", "ground truth": "USP49", "image path": "test_imgs/945.jpg"}, {"prediction": "TMEM129", "ground truth": "TMEM129", "image path": "test_imgs/946.jpg"}, {"prediction": "SBF2-AST", "ground truth": "SBF2-AS1", "image path": "test_imgs/947.jpg"}, {"prediction": "TRG-CCC3-1", "ground truth": "TRG-CCC3-1", "image path": "test_imgs/948.jpg"}, {"prediction": "", "ground truth": "H2BP7", "image path": "test_imgs/949.jpg"}, {"prediction": "GKV6-2D", "ground truth": "IGKV6-21", "image path": "test_imgs/950.jpg"}, {"prediction": "DNAJC15", "ground truth": "DNAJC15", "image path": "test_imgs/951.jpg"}, {"prediction": "TMEM11-DT", "ground truth": "TMEM11-DT", "image path": "test_imgs/952.jpg"}, {"prediction": "", "ground truth": "PPY", "image path": "test_imgs/953.jpg"}, {"prediction": "KN7SKP299", "ground truth": "RN7SKP299", "image path": "test_imgs/954.jpg"}, {"prediction": "", "ground truth": "MYO18B-AS1", "image path": "test_imgs/955.jpg"}, {"prediction": "PRSS21", "ground truth": "PRSS21", "image path": "test_imgs/956.jpg"}, {"prediction": "TBC1D3K", "ground truth": "TBC1D3K", "image path": "test_imgs/957.jpg"}, {"prediction": "KAZN", "ground truth": "KAZN", "image path": "test_imgs/958.jpg"}, {"prediction": "RPL23AP", "ground truth": "RPL23AP2", "image path": "test_imgs/959.jpg"}, {"prediction": "IFNA5", "ground truth": "IFNA5", "image path": "test_imgs/960.jpg"}, {"prediction": "TNFRSF10D", "ground truth": "TNFRSF10D", "image path": "test_imgs/961.jpg"}, {"prediction": "CRACR2A", "ground truth": "CRACR2A", "image path": "test_imgs/962.jpg"}, {"prediction": "MRPS10P1", "ground truth": "MRPS10P1", "image path": "test_imgs/963.jpg"}, {"prediction": "", "ground truth": "PODXL2", "image path": "test_imgs/964.jpg"}, {"prediction": "GTF2H5", "ground truth": "GTF2H5", "image path": "test_imgs/965.jpg"}, {"prediction": "TNFRSF1B", "ground truth": "TNFRSF1B", "image path": "test_imgs/966.jpg"}, {"prediction": "", "ground truth": "IFITM3P8", "image path": "test_imgs/967.jpg"}, {"prediction": "KBTBD11-ASI", "ground truth": "KBTBD11-AS1", "image path": "test_imgs/968.jpg"}, {"prediction": "SRGAP2C", "ground truth": "SRGAP2C", "image path": "test_imgs/969.jpg"}, {"prediction": "BOLA2", "ground truth": "BOLA2", "image path": "test_imgs/970.jpg"}, {"prediction": "", "ground truth": "RN7SKP147", "image path": "test_imgs/971.jpg"}, {"prediction": "METTL17", "ground truth": "METTL17", "image path": "test_imgs/972.jpg"}, {"prediction": "MIR548AM", "ground truth": "MIR548AM", "image path": "test_imgs/973.jpg"}, {"prediction": "OR4E1", "ground truth": "OR4E1", "image path": "test_imgs/974.jpg"}, {"prediction": "", "ground truth": "TOMM40P2", "image path": "test_imgs/975.jpg"}, {"prediction": "KLHL26", "ground truth": "KLHL26", "image path": "test_imgs/976.jpg"}, {"prediction": "", "ground truth": "ERVK11-1", "image path": "test_imgs/977.jpg"}, {"prediction": "", "ground truth": "RNU6-379P", "image path": "test_imgs/978.jpg"}, {"prediction": "HERCOPI", "ground truth": "HERC2P1", "image path": "test_imgs/979.jpg"}, {"prediction": "HNRNPRP\u012a", "ground truth": "HNRNPRP1", "image path": "test_imgs/980.jpg"}, {"prediction": "ECEL1PS", "ground truth": "ECEL1P3", "image path": "test_imgs/981.jpg"}, {"prediction": "OR2AK2", "ground truth": "OR2AK2", "image path": "test_imgs/982.jpg"}, {"prediction": "OTX2", "ground truth": "DTX2", "image path": "test_imgs/983.jpg"}, {"prediction": "TMEM223", "ground truth": "TMEM223", "image path": "test_imgs/984.jpg"}, {"prediction": "HCG4P5)", "ground truth": "HCG4P5", "image path": "test_imgs/985.jpg"}, {"prediction": "RPL21P55", "ground truth": "RPL21P55", "image path": "test_imgs/986.jpg"}, {"prediction": "MIR2052HG", "ground truth": "MIR2052HG", "image path": "test_imgs/987.jpg"}, {"prediction": "RNA5SPT08", "ground truth": "RNA5SP108", "image path": "test_imgs/988.jpg"}, {"prediction": "MIR1302-5", "ground truth": "MIR1302-5", "image path": "test_imgs/989.jpg"}, {"prediction": "RPL36P17", "ground truth": "RPL36P17", "image path": "test_imgs/990.jpg"}, {"prediction": "FNDCH-IT", "ground truth": "FNDC1-IT1", "image path": "test_imgs/991.jpg"}, {"prediction": "MIR3976HG", "ground truth": "MIR3976HG", "image path": "test_imgs/992.jpg"}, {"prediction": "LINCO1228", "ground truth": "LINC01228", "image path": "test_imgs/993.jpg"}, {"prediction": "RNU6-378P", "ground truth": "RNU6-378P", "image path": "test_imgs/994.jpg"}, {"prediction": "R-X2", "ground truth": "RAX2", "image path": "test_imgs/995.jpg"}, {"prediction": "", "ground truth": "MIR1263", "image path": "test_imgs/996.jpg"}, {"prediction": "MTND1P5", "ground truth": "MTND1P5", "image path": "test_imgs/997.jpg"}, {"prediction": "DYRK3", "ground truth": "DYRK3", "image path": "test_imgs/998.jpg"}, {"prediction": "FRA19B", "ground truth": "FRA19B", "image path": "test_imgs/999.jpg"}]}]