model,image,prediction,ground truth,1-NED,difflib ratio,difficult image
keras,0,,TLE1-DT,0.0,0.0,
keras,1,,ZNF484,0.0,0.0,
keras,2,vcan,VCAN,0.0,0.0,
keras,3,,RNU6-260P,0.0,0.0,
keras,4,atin2,MATN2,0.19999999999999996,0.2,
keras,5,uspas,USP45,0.0,0.0,
keras,6,,RPL23AP12,0.0,0.0,
keras,7,gapt,GAPT,0.0,0.0,
keras,8,hzalimp,H2AL1MP,0.0,0.0,
keras,9,,COA6,0.0,0.0,yes
keras,10,,MATR3P1,0.0,0.0,
keras,11,,SOAT2,0.0,0.0,
keras,12,to1,LTO1,0.25,0.2857142857142857,
keras,13,vl,COMMD5,0.0,0.0,
keras,14,,ADPGK-AS1,0.0,0.0,
keras,15,dsgeas,DSG1-AS1,0.0,0.0,
keras,16,niaoise,RNA5SP480,0.0,0.0,
keras,17,icoio,LINC01070,0.0,0.0,
keras,18,es,LINC01785,0.0,0.0,
keras,19,,MVK,0.0,0.0,
keras,20,,PANK1,0.0,0.0,
keras,21,erccs,ERCC6,0.0,0.0,
keras,22,,RPL29P6,0.0,0.0,yes
keras,23,tasriod,TAS2R62P,0.0,0.0,
keras,24,adsalzp,RAD54L2P1,0.0,0.0,
keras,25,rs,DNAJC3-DT,0.0,0.0,yes
keras,26,rnzsl6o2p,RN7SL602P,0.2222222222222222,0.2222222222222222,
keras,27,plekhnt,PLEKHN1,0.0,0.0,
keras,28,ankrda4,ANKRD44,0.1428571428571429,0.14285714285714285,
keras,29,rnug4p,RNU6-4P,0.1428571428571429,0.15384615384615385,
keras,30,dgred,ADGRE4P,0.0,0.0,
keras,31,mansci,MANSC1,0.0,0.0,
keras,32,rnzsl,RN7SL50P,0.0,0.0,
keras,33,hmgnipn,HMGN1P27,0.0,0.0,
keras,34,mirszua,MIR520A,0.0,0.0,
keras,35,slczoaipi,SLC20A1P1,0.0,0.0,
keras,36,,MIR1290,0.0,0.0,yes
keras,37,,OR1R1P,0.0,0.0,
keras,38,oprdi,OPRD1,0.0,0.0,
keras,39,myota,MYO1A,0.0,0.0,
keras,40,tbxx,TBX2,0.0,0.0,
keras,41,ramaci,RAMACL,0.0,0.0,
keras,42,smydzit,SMYD3-IT1,0.0,0.0,
keras,43,dynll,DYNLL1P2,0.0,0.0,
keras,44,,MANCR,0.0,0.0,
keras,45,ligt,LIG1,0.0,0.0,
keras,46,rnubb331,RNU6-833P,0.2222222222222222,0.23529411764705882,
keras,47,,CCDC17,0.0,0.0,yes
keras,48,ndrgz,NDRG2,0.0,0.0,
keras,49,kbm30,RBM39,0.19999999999999996,0.2,
keras,50,s,MIR892A,0.0,0.0,
keras,51,ambob,FAM30B,0.0,0.0,
keras,52,galbstz,GAL3ST2,0.0,0.0,
keras,53,,GPATCH1,0.0,0.0,yes
keras,54,,MYOM2,0.0,0.0,yes
keras,55,hmgnipz,HMGN1P27,0.0,0.0,
keras,56,,PSAP,0.0,0.0,
keras,57,dew,H2BW1,0.0,0.0,
keras,58,,PNLIP,0.0,0.0,yes
keras,59,ginpdai,GNPDA1,0.0,0.0,
keras,60,thbszas1,THBS3-AS1,0.11111111111111116,0.11764705882352941,
keras,61,rnug,RNU6-477P,0.0,0.0,
keras,62,orsg5,OR8G5,0.19999999999999996,0.2,
keras,63,nomo,NOMO3,0.0,0.0,
keras,64,rplziap,RPL27AP,0.0,0.0,
keras,65,rpl23apio,RPL23AP90,0.2222222222222222,0.2222222222222222,
keras,66,bage,BAGE,0.0,0.0,
keras,67,,SLC38A10,0.0,0.0,
keras,68,pmszcl,PMS2CL,0.0,0.0,
keras,69,ce,HAND2,0.0,0.0,
keras,70,eeflatpia,EEF1A1P19,0.0,0.0,
keras,71,slcza,SLC2A9,0.0,0.0,
keras,72,,ANKRD54P1,0.0,0.0,
keras,73,linco1774,LINC01774,0.4444444444444444,0.4444444444444444,
keras,74,grinzb,GRIN2B,0.0,0.0,
keras,75,,TMED10P1,0.0,0.0,yes
keras,76,mlraool,MIR4661,0.0,0.0,
keras,77,tmemiozb,TMEM167B,0.0,0.0,
keras,78,lictide,CHCHD4P2,0.0,0.0,yes
keras,79,,NUP35P2,0.0,0.0,
keras,80,wdre2p2,WDR82P2,0.2857142857142857,0.2857142857142857,
keras,81,se,LINC00596,0.0,0.0,yes
keras,82,famz2zb,FAM227B,0.1428571428571429,0.14285714285714285,
keras,83,,CCNO,0.0,0.0,
keras,84,,RNU5F-5P,0.0,0.0,yes
keras,85,foooa,ZNF780A,0.0,0.0,
keras,86,meepn,MFFP2,0.0,0.0,
keras,87,anozln,ANO7L1,0.0,0.0,
keras,88,gpris,GPR15,0.0,0.0,
keras,89,dn,DLG1-AS1,0.0,0.0,
keras,90,lyl1,LYL1,0.25,0.25,
keras,91,dgko,DGKQ,0.0,0.0,
keras,92,,CSTP1,0.0,0.0,yes
keras,93,ppiapii,PPIAP11,0.0,0.0,
keras,94,tast,NKX2-1-AS1,0.0,0.0,
keras,95,aeas,ZNF674-AS1,0.0,0.0,
keras,96,neurogs,NEUROG3,0.0,0.0,
keras,97,plac,PLAC9,0.0,0.0,
keras,98,iragi,IRAG1-AS1,0.0,0.0,
keras,99,oroji,OR6J1,0.0,0.0,
keras,100,rpl3ips,RPL31P8,0.1428571428571429,0.14285714285714285,
keras,101,hmhbi,HMHB1,0.0,0.0,
keras,102,co1qo,LINC01003,0.11111111111111116,0.14285714285714285,
keras,103,,UBE2V1P6,0.0,0.0,
keras,104,,RNU6-1134P,0.0,0.0,
keras,105,658,LINC01653,0.2222222222222222,0.3333333333333333,
keras,106,rabggte,RABGGTB,0.0,0.0,
keras,107,0r52n5,OR52N5,0.5,0.5,
keras,108,craued,OR2W4P,0.0,0.0,
keras,109,klhlz3,KLHL23,0.16666666666666663,0.16666666666666666,
keras,110,gaapl,ATG4AP1,0.0,0.0,
keras,111,,FAM107A,0.0,0.0,
keras,112,,MIR3170,0.0,0.0,
keras,113,,SMANTIS,0.0,0.0,
keras,114,cdrtispi,CDRT15P1,0.0,0.0,
keras,115,asxlz,ASXL2,0.0,0.0,
keras,116,sqle,SQLE-DT,0.0,0.0,
keras,117,rnzslszp,RN7SL57P,0.0,0.0,
keras,118,prrgy,PRRG2,0.0,0.0,
keras,119,pekl,PFKL,0.0,0.0,
keras,120,lpare,LPAR6,0.0,0.0,
keras,121,pabpclp10,PABPC1P10,0.2222222222222222,0.2222222222222222,
keras,122,,CC2D2B,0.0,0.0,yes
keras,123,ebxoas,FBXO48,0.0,0.0,
keras,124,mtndi,MTND1P32,0.0,0.0,
keras,125,rpesapit,RPL18AP17,0.0,0.0,
keras,126,,HMGN2P45,0.0,0.0,
keras,127,rplsipes,RPL31P23,0.0,0.0,
keras,128,,RNU1-83P,0.0,0.0,yes
keras,129,,RAB44,0.0,0.0,yes
keras,130,,RNU6-409P,0.0,0.0,
keras,131,gaddhpia,GAPDHP14,0.0,0.0,
keras,132,setpi,SETP1,0.0,0.0,
keras,133,,MIRLET7F2,0.0,0.0,
keras,134,raiid,FRA11B,0.0,0.0,
keras,135,misp,MISP,0.0,0.0,
keras,136,tdro,TDRG1,0.0,0.0,
keras,137,lincozo12,LINC02012,0.2222222222222222,0.2222222222222222,
keras,138,min7156,MIR7156,0.5714285714285714,0.5714285714285714,
keras,139,nouoz,LINC01079,0.0,0.0,
keras,140,,IGSF21,0.0,0.0,yes
keras,141,dede,RERG,0.0,0.0,
keras,142,rnabspase,RNA5SP489,0.0,0.0,
keras,143,pabpcipi3,PABPC1P13,0.11111111111111116,0.1111111111111111,
keras,144,acer2,ACER2,0.19999999999999996,0.2,
keras,145,rplsip69,RPL31P39,0.125,0.125,
keras,146,rasliz,RASL12,0.0,0.0,
keras,147,hhiple,HHIPL2,0.0,0.0,
keras,148,ic,WAC,0.0,0.0,
keras,149,,PMS2P14,0.0,0.0,yes
keras,150,fosb,FOSB,0.0,0.0,
keras,151,tmem186,TMEM186,0.4285714285714286,0.42857142857142855,
keras,152,gmds,GMDS,0.0,0.0,
keras,153,cdcae,CDC27P1,0.0,0.0,
keras,154,glisasi,GLIS2-AS1,0.0,0.0,
keras,155,mirizs,MIR1251,0.0,0.0,
keras,156,rplyze1,RPL37P17,0.125,0.13333333333333333,
keras,157,,EMILIN1,0.0,0.0,
keras,158,rela,RELA,0.0,0.0,
keras,159,,RNU6-70P,0.0,0.0,
keras,160,,MTND2P38,0.0,0.0,
keras,161,relizz,RPL22,0.0,0.0,
keras,162,,CYP2C58P,0.0,0.0,yes
keras,163,msantds,MSANTD7,0.0,0.0,
keras,164,nuiap,RNU2-34P,0.0,0.0,
keras,165,,POLDIP2,0.0,0.0,yes
keras,166,pabpnil,PABPN1L,0.0,0.0,
keras,167,,MIR6801,0.0,0.0,yes
keras,168,,ARHGAP42P4,0.0,0.0,
keras,169,rnuge,RNU6-1235P,0.0,0.0,
keras,170,,MIR1302-2,0.0,0.0,yes
keras,171,pudp,PUDP,0.0,0.0,
keras,172,acvrebasi,ACVR2B-AS1,0.0,0.0,
keras,173,,G2E3-AS1,0.0,0.0,yes
keras,174,rnasspi,RNA5SP164,0.0,0.0,
keras,175,snorat1g,SNORA11G,0.125,0.125,
keras,176,nfaic,ZNF419,0.0,0.0,
keras,177,rgv,TRGV11,0.0,0.0,
keras,178,znfz22,ZNF222,0.33333333333333337,0.3333333333333333,
keras,179,rpl21p24,RPL21P24,0.5,0.5,
keras,180,clec4op,CLEC4OP,0.1428571428571429,0.14285714285714285,
keras,181,lincuotlo,LINC00710,0.0,0.0,
keras,182,,ZNF723,0.0,0.0,
keras,183,,TBX5,0.0,0.0,
keras,184,krt73,KRT73,0.4,0.4,
keras,185,myly,MYL7,0.0,0.0,
keras,186,tnyb,TTTY13C,0.0,0.0,
keras,187,rps26pi4,RPS26P14,0.375,0.375,
keras,188,osbel,OSBPL2,0.0,0.0,
keras,189,trimbopsy,TRIM60P3Y,0.0,0.0,
keras,190,rxfpa,RXFP4,0.0,0.0,
keras,191,rnzsl826p,RN7SL826P,0.33333333333333337,0.3333333333333333,
keras,192,uqcri1,UQCR11,0.16666666666666663,0.16666666666666666,
keras,193,galnitloast,GALNTL6-AS1,0.0,0.0,
keras,194,rnubata,RNU6ATAC35P,0.0,0.0,
keras,195,,LINC01165,0.0,0.0,yes
keras,196,,DLX6-AS1,0.0,0.0,yes
keras,197,rpsbapsa,RPS3AP54,0.0,0.0,
keras,198,,ACSM1,0.0,0.0,yes
keras,199,iglv331,IGLV3-31,0.375,0.4,
keras,200,hnrnpaipol,HNRNPA1P61,0.0,0.0,
keras,201,lincotz4z,LINC01242,0.11111111111111116,0.1111111111111111,
keras,202,eamiaag,FAM74A6,0.0,0.0,
keras,203,,CNNM2,0.0,0.0,
keras,204,znhit3,ZNHIT3,0.16666666666666663,0.16666666666666666,
keras,205,placg,PLAC9,0.0,0.0,
keras,206,linco1550,LINC01550,0.4444444444444444,0.4444444444444444,
keras,207,rnft57,RNF157,0.33333333333333337,0.3333333333333333,
keras,208,cesd,FCHSD2,0.0,0.0,
keras,209,afal,TAFA1,0.0,0.0,
keras,210,,NDUFA5P6,0.0,0.0,yes
keras,211,linco25a7,LINC02547,0.33333333333333337,0.3333333333333333,
keras,212,mettla,METTL4,0.0,0.0,
keras,213,rads1d,RAD51D,0.16666666666666663,0.16666666666666666,
keras,214,snordi169,SNORD169,0.33333333333333337,0.35294117647058826,
keras,215,amem,TMEM191B,0.0,0.0,
keras,216,fandadt,ZFAND2A-DT,0.0,0.0,
keras,217,rnzsle,RN7SL254P,0.0,0.0,
keras,218,coz,LINC02791,0.0,0.0,
keras,219,hrk,HRK,0.0,0.0,
keras,220,eyazasl,EYA2-AS1,0.0,0.0,
keras,221,,KLF17P1,0.0,0.0,yes
keras,222,,RPL13AP22,0.0,0.0,
keras,223,oroxt,OR6X1,0.0,0.0,
keras,224,enskre,FN3KRP,0.0,0.0,
keras,225,,SSTR1,0.0,0.0,
keras,226,lriggatiy,TRI-GAT1-2,0.0,0.0,
keras,227,mslipt,MSL3P1,0.0,0.0,
keras,228,,EEF1A1P16,0.0,0.0,yes
keras,229,elenilasl,ELFN1-AS1,0.0,0.0,
keras,230,739p,RNU6-739P,0.33333333333333337,0.46153846153846156,
keras,231,linco187e,LINC01878,0.33333333333333337,0.3333333333333333,
keras,232,rpl,RPL10P2,0.0,0.0,
keras,233,,NBPF25P,0.0,0.0,
keras,234,nme,NME1,0.0,0.0,
keras,235,renbe,RENBP,0.0,0.0,
keras,236,rnuo2551,RNU6-255P,0.33333333333333337,0.35294117647058826,
keras,237,vgs,MGST3,0.0,0.0,yes
keras,238,npmipzo,NPM1P30,0.0,0.0,
keras,239,s,MIR598,0.0,0.0,
keras,240,znfzsgb,ZNF286B,0.0,0.0,
keras,241,irnrzd,MTRNR2L5,0.0,0.0,
keras,242,sf3be,SF3B6,0.19999999999999996,0.2,
keras,243,snoral,SNORA14A,0.0,0.0,
keras,244,mir5a8a,MIR548AI,0.25,0.26666666666666666,
keras,245,,PRKAR1AP1,0.0,0.0,
keras,246,llod,PLCB3,0.0,0.0,
keras,247,bsgalnn,B3GALNT2,0.0,0.0,
keras,248,blbdy,BTBD9,0.0,0.0,
keras,249,,TRAFD1,0.0,0.0,
keras,250,,MAGEA7P,0.0,0.0,yes
keras,251,ezhi,EZH1,0.0,0.0,
keras,252,arocd,OR9G2P,0.0,0.0,
keras,253,reg3g,REG3G,0.19999999999999996,0.2,
keras,254,cimdz,LIMD2,0.0,0.0,
keras,255,adna,KDM2A,0.0,0.0,
keras,256,mncozbes,LINC02938,0.0,0.0,
keras,257,,TAS2R15P,0.0,0.0,
keras,258,,PSMA1,0.0,0.0,
keras,259,rrs,RNA5SP318,0.0,0.0,
keras,260,,RPL21P96,0.0,0.0,yes
keras,261,mapres,MAPRE3,0.0,0.0,
keras,262,mtndsp44,MTND5P44,0.25,0.25,
keras,263,ak5,AK5,0.33333333333333337,0.3333333333333333,
keras,264,dmsi,BMS1P9,0.0,0.0,
keras,265,ybpc,MYBPC3,0.0,0.0,
keras,266,,LINC01558,0.0,0.0,
keras,267,sabe,PTBP1P,0.0,0.0,
keras,268,knu,RNU4-35P,0.0,0.0,
keras,269,nsmced,NSMCE2,0.0,0.0,
keras,270,igkvidiz,IGKV1D-12,0.0,0.0,
keras,271,rinugataciss,RNU6ATAC15P,0.0,0.0,
keras,272,rplizpa,RPL12P4,0.0,0.0,
keras,273,srdsal,SRD5A1,0.0,0.0,
keras,274,rps26p1,RPS26P1,0.4285714285714286,0.42857142857142855,
keras,275,loe,AIDAP2,0.0,0.0,
keras,276,colaa3,COL4A3,0.16666666666666663,0.16666666666666666,
keras,277,ifnla,IFNL4,0.0,0.0,
keras,278,wdr75,WDR75,0.4,0.4,
keras,279,rnzslzazp,RN7SL242P,0.0,0.0,
keras,280,ca2,CA2,0.33333333333333337,0.3333333333333333,
keras,281,,CMA1,0.0,0.0,yes
keras,282,,IKZF1,0.0,0.0,
keras,283,snordasb,SNORD88B,0.0,0.0,
keras,284,ndibe,HSD11B1-AS1,0.0,0.0,
keras,285,tmem165,TMEM165,0.4285714285714286,0.42857142857142855,
keras,286,zbtbatlasl,ZBTB47-AS1,0.0,0.0,
keras,287,snx2,SNX2,0.25,0.25,
keras,288,c2orf3,C2orf83,0.7142857142857143,0.7692307692307693,
keras,289,denindzbas,DENND2B-AS1,0.0,0.0,
keras,290,txlngy,TXLNGY,0.0,0.0,
keras,291,rimklbpe,RIMKLBP2,0.0,0.0,
keras,292,mapakzdt,MAP4K3-DT,0.0,0.0,
keras,293,miri277,MIR1297,0.2857142857142857,0.2857142857142857,
keras,294,nuf,RNU7-41P,0.0,0.0,
keras,295,,TEX21P,0.0,0.0,
keras,296,krtis,KRT18,0.0,0.0,
keras,297,aes,RARS1,0.0,0.0,
keras,298,mtndep36,MTND2P36,0.25,0.25,
keras,299,slcz4abast,SLC24A3-AS1,0.09090909090909094,0.09523809523809523,
keras,300,rmlr,RMI1,0.0,0.0,
keras,301,gkv3or25,IGKV3OR2-5,0.30000000000000004,0.3333333333333333,
keras,302,plekhazpi,PLEKHA3P1,0.0,0.0,
keras,303,,SCGB2A2,0.0,0.0,
keras,304,rapl,RAP1BP1,0.0,0.0,
keras,305,ssblsp,SSBL3P,0.0,0.0,
keras,306,arglui,ARGLU1,0.0,0.0,
keras,307,lrrns,LRRN3,0.0,0.0,
keras,308,mir54813,MIR548I3,0.5,0.5,
keras,309,snrnpao,SNRNP40,0.0,0.0,
keras,310,slcaa3,SLC45A3,0.1428571428571429,0.15384615384615385,
keras,311,,UPP1,0.0,0.0,
keras,312,,TRERF1,0.0,0.0,
keras,313,,MAP4K5,0.0,0.0,yes
keras,314,,SENP1,0.0,0.0,
keras,315,defb129,DEFB129,0.4285714285714286,0.42857142857142855,
keras,316,mirisozid,MIR1302-10,0.0,0.0,
keras,317,,FLNC,0.0,0.0,
keras,318,ca3,CA3,0.33333333333333337,0.3333333333333333,
keras,319,knslosp,RN7SL68P,0.0,0.0,
keras,320,,HNRNPCP10,0.0,0.0,yes
keras,321,frzb,FRZB,0.0,0.0,
keras,322,clk4,CLK4,0.25,0.25,
keras,323,tmxz,TMX3,0.0,0.0,
keras,324,rnass13,RNA5S13,0.2857142857142857,0.2857142857142857,
keras,325,rplzopg,RPL26P9,0.0,0.0,
keras,326,,IGHV1-69D,0.0,0.0,
keras,327,hotairm,HOTAIRM1,0.0,0.0,
keras,328,siglecsip,SIGLEC31P,0.0,0.0,
keras,329,,IL17D,0.0,0.0,yes
keras,330,dsc8,DSC3,0.0,0.0,
keras,331,ndueabdl,NDUFA6-DT,0.0,0.0,
keras,332,wbpipz,WBP1P2,0.0,0.0,
keras,333,mir492,MIR492,0.5,0.5,
keras,334,scd,SCD,0.0,0.0,
keras,335,miri2157,MIR12132,0.25,0.25,
keras,336,snolss,RNU7-125P,0.0,0.0,
keras,337,ctnndd,CTNND2,0.0,0.0,
keras,338,rgi,FRG1,0.0,0.0,
keras,339,mtnd2pi6,MTND2P16,0.25,0.25,
keras,340,rab6a,RAB6A,0.19999999999999996,0.2,
keras,341,ighvaa,IGHV4-4,0.0,0.0,
keras,342,,MIR6870,0.0,0.0,yes
keras,343,,ADAMTS9,0.0,0.0,yes
keras,344,orze148p,OR7E148P,0.375,0.375,
keras,345,,RPL23AP27,0.0,0.0,
keras,346,,HSPA8P17,0.0,0.0,
keras,347,rpl2gp24,RPL29P24,0.375,0.375,
keras,348,tifab,TIFAB,0.0,0.0,
keras,349,denndsb,DENND5B,0.0,0.0,
keras,350,orbae,OR52B2,0.0,0.0,
keras,351,brd7p6,BRD7P6,0.33333333333333337,0.3333333333333333,
keras,352,opam,GNPATP,0.0,0.0,
keras,353,rnasspaz,RNA5SP272,0.0,0.0,
keras,354,sirt7,SIRT7,0.19999999999999996,0.2,
keras,355,edhgba,PCDHGB2,0.0,0.0,
keras,356,lincoioto,LINC01070,0.0,0.0,
keras,357,aldhba2,ALDH3A2,0.1428571428571429,0.14285714285714285,
keras,358,,KIF19BP,0.0,0.0,yes
keras,359,,MIR4645,0.0,0.0,
keras,360,tmemabast,TMEM9B-AS1,0.0,0.0,
keras,361,gosallia,OSBPL1A,0.0,0.0,
keras,362,smcr5,SMCR5,0.19999999999999996,0.2,
keras,363,,RNU6-823P,0.0,0.0,
keras,364,,TIGD5,0.0,0.0,yes
keras,365,higdiapy,HIGD1AP9,0.0,0.0,
keras,366,,ERVH-1,0.0,0.0,yes
keras,367,,PA2G4P2,0.0,0.0,yes
keras,368,orsmzp,OR5M2P,0.0,0.0,
keras,369,dnajbs,DNAJB5,0.0,0.0,
keras,370,,BICDL3P,0.0,0.0,yes
keras,371,pcmidiedt,PCMTD1-DT,0.0,0.0,yes
keras,372,atpsflapa,ATP5F1AP4,0.0,0.0,
keras,373,fofis,FGF18,0.0,0.0,
keras,374,rnzslagan,RN7SL494P,0.0,0.0,
keras,375,g6,SLC6A2,0.16666666666666663,0.25,
keras,376,,HAP1,0.0,0.0,
keras,377,,RN7SL503P,0.0,0.0,
keras,378,coxzc,COX7C,0.0,0.0,
keras,379,linco2926,LINC02926,0.4444444444444444,0.4444444444444444,
keras,380,,GDF5,0.0,0.0,
keras,381,fntb,FNTB,0.0,0.0,
keras,382,razd,FRA2D,0.0,0.0,
keras,383,racipe,RAC1P8,0.0,0.0,
keras,384,apbbz,APBB2,0.0,0.0,
keras,385,de,ZDHHC20,0.0,0.0,
keras,386,trbv23,TRBV23-1,0.25,0.2857142857142857,
keras,387,rnvtee,RN7SL6P,0.0,0.0,
keras,388,oromzp,OR5M2P,0.0,0.0,
keras,389,ass,SCAMP1-AS1,0.0,0.0,
keras,390,mtatpops,MTATP8P2,0.0,0.0,
keras,391,niskpp,RN7SKP2,0.0,0.0,
keras,392,,DUX4L39,0.0,0.0,
keras,393,sashs,SASH3,0.0,0.0,
keras,394,,CAPSL-DT,0.0,0.0,
keras,395,relans,RPL7AP57,0.0,0.0,
keras,396,eblmien,FBLIM1P1,0.0,0.0,
keras,397,rpl2bap21,RPL23AP27,0.2222222222222222,0.2222222222222222,
keras,398,camkid,CAMK1D,0.0,0.0,
keras,399,re21p57z,RPL21P57,0.375,0.5,
keras,400,,SLC7A11,0.0,0.0,
keras,401,,SEMA6B,0.0,0.0,yes
keras,402,,UQCRHP2,0.0,0.0,yes
keras,403,,LCE3D,0.0,0.0,yes
keras,404,lrrc3zb,LRRC37B,0.1428571428571429,0.14285714285714285,
keras,405,abcai2,ABCA12,0.16666666666666663,0.16666666666666666,
keras,406,linco183,LINC01839,0.33333333333333337,0.35294117647058826,
keras,407,fam111b,FAM111B,0.4285714285714286,0.42857142857142855,
keras,408,,PDK1P2,0.0,0.0,
keras,409,rbmizpd,RBM17P1,0.0,0.0,
keras,410,linco1611,LINC01611,0.4444444444444444,0.4444444444444444,
keras,411,ooe,MIR3689F,0.0,0.0,
keras,412,rnasspa78,RNA5SP478,0.2222222222222222,0.2222222222222222,
keras,413,rpsep6,RPS8P6,0.16666666666666663,0.16666666666666666,
keras,414,poers,PCDHB17P,0.0,0.0,
keras,415,ap3di,AP3D1,0.19999999999999996,0.2,
keras,416,,RPS10P24,0.0,0.0,
keras,417,c2orf27a,C2orf27A,0.75,0.75,
keras,418,cksibps,CKS1BP5,0.0,0.0,
keras,419,,RMDN2,0.0,0.0,
keras,420,hoxci3,HOXC13,0.16666666666666663,0.16666666666666666,
keras,421,dbnt,DBN1,0.0,0.0,
keras,422,snx,SNX7,0.0,0.0,
keras,423,rnuz194p,RNU7-194P,0.33333333333333337,0.35294117647058826,
keras,424,s,SLCO4A1-AS2,0.0,0.0,
keras,425,ptcdzpz,PTCD2P2,0.0,0.0,
keras,426,rps27pi9,RPS27P19,0.375,0.375,
keras,427,rnzslinap,RN7SL100P,0.0,0.0,
keras,428,exosc3pi,EXOSC3P1,0.125,0.125,
keras,429,rnuo,RNU6-293P,0.0,0.0,
keras,430,rplobapos,RPL23AP25,0.0,0.0,
keras,431,ycot,FYCO1,0.0,0.0,
keras,432,vaal,NAALADL2,0.0,0.0,
keras,433,sno,SHQ1,0.0,0.0,
keras,434,helt,HELT,0.0,0.0,
keras,435,enho,ENHO,0.0,0.0,
keras,436,lamtorsast,LAMTOR5-AS1,0.0,0.0,
keras,437,mir6802,MIR6802,0.5714285714285714,0.5714285714285714,
keras,438,mir6os,MIR608,0.16666666666666663,0.16666666666666666,
keras,439,nps,RN7SKP132,0.0,0.0,
keras,440,lspoz,TSPO2,0.0,0.0,
keras,441,rver,ARVCF,0.0,0.0,
keras,442,rddtast,ARPP21-AS1,0.0,0.0,
keras,443,,OR4Q3,0.0,0.0,yes
keras,444,rnzsl513p,RN7SL513P,0.33333333333333337,0.3333333333333333,
keras,445,igiez,TGIF2,0.0,0.0,
keras,446,lanls,LHFPL5,0.0,0.0,
keras,447,blocise,BLOC1S4,0.0,0.0,
keras,448,,BRF2,0.0,0.0,
keras,449,adam,ADAM21P1,0.0,0.0,
keras,450,eie,EIF3EP1,0.0,0.0,yes
keras,451,ndufasp10,NDUFA5P10,0.2222222222222222,0.2222222222222222,
keras,452,al,H3C9P,0.0,0.0,yes
keras,453,eifse,EIF3E,0.0,0.0,
keras,454,ams,ZIM3,0.0,0.0,
keras,455,lyplal,LYPLAL1,0.0,0.0,
keras,456,mtndi,MT-ND1,0.0,0.0,
keras,457,mraa,MRAP,0.0,0.0,
keras,458,prkgasi,PRKG1-AS1,0.0,0.0,
keras,459,s,FGF7P6,0.0,0.0,
keras,460,saasp,SAA3P,0.0,0.0,
keras,461,,HSD3BP3,0.0,0.0,yes
keras,462,txnz,TXN2,0.0,0.0,
keras,463,burcasz,BIRC6-AS2,0.0,0.0,
keras,464,nanognb,NANOGNB,0.0,0.0,
keras,465,trk,TRK-CTT2-3,0.0,0.0,
keras,466,ocreez,UQCRBP2,0.0,0.0,
keras,467,pcdhgbz,PCDHGB2,0.0,0.0,
keras,468,arhgefs,ARHGEF5,0.0,0.0,
keras,469,,OR6N2,0.0,0.0,yes
keras,470,amy2e,AMY2B,0.19999999999999996,0.2,
keras,471,adame,ADAM2,0.0,0.0,
keras,472,grm5,GRM5,0.25,0.25,
keras,473,txnzpi,TXN2P1,0.0,0.0,
keras,474,,CIDECP1,0.0,0.0,yes
keras,475,s,PPIAP24,0.0,0.0,
keras,476,uspoyp,USP9YP9,0.0,0.0,
keras,477,scgbid2,SCGB1D2,0.1428571428571429,0.14285714285714285,
keras,478,ena2op,IFNA20P,0.1428571428571429,0.15384615384615385,
keras,479,orzt54,OR2T34,0.16666666666666663,0.16666666666666666,
keras,480,p,PLIN1,0.0,0.0,
keras,481,tmem1,TMEM147-AS1,0.09090909090909094,0.125,
keras,482,,SPAG9,0.0,0.0,yes
keras,483,mir323b,MIR323B,0.4285714285714286,0.42857142857142855,
keras,484,rpli2p7,RPL12P7,0.2857142857142857,0.2857142857142857,
keras,485,lrrfipz,LRRFIP2,0.0,0.0,
keras,486,hnrnpcli,HNRNPCL1,0.0,0.0,
keras,487,cusbee,GUSBP6,0.0,0.0,
keras,488,trqctg,TRQ-CTG9-1,0.0,0.0,
keras,489,,IL7,0.0,0.0,yes
keras,490,mirosos,MIR10394,0.0,0.0,
keras,491,dtwd1,DTWD1,0.19999999999999996,0.2,
keras,492,ervk32,ERVK3-2,0.2857142857142857,0.3076923076923077,
keras,493,rfng,RFNG,0.0,0.0,
keras,494,ddi,RPL23AP39,0.0,0.0,
keras,495,tro,TRQ-CTG8-3,0.0,0.0,
keras,496,snorai6b,SNORA16B,0.125,0.125,
keras,497,rtp,RTP1,0.0,0.0,
keras,498,eicb,C1QB,0.0,0.0,
keras,499,,OR4C16,0.0,0.0,
keras,500,irasan,MIR548AN,0.0,0.0,
keras,501,cald,CALD1,0.0,0.0,
keras,502,zpr,ZPR1,0.0,0.0,
keras,503,tpm3p6,TPM3P6,0.33333333333333337,0.3333333333333333,
keras,504,pex13,PEX13,0.4,0.4,
keras,505,btbdiopd,BTBD10P2,0.0,0.0,
keras,506,linco2425,LINC02425,0.4444444444444444,0.4444444444444444,
keras,507,sfba2,SF3A2,0.19999999999999996,0.2,
keras,508,limel,LIME1,0.0,0.0,
keras,509,mir31302,MIR3130-2,0.5555555555555556,0.5882352941176471,
keras,510,mterfi,MTERF1,0.0,0.0,
keras,511,oroki,OR6K1P,0.0,0.0,
keras,512,rnug,RNU6-61P,0.0,0.0,
keras,513,tas2r46,TAS2R46,0.4285714285714286,0.42857142857142855,
keras,514,mavs,MAVS,0.0,0.0,
keras,515,lysmdil,LYSMD1,0.0,0.0,
keras,516,trbizt,TRBJ2-6,0.0,0.0,
keras,517,,PC,0.0,0.0,
keras,518,pdesa,PDE5A,0.0,0.0,
keras,519,tceal,TCEA1,0.0,0.0,
keras,520,snvd,ENY2,0.0,0.0,
keras,521,miresobd,MIR550B1,0.0,0.0,
keras,522,a,RNA5SP291,0.0,0.0,
keras,523,duspg,DUSP9,0.0,0.0,
keras,524,,RNU6-590P,0.0,0.0,
keras,525,m1ir651111,MIR6511A1,0.5,0.5263157894736842,
keras,526,digapi,DLGAP1-AS5,0.0,0.0,
keras,527,,ADAMTS5,0.0,0.0,yes
keras,528,dplger,RPL6P14,0.0,0.0,
keras,529,e,LINC01828,0.0,0.0,yes
keras,530,rpsoopsa,RPS26P34,0.0,0.0,
keras,531,lincoo868,LINC00868,0.33333333333333337,0.3333333333333333,
keras,532,nup55,NUP35,0.19999999999999996,0.2,
keras,533,fbxwo,FBXW9,0.0,0.0,
keras,534,linco1395,LINC01395,0.4444444444444444,0.4444444444444444,
keras,535,linco1567,LINC01569,0.33333333333333337,0.3333333333333333,
keras,536,mir4417,MIR4497,0.4285714285714286,0.42857142857142855,
keras,537,,RN7SL297P,0.0,0.0,
keras,538,ns,NSD3,0.0,0.0,
keras,539,sostele,SOS1-IT1,0.0,0.0,
keras,540,coloas,COL6A3,0.0,0.0,
keras,541,ds,MOSMO,0.0,0.0,
keras,542,,MIR3910-2,0.0,0.0,yes
keras,543,ankrdaaltz,ANKRD44-IT1,0.0,0.0,
keras,544,neoid,LINC01038,0.0,0.0,
keras,545,mroiiigt,NMTRQ-TTG6-1,0.0,0.0,
keras,546,slcboag,SLC30A9,0.0,0.0,
keras,547,wdri,WDR7,0.0,0.0,
keras,548,kdmab,KDM4B,0.0,0.0,
keras,549,mmpigols,ATP13A5-AS1,0.0,0.0,
keras,550,pcedtb,PCED1B,0.0,0.0,
keras,551,nassp26,RNA5SP282,0.11111111111111116,0.125,
keras,552,wdrz,WDR72,0.0,0.0,
keras,553,linco2las,LINC02145,0.11111111111111116,0.1111111111111111,
keras,554,capsldt,CAPSL-DT,0.0,0.0,
keras,555,npmipz5,NPM1P23,0.0,0.0,
keras,556,,CTDSP2,0.0,0.0,yes
keras,557,pnmabb,PNMA6B,0.0,0.0,
keras,558,cepiz,CEP112,0.0,0.0,
keras,559,cdtost,CDH18-AS1,0.0,0.0,
keras,560,vidiv,TMEM145,0.0,0.0,
keras,561,elocp6,ELOCP6,0.16666666666666663,0.16666666666666666,
keras,562,,AQP5,0.0,0.0,yes
keras,563,,RN7SL443P,0.0,0.0,
keras,564,zneloipi,ZNF101P1,0.0,0.0,
keras,565,lincni1997,LINC01992,0.30000000000000004,0.3157894736842105,
keras,566,rnogsz6p,RNU6-326P,0.11111111111111116,0.11764705882352941,
keras,567,ca15p2,CA15P2,0.5,0.5,
keras,568,rnu61027p,RNU6-1027P,0.5,0.5263157894736842,
keras,569,serpinbo,SERPINB6,0.0,0.0,
keras,570,jbaszp,UBA52P7,0.0,0.0,
keras,571,,TBC1D3P2,0.0,0.0,
keras,572,,RPL32P2,0.0,0.0,
keras,573,h3p10,H3P10,0.6,0.6,
keras,574,tanaled,CTNNA1P1,0.0,0.0,
keras,575,lltal,KLF4P1,0.0,0.0,
keras,576,irlie,VN1R21P,0.0,0.0,
keras,577,acox3,ACOX3,0.19999999999999996,0.2,
keras,578,rnullap,RNU11-4P,0.0,0.0,
keras,579,linco1318,LINC01318,0.4444444444444444,0.4444444444444444,
keras,580,,NXPE4,0.0,0.0,
keras,581,nfrsfz5,TNFRSF25,0.125,0.13333333333333333,
keras,582,,RNU7-127P,0.0,0.0,
keras,583,atg4,ATG14,0.19999999999999996,0.2222222222222222,
keras,584,inisapr,INTS4P2,0.0,0.0,
keras,585,dnmil,DNM1L,0.0,0.0,
keras,586,pircsa,PIRC54,0.0,0.0,
keras,587,bora,BORA,0.0,0.0,
keras,588,smigipg,SMG1P6,0.0,0.0,
keras,589,gordkd,UGT2B26P,0.0,0.0,
keras,590,gbplas,IGBP1-AS1,0.0,0.0,
keras,591,,AKR1B1P6,0.0,0.0,yes
keras,592,,DNAJC7,0.0,0.0,
keras,593,drto,DPH6,0.0,0.0,
keras,594,snor,SNORA21,0.0,0.0,
keras,595,mtfolr,MT-OLR,0.0,0.0,
keras,596,rpli2pa9,RPL12P49,0.25,0.25,
keras,597,linco2828,LINC02828,0.4444444444444444,0.4444444444444444,
keras,598,pner,CPNE3,0.0,0.0,
keras,599,cectz,LECT2,0.0,0.0,
keras,600,rps1,RPS15AP36,0.11111111111111116,0.15384615384615385,
keras,601,bygi3,B3GNT3,0.16666666666666663,0.18181818181818182,
keras,602,rnzskpa,RN7SKP74,0.0,0.0,
keras,603,rnsseeis,RNA5SP219,0.0,0.0,
keras,604,linco2943,LINC02943,0.4444444444444444,0.4444444444444444,
keras,605,,RNU6-621P,0.0,0.0,
keras,606,,POT1-AS1,0.0,0.0,
keras,607,snoraad,SNORA41,0.0,0.0,
keras,608,efrib,EFR3B,0.0,0.0,
keras,609,linco2274,LINC02274,0.4444444444444444,0.4444444444444444,
keras,610,rnz,RN7SKP247,0.0,0.0,
keras,611,sl,MIR197,0.0,0.0,
keras,612,clecaf,CLEC4F,0.0,0.0,
keras,613,piwill,PIWIL1,0.0,0.0,
keras,614,re,MIR378H,0.0,0.0,
keras,615,rtispsz,KRT18P53,0.0,0.0,
keras,616,btbdo,BTBD9,0.0,0.0,
keras,617,rnuo,RNU6-749P,0.0,0.0,
keras,618,,LINC01701,0.0,0.0,yes
keras,619,brpet,BRPF1,0.0,0.0,
keras,620,,RNU6-947P,0.0,0.0,yes
keras,621,,NR2C2,0.0,0.0,
keras,622,nasspr,RNA5SP411,0.0,0.0,
keras,623,hspsz,H3P32,0.0,0.0,
keras,624,rplizp27,RPL17P27,0.25,0.25,
keras,625,borpg,BCRP6,0.0,0.0,
keras,626,d,IGHD1OR15-1B,0.0,0.0,
keras,627,camlg,CAMLG,0.0,0.0,
keras,628,,GAMTP1,0.0,0.0,yes
keras,629,rackipi,RACK1P1,0.0,0.0,
keras,630,,SLC34A2,0.0,0.0,yes
keras,631,jarid2as1,JARID2-AS1,0.19999999999999996,0.21052631578947367,
keras,632,famibbi,FAM218BP,0.0,0.0,
keras,633,carmn,CARMN,0.0,0.0,
keras,634,,TMCC1-DT,0.0,0.0,
keras,635,dabzip,DAB2IP,0.0,0.0,
keras,636,bicdz,BICD2,0.0,0.0,
keras,637,muczo,MUC20,0.0,0.0,
keras,638,spl,SPZ1,0.0,0.0,
keras,639,glrxpz,GLRXP2,0.0,0.0,
keras,640,cycsp59,CYCSP39,0.1428571428571429,0.14285714285714285,
keras,641,rnskels,RN7SKP213,0.0,0.0,
keras,642,acmsdi,ACMSD,0.0,0.0,
keras,643,bbgnta,B3GNT4,0.0,0.0,
keras,644,uoily,MTCO1P20,0.0,0.0,yes
keras,645,rnaboseg,RNA5-8SP9,0.0,0.0,
keras,646,tone,MT-TG,0.0,0.0,
keras,647,prdmaast,PRDM4-AS1,0.0,0.0,
keras,648,lns,SERTAD4-AS1,0.0,0.0,yes
keras,649,uncsd,UNC5D,0.0,0.0,
keras,650,trbve,TRBV8-1,0.0,0.0,
keras,651,cdcazse2,CDC42SE2,0.125,0.125,
keras,652,nrxnb,NRXN3,0.0,0.0,
keras,653,et,ETV7,0.0,0.0,
keras,654,linco3o41,LINC03041,0.33333333333333337,0.3333333333333333,
keras,655,,TMEM171,0.0,0.0,
keras,656,giagp,GJA6P,0.0,0.0,
keras,657,,CLIC5,0.0,0.0,yes
keras,658,,TMEM236,0.0,0.0,
keras,659,,CUBNP2,0.0,0.0,
keras,660,rpliapt,RPL14P1,0.0,0.0,
keras,661,,ATM,0.0,0.0,
keras,662,ighds,IGHD5-12,0.0,0.0,
keras,663,,RNU6-762P,0.0,0.0,
keras,664,mpr,TIPRL,0.0,0.0,
keras,665,,MIR1283-2,0.0,0.0,yes
keras,666,spcszp2,SPCS2P2,0.1428571428571429,0.14285714285714285,
keras,667,,KBTBD11-AS1,0.0,0.0,yes
keras,668,krtape,KRTAP29-1,0.0,0.0,
keras,669,,RPL7P24,0.0,0.0,yes
keras,670,didoi,DIDO1,0.0,0.0,
keras,671,,HHATL,0.0,0.0,
keras,672,,VCX3B,0.0,0.0,yes
keras,673,mtnd2p2,MTND2P24,0.25,0.26666666666666666,
keras,674,fhlz,FHL2,0.0,0.0,
keras,675,omoz,NOMO2,0.0,0.0,
keras,676,apsae,RPSAP25,0.0,0.0,
keras,677,mir615,MIR615,0.5,0.5,
keras,678,,KPNA4,0.0,0.0,yes
keras,679,rivub,RNU6-1076P,0.0,0.0,
keras,680,dppazp,DPPA2P2,0.0,0.0,
keras,681,mira9l,MIR491,0.16666666666666663,0.16666666666666666,
keras,682,,RNASE11-AS1,0.0,0.0,yes
keras,683,nxtz,NXT2,0.0,0.0,
keras,684,ccdc190,CCDC190,0.4285714285714286,0.42857142857142855,
keras,685,t096p,RNU6-1098P,0.19999999999999996,0.26666666666666666,
keras,686,ranuo,RNU6-948P,0.0,0.0,
keras,687,,SGTB,0.0,0.0,
keras,688,dhh,DHH,0.0,0.0,
keras,689,pirca4,PIRC44,0.16666666666666663,0.16666666666666666,
keras,690,ogkio,DGKI,0.0,0.0,
keras,691,ccndpi,CCND2P1,0.0,0.0,
keras,692,uspia,USP14,0.0,0.0,
keras,693,tmemtd,TMEM72,0.0,0.0,
keras,694,,UPF3AP1,0.0,0.0,yes
keras,695,mancr,MANCR,0.0,0.0,
keras,696,himg,HMGN1P12,0.0,0.0,
keras,697,,GGTLC3,0.0,0.0,
keras,698,irdgtcz,TRD-GTC2-5,0.0,0.0,
keras,699,,NAA60,0.0,0.0,
keras,700,naaso,NAA80,0.0,0.0,
keras,701,snoralb,SNORA21B,0.0,0.0,
keras,702,,TMEM67,0.0,0.0,
keras,703,mir9413,MIR941-3,0.5,0.5333333333333333,
keras,704,lncozals,LINC02149,0.0,0.0,
keras,705,,RNU6-53P,0.0,0.0,
keras,706,,RNU6-447P,0.0,0.0,
keras,707,rnua2ap,RNU4-24P,0.125,0.13333333333333333,
keras,708,f2,F2,0.5,0.5,
keras,709,incodaad,LINC00440,0.0,0.0,
keras,710,rnzsl371p,RN7SL391P,0.2222222222222222,0.2222222222222222,
keras,711,salnte,B4GALNT4,0.0,0.0,
keras,712,rnug1222p,RNU6-1222P,0.4,0.42105263157894735,
keras,713,7inf614,ZNF614,0.4285714285714286,0.46153846153846156,
keras,714,t1c35,TTC38,0.19999999999999996,0.2,
keras,715,phldaz,PHLDA2,0.0,0.0,
keras,716,rhbdly,RHBDL3,0.0,0.0,
keras,717,scmla,SCML4,0.0,0.0,
keras,718,hspgoaat,HSP90AA1,0.0,0.0,
keras,719,mttp,MTTP,0.0,0.0,
keras,720,pgambe,PGAM3P,0.0,0.0,
keras,721,,TAF1C,0.0,0.0,
keras,722,smarcadid,SMARCAD1-DT,0.0,0.0,
keras,723,,ETV2,0.0,0.0,
keras,724,,SLC8B1,0.0,0.0,yes
keras,725,ddahz,DDAH2,0.0,0.0,
keras,726,,LRFN4,0.0,0.0,
keras,727,,FAM234A,0.0,0.0,yes
keras,728,czorf36,C3orf36,0.7142857142857143,0.7142857142857143,
keras,729,igkvid,IGKV1D-35,0.0,0.0,
keras,730,marolel,MARCHF11-AS1,0.0,0.0,
keras,731,,CGN,0.0,0.0,
keras,732,atpovoe1pa,ATP6V0E1P4,0.09999999999999998,0.1,
keras,733,lmnbi,LMNB1-DT,0.0,0.0,
keras,734,markzpl,MARK2P10,0.0,0.0,
keras,735,incesoo,LINC02800,0.0,0.0,
keras,736,rnislizoe,RN7SL198P,0.0,0.0,
keras,737,,ZNF625,0.0,0.0,
keras,738,,P2RX4,0.0,0.0,yes
keras,739,rplygapat,RPL36AP49,0.0,0.0,
keras,740,crx,CRX,0.0,0.0,
keras,741,linco1378,LINC01398,0.33333333333333337,0.3333333333333333,
keras,742,ncamz,NCAM2,0.0,0.0,
keras,743,zdhhco,ZDHHC9,0.0,0.0,
keras,744,znfzs5,ZNF785,0.16666666666666663,0.16666666666666666,
keras,745,,MNDA,0.0,0.0,
keras,746,rnug86ap,RNU6-864P,0.2222222222222222,0.23529411764705882,
keras,747,nupb3,NUP93,0.19999999999999996,0.2,
keras,748,prrtb,PRRT1B,0.0,0.0,
keras,749,etaal,ETAA1,0.0,0.0,
keras,750,npip,NPIPA8,0.0,0.0,
keras,751,,ATP2B4,0.0,0.0,
keras,752,mirgzsa,MIR6750,0.0,0.0,
keras,753,kirzdla,KIR2DL4,0.0,0.0,
keras,754,myocd,MYOCD,0.0,0.0,
keras,755,,MIR6722,0.0,0.0,
keras,756,,RPSAP11,0.0,0.0,
keras,757,rnu182p,RNU7-182P,0.33333333333333337,0.375,
keras,758,ascls,ASCL5,0.0,0.0,
keras,759,viyhio,MYH10,0.0,0.0,
keras,760,inco2095,LINC02098,0.33333333333333337,0.35294117647058826,
keras,761,syde,SYDE1,0.0,0.0,
keras,762,rnuaatacsp,RNU4ATAC8P,0.0,0.0,
keras,763,rads,RAD51AP1,0.0,0.0,
keras,764,lingoils,LINC01143,0.0,0.0,
keras,765,,CPLX4,0.0,0.0,
keras,766,p,EIF4A1P13,0.0,0.0,
keras,767,ninm,CNNM3,0.0,0.0,
keras,768,,SLC22A15,0.0,0.0,yes
keras,769,,RPS15AP16,0.0,0.0,yes
keras,770,tcgl,TRR-TCG1-1,0.0,0.0,
keras,771,rpl39p55,RPL39P35,0.375,0.375,
keras,772,,NUP35P1,0.0,0.0,
keras,773,nkxgl,NKX6-1,0.0,0.0,
keras,774,,PDCD2,0.0,0.0,
keras,775,,ZNF354C,0.0,0.0,
keras,776,zpaxp,ZPAXP,0.0,0.0,
keras,777,ighvi11,IGHVII-1-1,0.19999999999999996,0.23529411764705882,
keras,778,,PKMP2,0.0,0.0,yes
keras,779,scgbaz,SCGB3A2,0.0,0.0,
keras,780,dynllzdt,DYNLL2-DT,0.0,0.0,
keras,781,,GTF2IP3,0.0,0.0,yes
keras,782,pramefz,PRAMEF26,0.0,0.0,
keras,783,gspebg,RNA5SP333,0.0,0.0,
keras,784,,UEVLD,0.0,0.0,yes
keras,785,,PIGO,0.0,0.0,
keras,786,vglld,VGLL1,0.0,0.0,
keras,787,,ADSS2,0.0,0.0,
keras,788,slc6a18,SLC6A18,0.4285714285714286,0.42857142857142855,
keras,789,shprh,SHPRH,0.0,0.0,
keras,790,mscyeel,MTCYBP2,0.0,0.0,
keras,791,entpdzasi,ENTPD3-AS1,0.0,0.0,
keras,792,,RNA5SP405,0.0,0.0,yes
keras,793,rnul,RNU1-100P,0.0,0.0,
keras,794,snoraa9,SNORA49,0.1428571428571429,0.14285714285714285,
keras,795,tulp3p1,TULP3P1,0.2857142857142857,0.2857142857142857,
keras,796,toe1,TOE1,0.25,0.25,
keras,797,mdeoda,NUDT19P4,0.0,0.0,
keras,798,linco2047,LINC02047,0.4444444444444444,0.4444444444444444,
keras,799,lincoo602,LINC00602,0.33333333333333337,0.3333333333333333,
keras,800,ldl,SLC35G3,0.0,0.0,
keras,801,,BLTP3A,0.0,0.0,
keras,802,bnipepit,BNIP3P17,0.0,0.0,
keras,803,hcare,HCAR2,0.0,0.0,
keras,804,mr6189,MIR5189,0.4285714285714286,0.46153846153846156,
keras,805,mc,SMC2,0.0,0.0,
keras,806,,OR7C2,0.0,0.0,yes
keras,807,,RPL37AP7,0.0,0.0,
keras,808,gpr61,GPR61,0.4,0.4,
keras,809,oriqip,OR4Q1P,0.0,0.0,
keras,810,cta7a11,CT47A11,0.4285714285714286,0.42857142857142855,
keras,811,ses,RAD18,0.0,0.0,yes
keras,812,rpl21p102,RPL21P102,0.5555555555555556,0.5555555555555556,
keras,813,lrrcb,LRRC3B,0.0,0.0,
keras,814,,PIM1,0.0,0.0,
keras,815,nx,NXF4,0.0,0.0,
keras,816,anpd,RANP1,0.0,0.0,
keras,817,kanits,KCNJ5-AS1,0.0,0.0,
keras,818,polrsgl,POLR3GL,0.0,0.0,
keras,819,relazs,RPL7AP23,0.0,0.0,
keras,820,,RNU6-1289P,0.0,0.0,yes
keras,821,cenpscort,CENPS-CORT,0.0,0.0,
keras,822,msrei,MSRB1,0.0,0.0,
keras,823,vtrnazi,VTRNA2-1,0.0,0.0,
keras,824,dt,PIN1-DT,0.0,0.0,
keras,825,mtti,MT-TI,0.0,0.0,
keras,826,bagat,B4GAT1,0.0,0.0,
keras,827,meisias3,MEIS1-AS3,0.11111111111111116,0.11764705882352941,
keras,828,,ACSM2A,0.0,0.0,
keras,829,h54,H3-4,0.25,0.2857142857142857,
keras,830,memzab,TMEM245,0.0,0.0,
keras,831,igalsib,LGALS9B,0.0,0.0,
keras,832,slcigar,SLC19A1,0.0,0.0,
keras,833,crhri,CRHR1,0.0,0.0,
keras,834,farzp2,FAR2P2,0.16666666666666663,0.16666666666666666,
keras,835,lincoiain,LINC01411,0.0,0.0,
keras,836,ulbp,ULBP2,0.0,0.0,
keras,837,,PAFAH1B2P2,0.0,0.0,yes
keras,838,,SPINT4,0.0,0.0,
keras,839,slc35g1,SLC35G1,0.4285714285714286,0.42857142857142855,
keras,840,phbipit,PHB1P17,0.0,0.0,
keras,841,,PRR34-AS1,0.0,0.0,
keras,842,oriotip,OR10T1P,0.0,0.0,
keras,843,tipin,TIPIN,0.0,0.0,
keras,844,igkve,IGKV2-18,0.0,0.0,
keras,845,eol,EOLA2,0.0,0.0,
keras,846,megfo,MEGF6,0.0,0.0,
keras,847,hmgbzpzo,HMGB3P20,0.0,0.0,
keras,848,asic5,ASIC5,0.19999999999999996,0.2,
keras,849,fam229a,FAM229A,0.4285714285714286,0.42857142857142855,
keras,850,s,RNU7-154P,0.0,0.0,
keras,851,rnu6311p,RNU6-311P,0.4444444444444444,0.47058823529411764,
keras,852,qtrt2,QTRT2,0.19999999999999996,0.2,
keras,853,,SERPINA7,0.0,0.0,
keras,854,asam,AS3MT,0.0,0.0,
keras,855,rnugsoss,RNU6-888P,0.0,0.0,
keras,856,smim,SMIM7,0.0,0.0,
keras,857,,TRQ-TTG2-1,0.0,0.0,
keras,858,famsc,FAM3C,0.0,0.0,
keras,859,trbv52,TRBV5-2,0.2857142857142857,0.3076923076923077,
keras,860,rna5,RNA5-8SP6,0.11111111111111116,0.15384615384615385,
keras,861,phc,PHC1,0.0,0.0,
keras,862,epcam,EPCAM-DT,0.0,0.0,
keras,863,mynn,MYNN,0.0,0.0,
keras,864,urgcp,URGCP,0.0,0.0,
keras,865,rnu6l,RNU6-194P,0.11111111111111116,0.14285714285714285,
keras,866,tubapia,TUBAP14,0.0,0.0,
keras,867,matrbo1,MIR601,0.1428571428571429,0.15384615384615385,
keras,868,,TACO1,0.0,0.0,
keras,869,znf652p1,ZNF652P1,0.5,0.5,
keras,870,rpl23ap24,RPL23AP24,0.4444444444444444,0.4444444444444444,
keras,871,h3c13,H3C13,0.6,0.6,
keras,872,linco1078,LINC01078,0.4444444444444444,0.4444444444444444,
keras,873,,RNA5SP187,0.0,0.0,
keras,874,denndia,DENND1A,0.0,0.0,
keras,875,tlemyn,TMEM171,0.0,0.0,
keras,876,sakpb,SNRPB,0.0,0.0,
keras,877,nultoo,RNU2-55P,0.0,0.0,
keras,878,mag,MAGT1,0.0,0.0,
keras,879,,ISCA1P3,0.0,0.0,
keras,880,miroea,MIR548AM,0.0,0.0,
keras,881,spszeps,RPS26P28,0.0,0.0,
keras,882,mrotiblz,MIR6511B2,0.0,0.0,
keras,883,ssgalt,B3GALT5,0.0,0.0,
keras,884,fitm3p6,IFITM3P6,0.25,0.26666666666666666,
keras,885,rnov,RNU6V,0.0,0.0,
keras,886,tspanisast,TSPAN18-AS1,0.0,0.0,
keras,887,agbls,AGBL5,0.0,0.0,
keras,888,alg5,ALG5,0.25,0.25,
keras,889,,RNU6-718P,0.0,0.0,
keras,890,myosbes,MYO5BP3,0.0,0.0,
keras,891,,RNF111,0.0,0.0,yes
keras,892,ptgis,PTGIS,0.0,0.0,
keras,893,rnuggsl,RNU6-653P,0.0,0.0,
keras,894,lrrcbiatzp,LRRC37A17P,0.0,0.0,
keras,895,,PCDH9,0.0,0.0,yes
keras,896,kilaaonag,KIAA0040,0.0,0.0,
keras,897,slcibarast,SLC18A2-AS1,0.0,0.0,
keras,898,sulf,SULF1,0.0,0.0,
keras,899,50,LINC01050,0.2222222222222222,0.36363636363636365,
keras,900,kbibda,KBTBD4,0.0,0.0,
keras,901,cirleasi,C1RL-AS1,0.0,0.0,
keras,902,hispana,HSPA1A,0.0,0.0,
keras,903,eaa,FAM166B,0.0,0.0,
keras,904,epils,PPIL4,0.0,0.0,
keras,905,ssied,OR55B1P,0.0,0.0,yes
keras,906,ankhdi,ANKHD1-EIF4EBP3,0.0,0.0,
keras,907,tgac,ATG4C,0.0,0.0,
keras,908,see,IGHVIII-25-1,0.0,0.0,
keras,909,cidecpi,CIDECP1,0.0,0.0,
keras,910,asbopi,ASB9P1,0.0,0.0,
keras,911,licuioo,LINC01864,0.0,0.0,
keras,912,rnassps30,RNA5SP530,0.2222222222222222,0.2222222222222222,
keras,913,y20,TTTY20,0.33333333333333337,0.4444444444444444,
keras,914,ceia,GTF2IP14,0.0,0.0,yes
keras,915,reoet,RPS10P12,0.0,0.0,
keras,916,ng,AGAP9,0.0,0.0,
keras,917,rpli9p10,RPL19P10,0.375,0.375,
keras,918,bldt,RPL31P57,0.0,0.0,
keras,919,dppaf,DPPA3P1,0.0,0.0,
keras,920,ta,UGT1A2P,0.0,0.0,yes
keras,921,rnzsl,RN7SL97P,0.0,0.0,
keras,922,gramd2b,GRAMD2B,0.1428571428571429,0.14285714285714285,
keras,923,rnuaatacsp,RNU4ATAC5P,0.0,0.0,
keras,924,plbi,PLB1,0.0,0.0,
keras,925,rbpjl,RBPJL,0.0,0.0,
keras,926,eifsd,EIF3D,0.0,0.0,
keras,927,tggainace,ST6GALNAC5,0.0,0.0,
keras,928,rppso,RPP30,0.0,0.0,
keras,929,rpli9p5,RPL19P5,0.2857142857142857,0.2857142857142857,
keras,930,staa,STX4,0.0,0.0,
keras,931,coase,GOLGA8B,0.0,0.0,
keras,932,jadet,JADE1,0.0,0.0,
keras,933,ml,MIR6801,0.0,0.0,
keras,934,erz,IER2,0.0,0.0,
keras,935,,OR7E46P,0.0,0.0,yes
keras,936,zscanzz,ZSCAN32,0.0,0.0,
keras,937,oriopt,OR10P1,0.0,0.0,
keras,938,ceep,CEBPE,0.0,0.0,
keras,939,dod,RORA,0.0,0.0,
keras,940,irxe,IRX6,0.0,0.0,
keras,941,s,TENT4A,0.0,0.0,
keras,942,ptprz1,PTPRZ1,0.16666666666666663,0.16666666666666666,
keras,943,,ANGEL1,0.0,0.0,yes
keras,944,tubasi,TUB-AS1,0.0,0.0,
keras,945,uspa,USP49,0.0,0.0,
keras,946,tmemiz9,TMEM129,0.1428571428571429,0.14285714285714285,
keras,947,sbfzasi,SBF2-AS1,0.0,0.0,
keras,948,trgccc31,TRG-CCC3-1,0.19999999999999996,0.2222222222222222,
keras,949,,H2BP7,0.0,0.0,
keras,950,gkvgx,IGKV6-21,0.0,0.0,
keras,951,dnaci5,DNAJC15,0.1428571428571429,0.15384615384615385,
keras,952,,TMEM11-DT,0.0,0.0,
keras,953,,PPY,0.0,0.0,yes
keras,954,zskpzgg,RN7SKP299,0.0,0.0,
keras,955,oe,MYO18B-AS1,0.0,0.0,
keras,956,prss21,PRSS21,0.33333333333333337,0.3333333333333333,
keras,957,tbcidbk,TBC1D3K,0.0,0.0,
keras,958,azn,KAZN,0.0,0.0,
keras,959,rplzzap,RPL23AP2,0.0,0.0,
keras,960,ifnas,IFNA5,0.0,0.0,
keras,961,inersod,TNFRSF10D,0.0,0.0,
keras,962,cracret,CRACR2A,0.0,0.0,
keras,963,mrpsiopi,MRPS10P1,0.0,0.0,
keras,964,ele,PODXL2,0.0,0.0,yes
keras,965,gtf2hs,GTF2H5,0.16666666666666663,0.16666666666666666,
keras,966,tnfrsfib,TNFRSF1B,0.0,0.0,
keras,967,,IFITM3P8,0.0,0.0,yes
keras,968,kbtbdilzas,KBTBD11-AS1,0.0,0.0,
keras,969,srgapec,SRGAP2C,0.0,0.0,
keras,970,bolaz,BOLA2,0.0,0.0,
keras,971,rnsketan,RN7SKP147,0.0,0.0,
keras,972,mettliz,METTL17,0.0,0.0,
keras,973,mir548am,MIR548AM,0.375,0.375,
keras,974,orael,OR4E1,0.0,0.0,
keras,975,,TOMM40P2,0.0,0.0,yes
keras,976,klhlz6,KLHL26,0.16666666666666663,0.16666666666666666,
keras,977,,ERVK11-1,0.0,0.0,yes
keras,978,,RNU6-379P,0.0,0.0,
keras,979,eepcop,HERC2P1,0.0,0.0,
keras,980,hnrnprpy,HNRNPRP1,0.0,0.0,
keras,981,ecel,ECEL1P3,0.0,0.0,
keras,982,rz,OR2AK2,0.0,0.0,
keras,983,dtx,DTX2,0.0,0.0,
keras,984,tmem226,TMEM223,0.2857142857142857,0.2857142857142857,
keras,985,ceaes,HCG4P5,0.0,0.0,
keras,986,rpl21ps5,RPL21P55,0.375,0.375,
keras,987,mir2o52hg,MIR2052HG,0.33333333333333337,0.3333333333333333,
keras,988,rnabssptue,RNA5SP108,0.0,0.0,
keras,989,miri3025,MIR1302-5,0.4444444444444444,0.47058823529411764,
keras,990,rplygpiz,RPL36P17,0.0,0.0,
keras,991,fnder,FNDC1-IT1,0.0,0.0,
keras,992,mir3976hg,MIR3976HG,0.4444444444444444,0.4444444444444444,
keras,993,lincoizze,LINC01228,0.0,0.0,
keras,994,rnug,RNU6-378P,0.0,0.0,
keras,995,r,RAX2,0.0,0.0,
keras,996,,MIR1263,0.0,0.0,yes
keras,997,mtnd1p5,MTND1P5,0.2857142857142857,0.2857142857142857,
keras,998,dyrk3,DYRK3,0.19999999999999996,0.2,
keras,999,fra,FRA19B,0.0,0.0,
