model,image,prediction,ground truth,1-NED,difflib ratio,difficult image
google ocr,0,TLEI-DT,TLE1-DT,0.8571428571428572,0.8571428571428571,
google ocr,1,7873NZ,ZNF484,0.0,0.16666666666666666,
google ocr,2,VCAN,VCAN,1.0,1.0,
google ocr,3,INU6-260,RNU6-260P,0.7777777777777778,0.8235294117647058,
google ocr,4,ΜΑΤΙΝΟ,MATN2,0.0,0.0,
google ocr,5,S,USP45,0.19999999999999996,0.3333333333333333,
google ocr,6,PPL23-P12,RPL23AP12,0.7777777777777778,0.7777777777777778,
google ocr,7,GAPT,GAPT,1.0,1.0,
google ocr,8,H2AL1MP,H2AL1MP,1.0,1.0,
google ocr,9,,COA6,0.0,0.0,yes
google ocr,10,,MATR3P1,0.0,0.0,
google ocr,11,SOATZ,SOAT2,0.8,0.8,
google ocr,12,LTO1,LTO1,1.0,1.0,
google ocr,13,MD5,COMMD5,0.5,0.6666666666666666,
google ocr,14,ADPGK-ASI,ADPGK-AS1,0.8888888888888888,0.8888888888888888,
google ocr,15,DSGI-ASI,DSG1-AS1,0.75,0.75,
google ocr,16,INIA5SPA80,RNA5SP480,0.7,0.7368421052631579,
google ocr,17,01070,LINC01070,0.5555555555555556,0.7142857142857143,
google ocr,18,,LINC01785,0.0,0.0,
google ocr,19,MVK,MVK,1.0,1.0,
google ocr,20,,PANK1,0.0,0.0,
google ocr,21,ERCC6,ERCC6,1.0,1.0,
google ocr,22,,RPL29P6,0.0,0.0,yes
google ocr,23,TAS2R62P,TAS2R62P,1.0,1.0,
google ocr,24,RAD54L2PT,RAD54L2P1,0.8888888888888888,0.8888888888888888,
google ocr,25,,DNAJC3-DT,0.0,0.0,yes
google ocr,26,RN7SL602P,RN7SL602P,1.0,1.0,
google ocr,27,PLEKHN1,PLEKHN1,1.0,1.0,
google ocr,28,ANKRD44,ANKRD44,1.0,1.0,
google ocr,29,RNU6-4P,RNU6-4P,1.0,1.0,
google ocr,30,DGRE!,ADGRE4P,0.5714285714285714,0.6666666666666666,
google ocr,31,MANSC1,MANSC1,1.0,1.0,
google ocr,32,RN7SL50P,RN7SL50P,1.0,1.0,
google ocr,33,HMGN1P27,HMGN1P27,1.0,1.0,
google ocr,34,MIR520A,MIR520A,1.0,1.0,
google ocr,35,SLC20A1P1,SLC20A1P1,1.0,1.0,
google ocr,36,,MIR1290,0.0,0.0,yes
google ocr,37,ORIRIP,OR1R1P,0.6666666666666667,0.6666666666666666,
google ocr,38,OPRD1,OPRD1,1.0,1.0,
google ocr,39,MYO1A,MYO1A,1.0,1.0,
google ocr,40,TBX2,TBX2,1.0,1.0,
google ocr,41,RAMACL,RAMACL,1.0,1.0,
google ocr,42,SMYD3-IT,SMYD3-IT1,0.8888888888888888,0.9411764705882353,
google ocr,43,DYNLL1P2,DYNLL1P2,1.0,1.0,
google ocr,44,MANCR,MANCR,1.0,1.0,
google ocr,45,LIGT,LIG1,0.75,0.75,
google ocr,46,RNU6-833H,RNU6-833P,0.8888888888888888,0.8888888888888888,
google ocr,47,,CCDC17,0.0,0.0,yes
google ocr,48,NDRG2,NDRG2,1.0,1.0,
google ocr,49,RBM39,RBM39,1.0,1.0,
google ocr,50,,MIR892A,0.0,0.0,
google ocr,51,FAM30B,FAM30B,1.0,1.0,
google ocr,52,GAL3ST2,GAL3ST2,1.0,1.0,
google ocr,53,GPSICIN,GPATCH1,0.4285714285714286,0.42857142857142855,yes
google ocr,54,,MYOM2,0.0,0.0,yes
google ocr,55,HMGN1P27,HMGN1P27,1.0,1.0,
google ocr,56,,PSAP,0.0,0.0,
google ocr,57,H2BWI,H2BW1,0.8,0.8,
google ocr,58,GIM,PNLIP,0.19999999999999996,0.25,yes
google ocr,59,GNPDA1,GNPDA1,1.0,1.0,
google ocr,60,THBS3-AS1,THBS3-AS1,1.0,1.0,
google ocr,61,RNU6-477P,RNU6-477P,1.0,1.0,
google ocr,62,OR8G5,OR8G5,1.0,1.0,
google ocr,63,NOMOS,NOMO3,0.8,0.8,
google ocr,64,RPL27AP,RPL27AP,1.0,1.0,
google ocr,65,RPL23AP90,RPL23AP90,1.0,1.0,
google ocr,66,BAGE,BAGE,1.0,1.0,
google ocr,67,E,SLC38A10,0.0,0.0,
google ocr,68,PMS2CL,PMS2CL,1.0,1.0,
google ocr,69,,HAND2,0.0,0.0,
google ocr,70,EEF1A1P19,EEF1A1P19,1.0,1.0,
google ocr,71,SLC2A9,SLC2A9,1.0,1.0,
google ocr,72,ANKRD54P1,ANKRD54P1,1.0,1.0,
google ocr,73,LINCO1774,LINC01774,0.8888888888888888,0.8888888888888888,
google ocr,74,GRIN2B,GRIN2B,1.0,1.0,
google ocr,75,,TMED10P1,0.0,0.0,yes
google ocr,76,MIR4661,MIR4661,1.0,1.0,
google ocr,77,TMEM167B,TMEM167B,1.0,1.0,
google ocr,78,,CHCHD4P2,0.0,0.0,yes
google ocr,79,NUP35P2,NUP35P2,1.0,1.0,
google ocr,80,WDR82P2,WDR82P2,1.0,1.0,
google ocr,81,INC00596,LINC00596,0.8888888888888888,0.9411764705882353,yes
google ocr,82,FAM227B,FAM227B,1.0,1.0,
google ocr,83,CNO,CCNO,0.75,0.8571428571428571,
google ocr,84,,RNU5F-5P,0.0,0.0,yes
google ocr,85,ZNF780A,ZNF780A,1.0,1.0,
google ocr,86,MFFP2,MFFP2,1.0,1.0,
google ocr,87,AN07L1,ANO7L1,0.8333333333333334,0.8333333333333334,
google ocr,88,GPR15,GPR15,1.0,1.0,
google ocr,89,"DI
LG1-AS1",DLG1-AS1,0.8,0.8888888888888888,
google ocr,90,LYL1,LYL1,1.0,1.0,
google ocr,91,DGKO,DGKQ,0.75,0.75,
google ocr,92,,CSTP1,0.0,0.0,yes
google ocr,93,PPIAPII,PPIAP11,0.7142857142857143,0.7142857142857143,
google ocr,94,NKX2-1-AS1,NKX2-1-AS1,1.0,1.0,
google ocr,95,,ZNF674-AS1,0.0,0.0,
google ocr,96,NEUROG3,NEUROG3,1.0,1.0,
google ocr,97,PLAC9,PLAC9,1.0,1.0,
google ocr,98,IRAGI-AS1,IRAG1-AS1,0.8888888888888888,0.8888888888888888,
google ocr,99,OR6J1,OR6J1,1.0,1.0,
google ocr,100,RPL31P8,RPL31P8,1.0,1.0,
google ocr,101,НМНВ,HMHB1,0.0,0.0,
google ocr,102,60109,LINC01003,0.33333333333333337,0.42857142857142855,
google ocr,103,,UBE2V1P6,0.0,0.0,
google ocr,104,RNH6-113AP,RNU6-1134P,0.8,0.8,
google ocr,105,LINCO1653,LINC01653,0.8888888888888888,0.8888888888888888,
google ocr,106,RABGGTB,RABGGTB,1.0,1.0,
google ocr,107,OR52N5,OR52N5,1.0,1.0,
google ocr,108,,OR2W4P,0.0,0.0,
google ocr,109,KLHL23,KLHL23,1.0,1.0,
google ocr,110,ATG4APL,ATG4AP1,0.8571428571428572,0.8571428571428571,
google ocr,111,FAM107A,FAM107A,1.0,1.0,
google ocr,112,,MIR3170,0.0,0.0,
google ocr,113,SMANTIS,SMANTIS,1.0,1.0,
google ocr,114,CDRT15P1,CDRT15P1,1.0,1.0,
google ocr,115,ASXL2,ASXL2,1.0,1.0,
google ocr,116,SQLE-DT,SQLE-DT,1.0,1.0,
google ocr,117,RN7SL57P,RN7SL57P,1.0,1.0,
google ocr,118,PRRG2,PRRG2,1.0,1.0,
google ocr,119,PFKL,PFKL,1.0,1.0,
google ocr,120,,LPAR6,0.0,0.0,
google ocr,121,PABPC1P10,PABPC1P10,1.0,1.0,
google ocr,122,,CC2D2B,0.0,0.0,yes
google ocr,123,FBXO48,FBXO48,1.0,1.0,
google ocr,124,MTND1P32,MTND1P32,1.0,1.0,
google ocr,125,RPL18AP17,RPL18AP17,1.0,1.0,
google ocr,126,HMCNDPAL,HMGN2P45,0.5,0.5,
google ocr,127,RPL31P23,RPL31P23,1.0,1.0,
google ocr,128,,RNU1-83P,0.0,0.0,yes
google ocr,129,R-B-,RAB44,0.4,0.4444444444444444,yes
google ocr,130,"RI
16-4177",RNU6-409P,0.4,0.42105263157894735,
google ocr,131,GAPDHP14,GAPDHP14,1.0,1.0,
google ocr,132,SETP1,SETP1,1.0,1.0,
google ocr,133,RLETZE,MIRLET7F2,0.4444444444444444,0.5333333333333333,
google ocr,134,"""RATIB",FRA11B,0.5,0.5,
google ocr,135,MISP,MISP,1.0,1.0,
google ocr,136,TDKG,TDRG1,0.6,0.6666666666666666,
google ocr,137,LINC02012,LINC02012,1.0,1.0,
google ocr,138,MIR7156,MIR7156,1.0,1.0,
google ocr,139,,LINC01079,0.0,0.0,
google ocr,140,,IGSF21,0.0,0.0,yes
google ocr,141,RERG,RERG,1.0,1.0,
google ocr,142,RNA5SP489,RNA5SP489,1.0,1.0,
google ocr,143,РАВРСТРЗ,PABPC1P13,0.0,0.0,
google ocr,144,ACER2,ACER2,1.0,1.0,
google ocr,145,RPL31P39,RPL31P39,1.0,1.0,
google ocr,146,RASLI2,RASL12,0.8333333333333334,0.8333333333333334,
google ocr,147,HHIPL2,HHIPL2,1.0,1.0,
google ocr,148,WAC,WAC,1.0,1.0,
google ocr,149,,PMS2P14,0.0,0.0,yes
google ocr,150,FOSB,FOSB,1.0,1.0,
google ocr,151,TMEM186,TMEM186,1.0,1.0,
google ocr,152,GMDS,GMDS,1.0,1.0,
google ocr,153,CDC27P,CDC27P1,0.8571428571428572,0.9230769230769231,
google ocr,154,GLIS2-AS1,GLIS2-AS1,1.0,1.0,
google ocr,155,MIR1257,MIR1251,0.8571428571428572,0.8571428571428571,
google ocr,156,RPL37P17,RPL37P17,1.0,1.0,
google ocr,157,,EMILIN1,0.0,0.0,
google ocr,158,RELA,RELA,1.0,1.0,
google ocr,159,RNU6-70P,RNU6-70P,1.0,1.0,
google ocr,160,LIND2P38,MTND2P38,0.75,0.75,
google ocr,161,RPL22,RPL22,1.0,1.0,
google ocr,162,WYM CHL,CYP2C58P,0.25,0.26666666666666666,yes
google ocr,163,MSANTD7,MSANTD7,1.0,1.0,
google ocr,164,RNU2-34P,RNU2-34P,1.0,1.0,
google ocr,165,,POLDIP2,0.0,0.0,yes
google ocr,166,PABPN1L,PABPN1L,1.0,1.0,
google ocr,167,IOROHTY,MIR6801,0.1428571428571429,0.2857142857142857,yes
google ocr,168,ARHGAP42P4,ARHGAP42P4,1.0,1.0,
google ocr,169,RNU6-1235P,RNU6-1235P,1.0,1.0,
google ocr,170,m,MIR1302-2,0.0,0.0,yes
google ocr,171,PUDE,PUDP,0.75,0.75,
google ocr,172,ACVR2B-AS1,ACVR2B-AS1,1.0,1.0,
google ocr,173,,G2E3-AS1,0.0,0.0,yes
google ocr,174,RNA5SP164,RNA5SP164,1.0,1.0,
google ocr,175,SNORA11G,SNORA11G,1.0,1.0,
google ocr,176,ZNF419,ZNF419,1.0,1.0,
google ocr,177,RGI VI,TRGV11,0.16666666666666663,0.5,
google ocr,178,ZNF222,ZNF222,1.0,1.0,
google ocr,179,RPL21P24,RPL21P24,1.0,1.0,
google ocr,180,CLEC4OP,CLEC4OP,1.0,1.0,
google ocr,181,LINC00710,LINC00710,1.0,1.0,
google ocr,182,ZNF723,ZNF723,1.0,1.0,
google ocr,183,TBXS,TBX5,0.75,0.75,
google ocr,184,KRT73,KRT73,1.0,1.0,
google ocr,185,MYL7,MYL7,1.0,1.0,
google ocr,186,ITTY130,TTTY13C,0.7142857142857143,0.7142857142857143,
google ocr,187,RPS26P14,RPS26P14,1.0,1.0,
google ocr,188,OSBPL:,OSBPL2,0.8333333333333334,0.8333333333333334,
google ocr,189,TRIM60P3У,TRIM60P3Y,0.8888888888888888,0.8888888888888888,
google ocr,190,RXFP4,RXFP4,1.0,1.0,
google ocr,191,"RN7SL826P
196",RN7SL826P,0.6923076923076923,0.8181818181818182,
google ocr,192,UQCR11,UQCR11,1.0,1.0,
google ocr,193,GALNTL6-AS1,GALNTL6-AS1,1.0,1.0,
google ocr,194,ŔNU6ATAC35P,RNU6ATAC35P,0.9090909090909091,0.9090909090909091,
google ocr,195,,LINC01165,0.0,0.0,yes
google ocr,196,,DLX6-AS1,0.0,0.0,yes
google ocr,197,RPS3AP54,RPS3AP54,1.0,1.0,
google ocr,198,,ACSM1,0.0,0.0,yes
google ocr,199,IGLV3-31,IGLV3-31,1.0,1.0,
google ocr,200,HNRNPA1P61,HNRNPA1P61,1.0,1.0,
google ocr,201,LINC01242,LINC01242,1.0,1.0,
google ocr,202,FAM74A6,FAM74A6,1.0,1.0,
google ocr,203,CNNM2,CNNM2,1.0,1.0,
google ocr,204,ZNHIT3,ZNHIT3,1.0,1.0,
google ocr,205,PLAC9,PLAC9,1.0,1.0,
google ocr,206,LINC01550,LINC01550,1.0,1.0,
google ocr,207,RNF157,RNF157,1.0,1.0,
google ocr,208,ECHSD2,FCHSD2,0.8333333333333334,0.8333333333333334,
google ocr,209,KIAFAT,TAFA1,0.5,0.5454545454545454,
google ocr,210,,NDUFA5P6,0.0,0.0,yes
google ocr,211,LINC02547,LINC02547,1.0,1.0,
google ocr,212,METTL4,METTL4,1.0,1.0,
google ocr,213,RAD51D,RAD51D,1.0,1.0,
google ocr,214,|SNORD169,SNORD169,0.8888888888888888,0.9411764705882353,
google ocr,215,MEM1916,TMEM191B,0.75,0.8,
google ocr,216,ZEAND2A-DT,ZFAND2A-DT,0.9,0.9,
google ocr,217,RN7SL254F,RN7SL254P,0.8888888888888888,0.8888888888888888,
google ocr,218,,LINC02791,0.0,0.0,
google ocr,219,HRK,HRK,1.0,1.0,
google ocr,220,EYA2-AS1,EYA2-AS1,1.0,1.0,
google ocr,221,,KLF17P1,0.0,0.0,yes
google ocr,222,,RPL13AP22,0.0,0.0,
google ocr,223,,OR6X1,0.0,0.0,
google ocr,224,EN3KRE,FN3KRP,0.6666666666666667,0.6666666666666666,
google ocr,225,COED,SSTR1,0.0,0.0,
google ocr,226,TRI-GAT1-,TRI-GAT1-2,0.9,0.9473684210526315,
google ocr,227,MSL3P1,MSL3P1,1.0,1.0,
google ocr,228,,EEF1A1P16,0.0,0.0,yes
google ocr,229,ELEN1-AS1,ELFN1-AS1,0.8888888888888888,0.8888888888888888,
google ocr,230,RNU6-739P,RNU6-739P,1.0,1.0,
google ocr,231,LINC01878,LINC01878,1.0,1.0,
google ocr,232,RPL10P2,RPL10P2,1.0,1.0,
google ocr,233,ARCOSO,NBPF25P,0.0,0.0,
google ocr,234,NME,NME1,0.75,0.8571428571428571,
google ocr,235,RENBP,RENBP,1.0,1.0,
google ocr,236,RNU6-255P,RNU6-255P,1.0,1.0,
google ocr,237,,MGST3,0.0,0.0,yes
google ocr,238,"КАРМ1Рзд
M₁",NPM1P30,0.09090909090909094,0.1111111111111111,
google ocr,239,,MIR598,0.0,0.0,
google ocr,240,ZNF286B,ZNF286B,1.0,1.0,
google ocr,241,MIRNR2L,MTRNR2L5,0.75,0.8,
google ocr,242,SF3B6,SF3B6,1.0,1.0,
google ocr,243,SNORA14A,SNORA14A,1.0,1.0,
google ocr,244,MIR548A,MIR548AI,0.875,0.9333333333333333,
google ocr,245,PRKARIAP1,PRKAR1AP1,0.8888888888888888,0.8888888888888888,
google ocr,246,בר39,PLCB3,0.0,0.2222222222222222,
google ocr,247,(P3GALNT,B3GALNT2,0.625,0.75,
google ocr,248,BD9,BTBD9,0.6,0.75,
google ocr,249,,TRAFD1,0.0,0.0,
google ocr,250,,MAGEA7P,0.0,0.0,yes
google ocr,251,EZH1,EZH1,1.0,1.0,
google ocr,252,GR9GZP,OR9G2P,0.6666666666666667,0.6666666666666666,
google ocr,253,REG3G,REG3G,1.0,1.0,
google ocr,254,LIMD2,LIMD2,1.0,1.0,
google ocr,255,KDM₂A,KDM2A,0.8,0.8,
google ocr,256,INC02938,LINC02938,0.8888888888888888,0.9411764705882353,
google ocr,257,S2R15H,TAS2R15P,0.625,0.7142857142857143,
google ocr,258,,PSMA1,0.0,0.0,
google ocr,259,110,RNA5SP318,0.11111111111111116,0.16666666666666666,
google ocr,260,,RPL21P96,0.0,0.0,yes
google ocr,261,MAPRE3,MAPRE3,1.0,1.0,
google ocr,262,MTND5P44,MTND5P44,1.0,1.0,
google ocr,263,AK5,AK5,1.0,1.0,
google ocr,264,BMSIP,BMS1P9,0.6666666666666667,0.7272727272727273,
google ocr,265,MYBPC,MYBPC3,0.8333333333333334,0.9090909090909091,
google ocr,266,,LINC01558,0.0,0.0,
google ocr,267,,PTBP1P,0.0,0.0,
google ocr,268,RNU4-15P,RNU4-35P,0.875,0.875,
google ocr,269,NSMCE2,NSMCE2,1.0,1.0,
google ocr,270,IGKVID-12,IGKV1D-12,0.8888888888888888,0.8888888888888888,
google ocr,271,RNU6ATAC15P,RNU6ATAC15P,1.0,1.0,
google ocr,272,RPL12P4,RPL12P4,1.0,1.0,
google ocr,273,SRD5A1,SRD5A1,1.0,1.0,
google ocr,274,RPS26P1,RPS26P1,1.0,1.0,
google ocr,275,AIDAP₂,AIDAP2,0.8333333333333334,0.8333333333333334,
google ocr,276,COL4A3,COL4A3,1.0,1.0,
google ocr,277,IFNL4,IFNL4,1.0,1.0,
google ocr,278,WDR75,WDR75,1.0,1.0,
google ocr,279,RN7SL242P,RN7SL242P,1.0,1.0,
google ocr,280,CA2,CA2,1.0,1.0,
google ocr,281,,CMA1,0.0,0.0,yes
google ocr,282,K7F1,IKZF1,0.6,0.6666666666666666,
google ocr,283,SNORD88B,SNORD88B,1.0,1.0,
google ocr,284,ESYSTURISIT,HSD11B1-AS1,0.09090909090909094,0.18181818181818182,
google ocr,285,TMEM165,TMEM165,1.0,1.0,
google ocr,286,ZBTB47-ASI,ZBTB47-AS1,0.9,0.9,
google ocr,287,SNX2,SNX2,1.0,1.0,
google ocr,288,C2orf83,C2orf83,1.0,1.0,
google ocr,289,DENND2B-AST,DENND2B-AS1,0.9090909090909091,0.9090909090909091,
google ocr,290,TXLNGY,TXLNGY,1.0,1.0,
google ocr,291,RIMKLBP2,RIMKLBP2,1.0,1.0,
google ocr,292,MAP4K3-DT,MAP4K3-DT,1.0,1.0,
google ocr,293,MIR1297,MIR1297,1.0,1.0,
google ocr,294,RNU7-41P,RNU7-41P,1.0,1.0,
google ocr,295,,TEX21P,0.0,0.0,
google ocr,296,KRT18,KRT18,1.0,1.0,
google ocr,297,DADS1,RARS1,0.6,0.6,
google ocr,298,MTND2P36,MTND2P36,1.0,1.0,
google ocr,299,SLC24A3-AS1,SLC24A3-AS1,1.0,1.0,
google ocr,300,RMIT,RMI1,0.75,0.75,
google ocr,301,IGKV30R2-5,IGKV3OR2-5,0.9,0.9,
google ocr,302,PLEKHA3P1,PLEKHA3P1,1.0,1.0,
google ocr,303,,SCGB2A2,0.0,0.0,
google ocr,304,RAP1BP1,RAP1BP1,1.0,1.0,
google ocr,305,SSBL3P,SSBL3P,1.0,1.0,
google ocr,306,ARGLU1,ARGLU1,1.0,1.0,
google ocr,307,LRRN3,LRRN3,1.0,1.0,
google ocr,308,MIR54813,MIR548I3,0.875,0.875,
google ocr,309,SNRNP40,SNRNP40,1.0,1.0,
google ocr,310,SLC45A3,SLC45A3,1.0,1.0,
google ocr,311,OPP,UPP1,0.5,0.5714285714285714,
google ocr,312,,TRERF1,0.0,0.0,
google ocr,313,,MAP4K5,0.0,0.0,yes
google ocr,314,SENPT,SENP1,0.8,0.8,
google ocr,315,DEFB129,DEFB129,1.0,1.0,
google ocr,316,MIR1302-10,MIR1302-10,1.0,1.0,
google ocr,317,FUNC,FLNC,0.75,0.75,
google ocr,318,CA3,CA3,1.0,1.0,
google ocr,319,KN7SL68P,RN7SL68P,0.875,0.875,
google ocr,320,,HNRNPCP10,0.0,0.0,yes
google ocr,321,FRZB,FRZB,1.0,1.0,
google ocr,322,CLK4,CLK4,1.0,1.0,
google ocr,323,TMX3,TMX3,1.0,1.0,
google ocr,324,RNA5S13,RNA5S13,1.0,1.0,
google ocr,325,RPL26P9,RPL26P9,1.0,1.0,
google ocr,326,IGHV-690,IGHV1-69D,0.7777777777777778,0.8235294117647058,
google ocr,327,HOTAIRMr,HOTAIRM1,0.875,0.875,
google ocr,328,SIGLEC31P,SIGLEC31P,1.0,1.0,
google ocr,329,,IL17D,0.0,0.0,yes
google ocr,330,DSC3,DSC3,1.0,1.0,
google ocr,331,NDUFA6-DI,NDUFA6-DT,0.8888888888888888,0.8888888888888888,
google ocr,332,WBP1P2,WBP1P2,1.0,1.0,
google ocr,333,MIR492,MIR492,1.0,1.0,
google ocr,334,SCD,SCD,1.0,1.0,
google ocr,335,MIR12132,MIR12132,1.0,1.0,
google ocr,336,,RNU7-125P,0.0,0.0,
google ocr,337,CTNND2,CTNND2,1.0,1.0,
google ocr,338,FRG1,FRG1,1.0,1.0,
google ocr,339,MTND2P16,MTND2P16,1.0,1.0,
google ocr,340,RAB6A,RAB6A,1.0,1.0,
google ocr,341,IGHV4-4,IGHV4-4,1.0,1.0,
google ocr,342,,MIR6870,0.0,0.0,yes
google ocr,343,,ADAMTS9,0.0,0.0,yes
google ocr,344,OR7 E148P,OR7E148P,0.8888888888888888,0.9411764705882353,
google ocr,345,,RPL23AP27,0.0,0.0,
google ocr,346,CHSPA8P17,HSPA8P17,0.8888888888888888,0.9411764705882353,
google ocr,347,RPL29P24,RPL29P24,1.0,1.0,
google ocr,348,TIFAB,TIFAB,1.0,1.0,
google ocr,349,DENND5B,DENND5B,1.0,1.0,
google ocr,350,OR52B2,OR52B2,1.0,1.0,
google ocr,351,BRD7P6,BRD7P6,1.0,1.0,
google ocr,352,GNPATP,GNPATP,1.0,1.0,
google ocr,353,RNA5SP272,RNA5SP272,1.0,1.0,
google ocr,354,SIRT7,SIRT7,1.0,1.0,
google ocr,355,PC D H G B 2,PCDHGB2,0.5833333333333333,0.7368421052631579,
google ocr,356,LINC01070,LINC01070,1.0,1.0,
google ocr,357,ALDH3A2,ALDH3A2,1.0,1.0,
google ocr,358,,KIF19BP,0.0,0.0,yes
google ocr,359,"cto+
T",MIR4645,0.0,0.0,
google ocr,360,TMEM9B-AS1,TMEM9B-AS1,1.0,1.0,
google ocr,361,,OSBPL1A,0.0,0.0,
google ocr,362,SMCR5,SMCR5,1.0,1.0,
google ocr,363,-91 N?,RNU6-823P,0.0,0.13333333333333333,
google ocr,364,,TIGD5,0.0,0.0,yes
google ocr,365,HIGD1AP9,HIGD1AP9,1.0,1.0,
google ocr,366,,ERVH-1,0.0,0.0,yes
google ocr,367,,PA2G4P2,0.0,0.0,yes
google ocr,368,OR5M2P,OR5M2P,1.0,1.0,
google ocr,369,ONAJB5,DNAJB5,0.8333333333333334,0.8333333333333334,
google ocr,370,,BICDL3P,0.0,0.0,yes
google ocr,371,"PCM
D1-DF",PCMTD1-DT,0.7777777777777778,0.7777777777777778,yes
google ocr,372,ATP5F1AP4,ATP5F1AP4,1.0,1.0,
google ocr,373,FGF18,FGF18,1.0,1.0,
google ocr,374,RN7SL494P,RN7SL494P,1.0,1.0,
google ocr,375,SLC6A2,SLC6A2,1.0,1.0,
google ocr,376,HAP,HAP1,0.75,0.8571428571428571,
google ocr,377,32.,RN7SL503P,0.0,0.16666666666666666,
google ocr,378,COX7C,COX7C,1.0,1.0,
google ocr,379,LINCO2926,LINC02926,0.8888888888888888,0.8888888888888888,
google ocr,380,,GDF5,0.0,0.0,
google ocr,381,FNTB,FNTB,1.0,1.0,
google ocr,382,FRA2D,FRA2D,1.0,1.0,
google ocr,383,RAC1P8,RAC1P8,1.0,1.0,
google ocr,384,APBB2,APBB2,1.0,1.0,
google ocr,385,ZDHHC2,ZDHHC20,0.8571428571428572,0.9230769230769231,
google ocr,386,TRBV23-1,TRBV23-1,1.0,1.0,
google ocr,387,RNZSL6P,RN7SL6P,0.8571428571428572,0.8571428571428571,
google ocr,388,OR5M2P,OR5M2P,1.0,1.0,
google ocr,389,CAMPI-AST,SCAMP1-AS1,0.7,0.7368421052631579,
google ocr,390,MTATP8P2,MTATP8P2,1.0,1.0,
google ocr,391,KN7SKP2,RN7SKP2,0.8571428571428572,0.8571428571428571,
google ocr,392,DUX4L39,DUX4L39,1.0,1.0,
google ocr,393,SASH3,SASH3,1.0,1.0,
google ocr,394,CAPSI-DE,CAPSL-DT,0.75,0.75,
google ocr,395,R.PL7AP57,RPL7AP57,0.8888888888888888,0.9411764705882353,
google ocr,396,FBLIM1P1,FBLIM1P1,1.0,1.0,
google ocr,397,RPL23AP27,RPL23AP27,1.0,1.0,
google ocr,398,CAMK1D,CAMK1D,1.0,1.0,
google ocr,399,RPL21P57,RPL21P57,1.0,1.0,
google ocr,400,A,SLC7A11,0.1428571428571429,0.25,
google ocr,401,,SEMA6B,0.0,0.0,yes
google ocr,402,OCHIPZ,UQCRHP2,0.2857142857142857,0.46153846153846156,yes
google ocr,403,Cop,LCE3D,0.19999999999999996,0.25,yes
google ocr,404,LRRC37B,LRRC37B,1.0,1.0,
google ocr,405,ABCA12,ABCA12,1.0,1.0,
google ocr,406,LINCO1839,LINC01839,0.8888888888888888,0.8888888888888888,
google ocr,407,FAM111B,FAM111B,1.0,1.0,
google ocr,408,PDK1P2,PDK1P2,1.0,1.0,
google ocr,409,RBM17PD,RBM17P1,0.8571428571428572,0.8571428571428571,
google ocr,410,LINC01611,LINC01611,1.0,1.0,
google ocr,411,,MIR3689F,0.0,0.0,
google ocr,412,RNA5SP478,RNA5SP478,1.0,1.0,
google ocr,413,RPS8P6,RPS8P6,1.0,1.0,
google ocr,414,PCDHB17P,PCDHB17P,1.0,1.0,
google ocr,415,AP3D,AP3D1,0.8,0.8888888888888888,
google ocr,416,RPSTOP2,RPS10P24,0.625,0.6666666666666666,
google ocr,417,C2orf27A,C2orf27A,1.0,1.0,
google ocr,418,CKSIBP5,CKS1BP5,0.8571428571428572,0.8571428571428571,
google ocr,419,RMDN2,RMDN2,1.0,1.0,
google ocr,420,"НОХСІЗ
C13",HOXC13,0.30000000000000004,0.375,
google ocr,421,DBN1,DBN1,1.0,1.0,
google ocr,422,,SNX7,0.0,0.0,
google ocr,423,RNU7-194P,RNU7-194P,1.0,1.0,
google ocr,424,,SLCO4A1-AS2,0.0,0.0,
google ocr,425,PTCD2P2,PTCD2P2,1.0,1.0,
google ocr,426,KPS27P19,RPS27P19,0.875,0.875,
google ocr,427,RNZSL100P,RN7SL100P,0.8888888888888888,0.8888888888888888,
google ocr,428,EXOSC3P1,EXOSC3P1,1.0,1.0,
google ocr,429,RNU6-293P,RNU6-293P,1.0,1.0,
google ocr,430,RPL23AP25,RPL23AP25,1.0,1.0,
google ocr,431,,FYCO1,0.0,0.0,
google ocr,432,NAALADL2,NAALADL2,1.0,1.0,
google ocr,433,,SHQ1,0.0,0.0,
google ocr,434,HELT,HELT,1.0,1.0,
google ocr,435,ENHO,ENHO,1.0,1.0,
google ocr,436,LAMTOR5-AS1,LAMTOR5-AS1,1.0,1.0,
google ocr,437,MIR6802,MIR6802,1.0,1.0,
google ocr,438,MIR608,MIR608,1.0,1.0,
google ocr,439,PNZSKP132,RN7SKP132,0.7777777777777778,0.7777777777777778,
google ocr,440,TSE,TSPO2,0.4,0.5,
google ocr,441,ARVCE,ARVCF,0.8,0.8,
google ocr,442,TARPP21-AS11,ARPP21-AS1,0.8333333333333334,0.9090909090909091,
google ocr,443,,OR4Q3,0.0,0.0,yes
google ocr,444,RN7SL513P,RN7SL513P,1.0,1.0,
google ocr,445,TGIF2,TGIF2,1.0,1.0,
google ocr,446,LHFPL5,LHFPL5,1.0,1.0,
google ocr,447,BLOCIS4,BLOC1S4,0.8571428571428572,0.8571428571428571,
google ocr,448,BRE2,BRF2,0.75,0.75,
google ocr,449,ADAM21PT,ADAM21P1,0.875,0.875,
google ocr,450,,EIF3EP1,0.0,0.0,yes
google ocr,451,NDUFA5P10,NDUFA5P10,1.0,1.0,
google ocr,452,H₂CgP,H3C9P,0.6,0.6,yes
google ocr,453,EIF3E,EIF3E,1.0,1.0,
google ocr,454,ZIM3,ZIM3,1.0,1.0,
google ocr,455,LYPLAL1,LYPLAL1,1.0,1.0,
google ocr,456,MT-ND1,MT-ND1,1.0,1.0,
google ocr,457,MRAP,MRAP,1.0,1.0,
google ocr,458,PRKG1-AS1,PRKG1-AS1,1.0,1.0,
google ocr,459,,FGF7P6,0.0,0.0,
google ocr,460,SAA3P,SAA3P,1.0,1.0,
google ocr,461,,HSD3BP3,0.0,0.0,yes
google ocr,462,TXN2,TXN2,1.0,1.0,
google ocr,463,BIRC6-ASZ,BIRC6-AS2,0.8888888888888888,0.8888888888888888,
google ocr,464,NANOGNB,NANOGNB,1.0,1.0,
google ocr,465,TRK-CTT2-3,TRK-CTT2-3,1.0,1.0,
google ocr,466,UQCRBP2,UQCRBP2,1.0,1.0,
google ocr,467,PCDHGB2,PCDHGB2,1.0,1.0,
google ocr,468,ARHGEF5,ARHGEF5,1.0,1.0,
google ocr,469,,OR6N2,0.0,0.0,yes
google ocr,470,AMY2B,AMY2B,1.0,1.0,
google ocr,471,ADAM2,ADAM2,1.0,1.0,
google ocr,472,GRM5,GRM5,1.0,1.0,
google ocr,473,TXN2P1,TXN2P1,1.0,1.0,
google ocr,474,,CIDECP1,0.0,0.0,yes
google ocr,475,,PPIAP24,0.0,0.0,
google ocr,476,USPYP,USP9YP9,0.7142857142857143,0.8333333333333334,
google ocr,477,SCGB1D2,SCGB1D2,1.0,1.0,
google ocr,478,FNA20P,IFNA20P,0.8571428571428572,0.9230769230769231,
google ocr,479,OR2T34,OR2T34,1.0,1.0,
google ocr,480,PI,PLIN1,0.4,0.5714285714285714,
google ocr,481,TMEM147-AS1,TMEM147-AS1,1.0,1.0,
google ocr,482,,SPAG9,0.0,0.0,yes
google ocr,483,MIR323B,MIR323B,1.0,1.0,
google ocr,484,RPL12P7,RPL12P7,1.0,1.0,
google ocr,485,LRRFIP2,LRRFIP2,1.0,1.0,
google ocr,486,HNRNPCL1,HNRNPCL1,1.0,1.0,
google ocr,487,GUSBP6,GUSBP6,1.0,1.0,
google ocr,488,TRQ-CTG9- P,TRQ-CTG9-1,0.8181818181818181,0.8571428571428571,
google ocr,489,,IL7,0.0,0.0,yes
google ocr,490,,MIR10394,0.0,0.0,
google ocr,491,DTWD1,DTWD1,1.0,1.0,
google ocr,492,ERVK3-2,ERVK3-2,1.0,1.0,
google ocr,493,RFNG,RFNG,1.0,1.0,
google ocr,494,"OPI 234P20
D",RPL23AP39,0.33333333333333337,0.38095238095238093,
google ocr,495,TRO-CTG8-3,TRQ-CTG8-3,0.9,0.9,
google ocr,496,SNORA16B,SNORA16B,1.0,1.0,
google ocr,497,RTP,RTP1,0.75,0.8571428571428571,
google ocr,498,CLOB,C1QB,0.5,0.5,
google ocr,499,,OR4C16,0.0,0.0,
google ocr,500,MIR548AN,MIR548AN,1.0,1.0,
google ocr,501,CALD,CALD1,0.8,0.8888888888888888,
google ocr,502,ZPR1,ZPR1,1.0,1.0,
google ocr,503,TPM3P6,TPM3P6,1.0,1.0,
google ocr,504,PEX13,PEX13,1.0,1.0,
google ocr,505,6TBD10P2,BTBD10P2,0.875,0.875,
google ocr,506,LINC02425,LINC02425,1.0,1.0,
google ocr,507,SF3A2,SF3A2,1.0,1.0,
google ocr,508,LIME1,LIME1,1.0,1.0,
google ocr,509,MIR3130-2,MIR3130-2,1.0,1.0,
google ocr,510,MTERFI,MTERF1,0.8333333333333334,0.8333333333333334,
google ocr,511,OR6K1F,OR6K1P,0.8333333333333334,0.8333333333333334,
google ocr,512,RNU6-61P,RNU6-61P,1.0,1.0,
google ocr,513,TAS2R46,TAS2R46,1.0,1.0,
google ocr,514,MAVS,MAVS,1.0,1.0,
google ocr,515,LYSMD1,LYSMD1,1.0,1.0,
google ocr,516,TRBJ2-e,TRBJ2-6,0.8571428571428572,0.8571428571428571,
google ocr,517,PC,PC,1.0,1.0,
google ocr,518,PDE5A,PDE5A,1.0,1.0,
google ocr,519,TCEA1,TCEA1,1.0,1.0,
google ocr,520,ENY?,ENY2,0.75,0.75,
google ocr,521,".
20",MIR550B1,0.125,0.16666666666666666,
google ocr,522,CNA5SP29,RNA5SP291,0.7777777777777778,0.8235294117647058,
google ocr,523,DUSP9,DUSP9,1.0,1.0,
google ocr,524,BUNDO-SSUE,RNU6-590P,0.19999999999999996,0.21052631578947367,
google ocr,525,MIR6511A1,MIR6511A1,1.0,1.0,
google ocr,526,DLGAPI-AS5,DLGAP1-AS5,0.9,0.9,
google ocr,527,BA,ADAMTS5,0.1428571428571429,0.2222222222222222,yes
google ocr,528,PPL 6P14,RPL6P14,0.75,0.8,
google ocr,529,,LINC01828,0.0,0.0,yes
google ocr,530,RPS26P34,RPS26P34,1.0,1.0,
google ocr,531,LINC00868,LINC00868,1.0,1.0,
google ocr,532,NUP35,NUP35,1.0,1.0,
google ocr,533,FBXW9,FBXW9,1.0,1.0,
google ocr,534,LINCO1395,LINC01395,0.8888888888888888,0.8888888888888888,
google ocr,535,LINCO1569,LINC01569,0.8888888888888888,0.8888888888888888,
google ocr,536,MIR4497,MIR4497,1.0,1.0,
google ocr,537,,RN7SL297P,0.0,0.0,
google ocr,538,NSD3,NSD3,1.0,1.0,
google ocr,539,ELSOS,SOS1-IT1,0.125,0.46153846153846156,
google ocr,540,COL6A3,COL6A3,1.0,1.0,
google ocr,541,MOSMO D,MOSMO,0.7142857142857143,0.8333333333333334,
google ocr,542,,MIR3910-2,0.0,0.0,yes
google ocr,543,ANKRD44-IT1,ANKRD44-IT1,1.0,1.0,
google ocr,544,LINCO1038,LINC01038,0.8888888888888888,0.8888888888888888,
google ocr,545,NMTRQ-TTG6-1,NMTRQ-TTG6-1,1.0,1.0,
google ocr,546,SLC30A9,SLC30A9,1.0,1.0,
google ocr,547,WDR,WDR7,0.75,0.8571428571428571,
google ocr,548,KDM4B,KDM4B,1.0,1.0,
google ocr,549,ATPI3A5-AS1,ATP13A5-AS1,0.9090909090909091,0.9090909090909091,
google ocr,550,PCEDTB,PCED1B,0.8333333333333334,0.8333333333333334,
google ocr,551,RNA5SP282,RNA5SP282,1.0,1.0,
google ocr,552,WDR72,WDR72,1.0,1.0,
google ocr,553,,LINC02145,0.0,0.0,
google ocr,554,CAPSL-DT,CAPSL-DT,1.0,1.0,
google ocr,555,NPM1P23,NPM1P23,1.0,1.0,
google ocr,556,,CTDSP2,0.0,0.0,yes
google ocr,557,PNMA6B,PNMA6B,1.0,1.0,
google ocr,558,CEP112,CEP112,1.0,1.0,
google ocr,559,(CDF18:48:1,CDH18-AS1,0.4545454545454546,0.5,
google ocr,560,TMEMT45,TMEM145,0.8571428571428572,0.8571428571428571,
google ocr,561,ELOCP6,ELOCP6,1.0,1.0,
google ocr,562,HOPS,AQP5,0.25,0.25,yes
google ocr,563,ONTSI 446,RN7SL443P,0.33333333333333337,0.4444444444444444,
google ocr,564,ZNF101P1,ZNF101P1,1.0,1.0,
google ocr,565,LINC01992,LINC01992,1.0,1.0,
google ocr,566,RNU6-326P,RNU6-326P,1.0,1.0,
google ocr,567,CA15P2,CA15P2,1.0,1.0,
google ocr,568,RNU6-1027P,RNU6-1027P,1.0,1.0,
google ocr,569,SERPINB6,SERPINB6,1.0,1.0,
google ocr,570,UB-52P7,UBA52P7,0.8571428571428572,0.8571428571428571,
google ocr,571,,TBC1D3P2,0.0,0.0,
google ocr,572,771 lad,RPL32P2,0.0,0.0,
google ocr,573,H3P10,H3P10,1.0,1.0,
google ocr,574,CTNNAIPP,CTNNA1P1,0.75,0.75,
google ocr,575,,KLF4P1,0.0,0.0,
google ocr,576,DICHINA,VN1R21P,0.0,0.14285714285714285,
google ocr,577,ACOX3,ACOX3,1.0,1.0,
google ocr,578,RNU11-4P,RNU11-4P,1.0,1.0,
google ocr,579,LINCO1318,LINC01318,0.8888888888888888,0.8888888888888888,
google ocr,580,,NXPE4,0.0,0.0,
google ocr,581,INFRSF25,TNFRSF25,0.875,0.875,
google ocr,582,NU/-12/P,RNU7-127P,0.6666666666666667,0.7058823529411765,
google ocr,583,ATG14,ATG14,1.0,1.0,
google ocr,584,INTS4P2,INTS4P2,1.0,1.0,
google ocr,585,DNMIL,DNM1L,0.8,0.8,
google ocr,586,PIRC54,PIRC54,1.0,1.0,
google ocr,587,BORA,BORA,1.0,1.0,
google ocr,588,SMG1P6,SMG1P6,1.0,1.0,
google ocr,589,UGT2B26P,UGT2B26P,1.0,1.0,
google ocr,590,GBP1-AS1,IGBP1-AS1,0.8888888888888888,0.9411764705882353,
google ocr,591,,AKR1B1P6,0.0,0.0,yes
google ocr,592,DIAC,DNAJC7,0.5,0.6,
google ocr,593,,DPH6,0.0,0.0,
google ocr,594,SNORA21,SNORA21,1.0,1.0,
google ocr,595,MT-OLR-,MT-OLR,0.8571428571428572,0.9230769230769231,
google ocr,596,RPL12P49,RPL12P49,1.0,1.0,
google ocr,597,LINC02828,LINC02828,1.0,1.0,
google ocr,598,CPNE3,CPNE3,1.0,1.0,
google ocr,599,CECT2,LECT2,0.8,0.8,
google ocr,600,RPS15AP36,RPS15AP36,1.0,1.0,
google ocr,601,B3GN13,B3GNT3,0.8333333333333334,0.8333333333333334,
google ocr,602,RN-SKP74,RN7SKP74,0.875,0.875,
google ocr,603,RNASSP219,RNA5SP219,0.8888888888888888,0.8888888888888888,
google ocr,604,INCO2943,LINC02943,0.7777777777777778,0.8235294117647058,
google ocr,605,RNUG-621PS,RNU6-621P,0.8,0.8421052631578947,
google ocr,606,PUTTAST,POT1-AS1,0.5,0.5333333333333333,
google ocr,607,SNORA4P,SNORA41,0.8571428571428572,0.8571428571428571,
google ocr,608,EFR3B,EFR3B,1.0,1.0,
google ocr,609,LINC02274,LINC02274,1.0,1.0,
google ocr,610,RN7SKP247,RN7SKP247,1.0,1.0,
google ocr,611,,MIR197,0.0,0.0,
google ocr,612,CLEC4F,CLEC4F,1.0,1.0,
google ocr,613,PIWIL1,PIWIL1,1.0,1.0,
google ocr,614,,MIR378H,0.0,0.0,
google ocr,615,KRT18P53,KRT18P53,1.0,1.0,
google ocr,616,BTBD9,BTBD9,1.0,1.0,
google ocr,617,RNU6-749P,RNU6-749P,1.0,1.0,
google ocr,618,,LINC01701,0.0,0.0,yes
google ocr,619,BRPF1,BRPF1,1.0,1.0,
google ocr,620,,RNU6-947P,0.0,0.0,yes
google ocr,621,NR2C2,NR2C2,1.0,1.0,
google ocr,622,NASSPA,RNA5SP411,0.4444444444444444,0.5333333333333333,
google ocr,623,H3P32,H3P32,1.0,1.0,
google ocr,624,RPL17P27,RPL17P27,1.0,1.0,
google ocr,625,BCRP6,BCRP6,1.0,1.0,
google ocr,626,,IGHD1OR15-1B,0.0,0.0,
google ocr,627,CAMLG,CAMLG,1.0,1.0,
google ocr,628,,GAMTP1,0.0,0.0,yes
google ocr,629,RACK1P1,RACK1P1,1.0,1.0,
google ocr,630,,SLC34A2,0.0,0.0,yes
google ocr,631,JARID2-AS1,JARID2-AS1,1.0,1.0,
google ocr,632,1218BP,FAM218BP,0.625,0.7142857142857143,
google ocr,633,CARMN,CARMN,1.0,1.0,
google ocr,634,TMCC1 DT,TMCC1-DT,0.875,0.875,
google ocr,635,DAB2IP,DAB2IP,1.0,1.0,
google ocr,636,BICD2,BICD2,1.0,1.0,
google ocr,637,استان,MUC20,0.0,0.0,
google ocr,638,,SPZ1,0.0,0.0,
google ocr,639,GLRXP2,GLRXP2,1.0,1.0,
google ocr,640,CYCSP39,CYCSP39,1.0,1.0,
google ocr,641,"RN/SKP2
13",RN7SKP213,0.8,0.8421052631578947,
google ocr,642,ACMSD,ACMSD,1.0,1.0,
google ocr,643,B3GNT4,B3GNT4,1.0,1.0,
google ocr,644,ITCOIP,MTCO1P20,0.5,0.5714285714285714,yes
google ocr,645,RNA5-8SP9,RNA5-8SP9,1.0,1.0,
google ocr,646,,MT-TG,0.0,0.0,
google ocr,647,PRDM4-AST,PRDM4-AS1,0.8888888888888888,0.8888888888888888,
google ocr,648,SERT-D4--51,SERTAD4-AS1,0.7272727272727273,0.7272727272727273,yes
google ocr,649,UNC5D,UNC5D,1.0,1.0,
google ocr,650,TRBV8-1,TRBV8-1,1.0,1.0,
google ocr,651,CDC42SE2,CDC42SE2,1.0,1.0,
google ocr,652,NRXN3,NRXN3,1.0,1.0,
google ocr,653,ETV7,ETV7,1.0,1.0,
google ocr,654,LINC03041,LINC03041,1.0,1.0,
google ocr,655,,TMEM171,0.0,0.0,
google ocr,656,GJA6P,GJA6P,1.0,1.0,
google ocr,657,,CLIC5,0.0,0.0,yes
google ocr,658,,TMEM236,0.0,0.0,
google ocr,659,CUBNP2n,CUBNP2,0.8571428571428572,0.9230769230769231,
google ocr,660,RPL14P1,RPL14P1,1.0,1.0,
google ocr,661,,ATM,0.0,0.0,
google ocr,662,4GHDS-12,IGHD5-12,0.75,0.75,
google ocr,663,,RNU6-762P,0.0,0.0,
google ocr,664,TIPRI,TIPRL,0.8,0.8,
google ocr,665,,MIR1283-2,0.0,0.0,yes
google ocr,666,SPCS2P2,SPCS2P2,1.0,1.0,
google ocr,667,RTED11ACE,KBTBD11-AS1,0.4545454545454546,0.5,yes
google ocr,668,KRTAP29-1,KRTAP29-1,1.0,1.0,
google ocr,669,,RPL7P24,0.0,0.0,yes
google ocr,670,DIDOI,DIDO1,0.8,0.8,
google ocr,671,L.LVHA,HHATL,0.0,0.36363636363636365,
google ocr,672,PA,VCX3B,0.0,0.0,yes
google ocr,673,MTND2P24,MTND2P24,1.0,1.0,
google ocr,674,FHL2,FHL2,1.0,1.0,
google ocr,675,11OMO2,NOMO2,0.6666666666666667,0.7272727272727273,
google ocr,676,"RPSAPas
Statu",RPSAP25,0.3846153846153846,0.5,
google ocr,677,MIR615,MIR615,1.0,1.0,
google ocr,678,-,KPNA4,0.0,0.0,yes
google ocr,679,16-10768,RNU6-1076P,0.6,0.6666666666666666,
google ocr,680,DPPA2P2,DPPA2P2,1.0,1.0,
google ocr,681,MIR491,MIR491,1.0,1.0,
google ocr,682,,RNASE11-AS1,0.0,0.0,yes
google ocr,683,NXT2,NXT2,1.0,1.0,
google ocr,684,CCDC190,CCDC190,1.0,1.0,
google ocr,685,RNU6-1098P,RNU6-1098P,1.0,1.0,
google ocr,686,J6-94,RNU6-948P,0.4444444444444444,0.5714285714285714,
google ocr,687,Gus,SGTB,0.25,0.2857142857142857,
google ocr,688,DHH,DHH,1.0,1.0,
google ocr,689,PIRC44,PIRC44,1.0,1.0,
google ocr,690,OGKI,DGKI,0.75,0.75,
google ocr,691,CCND2P1,CCND2P1,1.0,1.0,
google ocr,692,USP14,USP14,1.0,1.0,
google ocr,693,TMEM73,TMEM72,0.8333333333333334,0.8333333333333334,
google ocr,694,,UPF3AP1,0.0,0.0,yes
google ocr,695,MANCR,MANCR,1.0,1.0,
google ocr,696,HMGN1P12,HMGN1P12,1.0,1.0,
google ocr,697,GGTLC3,GGTLC3,1.0,1.0,
google ocr,698,TRD-GTC2-5,TRD-GTC2-5,1.0,1.0,
google ocr,699,NAA60,NAA60,1.0,1.0,
google ocr,700,NAA80,NAA80,1.0,1.0,
google ocr,701,SNORA21B,SNORA21B,1.0,1.0,
google ocr,702,TMEM67,TMEM67,1.0,1.0,
google ocr,703,MIR941-3,MIR941-3,1.0,1.0,
google ocr,704,LINC02149,LINC02149,1.0,1.0,
google ocr,705,KN06-531.,RNU6-53P,0.5555555555555556,0.5882352941176471,
google ocr,706,6-44,RNU6-447P,0.4444444444444444,0.6153846153846154,
google ocr,707,RNU4-24P,RNU4-24P,1.0,1.0,
google ocr,708,F2,F2,1.0,1.0,
google ocr,709,LINC00440,LINC00440,1.0,1.0,
google ocr,710,RN7SL391P,RN7SL391P,1.0,1.0,
google ocr,711,B4G-UNTH,B4GALNT4,0.625,0.625,
google ocr,712,RNU6-1222 P,RNU6-1222P,0.9090909090909091,0.9523809523809523,
google ocr,713,ZNF614,ZNF614,1.0,1.0,
google ocr,714,TTC38,TTC38,1.0,1.0,
google ocr,715,PHLDA2,PHLDA2,1.0,1.0,
google ocr,716,RHBDL3,RHBDL3,1.0,1.0,
google ocr,717,SCML4,SCML4,1.0,1.0,
google ocr,718,HSP90AA1,HSP90AA1,1.0,1.0,
google ocr,719,MTTP,MTTP,1.0,1.0,
google ocr,720,PGAM3P,PGAM3P,1.0,1.0,
google ocr,721,TAFIC,TAF1C,0.8,0.8,
google ocr,722,SMARCAD1-DT,SMARCAD1-DT,1.0,1.0,
google ocr,723,,ETV2,0.0,0.0,
google ocr,724,,SLC8B1,0.0,0.0,yes
google ocr,725,DDAH2,DDAH2,1.0,1.0,
google ocr,726,INFIGET,LRFN4,0.1428571428571429,0.16666666666666666,
google ocr,727,,FAM234A,0.0,0.0,yes
google ocr,728,C3orf36,C3orf36,1.0,1.0,
google ocr,729,IGKV1D-35,IGKV1D-35,1.0,1.0,
google ocr,730,ARCHF11-AS,MARCHF11-AS1,0.8333333333333334,0.9090909090909091,
google ocr,731,CGN,CGN,1.0,1.0,
google ocr,732,ATP6V0E1P4,ATP6V0E1P4,1.0,1.0,
google ocr,733,LMNB1-DT,LMNB1-DT,1.0,1.0,
google ocr,734,MARK2PTO,MARK2P10,0.75,0.75,
google ocr,735,LINC02800,LINC02800,1.0,1.0,
google ocr,736,RN7SL198P,RN7SL198P,1.0,1.0,
google ocr,737,"ZNFOZY
FG",ZNF625,0.33333333333333337,0.4,
google ocr,738,,P2RX4,0.0,0.0,yes
google ocr,739,RPL36AP 49,RPL36AP49,0.9,0.9473684210526315,
google ocr,740,CRX,CRX,1.0,1.0,
google ocr,741,LINCO1398,LINC01398,0.8888888888888888,0.8888888888888888,
google ocr,742,NCAM2,NCAM2,1.0,1.0,
google ocr,743,ZDHHC9,ZDHHC9,1.0,1.0,
google ocr,744,ZNF785,ZNF785,1.0,1.0,
google ocr,745,,MNDA,0.0,0.0,
google ocr,746,RNU6-864P,RNU6-864P,1.0,1.0,
google ocr,747,NUP93,NUP93,1.0,1.0,
google ocr,748,PRRTIB,PRRT1B,0.8333333333333334,0.8333333333333334,
google ocr,749,ETAA1,ETAA1,1.0,1.0,
google ocr,750,NPIPAS,NPIPA8,0.8333333333333334,0.8333333333333334,
google ocr,751,,ATP2B4,0.0,0.0,
google ocr,752,MIR6750,MIR6750,1.0,1.0,
google ocr,753,KIR2DL4,KIR2DL4,1.0,1.0,
google ocr,754,MYOCD,MYOCD,1.0,1.0,
google ocr,755,,MIR6722,0.0,0.0,
google ocr,756,,RPSAP11,0.0,0.0,
google ocr,757,RNU7-182P,RNU7-182P,1.0,1.0,
google ocr,758,ASCL5,ASCL5,1.0,1.0,
google ocr,759,MYHO,MYH10,0.6,0.6666666666666666,
google ocr,760,LINC02098,LINC02098,1.0,1.0,
google ocr,761,SYDE1,SYDE1,1.0,1.0,
google ocr,762,RNU4ATAC8P,RNU4ATAC8P,1.0,1.0,
google ocr,763,RAD51AP1,RAD51AP1,1.0,1.0,
google ocr,764,INCO1143,LINC01143,0.7777777777777778,0.8235294117647058,
google ocr,765,A,CPLX4,0.0,0.0,
google ocr,766,FIF4A1P13,EIF4A1P13,0.8888888888888888,0.8888888888888888,
google ocr,767,INNMO,CNNM3,0.6,0.6,
google ocr,768,,SLC22A15,0.0,0.0,yes
google ocr,769,913951588,RPS15AP16,0.11111111111111116,0.2222222222222222,yes
google ocr,770,TRR-TCG1-1,TRR-TCG1-1,1.0,1.0,
google ocr,771,RPL39P35,RPL39P35,1.0,1.0,
google ocr,772,JASEALIN,NUP35P1,0.0,0.13333333333333333,
google ocr,773,NKX6-1,NKX6-1,1.0,1.0,
google ocr,774,,PDCD2,0.0,0.0,
google ocr,775,,ZNF354C,0.0,0.0,
google ocr,776,ZPAXP,ZPAXP,1.0,1.0,
google ocr,777,IGHVII-1-1,IGHVII-1-1,1.0,1.0,
google ocr,778,,PKMP2,0.0,0.0,yes
google ocr,779,SCGB3A2,SCGB3A2,1.0,1.0,
google ocr,780,DYNLL2-DT,DYNLL2-DT,1.0,1.0,
google ocr,781,,GTF2IP3,0.0,0.0,yes
google ocr,782,PRAMEF2A,PRAMEF26,0.875,0.875,
google ocr,783,RNA5SP333,RNA5SP333,1.0,1.0,
google ocr,784,,UEVLD,0.0,0.0,yes
google ocr,785,PICO,PIGO,0.75,0.75,
google ocr,786,VGLLI,VGLL1,0.8,0.8,
google ocr,787,Anssa,ADSS2,0.19999999999999996,0.2,
google ocr,788,SLC6A18,SLC6A18,1.0,1.0,
google ocr,789,SHPRH,SHPRH,1.0,1.0,
google ocr,790,ТСУБР2,MTCYBP2,0.1428571428571429,0.15384615384615385,
google ocr,791,ENTPD3-ASTI,ENTPD3-AS1,0.8181818181818181,0.8571428571428571,
google ocr,792,,RNA5SP405,0.0,0.0,yes
google ocr,793,RNU1-100P,RNU1-100P,1.0,1.0,
google ocr,794,SNORA49,SNORA49,1.0,1.0,
google ocr,795,TULP3P1,TULP3P1,1.0,1.0,
google ocr,796,TOE1,TOE1,1.0,1.0,
google ocr,797,NUDT19P4,NUDT19P4,1.0,1.0,
google ocr,798,LINC02047,LINC02047,1.0,1.0,
google ocr,799,LINC00602,LINC00602,1.0,1.0,
google ocr,800,,SLC35G3,0.0,0.0,
google ocr,801,BLIF SA,BLTP3A,0.4285714285714286,0.46153846153846156,
google ocr,802,6NIP3P17,BNIP3P17,0.875,0.875,
google ocr,803,HCAR₂,HCAR2,0.8,0.8,
google ocr,804,MIR5189,MIR5189,1.0,1.0,
google ocr,805,SMC₂,SMC2,0.75,0.75,
google ocr,806,,OR7C2,0.0,0.0,yes
google ocr,807,PL,RPL37AP7,0.25,0.4,
google ocr,808,GPR61,GPR61,1.0,1.0,
google ocr,809,OR4Q1P,OR4Q1P,1.0,1.0,
google ocr,810,CT47A11,CT47A11,1.0,1.0,
google ocr,811,28,RAD18,0.19999999999999996,0.2857142857142857,yes
google ocr,812,RPL21P102,RPL21P102,1.0,1.0,
google ocr,813,LRRC3B,LRRC3B,1.0,1.0,
google ocr,814,CRIM,PIM1,0.25,0.5,
google ocr,815,NXF4,NXF4,1.0,1.0,
google ocr,816,RANP,RANP1,0.8,0.8888888888888888,
google ocr,817,"KC
A.S:",KCNJ5-AS1,0.33333333333333337,0.5,
google ocr,818,,POLR3GL,0.0,0.0,
google ocr,819,RPL/AP23,RPL7AP23,0.875,0.875,
google ocr,820,,RNU6-1289P,0.0,0.0,yes
google ocr,821,CENPS-CORT,CENPS-CORT,1.0,1.0,
google ocr,822,MSRB1,MSRB1,1.0,1.0,
google ocr,823,VTRNA2-1,VTRNA2-1,1.0,1.0,
google ocr,824,PIN1-DT,PIN1-DT,1.0,1.0,
google ocr,825,MT-TI,MT-TI,1.0,1.0,
google ocr,826,34GAT,B4GAT1,0.6666666666666667,0.7272727272727273,
google ocr,827,MEISI-AS3,MEIS1-AS3,0.8888888888888888,0.8888888888888888,
google ocr,828,,ACSM2A,0.0,0.0,
google ocr,829,H3-4,H3-4,1.0,1.0,
google ocr,830,MEM245,TMEM245,0.8571428571428572,0.9230769230769231,
google ocr,831,LGALS9B,LGALS9B,1.0,1.0,
google ocr,832,SLC19A1,SLC19A1,1.0,1.0,
google ocr,833,CRHR1,CRHR1,1.0,1.0,
google ocr,834,FAR2P2,FAR2P2,1.0,1.0,
google ocr,835,LINCO1411,LINC01411,0.8888888888888888,0.8888888888888888,
google ocr,836,ULBP,ULBP2,0.8,0.8888888888888888,
google ocr,837,,PAFAH1B2P2,0.0,0.0,yes
google ocr,838,SPINT,SPINT4,0.8333333333333334,0.9090909090909091,
google ocr,839,SLC35G1,SLC35G1,1.0,1.0,
google ocr,840,PHBIPIT,PHB1P17,0.5714285714285714,0.5714285714285714,
google ocr,841,,PRR34-AS1,0.0,0.0,
google ocr,842,QR10T1P,OR10T1P,0.8571428571428572,0.8571428571428571,
google ocr,843,TIPIN,TIPIN,1.0,1.0,
google ocr,844,IGKV2-18,IGKV2-18,1.0,1.0,
google ocr,845,EOLA2,EOLA2,1.0,1.0,
google ocr,846,MEGF6,MEGF6,1.0,1.0,
google ocr,847,HMGB3P20,HMGB3P20,1.0,1.0,
google ocr,848,ASIC5,ASIC5,1.0,1.0,
google ocr,849,FAM229A,FAM229A,1.0,1.0,
google ocr,850,,RNU7-154P,0.0,0.0,
google ocr,851,RNU6-311P,RNU6-311P,1.0,1.0,
google ocr,852,QTRT2,QTRT2,1.0,1.0,
google ocr,853,SERPINA,SERPINA7,0.875,0.9333333333333333,
google ocr,854,AS3MT,AS3MT,1.0,1.0,
google ocr,855,RNU6-888P],RNU6-888P,0.9,0.9473684210526315,
google ocr,856,SMIMP,SMIM7,0.8,0.8,
google ocr,857,2,TRQ-TTG2-1,0.09999999999999998,0.18181818181818182,
google ocr,858,FAM3C,FAM3C,1.0,1.0,
google ocr,859,TRBV5-2,TRBV5-2,1.0,1.0,
google ocr,860,RNA5-8SP6,RNA5-8SP6,1.0,1.0,
google ocr,861,CT,PHC1,0.25,0.3333333333333333,
google ocr,862,EPCAM-DT,EPCAM-DT,1.0,1.0,
google ocr,863,MYNN,MYNN,1.0,1.0,
google ocr,864,URGCPI,URGCP,0.8333333333333334,0.9090909090909091,
google ocr,865,RNU6-194P,RNU6-194P,1.0,1.0,
google ocr,866,TUBAP14,TUBAP14,1.0,1.0,
google ocr,867,MIR601,MIR601,1.0,1.0,
google ocr,868,,TACO1,0.0,0.0,
google ocr,869,ZNF652P1,ZNF652P1,1.0,1.0,
google ocr,870,RPL23AP24,RPL23AP24,1.0,1.0,
google ocr,871,H3C13,H3C13,1.0,1.0,
google ocr,872,LINC01078,LINC01078,1.0,1.0,
google ocr,873,NA5CP18,RNA5SP187,0.6666666666666667,0.75,
google ocr,874,DENND1A,DENND1A,1.0,1.0,
google ocr,875,TMEM171,TMEM171,1.0,1.0,
google ocr,876,SNRPB,SNRPB,1.0,1.0,
google ocr,877,RNU2-55P,RNU2-55P,1.0,1.0,
google ocr,878,MAG,MAGT1,0.6,0.75,
google ocr,879,ISCAIPS,ISCA1P3,0.7142857142857143,0.7142857142857143,
google ocr,880,MIRS48AN,MIR548AM,0.75,0.75,
google ocr,881,RPS26P28,RPS26P28,1.0,1.0,
google ocr,882,MIR6511B2,MIR6511B2,1.0,1.0,
google ocr,883,B3GALLS,B3GALT5,0.7142857142857143,0.7142857142857143,
google ocr,884,IFITM3P6,IFITM3P6,1.0,1.0,
google ocr,885,RNU6V,RNU6V,1.0,1.0,
google ocr,886,TSPAN18-AS1,TSPAN18-AS1,1.0,1.0,
google ocr,887,AGBL5,AGBL5,1.0,1.0,
google ocr,888,ALG5,ALG5,1.0,1.0,
google ocr,889,"PAU 16-7180
ON",RNU6-718P,0.4285714285714286,0.5217391304347826,
google ocr,890,MYO BP3,MYO5BP3,0.8571428571428572,0.8571428571428571,
google ocr,891,,RNF111,0.0,0.0,yes
google ocr,892,PTGIS,PTGIS,1.0,1.0,
google ocr,893,RNU6-6,RNU6-653P,0.6666666666666667,0.8,
google ocr,894,LRRC37A17B,LRRC37A17P,0.9,0.9,
google ocr,895,,PCDH9,0.0,0.0,yes
google ocr,896,KIAA0040,KIAA0040,1.0,1.0,
google ocr,897,SLC18A2-AS1,SLC18A2-AS1,1.0,1.0,
google ocr,898,SULF,SULF1,0.8,0.8888888888888888,
google ocr,899,01050,LINC01050,0.5555555555555556,0.7142857142857143,
google ocr,900,KBTBD4,KBTBD4,1.0,1.0,
google ocr,901,C1RL-AS1,C1RL-AS1,1.0,1.0,
google ocr,902,12,HSPA1A,0.16666666666666663,0.25,
google ocr,903,FAM1668,FAM166B,0.8571428571428572,0.8571428571428571,
google ocr,904,PPILA,PPIL4,0.8,0.8,
google ocr,905,,OR55B1P,0.0,0.0,yes
google ocr,906,ANKHD1-EIF4EBP3,ANKHD1-EIF4EBP3,1.0,1.0,
google ocr,907,ATG4D,ATG4C,0.8,0.8,
google ocr,908,,IGHVIII-25-1,0.0,0.0,
google ocr,909,CIDECP1,CIDECP1,1.0,1.0,
google ocr,910,ASB9P₁,ASB9P1,0.8333333333333334,0.8333333333333334,
google ocr,911,LINCO1864,LINC01864,0.8888888888888888,0.8888888888888888,
google ocr,912,RNA5SP530,RNA5SP530,1.0,1.0,
google ocr,913,TTTY20,TTTY20,1.0,1.0,
google ocr,914,GIFZIPIA,GTF2IP14,0.5,0.5,yes
google ocr,915,RPS10P12,RPS10P12,1.0,1.0,
google ocr,916,AGAP9,AGAP9,1.0,1.0,
google ocr,917,RPL19P10,RPL19P10,1.0,1.0,
google ocr,918,RPL31957,RPL31P57,0.875,0.875,
google ocr,919,DPPA3P,DPPA3P1,0.8571428571428572,0.9230769230769231,
google ocr,920,,UGT1A2P,0.0,0.0,yes
google ocr,921,RN7SL97P,RN7SL97P,1.0,1.0,
google ocr,922,GRAMD2B,GRAMD2B,1.0,1.0,
google ocr,923,RNU4ATAC5P,RNU4ATAC5P,1.0,1.0,
google ocr,924,PLB1,PLB1,1.0,1.0,
google ocr,925,RBPJL,RBPJL,1.0,1.0,
google ocr,926,EIF 3D,EIF3D,0.8333333333333334,0.9090909090909091,
google ocr,927,STOGALNAC,ST6GALNAC5,0.8,0.8421052631578947,
google ocr,928,RPP30,RPP30,1.0,1.0,
google ocr,929,RPL19P5,RPL19P5,1.0,1.0,
google ocr,930,STX4,STX4,1.0,1.0,
google ocr,931,GOLGASB,GOLGA8B,0.8571428571428572,0.8571428571428571,
google ocr,932,JADE1,JADE1,1.0,1.0,
google ocr,933,MIR6801,MIR6801,1.0,1.0,
google ocr,934,IER2,IER2,1.0,1.0,
google ocr,935,,OR7E46P,0.0,0.0,yes
google ocr,936,ZSCAN32,ZSCAN32,1.0,1.0,
google ocr,937,OR10P1,OR10P1,1.0,1.0,
google ocr,938,СЕВРЕ,CEBPE,0.0,0.0,
google ocr,939,RORA,RORA,1.0,1.0,
google ocr,940,IRXE,IRX6,0.75,0.75,
google ocr,941,,TENT4A,0.0,0.0,
google ocr,942,PTPRZ1,PTPRZ1,1.0,1.0,
google ocr,943,,ANGEL1,0.0,0.0,yes
google ocr,944,TUB-AS1,TUB-AS1,1.0,1.0,
google ocr,945,USP49,USP49,1.0,1.0,
google ocr,946,TMEM129,TMEM129,1.0,1.0,
google ocr,947,SBF2-AST,SBF2-AS1,0.875,0.875,
google ocr,948,TRG-CCC3-1,TRG-CCC3-1,1.0,1.0,
google ocr,949,,H2BP7,0.0,0.0,
google ocr,950,GKV6-2D,IGKV6-21,0.75,0.8,
google ocr,951,DNAJC15,DNAJC15,1.0,1.0,
google ocr,952,TMEM11-DT,TMEM11-DT,1.0,1.0,
google ocr,953,,PPY,0.0,0.0,yes
google ocr,954,KN7SKP299,RN7SKP299,0.8888888888888888,0.8888888888888888,
google ocr,955,,MYO18B-AS1,0.0,0.0,
google ocr,956,PRSS21,PRSS21,1.0,1.0,
google ocr,957,TBC1D3K,TBC1D3K,1.0,1.0,
google ocr,958,KAZN,KAZN,1.0,1.0,
google ocr,959,RPL23AP,RPL23AP2,0.875,0.9333333333333333,
google ocr,960,IFNA5,IFNA5,1.0,1.0,
google ocr,961,TNFRSF10D,TNFRSF10D,1.0,1.0,
google ocr,962,CRACR2A,CRACR2A,1.0,1.0,
google ocr,963,MRPS10P1,MRPS10P1,1.0,1.0,
google ocr,964,,PODXL2,0.0,0.0,yes
google ocr,965,GTF2H5,GTF2H5,1.0,1.0,
google ocr,966,TNFRSF1B,TNFRSF1B,1.0,1.0,
google ocr,967,,IFITM3P8,0.0,0.0,yes
google ocr,968,KBTBD11-ASI,KBTBD11-AS1,0.9090909090909091,0.9090909090909091,
google ocr,969,SRGAP2C,SRGAP2C,1.0,1.0,
google ocr,970,BOLA2,BOLA2,1.0,1.0,
google ocr,971,,RN7SKP147,0.0,0.0,
google ocr,972,METTL17,METTL17,1.0,1.0,
google ocr,973,MIR548AM,MIR548AM,1.0,1.0,
google ocr,974,OR4E1,OR4E1,1.0,1.0,
google ocr,975,,TOMM40P2,0.0,0.0,yes
google ocr,976,KLHL26,KLHL26,1.0,1.0,
google ocr,977,,ERVK11-1,0.0,0.0,yes
google ocr,978,,RNU6-379P,0.0,0.0,
google ocr,979,HERCOPI,HERC2P1,0.7142857142857143,0.7142857142857143,
google ocr,980,HNRNPRPĪ,HNRNPRP1,0.875,0.875,
google ocr,981,ECEL1PS,ECEL1P3,0.8571428571428572,0.8571428571428571,
google ocr,982,OR2AK2,OR2AK2,1.0,1.0,
google ocr,983,OTX2,DTX2,0.75,0.75,
google ocr,984,TMEM223,TMEM223,1.0,1.0,
google ocr,985,HCG4P5),HCG4P5,0.8571428571428572,0.9230769230769231,
google ocr,986,RPL21P55,RPL21P55,1.0,1.0,
google ocr,987,MIR2052HG,MIR2052HG,1.0,1.0,
google ocr,988,RNA5SPT08,RNA5SP108,0.8888888888888888,0.8888888888888888,
google ocr,989,MIR1302-5,MIR1302-5,1.0,1.0,
google ocr,990,RPL36P17,RPL36P17,1.0,1.0,
google ocr,991,FNDCH-IT,FNDC1-IT1,0.7777777777777778,0.8235294117647058,
google ocr,992,MIR3976HG,MIR3976HG,1.0,1.0,
google ocr,993,LINCO1228,LINC01228,0.8888888888888888,0.8888888888888888,
google ocr,994,RNU6-378P,RNU6-378P,1.0,1.0,
google ocr,995,R-X2,RAX2,0.75,0.75,
google ocr,996,,MIR1263,0.0,0.0,yes
google ocr,997,MTND1P5,MTND1P5,1.0,1.0,
google ocr,998,DYRK3,DYRK3,1.0,1.0,
google ocr,999,FRA19B,FRA19B,1.0,1.0,
