model,image,prediction,ground truth,1-NED,difflib ratio,difficult image
easyocr,0,,TLE1-DT,0.0,0.0,
easyocr,1,,ZNF484,0.0,0.0,
easyocr,2,VCAN,VCAN,1.0,1.0,
easyocr,3,,RNU6-260P,0.0,0.0,
easyocr,4,IATN?,MATN2,0.6,0.6,
easyocr,5,,USP45,0.0,0.0,
easyocr,6,,RPL23AP12,0.0,0.0,
easyocr,7,GAPT,GAPT,1.0,1.0,
easyocr,8,HZALIMA,H2AL1MP,0.5714285714285714,0.5714285714285714,
easyocr,9,,COA6,0.0,0.0,yes
easyocr,10,,MATR3P1,0.0,0.0,
easyocr,11,,SOAT2,0.0,0.0,
easyocr,12,LTO1,LTO1,1.0,1.0,
easyocr,13,,COMMD5,0.0,0.0,
easyocr,14,,ADPGK-AS1,0.0,0.0,
easyocr,15,Dasic,DSG1-AS1,0.125,0.15384615384615385,
easyocr,16,,RNA5SP480,0.0,0.0,
easyocr,17,,LINC01070,0.0,0.0,
easyocr,18,,LINC01785,0.0,0.0,
easyocr,19,,MVK,0.0,0.0,
easyocr,20,,PANK1,0.0,0.0,
easyocr,21,,ERCC6,0.0,0.0,
easyocr,22,,RPL29P6,0.0,0.0,yes
easyocr,23,,TAS2R62P,0.0,0.0,
easyocr,24,,RAD54L2P1,0.0,0.0,
easyocr,25,,DNAJC3-DT,0.0,0.0,yes
easyocr,26,RNZSL6O2P,RN7SL602P,0.7777777777777778,0.7777777777777778,
easyocr,27,PLEKHNT,PLEKHN1,0.8571428571428572,0.8571428571428571,
easyocr,28,AANKKRD44,ANKRD44,0.7777777777777778,0.875,
easyocr,29,RNU6-4P,RNU6-4P,1.0,1.0,
easyocr,30,,ADGRE4P,0.0,0.0,
easyocr,31,MANSC1,MANSC1,1.0,1.0,
easyocr,32,RNZSLGOD,RN7SL50P,0.5,0.5,
easyocr,33,HMMGNIP27,HMGN1P27,0.7777777777777778,0.8235294117647058,
easyocr,34,(VIIRSZUA,MIR520A,0.33333333333333337,0.375,
easyocr,35,t . :,SLC20A1P1,0.0,0.0,
easyocr,36,,MIR1290,0.0,0.0,yes
easyocr,37,,OR1R1P,0.0,0.0,
easyocr,38,OPRDI,OPRD1,0.8,0.8,
easyocr,39,MYOTA,MYO1A,0.8,0.8,
easyocr,40,TBXZ,TBX2,0.75,0.75,
easyocr,41,RAMACL,RAMACL,1.0,1.0,
easyocr,42,SMYD}-IT,SMYD3-IT1,0.7777777777777778,0.8235294117647058,
easyocr,43,DYNLLIP2,DYNLL1P2,0.875,0.875,
easyocr,44,,MANCR,0.0,0.0,
easyocr,45,LIG1,LIG1,1.0,1.0,
easyocr,46,nna,RNU6-833P,0.0,0.0,
easyocr,47,,CCDC17,0.0,0.0,yes
easyocr,48,NDRG2,NDRG2,1.0,1.0,
easyocr,49,RBMRE,RBM39,0.6,0.6,
easyocr,50,,MIR892A,0.0,0.0,
easyocr,51,,FAM30B,0.0,0.0,
easyocr,52,GAL3ST2,GAL3ST2,1.0,1.0,
easyocr,53,,GPATCH1,0.0,0.0,yes
easyocr,54,,MYOM2,0.0,0.0,yes
easyocr,55,HMGNIP27,HMGN1P27,0.875,0.875,
easyocr,56,,PSAP,0.0,0.0,
easyocr,57,,H2BW1,0.0,0.0,
easyocr,58,,PNLIP,0.0,0.0,yes
easyocr,59,GNPDAT,GNPDA1,0.8333333333333334,0.8333333333333334,
easyocr,60,THBS3-ASI,THBS3-AS1,0.8888888888888888,0.8888888888888888,
easyocr,61,RNU6-4 TTp,RNU6-477P,0.6,0.631578947368421,
easyocr,62,Ukous,OR8G5,0.0,0.0,
easyocr,63,,NOMO3,0.0,0.0,
easyocr,64,RPLZIAP,RPL27AP,0.7142857142857143,0.7142857142857143,
easyocr,65,RPL 23AP90,RPL23AP90,0.9,0.9473684210526315,
easyocr,66,BAGE,BAGE,1.0,1.0,
easyocr,67,,SLC38A10,0.0,0.0,
easyocr,68,PMSZCL,PMS2CL,0.8333333333333334,0.8333333333333334,
easyocr,69,,HAND2,0.0,0.0,
easyocr,70,Ars,EEF1A1P19,0.11111111111111116,0.16666666666666666,
easyocr,71,,SLC2A9,0.0,0.0,
easyocr,72,,ANKRD54P1,0.0,0.0,
easyocr,73,LINC01774,LINC01774,1.0,1.0,
easyocr,74,GRINZB,GRIN2B,0.8333333333333334,0.8333333333333334,
easyocr,75,,TMED10P1,0.0,0.0,yes
easyocr,76,Vin400 _,MIR4661,0.125,0.13333333333333333,
easyocr,77,TMEM!67B,TMEM167B,0.875,0.875,
easyocr,78,,CHCHD4P2,0.0,0.0,yes
easyocr,79,,NUP35P2,0.0,0.0,
easyocr,80,WDR82P2,WDR82P2,1.0,1.0,
easyocr,81,,LINC00596,0.0,0.0,yes
easyocr,82,,FAM227B,0.0,0.0,
easyocr,83,,CCNO,0.0,0.0,
easyocr,84,,RNU5F-5P,0.0,0.0,yes
easyocr,85,,ZNF780A,0.0,0.0,
easyocr,86,MEFP 2,MFFP2,0.6666666666666667,0.7272727272727273,
easyocr,87,ANOTLI,ANO7L1,0.6666666666666667,0.6666666666666666,
easyocr,88,GPRI5,GPR15,0.8,0.8,
easyocr,89,DieIAC,DLG1-AS1,0.25,0.2857142857142857,
easyocr,90,LYLI,LYL1,0.75,0.75,
easyocr,91,DGKO,DGKQ,0.75,0.75,
easyocr,92,,CSTP1,0.0,0.0,yes
easyocr,93,PPIAPI,PPIAP11,0.7142857142857143,0.7692307692307693,
easyocr,94,,NKX2-1-AS1,0.0,0.0,
easyocr,95,1,ZNF674-AS1,0.09999999999999998,0.18181818181818182,
easyocr,96,NEUR0G3,NEUROG3,0.8571428571428572,0.8571428571428571,
easyocr,97,PLAC9,PLAC9,1.0,1.0,
easyocr,98,IRAGI-ASI,IRAG1-AS1,0.7777777777777778,0.7777777777777778,
easyocr,99,UkOJI,OR6J1,0.19999999999999996,0.4,
easyocr,100,RPLBP8,RPL31P8,0.7142857142857143,0.7692307692307693,
easyocr,101,HMHBi,HMHB1,0.8,0.8,
easyocr,102,,LINC01003,0.0,0.0,
easyocr,103,,UBE2V1P6,0.0,0.0,
easyocr,104,,RNU6-1134P,0.0,0.0,
easyocr,105,301653,LINC01653,0.5555555555555556,0.6666666666666666,
easyocr,106,RABGGTP,RABGGTB,0.8571428571428572,0.8571428571428571,
easyocr,107,ORSZNS,OR52N5,0.5,0.5,
easyocr,108,3,OR2W4P,0.0,0.0,
easyocr,109,KLHL23,KLHL23,1.0,1.0,
easyocr,110,,ATG4AP1,0.0,0.0,
easyocr,111,FANIOZA,FAM107A,0.4285714285714286,0.42857142857142855,
easyocr,112,,MIR3170,0.0,0.0,
easyocr,113,Ccdtk,SMANTIS,0.0,0.0,
easyocr,114,RTSp,CDRT15P1,0.25,0.3333333333333333,
easyocr,115,,ASXL2,0.0,0.0,
easyocr,116,SOLE DT,SQLE-DT,0.7142857142857143,0.7142857142857143,
easyocr,117,RNZSLSZP,RN7SL57P,0.625,0.625,
easyocr,118,DG,PRRG2,0.19999999999999996,0.2857142857142857,
easyocr,119,PEKL,PFKL,0.75,0.75,
easyocr,120,,LPAR6,0.0,0.0,
easyocr,121,PABPCIPI0,PABPC1P10,0.7777777777777778,0.7777777777777778,
easyocr,122,,CC2D2B,0.0,0.0,yes
easyocr,123,FBXO48,FBXO48,1.0,1.0,
easyocr,124,MTND P32,MTND1P32,0.875,0.875,
easyocr,125,,RPL18AP17,0.0,0.0,
easyocr,126,,HMGN2P45,0.0,0.0,
easyocr,127,,RPL31P23,0.0,0.0,
easyocr,128,,RNU1-83P,0.0,0.0,yes
easyocr,129,,RAB44,0.0,0.0,yes
easyocr,130,,RNU6-409P,0.0,0.0,
easyocr,131,GAPDHPIA,GAPDHP14,0.75,0.75,
easyocr,132,SETPT,SETP1,0.8,0.8,
easyocr,133,,MIRLET7F2,0.0,0.0,
easyocr,134,,FRA11B,0.0,0.0,
easyocr,135,WSE,MISP,0.25,0.2857142857142857,
easyocr,136,IDKL,TDRG1,0.19999999999999996,0.2222222222222222,
easyocr,137,NCUZUl2,LINC02012,0.33333333333333337,0.375,
easyocr,138,MIR /156,MIR7156,0.75,0.8,
easyocr,139,Meu,LINC01079,0.0,0.0,
easyocr,140,,IGSF21,0.0,0.0,yes
easyocr,141,,RERG,0.0,0.0,
easyocr,142,RNASSP489,RNA5SP489,0.8888888888888888,0.8888888888888888,
easyocr,143,PPABPCP3],PABPC1P13,0.5555555555555556,0.7777777777777778,
easyocr,144,ACER2,ACER2,1.0,1.0,
easyocr,145,RELiibad,RPL31P39,0.25,0.25,
easyocr,146,,RASL12,0.0,0.0,
easyocr,147,HHIPL2,HHIPL2,1.0,1.0,
easyocr,148,,WAC,0.0,0.0,
easyocr,149,,PMS2P14,0.0,0.0,yes
easyocr,150,FOSB,FOSB,1.0,1.0,
easyocr,151,TMFMi86,TMEM186,0.7142857142857143,0.7142857142857143,
easyocr,152,GMDS,GMDS,1.0,1.0,
easyocr,153,AC2AP',CDC27P1,0.4285714285714286,0.46153846153846156,
easyocr,154,GLIS2-ASl,GLIS2-AS1,0.8888888888888888,0.8888888888888888,
easyocr,155,Mp125,MIR1251,0.5714285714285714,0.6666666666666666,
easyocr,156,PPL37P10,RPL37P17,0.75,0.75,
easyocr,157,,EMILIN1,0.0,0.0,
easyocr,158,,RELA,0.0,0.0,
easyocr,159,,RNU6-70P,0.0,0.0,
easyocr,160,,MTND2P38,0.0,0.0,
easyocr,161,RF'Lzz,RPL22,0.33333333333333337,0.36363636363636365,
easyocr,162,,CYP2C58P,0.0,0.0,yes
easyocr,163,TD7,MSANTD7,0.4285714285714286,0.6,
easyocr,164,,RNU2-34P,0.0,0.0,
easyocr,165,,POLDIP2,0.0,0.0,yes
easyocr,166,PPABPNIL,PABPN1L,0.75,0.8,
easyocr,167,,MIR6801,0.0,0.0,yes
easyocr,168,,ARHGAP42P4,0.0,0.0,
easyocr,169,,RNU6-1235P,0.0,0.0,
easyocr,170,,MIR1302-2,0.0,0.0,yes
easyocr,171,,PUDP,0.0,0.0,
easyocr,172,ACVRZB-ASI,ACVR2B-AS1,0.8,0.8,
easyocr,173,,G2E3-AS1,0.0,0.0,yes
easyocr,174,RNASSP164,RNA5SP164,0.8888888888888888,0.8888888888888888,
easyocr,175,SNORATIG,SNORA11G,0.75,0.75,
easyocr,176,ZNFAIO,ZNF419,0.5,0.5,
easyocr,177,URGV,TRGV11,0.5,0.6,
easyocr,178,ZNF222,ZNF222,1.0,1.0,
easyocr,179,RPLZIP24,RPL21P24,0.75,0.75,
easyocr,180,CLEC4OP,CLEC4OP,1.0,1.0,
easyocr,181,,LINC00710,0.0,0.0,
easyocr,182,,ZNF723,0.0,0.0,
easyocr,183,,TBX5,0.0,0.0,
easyocr,184,KRT73,KRT73,1.0,1.0,
easyocr,185,MYL7,MYL7,1.0,1.0,
easyocr,186,,TTTY13C,0.0,0.0,
easyocr,187,RPS2GPia,RPS26P14,0.625,0.625,
easyocr,188,33,OSBPL2,0.0,0.0,
easyocr,189,TRIM6OP3Y,TRIM60P3Y,0.8888888888888888,0.8888888888888888,
easyocr,190,RXFP4,RXFP4,1.0,1.0,
easyocr,191,RNZSL826P,RN7SL826P,0.8888888888888888,0.8888888888888888,
easyocr,192,UOCRI,UQCR11,0.5,0.5454545454545454,
easyocr,193,GALNTL6-AS,GALNTL6-AS1,0.9090909090909091,0.9523809523809523,
easyocr,194,RNUGATACSP,RNU6ATAC35P,0.7272727272727273,0.7619047619047619,
easyocr,195,,LINC01165,0.0,0.0,yes
easyocr,196,,DLX6-AS1,0.0,0.0,yes
easyocr,197,RPS3AP54,RPS3AP54,1.0,1.0,
easyocr,198,,ACSM1,0.0,0.0,yes
easyocr,199,IGLV3-31,IGLV3-31,1.0,1.0,
easyocr,200,WRNRAAPO,HNRNPA1P61,0.4,0.4444444444444444,
easyocr,201,LINC01242,LINC01242,1.0,1.0,
easyocr,202,,FAM74A6,0.0,0.0,
easyocr,203,,CNNM2,0.0,0.0,
easyocr,204,ZNHIT3,ZNHIT3,1.0,1.0,
easyocr,205,PLACY,PLAC9,0.8,0.8,
easyocr,206,LINCO1550 ,LINC01550,0.8,0.8421052631578947,
easyocr,207,RNF157,RNF157,1.0,1.0,
easyocr,208,GEIDA,FCHSD2,0.16666666666666663,0.18181818181818182,
easyocr,209,AFA,TAFA1,0.6,0.75,
easyocr,210,,NDUFA5P6,0.0,0.0,yes
easyocr,211,LINCO2547,LINC02547,0.8888888888888888,0.8888888888888888,
easyocr,212,METTLA,METTL4,0.8333333333333334,0.8333333333333334,
easyocr,213,RADS 1,RAD51D,0.5,0.6666666666666666,
easyocr,214,SNORD169,SNORD169,1.0,1.0,
easyocr,215,aMFMTOTR,TMEM191B,0.25,0.25,
easyocr,216,FAND?,ZFAND2A-DT,0.4,0.5333333333333333,
easyocr,217,RNzSL2HI,RN7SL254P,0.5555555555555556,0.5882352941176471,
easyocr,218,,LINC02791,0.0,0.0,
easyocr,219,HRKe,HRK,0.75,0.8571428571428571,
easyocr,220,EYA2-ASI,EYA2-AS1,0.875,0.875,
easyocr,221,,KLF17P1,0.0,0.0,yes
easyocr,222,,RPL13AP22,0.0,0.0,
easyocr,223,6:,OR6X1,0.19999999999999996,0.2857142857142857,
easyocr,224,,FN3KRP,0.0,0.0,
easyocr,225,,SSTR1,0.0,0.0,
easyocr,226,IRi-GAT,TRI-GAT1-2,0.5,0.5882352941176471,
easyocr,227,IMSLSPM,MSL3P1,0.5714285714285714,0.6153846153846154,
easyocr,228,,EEF1A1P16,0.0,0.0,yes
easyocr,229,FLENEAS,ELFN1-AS1,0.4444444444444444,0.5,
easyocr,230,RNU6-739P,RNU6-739P,1.0,1.0,
easyocr,231,TTNC01878,LINC01878,0.7777777777777778,0.7777777777777778,
easyocr,232,RPLIOP2,RPL10P2,0.7142857142857143,0.7142857142857143,
easyocr,233,,NBPF25P,0.0,0.0,
easyocr,234,QME,NME1,0.5,0.5714285714285714,
easyocr,235,RENBT,RENBP,0.8,0.8,
easyocr,236,[RN6I6 25512,RNU6-255P,0.5,0.5714285714285714,
easyocr,237,=,MGST3,0.0,0.0,yes
easyocr,238,TPMiP3o,NPM1P30,0.5714285714285714,0.5714285714285714,
easyocr,239,,MIR598,0.0,0.0,
easyocr,240,/v3y1,ZNF286B,0.0,0.0,
easyocr,241,PNbe,MTRNR2L5,0.125,0.16666666666666666,
easyocr,242,SF3BE,SF3B6,0.8,0.8,
easyocr,243,SNORAT4-,SNORA14A,0.75,0.75,
easyocr,244,Vi5_ -,MIR548AI,0.125,0.14285714285714285,
easyocr,245,,PRKAR1AP1,0.0,0.0,
easyocr,246,,PLCB3,0.0,0.0,
easyocr,247,,B3GALNT2,0.0,0.0,
easyocr,248,DI DY,BTBD9,0.19999999999999996,0.2,
easyocr,249,,TRAFD1,0.0,0.0,
easyocr,250,,MAGEA7P,0.0,0.0,yes
easyocr,251,EZH1,EZH1,1.0,1.0,
easyocr,252,,OR9G2P,0.0,0.0,
easyocr,253,REG3G,REG3G,1.0,1.0,
easyocr,254,MMZ,LIMD2,0.19999999999999996,0.25,
easyocr,255,,KDM2A,0.0,0.0,
easyocr,256,,LINC02938,0.0,0.0,
easyocr,257,,TAS2R15P,0.0,0.0,
easyocr,258,,PSMA1,0.0,0.0,
easyocr,259,,RNA5SP318,0.0,0.0,
easyocr,260,,RPL21P96,0.0,0.0,yes
easyocr,261,MAPREB,MAPRE3,0.8333333333333334,0.8333333333333334,
easyocr,262,MTNDSP44,MTND5P44,0.875,0.875,
easyocr,263,AKS,AK5,0.6666666666666667,0.6666666666666666,
easyocr,264,,BMS1P9,0.0,0.0,
easyocr,265,(TYBPC,MYBPC3,0.5,0.6666666666666666,
easyocr,266,,LINC01558,0.0,0.0,
easyocr,267,,PTBP1P,0.0,0.0,
easyocr,268,,RNU4-35P,0.0,0.0,
easyocr,269,Nalcha,NSMCE2,0.16666666666666663,0.16666666666666666,
easyocr,270,IGKVID-[2,IGKV1D-12,0.7777777777777778,0.7777777777777778,
easyocr,271,,RNU6ATAC15P,0.0,0.0,
easyocr,272,RPLEP4,RPL12P4,0.7142857142857143,0.7692307692307693,
easyocr,273,SRDSAI,SRD5A1,0.6666666666666667,0.6666666666666666,
easyocr,274,RPSPGP],RPS26P1,0.5714285714285714,0.5714285714285714,
easyocr,275,,AIDAP2,0.0,0.0,
easyocr,276,COL4A3,COL4A3,1.0,1.0,
easyocr,277,IFNL4,IFNL4,1.0,1.0,
easyocr,278,WDR75,WDR75,1.0,1.0,
easyocr,279,RNISLZ4ZP,RN7SL242P,0.6666666666666667,0.6666666666666666,
easyocr,280,C4 2,CA2,0.5,0.5714285714285714,
easyocr,281,,CMA1,0.0,0.0,yes
easyocr,282,,IKZF1,0.0,0.0,
easyocr,283,SNONdJOB:,SNORD88B,0.4444444444444444,0.47058823529411764,
easyocr,284,,HSD11B1-AS1,0.0,0.0,
easyocr,285,TMEM165,TMEM165,1.0,1.0,
easyocr,286,ZBTBau-ASL,ZBTB47-AS1,0.7,0.7,
easyocr,287,SNX2,SNX2,1.0,1.0,
easyocr,288,C2ort8s,C2orf83,0.7142857142857143,0.7142857142857143,
easyocr,289,DENNDZB-ASl,DENND2B-AS1,0.8181818181818181,0.8181818181818182,
easyocr,290,TXLNGV,TXLNGY,0.8333333333333334,0.8333333333333334,
easyocr,291,B,RIMKLBP2,0.125,0.2222222222222222,
easyocr,292,MAPAK,MAP4K3-DT,0.4444444444444444,0.5714285714285714,
easyocr,293,MIKI297,MIR1297,0.7142857142857143,0.7142857142857143,
easyocr,294,,RNU7-41P,0.0,0.0,
easyocr,295,,TEX21P,0.0,0.0,
easyocr,296,KRTS,KRT18,0.6,0.6666666666666666,
easyocr,297,Loc,RARS1,0.0,0.0,
easyocr,298,MTNDZP36,MTND2P36,0.875,0.875,
easyocr,299,SLC24A3-AST,SLC24A3-AS1,0.9090909090909091,0.9090909090909091,
easyocr,300,RMlt,RMI1,0.5,0.5,
easyocr,301,IGKVBOR2-5,IGKV3OR2-5,0.9,0.9,
easyocr,302,PLEKHAzPi,PLEKHA3P1,0.7777777777777778,0.7777777777777778,
easyocr,303,,SCGB2A2,0.0,0.0,
easyocr,304,RAPTBPT,RAP1BP1,0.7142857142857143,0.7142857142857143,
easyocr,305,OSBLSIF,SSBL3P,0.4285714285714286,0.46153846153846156,
easyocr,306,ARGLUI,ARGLU1,0.8333333333333334,0.8333333333333334,
easyocr,307,LRRNS,LRRN3,0.8,0.8,
easyocr,308,MR54813,MIR548I3,0.75,0.8,
easyocr,309,SNRNP4O,SNRNP40,0.8571428571428572,0.8571428571428571,
easyocr,310,SLC4SA3,SLC45A3,0.8571428571428572,0.8571428571428571,
easyocr,311,,UPP1,0.0,0.0,
easyocr,312,,TRERF1,0.0,0.0,
easyocr,313,,MAP4K5,0.0,0.0,yes
easyocr,314,,SENP1,0.0,0.0,
easyocr,315,DEFB129,DEFB129,1.0,1.0,
easyocr,316,MIR1302-10,MIR1302-10,1.0,1.0,
easyocr,317,,FLNC,0.0,0.0,
easyocr,318,,CA3,0.0,0.0,
easyocr,319,,RN7SL68P,0.0,0.0,
easyocr,320,,HNRNPCP10,0.0,0.0,yes
easyocr,321,,FRZB,0.0,0.0,
easyocr,322,CLK4,CLK4,1.0,1.0,
easyocr,323,TMX,TMX3,0.75,0.8571428571428571,
easyocr,324,RNA5S1?,RNA5S13,0.8571428571428572,0.8571428571428571,
easyocr,325,RPL2opg,RPL26P9,0.5714285714285714,0.5714285714285714,
easyocr,326,,IGHV1-69D,0.0,0.0,
easyocr,327,HOTAIRMi,HOTAIRM1,0.875,0.875,
easyocr,328,SIGLEC31p,SIGLEC31P,0.8888888888888888,0.8888888888888888,
easyocr,329,,IL17D,0.0,0.0,yes
easyocr,330,,DSC3,0.0,0.0,
easyocr,331,NDUFA6-D [,NDUFA6-DT,0.8,0.8421052631578947,
easyocr,332,VBPle},WBP1P2,0.33333333333333337,0.3333333333333333,
easyocr,333,MIR492,MIR492,1.0,1.0,
easyocr,334,OUD,SCD,0.33333333333333337,0.3333333333333333,
easyocr,335,MIR12132,MIR12132,1.0,1.0,
easyocr,336,Metn,RNU7-125P,0.0,0.0,
easyocr,337,,CTNND2,0.0,0.0,
easyocr,338,FRGT,FRG1,0.75,0.75,
easyocr,339,MTNDZP16,MTND2P16,0.875,0.875,
easyocr,340,RAB6A,RAB6A,1.0,1.0,
easyocr,341,dGHV4->,IGHV4-4,0.7142857142857143,0.7142857142857143,
easyocr,342,,MIR6870,0.0,0.0,yes
easyocr,343,,ADAMTS9,0.0,0.0,yes
easyocr,344,OR7EI48P,OR7E148P,0.875,0.875,
easyocr,345,,RPL23AP27,0.0,0.0,
easyocr,346,,HSPA8P17,0.0,0.0,
easyocr,347,RPL29P24,RPL29P24,1.0,1.0,
easyocr,348,TIFAB,TIFAB,1.0,1.0,
easyocr,349,DENNDSh,DENND5B,0.7142857142857143,0.7142857142857143,
easyocr,350,,OR52B2,0.0,0.0,
easyocr,351,BRDZP6,BRD7P6,0.8333333333333334,0.8333333333333334,
easyocr,352,,GNPATP,0.0,0.0,
easyocr,353,RNASSP-72,RNA5SP272,0.7777777777777778,0.7777777777777778,
easyocr,354,SIRTZ,SIRT7,0.8,0.8,
easyocr,355,,PCDHGB2,0.0,0.0,
easyocr,356,LINCo17o,LINC01070,0.6666666666666667,0.7058823529411765,
easyocr,357,ALDH3A2,ALDH3A2,1.0,1.0,
easyocr,358,,KIF19BP,0.0,0.0,yes
easyocr,359,,MIR4645,0.0,0.0,
easyocr,360,TMEM9B-AST,TMEM9B-AS1,0.9,0.9,
easyocr,361,,OSBPL1A,0.0,0.0,
easyocr,362,SMCRS,SMCR5,0.8,0.8,
easyocr,363,,RNU6-823P,0.0,0.0,
easyocr,364,,TIGD5,0.0,0.0,yes
easyocr,365,HIGDIAP9,HIGD1AP9,0.875,0.875,
easyocr,366,,ERVH-1,0.0,0.0,yes
easyocr,367,,PA2G4P2,0.0,0.0,yes
easyocr,368,ORsMzP',OR5M2P,0.5714285714285714,0.6153846153846154,
easyocr,369,ONAJBS,DNAJB5,0.6666666666666667,0.6666666666666666,
easyocr,370,,BICDL3P,0.0,0.0,yes
easyocr,371,,PCMTD1-DT,0.0,0.0,yes
easyocr,372,ATPSFIAP4,ATP5F1AP4,0.7777777777777778,0.7777777777777778,
easyocr,373,FCFI8,FGF18,0.6,0.6,
easyocr,374,RNZSL494P,RN7SL494P,0.8888888888888888,0.8888888888888888,
easyocr,375,,SLC6A2,0.0,0.0,
easyocr,376,Ienno,HAP1,0.0,0.0,
easyocr,377,,RN7SL503P,0.0,0.0,
easyocr,378,COXZC,COX7C,0.8,0.8,
easyocr,379,LINC02926,LINC02926,1.0,1.0,
easyocr,380,,GDF5,0.0,0.0,
easyocr,381,Fut,FNTB,0.25,0.2857142857142857,
easyocr,382,,FRA2D,0.0,0.0,
easyocr,383,RACIP:,RAC1P8,0.6666666666666667,0.6666666666666666,
easyocr,384,APBBZ,APBB2,0.8,0.8,
easyocr,385,,ZDHHC20,0.0,0.0,
easyocr,386,FRBV23-,TRBV23-1,0.75,0.8,
easyocr,387,,RN7SL6P,0.0,0.0,
easyocr,388,ORSMZP,OR5M2P,0.6666666666666667,0.6666666666666666,
easyocr,389,,SCAMP1-AS1,0.0,0.0,
easyocr,390,MTATPoLZ,MTATP8P2,0.625,0.625,
easyocr,391,VzSKP,RN7SKP2,0.4285714285714286,0.5,
easyocr,392,,DUX4L39,0.0,0.0,
easyocr,393,Se,SASH3,0.19999999999999996,0.2857142857142857,
easyocr,394,,CAPSL-DT,0.0,0.0,
easyocr,395,,RPL7AP57,0.0,0.0,
easyocr,396,FBLIMIPI,FBLIM1P1,0.75,0.75,
easyocr,397,RPL23AP27,RPL23AP27,1.0,1.0,
easyocr,398,CAMKID,CAMK1D,0.8333333333333334,0.8333333333333334,
easyocr,399,Pp71P5/,RPL21P57,0.5,0.5333333333333333,
easyocr,400,,SLC7A11,0.0,0.0,
easyocr,401,,SEMA6B,0.0,0.0,yes
easyocr,402,,UQCRHP2,0.0,0.0,yes
easyocr,403,,LCE3D,0.0,0.0,yes
easyocr,404,aln6rt3,LRRC37B,0.0,0.14285714285714285,
easyocr,405,ABCA12,ABCA12,1.0,1.0,
easyocr,406,LINCO1835,LINC01839,0.7777777777777778,0.7777777777777778,
easyocr,407,FAMII1B,FAM111B,0.7142857142857143,0.7142857142857143,
easyocr,408,,PDK1P2,0.0,0.0,
easyocr,409,RBMIZPE,RBM17P1,0.5714285714285714,0.5714285714285714,
easyocr,410,LINC0161,LINC01611,0.8888888888888888,0.9411764705882353,
easyocr,411,,MIR3689F,0.0,0.0,
easyocr,412,PNA5S8478,RNA5SP478,0.7777777777777778,0.7777777777777778,
easyocr,413,RPSSP6,RPS8P6,0.8333333333333334,0.8333333333333334,
easyocr,414,(ofRTTP,PCDHB17P,0.125,0.13333333333333333,
easyocr,415,APzl,AP3D1,0.4,0.4444444444444444,
easyocr,416,-,RPS10P24,0.0,0.0,
easyocr,417,C2orf27A,C2orf27A,1.0,1.0,
easyocr,418,CKSIBPS,CKS1BP5,0.7142857142857143,0.7142857142857143,
easyocr,419,,RMDN2,0.0,0.0,
easyocr,420,HOXC13,HOXC13,1.0,1.0,
easyocr,421,DBNT,DBN1,0.75,0.75,
easyocr,422,DN,SNX7,0.25,0.3333333333333333,
easyocr,423,RNU7-194P,RNU7-194P,1.0,1.0,
easyocr,424,,SLCO4A1-AS2,0.0,0.0,
easyocr,425,PTCDOPO,PTCD2P2,0.7142857142857143,0.7142857142857143,
easyocr,426,,RPS27P19,0.0,0.0,
easyocr,427,#N7Ciod,RN7SL100P,0.2222222222222222,0.25,
easyocr,428,EXOSC3PT,EXOSC3P1,0.875,0.875,
easyocr,429,AeCos,RNU6-293P,0.0,0.0,
easyocr,430,RPI 284025,RPL23AP25,0.5,0.5263157894736842,
easyocr,431,,FYCO1,0.0,0.0,
easyocr,432,,NAALADL2,0.0,0.0,
easyocr,433,,SHQ1,0.0,0.0,
easyocr,434,HELT,HELT,1.0,1.0,
easyocr,435,,ENHO,0.0,0.0,
easyocr,436,LAMTORS-AST,LAMTOR5-AS1,0.8181818181818181,0.8181818181818182,
easyocr,437,MIR6802,MIR6802,1.0,1.0,
easyocr,438,MRGCS,MIR608,0.33333333333333337,0.36363636363636365,
easyocr,439,,RN7SKP132,0.0,0.0,
easyocr,440,ToPuz,TSPO2,0.4,0.4,
easyocr,441,,ARVCF,0.0,0.0,
easyocr,442,F430567E<7,ARPP21-AS1,0.0,0.0,
easyocr,443,,OR4Q3,0.0,0.0,yes
easyocr,444,RNZSL513P,RN7SL513P,0.8888888888888888,0.8888888888888888,
easyocr,445,TGlF 2,TGIF2,0.6666666666666667,0.7272727272727273,
easyocr,446,LHFPLJ,LHFPL5,0.8333333333333334,0.8333333333333334,
easyocr,447,BLOCISA,BLOC1S4,0.7142857142857143,0.7142857142857143,
easyocr,448,,BRF2,0.0,0.0,
easyocr,449,,ADAM21P1,0.0,0.0,
easyocr,450,,EIF3EP1,0.0,0.0,yes
easyocr,451,NDUFASP1O,NDUFA5P10,0.7777777777777778,0.7777777777777778,
easyocr,452,,H3C9P,0.0,0.0,yes
easyocr,453,EIFSE,EIF3E,0.8,0.8,
easyocr,454,TMB,ZIM3,0.25,0.2857142857142857,
easyocr,455,LYPLAL,LYPLAL1,0.8571428571428572,0.9230769230769231,
easyocr,456,MT-NDI,MT-ND1,0.8333333333333334,0.8333333333333334,
easyocr,457,VRA,MRAP,0.5,0.5714285714285714,
easyocr,458,PRKGI-ASI,PRKG1-AS1,0.7777777777777778,0.7777777777777778,
easyocr,459,,FGF7P6,0.0,0.0,
easyocr,460,QAAOP,SAA3P,0.6,0.6,
easyocr,461,,HSD3BP3,0.0,0.0,yes
easyocr,462,ITXN?,TXN2,0.6,0.6666666666666666,
easyocr,463,,BIRC6-AS2,0.0,0.0,
easyocr,464,NANOGNB,NANOGNB,1.0,1.0,
easyocr,465,TRK-CTT,TRK-CTT2-3,0.7,0.8235294117647058,
easyocr,466,Juerbpz,UQCRBP2,0.0,0.0,
easyocr,467,PCDHGB2,PCDHGB2,1.0,1.0,
easyocr,468,ARHGEFS,ARHGEF5,0.8571428571428572,0.8571428571428571,
easyocr,469,,OR6N2,0.0,0.0,yes
easyocr,470,AMY2B,AMY2B,1.0,1.0,
easyocr,471,ADAM2,ADAM2,1.0,1.0,
easyocr,472,GRMS,GRM5,0.75,0.75,
easyocr,473,TXNZP1,TXN2P1,0.8333333333333334,0.8333333333333334,
easyocr,474,,CIDECP1,0.0,0.0,yes
easyocr,475,,PPIAP24,0.0,0.0,
easyocr,476,,USP9YP9,0.0,0.0,
easyocr,477,SCGBID2,SCGB1D2,0.8571428571428572,0.8571428571428571,
easyocr,478,dNAZOP,IFNA20P,0.4285714285714286,0.46153846153846156,
easyocr,479,OR2T34,OR2T34,1.0,1.0,
easyocr,480,,PLIN1,0.0,0.0,
easyocr,481,TMEM147-AST,TMEM147-AS1,0.9090909090909091,0.9090909090909091,
easyocr,482,,SPAG9,0.0,0.0,yes
easyocr,483,MIR323B,MIR323B,1.0,1.0,
easyocr,484,RPLI2P7,RPL12P7,0.8571428571428572,0.8571428571428571,
easyocr,485,LRRFIP2,LRRFIP2,1.0,1.0,
easyocr,486,HNRNPCLI,HNRNPCL1,0.875,0.875,
easyocr,487,CUSPPO,GUSBP6,0.5,0.5,
easyocr,488,TRO-CTG9,TRQ-CTG9-1,0.7,0.7777777777777778,
easyocr,489,,IL7,0.0,0.0,yes
easyocr,490,,MIR10394,0.0,0.0,
easyocr,491,DTWDL,DTWD1,0.8,0.8,
easyocr,492,ERVK3-2,ERVK3-2,1.0,1.0,
easyocr,493,RFNG,RFNG,1.0,1.0,
easyocr,494,,RPL23AP39,0.0,0.0,
easyocr,495,TRO-CTG8-3,TRQ-CTG8-3,0.9,0.9,
easyocr,496,SJM[OFR7Aa3,SNORA16B,0.2727272727272727,0.42105263157894735,
easyocr,497,RTP,RTP1,0.75,0.8571428571428571,
easyocr,498,CTOb,C1QB,0.25,0.25,
easyocr,499,,OR4C16,0.0,0.0,
easyocr,500,JR5+8AN,MIR548AN,0.625,0.6666666666666666,
easyocr,501,,CALD1,0.0,0.0,
easyocr,502,,ZPR1,0.0,0.0,
easyocr,503,TPM3P6,TPM3P6,1.0,1.0,
easyocr,504,[PEXi3,PEX13,0.6666666666666667,0.7272727272727273,
easyocr,505,FBDob,BTBD10P2,0.25,0.3076923076923077,
easyocr,506,LINCo2425,LINC02425,0.8888888888888888,0.8888888888888888,
easyocr,507,SF3AZ,SF3A2,0.8,0.8,
easyocr,508,LIMEL,LIME1,0.8,0.8,
easyocr,509,MIR3130-_,MIR3130-2,0.8888888888888888,0.8888888888888888,
easyocr,510,,MTERF1,0.0,0.0,
easyocr,511,ORGKIF,OR6K1P,0.5,0.5,
easyocr,512,RNU6-61P,RNU6-61P,1.0,1.0,
easyocr,513,R46,TAS2R46,0.4285714285714286,0.6,
easyocr,514,MAVS,MAVS,1.0,1.0,
easyocr,515,LYSMDL,LYSMD1,0.8333333333333334,0.8333333333333334,
easyocr,516,TRB? €,TRBJ2-6,0.4285714285714286,0.46153846153846156,
easyocr,517,,PC,0.0,0.0,
easyocr,518,PDESA,PDE5A,0.8,0.8,
easyocr,519,TCEAI,TCEA1,0.8,0.8,
easyocr,520,,ENY2,0.0,0.0,
easyocr,521,Ta,MIR550B1,0.0,0.0,
easyocr,522,,RNA5SP291,0.0,0.0,
easyocr,523,DUSP9,DUSP9,1.0,1.0,
easyocr,524,,RNU6-590P,0.0,0.0,
easyocr,525,MIR6S1A1,MIR6511A1,0.7777777777777778,0.8235294117647058,
easyocr,526,DGFAS,DLGAP1-AS5,0.4,0.5333333333333333,
easyocr,527,,ADAMTS5,0.0,0.0,yes
easyocr,528,OPLbP ],RPL6P14,0.4285714285714286,0.42857142857142855,
easyocr,529,,LINC01828,0.0,0.0,yes
easyocr,530,RPS_6P3A,RPS26P34,0.75,0.75,
easyocr,531,LINC00868,LINC00868,1.0,1.0,
easyocr,532,NUP35,NUP35,1.0,1.0,
easyocr,533,FBXW9,FBXW9,1.0,1.0,
easyocr,534,LNCQ1395,LINC01395,0.7777777777777778,0.8235294117647058,
easyocr,535,LINC01569,LINC01569,1.0,1.0,
easyocr,536,MIR4497,MIR4497,1.0,1.0,
easyocr,537,,RN7SL297P,0.0,0.0,
easyocr,538,,NSD3,0.0,0.0,
easyocr,539,,SOS1-IT1,0.0,0.0,
easyocr,540,COL6A3,COL6A3,1.0,1.0,
easyocr,541,IeSA,MOSMO,0.19999999999999996,0.2222222222222222,
easyocr,542,,MIR3910-2,0.0,0.0,yes
easyocr,543,ANKRD44-ITI,ANKRD44-IT1,0.9090909090909091,0.9090909090909091,
easyocr,544,6010?,LINC01038,0.33333333333333337,0.42857142857142855,
easyocr,545,,NMTRQ-TTG6-1,0.0,0.0,
easyocr,546,SLC30A9,SLC30A9,1.0,1.0,
easyocr,547,MDR,WDR7,0.5,0.5714285714285714,
easyocr,548,KDMAB,KDM4B,0.8,0.8,
easyocr,549,,ATP13A5-AS1,0.0,0.0,
easyocr,550,PCEDIB,PCED1B,0.8333333333333334,0.8333333333333334,
easyocr,551,1A5SP2O,RNA5SP282,0.5555555555555556,0.625,
easyocr,552,WDR72,WDR72,1.0,1.0,
easyocr,553,,LINC02145,0.0,0.0,
easyocr,554,CAPSL-DT,CAPSL-DT,1.0,1.0,
easyocr,555,NPMP23,NPM1P23,0.8571428571428572,0.9230769230769231,
easyocr,556,,CTDSP2,0.0,0.0,yes
easyocr,557,PNMA6B,PNMA6B,1.0,1.0,
easyocr,558,CEPiz,CEP112,0.5,0.5454545454545454,
easyocr,559,LLt/T8A3 |,CDH18-AS1,0.09999999999999998,0.21052631578947367,
easyocr,560,,TMEM145,0.0,0.0,
easyocr,561,ELOCP6,ELOCP6,1.0,1.0,
easyocr,562,,AQP5,0.0,0.0,yes
easyocr,563,,RN7SL443P,0.0,0.0,
easyocr,564,ZNFTOTPT,ZNF101P1,0.5,0.5,
easyocr,565,LINC01992,LINC01992,1.0,1.0,
easyocr,566,RNU6-326P,RNU6-326P,1.0,1.0,
easyocr,567,CA1SPA,CA15P2,0.6666666666666667,0.6666666666666666,
easyocr,568,RNU6-1027P,RNU6-1027P,1.0,1.0,
easyocr,569,SERPINB6,SERPINB6,1.0,1.0,
easyocr,570,0-,UBA52P7,0.0,0.0,
easyocr,571,,TBC1D3P2,0.0,0.0,
easyocr,572,,RPL32P2,0.0,0.0,
easyocr,573,HBP1O,H3P10,0.6,0.6,
easyocr,574,,CTNNA1P1,0.0,0.0,
easyocr,575,,KLF4P1,0.0,0.0,
easyocr,576,,VN1R21P,0.0,0.0,
easyocr,577,AGOX;,ACOX3,0.6,0.6,
easyocr,578,KNU1-4P,RNU11-4P,0.75,0.8,
easyocr,579,LINCO1318,LINC01318,0.8888888888888888,0.8888888888888888,
easyocr,580,,NXPE4,0.0,0.0,
easyocr,581,NFRSF2),TNFRSF25,0.75,0.8,
easyocr,582,,RNU7-127P,0.0,0.0,
easyocr,583,41614,ATG14,0.4,0.4,
easyocr,584,INTS4PZ,INTS4P2,0.8571428571428572,0.8571428571428571,
easyocr,585,DNMTL,DNM1L,0.8,0.8,
easyocr,586,PIRC52,PIRC54,0.8333333333333334,0.8333333333333334,
easyocr,587,BOR_,BORA,0.75,0.75,
easyocr,588,Sn,SMG1P6,0.16666666666666663,0.25,
easyocr,589,(7roap,UGT2B26P,0.0,0.0,
easyocr,590,IGBPI-ASI,IGBP1-AS1,0.7777777777777778,0.7777777777777778,
easyocr,591,,AKR1B1P6,0.0,0.0,yes
easyocr,592,,DNAJC7,0.0,0.0,
easyocr,593,,DPH6,0.0,0.0,
easyocr,594,4n,SNORA21,0.0,0.0,
easyocr,595,M-OLR,MT-OLR,0.8333333333333334,0.9090909090909091,
easyocr,596,RPLI2P49,RPL12P49,0.875,0.875,
easyocr,597,LINC02828,LINC02828,1.0,1.0,
easyocr,598,CPNES,CPNE3,0.8,0.8,
easyocr,599,(ECTZ,LECT2,0.6,0.6,
easyocr,600,RPSISAP36,RPS15AP36,0.7777777777777778,0.7777777777777778,
easyocr,601,,B3GNT3,0.0,0.0,
easyocr,602,,RN7SKP74,0.0,0.0,
easyocr,603,RnMGsPz=,RNA5SP219,0.2222222222222222,0.23529411764705882,
easyocr,604,LNNCO2926,LINC02943,0.5555555555555556,0.5555555555555556,
easyocr,605,RNU6-6)1,RNU6-621P,0.7777777777777778,0.8235294117647058,
easyocr,606,PUT KS,POT1-AS1,0.375,0.42857142857142855,
easyocr,607,CNORA4 ,SNORA41,0.7142857142857143,0.7142857142857143,
easyocr,608,,EFR3B,0.0,0.0,
easyocr,609,LINC02274,LINC02274,1.0,1.0,
easyocr,610,RNZSKP247,RN7SKP247,0.8888888888888888,0.8888888888888888,
easyocr,611,,MIR197,0.0,0.0,
easyocr,612,CLEC4F,CLEC4F,1.0,1.0,
easyocr,613,PIWILI,PIWIL1,0.8333333333333334,0.8333333333333334,
easyocr,614,,MIR378H,0.0,0.0,
easyocr,615,,KRT18P53,0.0,0.0,
easyocr,616,BTBD ,BTBD9,0.8,0.8,
easyocr,617,(,RNU6-749P,0.0,0.0,
easyocr,618,,LINC01701,0.0,0.0,yes
easyocr,619,BRPPI,BRPF1,0.6,0.6,
easyocr,620,,RNU6-947P,0.0,0.0,yes
easyocr,621,,NR2C2,0.0,0.0,
easyocr,622,,RNA5SP411,0.0,0.0,
easyocr,623,73p3z,H3P32,0.4,0.4,
easyocr,624,RPL1ZP2Z,RPL17P27,0.75,0.75,
easyocr,625,BCRP6,BCRP6,1.0,1.0,
easyocr,626,,IGHD1OR15-1B,0.0,0.0,
easyocr,627,CAMLG,CAMLG,1.0,1.0,
easyocr,628,,GAMTP1,0.0,0.0,yes
easyocr,629,L,RACK1P1,0.0,0.0,
easyocr,630,,SLC34A2,0.0,0.0,yes
easyocr,631,JARID2-AS1,JARID2-AS1,1.0,1.0,
easyocr,632,PEALREP,FAM218BP,0.125,0.13333333333333333,
easyocr,633,,CARMN,0.0,0.0,
easyocr,634,,TMCC1-DT,0.0,0.0,
easyocr,635,DABZIP,DAB2IP,0.8333333333333334,0.8333333333333334,
easyocr,636,BICDZ,BICD2,0.8,0.8,
easyocr,637,,MUC20,0.0,0.0,
easyocr,638,,SPZ1,0.0,0.0,
easyocr,639,~GLRXPZ,GLRXP2,0.7142857142857143,0.7692307692307693,
easyocr,640,CYCSPS9,CYCSP39,0.8571428571428572,0.8571428571428571,
easyocr,641,RNWTSnP21S,RN7SKP213,0.6,0.631578947368421,
easyocr,642,ACMSD,ACMSD,1.0,1.0,
easyocr,643,BBGNT4,B3GNT4,0.8333333333333334,0.8333333333333334,
easyocr,644,,MTCO1P20,0.0,0.0,yes
easyocr,645,RNAJ-8op9,RNA5-8SP9,0.6666666666666667,0.6666666666666666,
easyocr,646,,MT-TG,0.0,0.0,
easyocr,647,PRDM4-ASD,PRDM4-AS1,0.8888888888888888,0.8888888888888888,
easyocr,648,,SERTAD4-AS1,0.0,0.0,yes
easyocr,649,UNCSD,UNC5D,0.8,0.8,
easyocr,650,TRBV8,TRBV8-1,0.7142857142857143,0.8333333333333334,
easyocr,651,CDCAZSEZ,CDC42SE2,0.625,0.625,
easyocr,652,NRXN3,NRXN3,1.0,1.0,
easyocr,653,,ETV7,0.0,0.0,
easyocr,654,LINCo3041,LINC03041,0.8888888888888888,0.8888888888888888,
easyocr,655,,TMEM171,0.0,0.0,
easyocr,656,,GJA6P,0.0,0.0,
easyocr,657,,CLIC5,0.0,0.0,yes
easyocr,658,,TMEM236,0.0,0.0,
easyocr,659,,CUBNP2,0.0,0.0,
easyocr,660,PPLIAPI,RPL14P1,0.4285714285714286,0.42857142857142855,
easyocr,661,,ATM,0.0,0.0,
easyocr,662,,IGHD5-12,0.0,0.0,
easyocr,663,,RNU6-762P,0.0,0.0,
easyocr,664,,TIPRL,0.0,0.0,
easyocr,665,,MIR1283-2,0.0,0.0,yes
easyocr,666,SPCSZP2,SPCS2P2,0.8571428571428572,0.8571428571428571,
easyocr,667,,KBTBD11-AS1,0.0,0.0,yes
easyocr,668,KRT Pec,KRTAP29-1,0.4444444444444444,0.5,
easyocr,669,,RPL7P24,0.0,0.0,yes
easyocr,670,,DIDO1,0.0,0.0,
easyocr,671,,HHATL,0.0,0.0,
easyocr,672,,VCX3B,0.0,0.0,yes
easyocr,673,MTNDZPZE,MTND2P24,0.625,0.625,
easyocr,674,CHL?,FHL2,0.5,0.5,
easyocr,675,Ovo_,NOMO2,0.19999999999999996,0.2222222222222222,
easyocr,676,,RPSAP25,0.0,0.0,
easyocr,677,MR615,MIR615,0.8333333333333334,0.9090909090909091,
easyocr,678,,KPNA4,0.0,0.0,yes
easyocr,679,,RNU6-1076P,0.0,0.0,
easyocr,680,DPPAZE,DPPA2P2,0.5714285714285714,0.6153846153846154,
easyocr,681,,MIR491,0.0,0.0,
easyocr,682,,RNASE11-AS1,0.0,0.0,yes
easyocr,683,NXT2,NXT2,1.0,1.0,
easyocr,684,CCDC19O,CCDC190,0.8571428571428572,0.8571428571428571,
easyocr,685,INUO=,RNU6-1098P,0.19999999999999996,0.26666666666666666,
easyocr,686,Gaeld,RNU6-948P,0.0,0.0,
easyocr,687,,SGTB,0.0,0.0,
easyocr,688,DHH,DHH,1.0,1.0,
easyocr,689,PIRC44,PIRC44,1.0,1.0,
easyocr,690,CGK>,DGKI,0.5,0.5,
easyocr,691,CCNDzP1,CCND2P1,0.8571428571428572,0.8571428571428571,
easyocr,692,65312,USP14,0.19999999999999996,0.2,
easyocr,693,TMEM73,TMEM72,0.8333333333333334,0.8333333333333334,
easyocr,694,,UPF3AP1,0.0,0.0,yes
easyocr,695,MANCR,MANCR,1.0,1.0,
easyocr,696,,HMGN1P12,0.0,0.0,
easyocr,697,,GGTLC3,0.0,0.0,
easyocr,698,RD-GTCz,TRD-GTC2-5,0.6,0.7058823529411765,
easyocr,699,,NAA60,0.0,0.0,
easyocr,700,0N4480,NAA80,0.5,0.5454545454545454,
easyocr,701,,SNORA21B,0.0,0.0,
easyocr,702,Deu6,TMEM67,0.16666666666666663,0.2,
easyocr,703,MIR941-3,MIR941-3,1.0,1.0,
easyocr,704,,LINC02149,0.0,0.0,
easyocr,705,,RNU6-53P,0.0,0.0,
easyocr,706,,RNU6-447P,0.0,0.0,
easyocr,707,RNUA-24pe,RNU4-24P,0.6666666666666667,0.7058823529411765,
easyocr,708,F2,F2,1.0,1.0,
easyocr,709,INc004040-,LINC00440,0.6,0.7368421052631579,
easyocr,710,RNZSL391P,RN7SL391P,0.8888888888888888,0.8888888888888888,
easyocr,711,,B4GALNT4,0.0,0.0,
easyocr,712,RNU6-1222P,RNU6-1222P,1.0,1.0,
easyocr,713,ZNF614,ZNF614,1.0,1.0,
easyocr,714,7TTC38,TTC38,0.8333333333333334,0.9090909090909091,
easyocr,715,L,PHLDA2,0.16666666666666663,0.2857142857142857,
easyocr,716,RHBDL},RHBDL3,0.8333333333333334,0.8333333333333334,
easyocr,717,SCML4,SCML4,1.0,1.0,
easyocr,718,HSP9OAAT,HSP90AA1,0.75,0.75,
easyocr,719,,MTTP,0.0,0.0,
easyocr,720,RCAWMRJE,PGAM3P,0.25,0.2857142857142857,
easyocr,721,,TAF1C,0.0,0.0,
easyocr,722,VcPC-Di-_,SMARCAD1-DT,0.2727272727272727,0.3,
easyocr,723,,ETV2,0.0,0.0,
easyocr,724,,SLC8B1,0.0,0.0,yes
easyocr,725,DDAHZ,DDAH2,0.8,0.8,
easyocr,726,CoinZ,LRFN4,0.0,0.0,
easyocr,727,,FAM234A,0.0,0.0,yes
easyocr,728,C30rf36,C3orf36,0.8571428571428572,0.8571428571428571,
easyocr,729,IGRVD O,IGKV1D-35,0.4444444444444444,0.5,
easyocr,730,,MARCHF11-AS1,0.0,0.0,
easyocr,731,,CGN,0.0,0.0,
easyocr,732,ATPOVOEIPI,ATP6V0E1P4,0.6,0.6,
easyocr,733,LMNBI-DT,LMNB1-DT,0.875,0.875,
easyocr,734,,MARK2P10,0.0,0.0,
easyocr,735,INA48m,LINC02800,0.33333333333333337,0.4,
easyocr,736,RNZSL198P,RN7SL198P,0.8888888888888888,0.8888888888888888,
easyocr,737,,ZNF625,0.0,0.0,
easyocr,738,,P2RX4,0.0,0.0,yes
easyocr,739,,RPL36AP49,0.0,0.0,
easyocr,740,CRX,CRX,1.0,1.0,
easyocr,741,LINCO1398,LINC01398,0.8888888888888888,0.8888888888888888,
easyocr,742,INCAM2,NCAM2,0.8333333333333334,0.9090909090909091,
easyocr,743,ZDHHC9,ZDHHC9,1.0,1.0,
easyocr,744,ZNF785,ZNF785,1.0,1.0,
easyocr,745,,MNDA,0.0,0.0,
easyocr,746,.s,RNU6-864P,0.0,0.0,
easyocr,747,NUP9},NUP93,0.8,0.8,
easyocr,748,PRRTB,PRRT1B,0.8333333333333334,0.9090909090909091,
easyocr,749,,ETAA1,0.0,0.0,
easyocr,750,1/'I' | $,NPIPA8,0.11111111111111116,0.13333333333333333,
easyocr,751,,ATP2B4,0.0,0.0,
easyocr,752,MIR6750,MIR6750,1.0,1.0,
easyocr,753,KIRZDLA,KIR2DL4,0.7142857142857143,0.7142857142857143,
easyocr,754,VOcD,MYOCD,0.4,0.4444444444444444,
easyocr,755,,MIR6722,0.0,0.0,
easyocr,756,,RPSAP11,0.0,0.0,
easyocr,757,RNU7-182P,RNU7-182P,1.0,1.0,
easyocr,758,ASCLH,ASCL5,0.8,0.8,
easyocr,759,m,MYH10,0.0,0.0,
easyocr,760,INC02098,LINC02098,0.8888888888888888,0.9411764705882353,
easyocr,761,SYDE,SYDE1,0.8,0.8888888888888888,
easyocr,762,RNLATAGSF,RNU4ATAC8P,0.5,0.5263157894736842,
easyocr,763,,RAD51AP1,0.0,0.0,
easyocr,764,,LINC01143,0.0,0.0,
easyocr,765,,CPLX4,0.0,0.0,
easyocr,766,,EIF4A1P13,0.0,0.0,
easyocr,767,,CNNM3,0.0,0.0,
easyocr,768,,SLC22A15,0.0,0.0,yes
easyocr,769,,RPS15AP16,0.0,0.0,yes
easyocr,770,IRR-ICGI -,TRR-TCG1-1,0.5,0.6,
easyocr,771,RPL39P35,RPL39P35,1.0,1.0,
easyocr,772,,NUP35P1,0.0,0.0,
easyocr,773,,NKX6-1,0.0,0.0,
easyocr,774,,PDCD2,0.0,0.0,
easyocr,775,,ZNF354C,0.0,0.0,
easyocr,776,ZPAXP,ZPAXP,1.0,1.0,
easyocr,777,TGHVTT-1-1,IGHVII-1-1,0.7,0.7,
easyocr,778,,PKMP2,0.0,0.0,yes
easyocr,779,SCGBSAZ,SCGB3A2,0.7142857142857143,0.7142857142857143,
easyocr,780,DYNLL?-DT,DYNLL2-DT,0.8888888888888888,0.8888888888888888,
easyocr,781,,GTF2IP3,0.0,0.0,yes
easyocr,782,73_NVEFZ,PRAMEF26,0.125,0.25,
easyocr,783,RNTAFCneie,RNA5SP333,0.30000000000000004,0.3157894736842105,
easyocr,784,,UEVLD,0.0,0.0,yes
easyocr,785,,PIGO,0.0,0.0,
easyocr,786,GLL,VGLL1,0.6,0.75,
easyocr,787,,ADSS2,0.0,0.0,
easyocr,788,SLC6A18,SLC6A18,1.0,1.0,
easyocr,789,BHPRH,SHPRH,0.8,0.8,
easyocr,790,MICYBP,MTCYBP2,0.7142857142857143,0.7692307692307693,
easyocr,791,ENTPD3-ASI,ENTPD3-AS1,0.9,0.9,
easyocr,792,,RNA5SP405,0.0,0.0,yes
easyocr,793,RNUT- Io0p,RNU1-100P,0.5,0.5263157894736842,
easyocr,794,SNORA49,SNORA49,1.0,1.0,
easyocr,795,TUI PBDI,TULP3P1,0.375,0.4,
easyocr,796,TOE1,TOE1,1.0,1.0,
easyocr,797,,NUDT19P4,0.0,0.0,
easyocr,798,LINC0204,LINC02047,0.8888888888888888,0.9411764705882353,
easyocr,799,LINC006021,LINC00602,0.9,0.9473684210526315,
easyocr,800,,SLC35G3,0.0,0.0,
easyocr,801,,BLTP3A,0.0,0.0,
easyocr,802,NIPBp,BNIP3P17,0.375,0.46153846153846156,
easyocr,803,HCARa,HCAR2,0.8,0.8,
easyocr,804,III589],MIR5189,0.4285714285714286,0.5714285714285714,
easyocr,805,SMO,SMC2,0.5,0.5714285714285714,
easyocr,806,,OR7C2,0.0,0.0,yes
easyocr,807,,RPL37AP7,0.0,0.0,
easyocr,808,GPR6I,GPR61,0.8,0.8,
easyocr,809,OR4QIP,OR4Q1P,0.8333333333333334,0.8333333333333334,
easyocr,810,CT47ATT,CT47A11,0.7142857142857143,0.7142857142857143,
easyocr,811,,RAD18,0.0,0.0,yes
easyocr,812,RPLAIPIOS,RPL21P102,0.4444444444444444,0.4444444444444444,
easyocr,813,LRRC3B,LRRC3B,1.0,1.0,
easyocr,814,,PIM1,0.0,0.0,
easyocr,815,,NXF4,0.0,0.0,
easyocr,816,ANEP,RANP1,0.4,0.6666666666666666,
easyocr,817,LV-AS',KCNJ5-AS1,0.33333333333333337,0.4,
easyocr,818,1,POLR3GL,0.0,0.0,
easyocr,819,KPLIAPLJ,RPL7AP23,0.5,0.5,
easyocr,820,,RNU6-1289P,0.0,0.0,yes
easyocr,821,CENPS-CORT,CENPS-CORT,1.0,1.0,
easyocr,822,MSRB,MSRB1,0.8,0.8888888888888888,
easyocr,823,VTRNAZ-I,VTRNA2-1,0.75,0.75,
easyocr,824,PINI-DT,PIN1-DT,0.8571428571428572,0.8571428571428571,
easyocr,825,MI-TI,MT-TI,0.8,0.8,
easyocr,826,,B4GAT1,0.0,0.0,
easyocr,827,METSTI-AS3,MEIS1-AS3,0.7,0.7368421052631579,
easyocr,828,,ACSM2A,0.0,0.0,
easyocr,829,0s4,H3-4,0.25,0.2857142857142857,
easyocr,830,MEMZAS,TMEM245,0.4285714285714286,0.46153846153846156,
easyocr,831,GALS9B,LGALS9B,0.8571428571428572,0.9230769230769231,
easyocr,832,SLCTAAI,SLC19A1,0.5714285714285714,0.5714285714285714,
easyocr,833,CRHRI,CRHR1,0.8,0.8,
easyocr,834,FARZP2,FAR2P2,0.8333333333333334,0.8333333333333334,
easyocr,835,DNCUZN,LINC01411,0.2222222222222222,0.26666666666666666,
easyocr,836,OLBFS,ULBP2,0.4,0.4,
easyocr,837,,PAFAH1B2P2,0.0,0.0,yes
easyocr,838,,SPINT4,0.0,0.0,
easyocr,839,SLC3561,SLC35G1,0.8571428571428572,0.8571428571428571,
easyocr,840,,PHB1P17,0.0,0.0,
easyocr,841,,PRR34-AS1,0.0,0.0,
easyocr,842,OPiOTID,OR10T1P,0.2857142857142857,0.2857142857142857,
easyocr,843,TTPIN,TIPIN,0.8,0.8,
easyocr,844,U ! _,IGKV2-18,0.0,0.0,
easyocr,845,EOLA2,EOLA2,1.0,1.0,
easyocr,846,MEGRO,MEGF6,0.6,0.6,
easyocr,847,HMGB;P2o,HMGB3P20,0.75,0.75,
easyocr,848,ASIC5,ASIC5,1.0,1.0,
easyocr,849,FAM229A,FAM229A,1.0,1.0,
easyocr,850,,RNU7-154P,0.0,0.0,
easyocr,851,RNIU6-B TIP,RNU6-311P,0.5454545454545454,0.6,
easyocr,852,QTRT2,QTRT2,1.0,1.0,
easyocr,853,,SERPINA7,0.0,0.0,
easyocr,854,,AS3MT,0.0,0.0,
easyocr,855,,RNU6-888P,0.0,0.0,
easyocr,856,SKM,SMIM7,0.4,0.5,
easyocr,857,,TRQ-TTG2-1,0.0,0.0,
easyocr,858,F4M3C,FAM3C,0.8,0.8,
easyocr,859,TRBV5-2,TRBV5-2,1.0,1.0,
easyocr,860,RNAS-8SP6,RNA5-8SP6,0.8888888888888888,0.8888888888888888,
easyocr,861,,PHC1,0.0,0.0,
easyocr,862,EPCAM-DT,EPCAM-DT,1.0,1.0,
easyocr,863,MYNN,MYNN,1.0,1.0,
easyocr,864,URGCPI,URGCP,0.8333333333333334,0.9090909090909091,
easyocr,865,RNU6-194P,RNU6-194P,1.0,1.0,
easyocr,866,TUBAP14,TUBAP14,1.0,1.0,
easyocr,867,MIR6OT,MIR601,0.6666666666666667,0.6666666666666666,
easyocr,868,,TACO1,0.0,0.0,
easyocr,869,ZNF652P1,ZNF652P1,1.0,1.0,
easyocr,870,RPL 234024,RPL23AP24,0.7,0.7368421052631579,
easyocr,871,H3C13,H3C13,1.0,1.0,
easyocr,872,LINCO1078,LINC01078,0.8888888888888888,0.8888888888888888,
easyocr,873,,RNA5SP187,0.0,0.0,
easyocr,874,DENNDIA,DENND1A,0.8571428571428572,0.8571428571428571,
easyocr,875,TMEN{7,TMEM171,0.5714285714285714,0.6153846153846154,
easyocr,876,SNRPB,SNRPB,1.0,1.0,
easyocr,877,,RNU2-55P,0.0,0.0,
easyocr,878,MA(,MAGT1,0.4,0.5,
easyocr,879,,ISCA1P3,0.0,0.0,
easyocr,880,,MIR548AM,0.0,0.0,
easyocr,881,BPSE628,RPS26P28,0.625,0.6666666666666666,
easyocr,882,Ioj,MIR6511B2,0.11111111111111116,0.16666666666666666,
easyocr,883,BSGAA,B3GALT5,0.4285714285714286,0.5,
easyocr,884,IFITM3P6 ,IFITM3P6,0.8888888888888888,0.9411764705882353,
easyocr,885,RNUov,RNU6V,0.6,0.6,
easyocr,886,,TSPAN18-AS1,0.0,0.0,
easyocr,887,AGBL5,AGBL5,1.0,1.0,
easyocr,888,ALGS,ALG5,0.75,0.75,
easyocr,889,,RNU6-718P,0.0,0.0,
easyocr,890,"VT,BI",MYO5BP3,0.1428571428571429,0.16666666666666666,
easyocr,891,,RNF111,0.0,0.0,yes
easyocr,892,PTGIS,PTGIS,1.0,1.0,
easyocr,893,RNUG 651/',RNU6-653P,0.5,0.5263157894736842,
easyocr,894,LRRC3TAIZP,LRRC37A17P,0.7,0.7,
easyocr,895,,PCDH9,0.0,0.0,yes
easyocr,896,,KIAA0040,0.0,0.0,
easyocr,897,SLC T8A2-AST,SLC18A2-AS1,0.75,0.782608695652174,
easyocr,898,,SULF1,0.0,0.0,
easyocr,899,,LINC01050,0.0,0.0,
easyocr,900,,KBTBD4,0.0,0.0,
easyocr,901,CIRL-ASI,C1RL-AS1,0.75,0.75,
easyocr,902,'ea,HSPA1A,0.0,0.0,
easyocr,903,,FAM166B,0.0,0.0,
easyocr,904,FFILI,PPIL4,0.4,0.4,
easyocr,905,,OR55B1P,0.0,0.0,yes
easyocr,906,ANKHDI-EIFAEBP:,ANKHD1-EIF4EBP3,0.8,0.8,
easyocr,907,,ATG4C,0.0,0.0,
easyocr,908,,IGHVIII-25-1,0.0,0.0,
easyocr,909,CIDECPI,CIDECP1,0.8571428571428572,0.8571428571428571,
easyocr,910,ASBoPi,ASB9P1,0.6666666666666667,0.6666666666666666,
easyocr,911,ILIINICU1604,LINC01864,0.5,0.6666666666666666,
easyocr,912,RNA5SP530,RNA5SP530,1.0,1.0,
easyocr,913,TY2U,TTTY20,0.5,0.6,
easyocr,914,,GTF2IP14,0.0,0.0,yes
easyocr,915,,RPS10P12,0.0,0.0,
easyocr,916,1,AGAP9,0.0,0.0,
easyocr,917,RPL19P1d,RPL19P10,0.875,0.875,
easyocr,918,,RPL31P57,0.0,0.0,
easyocr,919,"(J7 x""",DPPA3P1,0.0,0.0,
easyocr,920,,UGT1A2P,0.0,0.0,yes
easyocr,921,RNZSI 97p,RN7SL97P,0.5555555555555556,0.5882352941176471,
easyocr,922,GRAMDZB,GRAMD2B,0.8571428571428572,0.8571428571428571,
easyocr,923,RNUAATACSP,RNU4ATAC5P,0.8,0.8,
easyocr,924,PLBi,PLB1,0.75,0.75,
easyocr,925,RBPJL,RBPJL,1.0,1.0,
easyocr,926,,EIF3D,0.0,0.0,
easyocr,927,TGCLNNL,ST6GALNAC5,0.4,0.47058823529411764,
easyocr,928,RPPzo,RPP30,0.6,0.6,
easyocr,929,RPLI9PS,RPL19P5,0.7142857142857143,0.7142857142857143,
easyocr,930,,STX4,0.0,0.0,
easyocr,931,,GOLGA8B,0.0,0.0,
easyocr,932,,JADE1,0.0,0.0,
easyocr,933,Ilr6gte,MIR6801,0.1428571428571429,0.2857142857142857,
easyocr,934,IERZ,IER2,0.75,0.75,
easyocr,935,,OR7E46P,0.0,0.0,yes
easyocr,936,ZSCAN32,ZSCAN32,1.0,1.0,
easyocr,937,ORIOPT,OR10P1,0.5,0.5,
easyocr,938,,CEBPE,0.0,0.0,
easyocr,939,Dd4,RORA,0.0,0.0,
easyocr,940,IRXC,IRX6,0.75,0.75,
easyocr,941,,TENT4A,0.0,0.0,
easyocr,942,377937771,PTPRZ1,0.11111111111111116,0.13333333333333333,
easyocr,943,,ANGEL1,0.0,0.0,yes
easyocr,944,TUB-AS1,TUB-AS1,1.0,1.0,
easyocr,945,USPAC,USP49,0.6,0.6,
easyocr,946,FMENi29,TMEM129,0.5714285714285714,0.5714285714285714,
easyocr,947,SBFz-ASI,SBF2-AS1,0.75,0.75,
easyocr,948,TRG-CCC3-1,TRG-CCC3-1,1.0,1.0,
easyocr,949,,H2BP7,0.0,0.0,
easyocr,950,,IGKV6-21,0.0,0.0,
easyocr,951,DNAIC15,DNAJC15,0.8571428571428572,0.8571428571428571,
easyocr,952,LMLML-DI,TMEM11-DT,0.4444444444444444,0.47058823529411764,
easyocr,953,,PPY,0.0,0.0,yes
easyocr,954,{zSKP299,RN7SKP299,0.6666666666666667,0.7058823529411765,
easyocr,955,,MYO18B-AS1,0.0,0.0,
easyocr,956,PRSS2,PRSS21,0.8333333333333334,0.9090909090909091,
easyocr,957,TBC1D3K,TBC1D3K,1.0,1.0,
easyocr,958,,KAZN,0.0,0.0,
easyocr,959,FL2Y,RPL23AP2,0.25,0.3333333333333333,
easyocr,960,IFNAS,IFNA5,0.8,0.8,
easyocr,961,,TNFRSF10D,0.0,0.0,
easyocr,962,CRACRRA,CRACR2A,0.8571428571428572,0.8571428571428571,
easyocr,963,MPPSIOPI,MRPS10P1,0.5,0.5,
easyocr,964,,PODXL2,0.0,0.0,yes
easyocr,965,GTFzHs,GTF2H5,0.6666666666666667,0.6666666666666666,
easyocr,966,TNFRSF IB,TNFRSF1B,0.7777777777777778,0.8235294117647058,
easyocr,967,,IFITM3P8,0.0,0.0,yes
easyocr,968,KRTRD-AS,KBTBD11-AS1,0.5454545454545454,0.631578947368421,
easyocr,969,SRGAP2C,SRGAP2C,1.0,1.0,
easyocr,970,BOLA2,BOLA2,1.0,1.0,
easyocr,971,,RN7SKP147,0.0,0.0,
easyocr,972,,METTL17,0.0,0.0,
easyocr,973,MIRS48AM,MIR548AM,0.875,0.875,
easyocr,974,OR4EL,OR4E1,0.8,0.8,
easyocr,975,,TOMM40P2,0.0,0.0,yes
easyocr,976,KLHL26,KLHL26,1.0,1.0,
easyocr,977,,ERVK11-1,0.0,0.0,yes
easyocr,978,,RNU6-379P,0.0,0.0,
easyocr,979,,HERC2P1,0.0,0.0,
easyocr,980,HNRNPRPI,HNRNPRP1,0.875,0.875,
easyocr,981,EGELIPS,ECEL1P3,0.5714285714285714,0.5714285714285714,
easyocr,982,,OR2AK2,0.0,0.0,
easyocr,983,,DTX2,0.0,0.0,
easyocr,984,TMEM226,TMEM223,0.8571428571428572,0.8571428571428571,
easyocr,985,,HCG4P5,0.0,0.0,
easyocr,986,RPL2IPSS,RPL21P55,0.625,0.625,
easyocr,987,MIR2OS2HG,MIR2052HG,0.7777777777777778,0.7777777777777778,
easyocr,988,RNASSPTu8,RNA5SP108,0.6666666666666667,0.6666666666666666,
easyocr,989,1302 -,MIR1302-5,0.4444444444444444,0.6666666666666666,
easyocr,990,RPPL36Po7,RPL36P17,0.7777777777777778,0.8235294117647058,
easyocr,991,'NDCHTN,FNDC1-IT1,0.4444444444444444,0.5,
easyocr,992,MIR3976HG,MIR3976HG,1.0,1.0,
easyocr,993,LINCO12Z8,LINC01228,0.7777777777777778,0.7777777777777778,
easyocr,994,RNU6-378P,RNU6-378P,1.0,1.0,
easyocr,995,,RAX2,0.0,0.0,
easyocr,996,,MIR1263,0.0,0.0,yes
easyocr,997,MTNDIPS,MTND1P5,0.7142857142857143,0.7142857142857143,
easyocr,998,)TRK},DYRK3,0.4,0.4,
easyocr,999,FRAI9B,FRA19B,0.8333333333333334,0.8333333333333334,
