[{"model": "easyocr", "score": {"char_recall": 0.4831, "char_precision": 0.779, "word_acc": 0.115, "word_acc_ignore_case": 0.135, "word_acc_ignore_case_symbol": 0.148, "1-N.E.D": 0.479}, "predictions": [{"prediction": "~TSGzYj", "ground truth": "vTS6zYj", "image path": "test_imgs/0.jpg"}, {"prediction": "TupRaln", "ground truth": "qqgRa1r", "image path": "test_imgs/1.jpg"}, {"prediction": "", "ground truth": "R4rgKRG", "image path": "test_imgs/2.jpg"}, {"prediction": "ciGd8xr", "ground truth": "c1Gd8xr", "image path": "test_imgs/3.jpg"}, {"prediction": "g8HUZLE", "ground truth": "g8HGzEE", "image path": "test_imgs/4.jpg"}, {"prediction": "", "ground truth": "2pHlbP7", "image path": "test_imgs/5.jpg"}, {"prediction": "", "ground truth": "ZheF93m", "image path": "test_imgs/6.jpg"}, {"prediction": "", "ground truth": "YqGiBJf", "image path": "test_imgs/7.jpg"}, {"prediction": ";;", "ground truth": "QC4vmRI", "image path": "test_imgs/8.jpg"}, {"prediction": "[9y5x1YK", "ground truth": "9y5x1YK", "image path": "test_imgs/9.jpg"}, {"prediction": "NOcsT9j", "ground truth": "NO23t9j", "image path": "test_imgs/10.jpg"}, {"prediction": "xOZNua", "ground truth": "xOZNuaI", "image path": "test_imgs/11.jpg"}, {"prediction": "", "ground truth": "Zl6WL-B", "image path": "test_imgs/12.jpg"}, {"prediction": "", "ground truth": "RpxNMy0", "image path": "test_imgs/13.jpg"}, {"prediction": "", "ground truth": "HPYDI4c", "image path": "test_imgs/14.jpg"}, {"prediction": "", "ground truth": "qcg09ve", "image path": "test_imgs/15.jpg"}, {"prediction": "", "ground truth": "v3aMWaI", "image path": "test_imgs/16.jpg"}, {"prediction": "Laonrt", "ground truth": "l-aQnrt", "image path": "test_imgs/17.jpg"}, {"prediction": "", "ground truth": "L21HfOE", "image path": "test_imgs/18.jpg"}, {"prediction": "OGPxldc", "ground truth": "oGPxldC", "image path": "test_imgs/19.jpg"}, {"prediction": "3sm2zja", "ground truth": "3sm2zja", "image path": "test_imgs/20.jpg"}, {"prediction": "nLgjSNN", "ground truth": "nZgjSNN", "image path": "test_imgs/21.jpg"}, {"prediction": "", "ground truth": "sSrX-hj", "image path": "test_imgs/22.jpg"}, {"prediction": "Fivbsar", "ground truth": "Y-vb5ax", "image path": "test_imgs/23.jpg"}, {"prediction": "", "ground truth": "nXcJtrx", "image path": "test_imgs/24.jpg"}, {"prediction": "84wOKIA", "ground truth": "84wQKlA", "image path": "test_imgs/25.jpg"}, {"prediction": "", "ground truth": "Tm8kH9d", "image path": "test_imgs/26.jpg"}, {"prediction": "Kc)", "ground truth": "yIpM1YO", "image path": "test_imgs/27.jpg"}, {"prediction": "", "ground truth": "UkstCk6", "image path": "test_imgs/28.jpg"}, {"prediction": "VVKOOGOMV", "ground truth": "WkQOGbM", "image path": "test_imgs/29.jpg"}, {"prediction": "McRmzll:", "ground truth": "McRmzlL", "image path": "test_imgs/30.jpg"}, {"prediction": "RtSsw/", "ground truth": "8xxSsv1", "image path": "test_imgs/31.jpg"}, {"prediction": "Fiedtnt", "ground truth": "RKcB7DY", "image path": "test_imgs/32.jpg"}, {"prediction": "ZIWIsDZ", "ground truth": "ZlWIsDZ", "image path": "test_imgs/33.jpg"}, {"prediction": "", "ground truth": "hceQvr6", "image path": "test_imgs/34.jpg"}, {"prediction": "opDAc", "ground truth": "Uopbxqc", "image path": "test_imgs/35.jpg"}, {"prediction": "", "ground truth": "MZx7C7J", "image path": "test_imgs/36.jpg"}, {"prediction": "", "ground truth": "aN0giM8", "image path": "test_imgs/37.jpg"}, {"prediction": "SoFanks", "ground truth": "soFaNkS", "image path": "test_imgs/38.jpg"}, {"prediction": "", "ground truth": "EHZ9lxl", "image path": "test_imgs/39.jpg"}, {"prediction": "", "ground truth": "LXjRAFS", "image path": "test_imgs/40.jpg"}, {"prediction": "YaEGl5o", "ground truth": "YaFGI5o", "image path": "test_imgs/41.jpg"}, {"prediction": "", "ground truth": "Hw9LRfB", "image path": "test_imgs/42.jpg"}, {"prediction": "", "ground truth": "LtMh82c", "image path": "test_imgs/43.jpg"}, {"prediction": "WphodC", "ground truth": "WphodCL", "image path": "test_imgs/44.jpg"}, {"prediction": "VHI 0 U", "ground truth": "yHw7oO3", "image path": "test_imgs/45.jpg"}, {"prediction": "QB9rUAk", "ground truth": "QB9rUAk", "image path": "test_imgs/46.jpg"}, {"prediction": "Me1407", "ground truth": "-Me14O7", "image path": "test_imgs/47.jpg"}, {"prediction": "", "ground truth": "brnOOOD", "image path": "test_imgs/48.jpg"}, {"prediction": "6LZDDAj", "ground truth": "6L7DDAf", "image path": "test_imgs/49.jpg"}, {"prediction": "24Z2BfS", "ground truth": "zqZ2BfS", "image path": "test_imgs/50.jpg"}, {"prediction": "", "ground truth": "EpvLOwg", "image path": "test_imgs/51.jpg"}, {"prediction": "WkQJOrx", "ground truth": "WkQJOrx", "image path": "test_imgs/52.jpg"}, {"prediction": "TNODPKA", "ground truth": "rN9DPKA", "image path": "test_imgs/53.jpg"}, {"prediction": "JIWpEYN", "ground truth": "jiWpEYN", "image path": "test_imgs/54.jpg"}, {"prediction": "UeV6Vg", "ground truth": "I-Vi6V9", "image path": "test_imgs/55.jpg"}, {"prediction": "pFw]vju", "ground truth": "pPw1Vju", "image path": "test_imgs/56.jpg"}, {"prediction": "RP-8xfL", "ground truth": "RP-8xfL", "image path": "test_imgs/57.jpg"}, {"prediction": "0YipF?", "ground truth": "0YipF9B", "image path": "test_imgs/58.jpg"}, {"prediction": "XcY oLAR", "ground truth": "XrYoLAg", "image path": "test_imgs/59.jpg"}, {"prediction": "Jobi F", "ground truth": "9ObwyF-", "image path": "test_imgs/60.jpg"}, {"prediction": "ibJGtsR", "ground truth": "ibJGt5R", "image path": "test_imgs/61.jpg"}, {"prediction": "SmEoZUQ", "ground truth": "5mEoZUQ", "image path": "test_imgs/62.jpg"}, {"prediction": "", "ground truth": "fRgX0dQ", "image path": "test_imgs/63.jpg"}, {"prediction": "ZLptzPz", "ground truth": "zLptzR2", "image path": "test_imgs/64.jpg"}, {"prediction": "JpC", "ground truth": "dkkwup0", "image path": "test_imgs/65.jpg"}, {"prediction": "URMqiDu]", "ground truth": "URMqiDu", "image path": "test_imgs/66.jpg"}, {"prediction": "", "ground truth": "sT77bIm", "image path": "test_imgs/67.jpg"}, {"prediction": "Ozjziu8", "ground truth": "523zTU8", "image path": "test_imgs/68.jpg"}, {"prediction": "@Ynb-d", "ground truth": "ayqyb-d", "image path": "test_imgs/69.jpg"}, {"prediction": "", "ground truth": "PPRc8cP", "image path": "test_imgs/70.jpg"}, {"prediction": "IOOo5JX", "ground truth": "l0Oo5JX", "image path": "test_imgs/71.jpg"}, {"prediction": "", "ground truth": "tZube6W", "image path": "test_imgs/72.jpg"}, {"prediction": "KJSXuOf", "ground truth": "KJ5Xu0f", "image path": "test_imgs/73.jpg"}, {"prediction": "", "ground truth": "LJcxQwF", "image path": "test_imgs/74.jpg"}, {"prediction": "niYy", "ground truth": "n11nYm7", "image path": "test_imgs/75.jpg"}, {"prediction": "", "ground truth": "qJT8jXQ", "image path": "test_imgs/76.jpg"}, {"prediction": "OLIXORC", "ground truth": "pt1XQRC", "image path": "test_imgs/77.jpg"}, {"prediction": "yIkxVTY", "ground truth": "yIkxVTY", "image path": "test_imgs/78.jpg"}, {"prediction": "PbntXS)", "ground truth": "PbntXS-", "image path": "test_imgs/79.jpg"}, {"prediction": "TeOWMEE", "ground truth": "7e6wMEE", "image path": "test_imgs/80.jpg"}, {"prediction": "", "ground truth": "TKTEsuM", "image path": "test_imgs/81.jpg"}, {"prediction": "DUlNkl", "ground truth": "50TNkd7", "image path": "test_imgs/82.jpg"}, {"prediction": "otb5IOS", "ground truth": "otb51QS", "image path": "test_imgs/83.jpg"}, {"prediction": "21S1-Al", "ground truth": "21srAhI", "image path": "test_imgs/84.jpg"}, {"prediction": "FwtcdKu", "ground truth": "7wtcdKu", "image path": "test_imgs/85.jpg"}, {"prediction": "ELL ZhBL", "ground truth": "2H1ZhBH", "image path": "test_imgs/86.jpg"}, {"prediction": "", "ground truth": "G6OG1YG", "image path": "test_imgs/87.jpg"}, {"prediction": "Hpr KatU", "ground truth": "HprKqtU", "image path": "test_imgs/88.jpg"}, {"prediction": "Pc%fcjM", "ground truth": "Pc9fcjM", "image path": "test_imgs/89.jpg"}, {"prediction": "L4", "ground truth": "vs9kooB", "image path": "test_imgs/90.jpg"}, {"prediction": "", "ground truth": "Z5eGiYd", "image path": "test_imgs/91.jpg"}, {"prediction": "GfoXqeY", "ground truth": "GfoXqeY", "image path": "test_imgs/92.jpg"}, {"prediction": "IYxYZNK", "ground truth": "lYxY7NK", "image path": "test_imgs/93.jpg"}, {"prediction": "WElahqE", "ground truth": "wElqhqB", "image path": "test_imgs/94.jpg"}, {"prediction": "WFDsoDO", "ground truth": "WFDs6DO", "image path": "test_imgs/95.jpg"}, {"prediction": "", "ground truth": "ZYkvXnh", "image path": "test_imgs/96.jpg"}, {"prediction": "", "ground truth": "rNxOUGw", "image path": "test_imgs/97.jpg"}, {"prediction": "6PkWEF4", "ground truth": "6PkWEF4", "image path": "test_imgs/98.jpg"}, {"prediction": "JEcHIB", "ground truth": "iEc3tB-", "image path": "test_imgs/99.jpg"}, {"prediction": "oyHXZtD", "ground truth": "oyHXZtD", "image path": "test_imgs/100.jpg"}, {"prediction": "MzqroHW", "ground truth": "mzqr9HW", "image path": "test_imgs/101.jpg"}, {"prediction": "OqwizaM", "ground truth": "OqwizaM", "image path": "test_imgs/102.jpg"}, {"prediction": "OrpknN", "ground truth": "OrPkhkS", "image path": "test_imgs/103.jpg"}, {"prediction": "BdbSXpo", "ground truth": "BdbSXp0", "image path": "test_imgs/104.jpg"}, {"prediction": "2dxOhH7", "ground truth": "2dxOhH7", "image path": "test_imgs/105.jpg"}, {"prediction": "Mtocliv", "ground truth": "Mt0cIiy", "image path": "test_imgs/106.jpg"}, {"prediction": "NSGLgfe", "ground truth": "N8GLgf8", "image path": "test_imgs/107.jpg"}, {"prediction": "XdRGuZD", "ground truth": "xdRGuZD", "image path": "test_imgs/108.jpg"}, {"prediction": "", "ground truth": "LxyF2MS", "image path": "test_imgs/109.jpg"}, {"prediction": "", "ground truth": "OIG4mA0", "image path": "test_imgs/110.jpg"}, {"prediction": "BaL 6MIH", "ground truth": "BaL6MlH", "image path": "test_imgs/111.jpg"}, {"prediction": "", "ground truth": "vaND87j", "image path": "test_imgs/112.jpg"}, {"prediction": "VBzYySH", "ground truth": "V8zYy3H", "image path": "test_imgs/113.jpg"}, {"prediction": "5-rg06z", "ground truth": "5-rg06z", "image path": "test_imgs/114.jpg"}, {"prediction": "49z [ Sc", "ground truth": "l93T8cN", "image path": "test_imgs/115.jpg"}, {"prediction": "chpojib", "ground truth": "xhp6jiB", "image path": "test_imgs/116.jpg"}, {"prediction": "YCySU[y", "ground truth": "YC930t9", "image path": "test_imgs/117.jpg"}, {"prediction": "vX-IOxh", "ground truth": "vX-10xh", "image path": "test_imgs/118.jpg"}, {"prediction": "", "ground truth": "pHBGnUx", "image path": "test_imgs/119.jpg"}, {"prediction": "", "ground truth": "LJ6SEpD", "image path": "test_imgs/120.jpg"}, {"prediction": "", "ground truth": "tQwLZch", "image path": "test_imgs/121.jpg"}, {"prediction": "", "ground truth": "TEXpMcg", "image path": "test_imgs/122.jpg"}, {"prediction": "", "ground truth": "nzwnUP9", "image path": "test_imgs/123.jpg"}, {"prediction": "vTuJsc", "ground truth": "vTuJ5C1", "image path": "test_imgs/124.jpg"}, {"prediction": "Fl4m01z", "ground truth": "sAqmOTZ", "image path": "test_imgs/125.jpg"}, {"prediction": "HfCwl-F", "ground truth": "HfCwl-j", "image path": "test_imgs/126.jpg"}, {"prediction": "", "ground truth": "9lx3cDt", "image path": "test_imgs/127.jpg"}, {"prediction": "byHZMOx", "ground truth": "6yH7MOx", "image path": "test_imgs/128.jpg"}, {"prediction": "eno", "ground truth": "1tghgXb", "image path": "test_imgs/129.jpg"}, {"prediction": "soEhSkC", "ground truth": "soEhSkC", "image path": "test_imgs/130.jpg"}, {"prediction": "p8Plapq", "ground truth": "p8Plapq", "image path": "test_imgs/131.jpg"}, {"prediction": "LL3xoUs", "ground truth": "uZ3xovs", "image path": "test_imgs/132.jpg"}, {"prediction": "9vP-Ieq", "ground truth": "9vP-Ieq", "image path": "test_imgs/133.jpg"}, {"prediction": "JtSHMSJ", "ground truth": "jt5HMSJ", "image path": "test_imgs/134.jpg"}, {"prediction": "Ug4y--R", "ground truth": "Ug4y--R", "image path": "test_imgs/135.jpg"}, {"prediction": "", "ground truth": "HFc8Mbt", "image path": "test_imgs/136.jpg"}, {"prediction": "63g01Ep ", "ground truth": "63goIEp", "image path": "test_imgs/137.jpg"}, {"prediction": "VmaxGHC", "ground truth": "vmgxGHC", "image path": "test_imgs/138.jpg"}, {"prediction": "@FVEf;", "ground truth": "dFVEfmg", "image path": "test_imgs/139.jpg"}, {"prediction": "unkdeuml", "ground truth": "7hKdeum", "image path": "test_imgs/140.jpg"}, {"prediction": "ZduDLZt", "ground truth": "7duDL7t", "image path": "test_imgs/141.jpg"}, {"prediction": "", "ground truth": "n14k77L", "image path": "test_imgs/142.jpg"}, {"prediction": "Sxtolka", "ground truth": "SxfoJkq", "image path": "test_imgs/143.jpg"}, {"prediction": "pKRBTV", "ground truth": "pKRBfv7", "image path": "test_imgs/144.jpg"}, {"prediction": "776b4Mm", "ground truth": "776b4Mm", "image path": "test_imgs/145.jpg"}, {"prediction": "(Vuluz)", "ground truth": "tVuluzJ", "image path": "test_imgs/146.jpg"}, {"prediction": "OZWQkFE", "ground truth": "pZWQkFe", "image path": "test_imgs/147.jpg"}, {"prediction": "", "ground truth": "Ntz4MQ8", "image path": "test_imgs/148.jpg"}, {"prediction": "", "ground truth": "3or2Dm8", "image path": "test_imgs/149.jpg"}, {"prediction": "Kofiall pune", "ground truth": "VqwLjCp", "image path": "test_imgs/150.jpg"}, {"prediction": "olefaneln", "ground truth": "0PmNcLW", "image path": "test_imgs/151.jpg"}, {"prediction": "MGojMPB", "ground truth": "MGojMPE", "image path": "test_imgs/152.jpg"}, {"prediction": "5jQ4Qep", "ground truth": "5jQ4Qep", "image path": "test_imgs/153.jpg"}, {"prediction": "", "ground truth": "B5CszKV", "image path": "test_imgs/154.jpg"}, {"prediction": "F6MLQDB", "ground truth": "F6MLQDB", "image path": "test_imgs/155.jpg"}, {"prediction": "Wbwcl", "ground truth": "hybwcUI", "image path": "test_imgs/156.jpg"}, {"prediction": "KElzsul", "ground truth": "xFlZ30l", "image path": "test_imgs/157.jpg"}, {"prediction": "CRTEht", "ground truth": "2BZEYqq", "image path": "test_imgs/158.jpg"}, {"prediction": "mloid", "ground truth": "gLm1bfD", "image path": "test_imgs/159.jpg"}, {"prediction": "WBVqqxZ", "ground truth": "wByqqxZ", "image path": "test_imgs/160.jpg"}, {"prediction": "", "ground truth": "yGlsanI", "image path": "test_imgs/161.jpg"}, {"prediction": "", "ground truth": "GfoqnN2", "image path": "test_imgs/162.jpg"}, {"prediction": "K0r,", "ground truth": "tXtOznH", "image path": "test_imgs/163.jpg"}, {"prediction": "ShurjBG", "ground truth": "shvtjEC", "image path": "test_imgs/164.jpg"}, {"prediction": "Zbtazs_", "ground truth": "1Zbtqz3", "image path": "test_imgs/165.jpg"}, {"prediction": "", "ground truth": "qD8ZoNU", "image path": "test_imgs/166.jpg"}, {"prediction": "aDjiQu4", "ground truth": "aDjiQu4", "image path": "test_imgs/167.jpg"}, {"prediction": "F31V4K", "ground truth": "F31V4Y-", "image path": "test_imgs/168.jpg"}, {"prediction": "mEboLoa", "ground truth": "mEboLoa", "image path": "test_imgs/169.jpg"}, {"prediction": "FWywaob", "ground truth": "FWywaob", "image path": "test_imgs/170.jpg"}, {"prediction": "BFQk9A8", "ground truth": "BFQk9A8", "image path": "test_imgs/171.jpg"}, {"prediction": "", "ground truth": "iTiUuwo", "image path": "test_imgs/172.jpg"}, {"prediction": "ecmBBIV", "ground truth": "ecmBBlV", "image path": "test_imgs/173.jpg"}, {"prediction": "LWOF ?", "ground truth": "XUWh0FF", "image path": "test_imgs/174.jpg"}, {"prediction": "VaBoTj6", "ground truth": "Va3oTj6", "image path": "test_imgs/175.jpg"}, {"prediction": "", "ground truth": "x1TsTI4", "image path": "test_imgs/176.jpg"}, {"prediction": "YSFof", "ground truth": "FLY3FOF", "image path": "test_imgs/177.jpg"}, {"prediction": "", "ground truth": "qchHcHw", "image path": "test_imgs/178.jpg"}, {"prediction": "ZB6oVNp>", "ground truth": "ZB6oVNo", "image path": "test_imgs/179.jpg"}, {"prediction": "hcvgl", "ground truth": "iLocy9l", "image path": "test_imgs/180.jpg"}, {"prediction": "kspt-ad", "ground truth": "kspt-ad", "image path": "test_imgs/181.jpg"}, {"prediction": "19TolDb", "ground truth": "i9ToIDb", "image path": "test_imgs/182.jpg"}, {"prediction": "RK3ODNS", "ground truth": "RK30DN5", "image path": "test_imgs/183.jpg"}, {"prediction": "PghtAO", "ground truth": "PglntAO", "image path": "test_imgs/184.jpg"}, {"prediction": "", "ground truth": "-k6qceX", "image path": "test_imgs/185.jpg"}, {"prediction": "Twveg  !", "ground truth": "HwVCgYg", "image path": "test_imgs/186.jpg"}, {"prediction": "aOQvXC", "ground truth": "1aOQVXO", "image path": "test_imgs/187.jpg"}, {"prediction": "", "ground truth": "GrvKMzW", "image path": "test_imgs/188.jpg"}, {"prediction": "8XgqJxY", "ground truth": "8XgqJxY", "image path": "test_imgs/189.jpg"}, {"prediction": "CU", "ground truth": "YLxv-C0", "image path": "test_imgs/190.jpg"}, {"prediction": "Q6DZkUo", "ground truth": "Q6D7kUo", "image path": "test_imgs/191.jpg"}, {"prediction": "uSFSWTa", "ground truth": "usFSWTa", "image path": "test_imgs/192.jpg"}, {"prediction": "G4nZaue", "ground truth": "G4bZque", "image path": "test_imgs/193.jpg"}, {"prediction": "", "ground truth": "oWTLX6B", "image path": "test_imgs/194.jpg"}, {"prediction": "", "ground truth": "Yr1bTm9", "image path": "test_imgs/195.jpg"}, {"prediction": "(fSuRmk _", "ground truth": "tf5uRmK", "image path": "test_imgs/196.jpg"}, {"prediction": "", "ground truth": "g89dOxA", "image path": "test_imgs/197.jpg"}, {"prediction": "Ha2o0tx", "ground truth": "Ha2o0tx", "image path": "test_imgs/198.jpg"}, {"prediction": "", "ground truth": "5vYiWem", "image path": "test_imgs/199.jpg"}, {"prediction": "f9vLywO", "ground truth": "f9vLywO", "image path": "test_imgs/200.jpg"}, {"prediction": "", "ground truth": "-dJKYAT", "image path": "test_imgs/201.jpg"}, {"prediction": "", "ground truth": "j7ly8nZ", "image path": "test_imgs/202.jpg"}, {"prediction": "OMMFGF", "ground truth": "ovnT4GH", "image path": "test_imgs/203.jpg"}, {"prediction": "li6elcJ", "ground truth": "li6e7cJ", "image path": "test_imgs/204.jpg"}, {"prediction": "", "ground truth": "X6uI8f-", "image path": "test_imgs/205.jpg"}, {"prediction": "KVacs", "ground truth": "KUgiLCS", "image path": "test_imgs/206.jpg"}, {"prediction": "LPTuz6E", "ground truth": "LPTuz6E", "image path": "test_imgs/207.jpg"}, {"prediction": "", "ground truth": "NpG92mE", "image path": "test_imgs/208.jpg"}, {"prediction": "yMIIMgs", "ground truth": "yMIlMgs", "image path": "test_imgs/209.jpg"}, {"prediction": "CDZPOWL", "ground truth": "TD2PowU", "image path": "test_imgs/210.jpg"}, {"prediction": "LBNxnHA", "ground truth": "L3NxnHX", "image path": "test_imgs/211.jpg"}, {"prediction": "flpxzrg", "ground truth": "flpXzrg", "image path": "test_imgs/212.jpg"}, {"prediction": "mge6rUj", "ground truth": "mge6rUJ", "image path": "test_imgs/213.jpg"}, {"prediction": "BLQSJE", "ground truth": "bLQ8zJI", "image path": "test_imgs/214.jpg"}, {"prediction": "", "ground truth": "Of7Ulwm", "image path": "test_imgs/215.jpg"}, {"prediction": "557Faly", "ground truth": "g57FalY", "image path": "test_imgs/216.jpg"}, {"prediction": "DSSuOzl", "ground truth": "DS5u0zl", "image path": "test_imgs/217.jpg"}, {"prediction": "EMbOZOF", "ground truth": "eMbO20F", "image path": "test_imgs/218.jpg"}, {"prediction": "", "ground truth": "YiW783W", "image path": "test_imgs/219.jpg"}, {"prediction": "", "ground truth": "MdinqCV", "image path": "test_imgs/220.jpg"}, {"prediction": "XAMCJV5", "ground truth": "XAMCJV5", "image path": "test_imgs/221.jpg"}, {"prediction": "ThBJrFb", "ground truth": "ThBJrFb", "image path": "test_imgs/222.jpg"}, {"prediction": "Eyoigir", "ground truth": "E9oiglF", "image path": "test_imgs/223.jpg"}, {"prediction": "YvRryt", "ground truth": "jYvRryT", "image path": "test_imgs/224.jpg"}, {"prediction": "AlyMNen", "ground truth": "AUyMNen", "image path": "test_imgs/225.jpg"}, {"prediction": "FQJUeTN", "ground truth": "FQJUeTN", "image path": "test_imgs/226.jpg"}, {"prediction": "jpk3K9p", "ground truth": "jpk3K9p", "image path": "test_imgs/227.jpg"}, {"prediction": "Amtompd", "ground truth": "1Am9mpc", "image path": "test_imgs/228.jpg"}, {"prediction": "EKTKHrg", "ground truth": "EKTKHrg", "image path": "test_imgs/229.jpg"}, {"prediction": "JRA2UI", "ground truth": "3R-A2Ui", "image path": "test_imgs/230.jpg"}, {"prediction": "BusQpl", "ground truth": "aBusQpl", "image path": "test_imgs/231.jpg"}, {"prediction": "5thCFmQ", "ground truth": "5thCFmQ", "image path": "test_imgs/232.jpg"}, {"prediction": "ohcOzYA", "ground truth": "ohcOzYA", "image path": "test_imgs/233.jpg"}, {"prediction": "doRHklu", "ground truth": "JoRHklU", "image path": "test_imgs/234.jpg"}, {"prediction": "3f", "ground truth": "wTS2Wj5", "image path": "test_imgs/235.jpg"}, {"prediction": "tSVIlp2", "ground truth": "tSVI1p2", "image path": "test_imgs/236.jpg"}, {"prediction": "", "ground truth": "3FP0Atl", "image path": "test_imgs/237.jpg"}, {"prediction": "", "ground truth": "P07MUN-", "image path": "test_imgs/238.jpg"}, {"prediction": "", "ground truth": "W48Xupg", "image path": "test_imgs/239.jpg"}, {"prediction": "mILVip", "ground truth": "mILVipb", "image path": "test_imgs/240.jpg"}, {"prediction": "maS2eBI", "ground truth": "maS2eBI", "image path": "test_imgs/241.jpg"}, {"prediction": "", "ground truth": "w1yiB9J", "image path": "test_imgs/242.jpg"}, {"prediction": "dpSceOz", "ground truth": "dPSceOz", "image path": "test_imgs/243.jpg"}, {"prediction": "4F_-?", "ground truth": "CyXF2tR", "image path": "test_imgs/244.jpg"}, {"prediction": "", "ground truth": "X0uLEsC", "image path": "test_imgs/245.jpg"}, {"prediction": "nBHSQM", "ground truth": "nBHSQMW", "image path": "test_imgs/246.jpg"}, {"prediction": "MAtLMysa", "ground truth": "MtLKvs4", "image path": "test_imgs/247.jpg"}, {"prediction": "", "ground truth": "uuPbdz1", "image path": "test_imgs/248.jpg"}, {"prediction": "", "ground truth": "EDttKVX", "image path": "test_imgs/249.jpg"}, {"prediction": "", "ground truth": "INqL43O", "image path": "test_imgs/250.jpg"}, {"prediction": "epk4O8W", "ground truth": "epk4O8W", "image path": "test_imgs/251.jpg"}, {"prediction": "", "ground truth": "RdCK0D7", "image path": "test_imgs/252.jpg"}, {"prediction": "ksvmocL", "ground truth": "ksvm6cD", "image path": "test_imgs/253.jpg"}, {"prediction": "NNZsaYB", "ground truth": "7YZsaYB", "image path": "test_imgs/254.jpg"}, {"prediction": "CC793F", "ground truth": "YCC7g3p", "image path": "test_imgs/255.jpg"}, {"prediction": "jMutuXB", "ground truth": "jMutuXB", "image path": "test_imgs/256.jpg"}, {"prediction": "", "ground truth": "3pY8Vlb", "image path": "test_imgs/257.jpg"}, {"prediction": "Hdbdt", "ground truth": "iQa5JLv", "image path": "test_imgs/258.jpg"}, {"prediction": "BO)-SNHG", "ground truth": "BO-8NnG", "image path": "test_imgs/259.jpg"}, {"prediction": "", "ground truth": "TgRe65u", "image path": "test_imgs/260.jpg"}, {"prediction": "Mkde", "ground truth": "MI3Uxxc", "image path": "test_imgs/261.jpg"}, {"prediction": "Ezckjil", "ground truth": "EvcJjiF", "image path": "test_imgs/262.jpg"}, {"prediction": "Vaa", "ground truth": "ubVnnxG", "image path": "test_imgs/263.jpg"}, {"prediction": "", "ground truth": "pM95FVE", "image path": "test_imgs/264.jpg"}, {"prediction": "", "ground truth": "hxKpaLg", "image path": "test_imgs/265.jpg"}, {"prediction": "BxAXdhF", "ground truth": "BxAXdhF", "image path": "test_imgs/266.jpg"}, {"prediction": "", "ground truth": "mpc4iSH", "image path": "test_imgs/267.jpg"}, {"prediction": "", "ground truth": "mAwCg0f", "image path": "test_imgs/268.jpg"}, {"prediction": "", "ground truth": "Rt8yWu6", "image path": "test_imgs/269.jpg"}, {"prediction": "IWJAZW", "ground truth": "11w3AZW", "image path": "test_imgs/270.jpg"}, {"prediction": "BMZZWWZ", "ground truth": "BM5Z2Wz", "image path": "test_imgs/271.jpg"}, {"prediction": "xfflofP", "ground truth": "xff1ofP", "image path": "test_imgs/272.jpg"}, {"prediction": "", "ground truth": "1mgvlb-", "image path": "test_imgs/273.jpg"}, {"prediction": "SWkwWJV", "ground truth": "5WkwW4V", "image path": "test_imgs/274.jpg"}, {"prediction": "Wfizdul", "ground truth": "WfizduI", "image path": "test_imgs/275.jpg"}, {"prediction": "", "ground truth": "SCBJSZE", "image path": "test_imgs/276.jpg"}, {"prediction": "JozODha", "ground truth": "J6Z0Dha", "image path": "test_imgs/277.jpg"}, {"prediction": "UhWDwea", "ground truth": "UhWpyga", "image path": "test_imgs/278.jpg"}, {"prediction": "NBayhop", "ground truth": "N8ayh6p", "image path": "test_imgs/279.jpg"}, {"prediction": "Feccyn", "ground truth": "FccSxmw", "image path": "test_imgs/280.jpg"}, {"prediction": "", "ground truth": "117p5k3", "image path": "test_imgs/281.jpg"}, {"prediction": "", "ground truth": "z5kMi4s", "image path": "test_imgs/282.jpg"}, {"prediction": "EsYrTls", "ground truth": "tsYrT1s", "image path": "test_imgs/283.jpg"}, {"prediction": "qyMc2ek", "ground truth": "qyMc2ek", "image path": "test_imgs/284.jpg"}, {"prediction": "", "ground truth": "NDHnwdT", "image path": "test_imgs/285.jpg"}, {"prediction": "ChVf1oG", "ground truth": "ChVf1QG", "image path": "test_imgs/286.jpg"}, {"prediction": "Tv-Do", "ground truth": "TV--r5o", "image path": "test_imgs/287.jpg"}, {"prediction": "O4vLohD", "ground truth": "04yL9hD", "image path": "test_imgs/288.jpg"}, {"prediction": "OARRTLk", "ground truth": "o4RRrLk", "image path": "test_imgs/289.jpg"}, {"prediction": "TsFxYJO", "ground truth": "fsFxYJ0", "image path": "test_imgs/290.jpg"}, {"prediction": "hlqHYaA", "ground truth": "h1qHYaA", "image path": "test_imgs/291.jpg"}, {"prediction": "OHATdy", "ground truth": "Ql14Tdy", "image path": "test_imgs/292.jpg"}, {"prediction": "", "ground truth": "LCaRWJe", "image path": "test_imgs/293.jpg"}, {"prediction": "", "ground truth": "DCKLQYv", "image path": "test_imgs/294.jpg"}, {"prediction": "KATOP", "ground truth": "uKHTQtP", "image path": "test_imgs/295.jpg"}, {"prediction": "J6UBOPE", "ground truth": "J6UBOPL", "image path": "test_imgs/296.jpg"}, {"prediction": "cFZZOus", "ground truth": "cF7ZOuS", "image path": "test_imgs/297.jpg"}, {"prediction": "HFSuYad", "ground truth": "HF5uYad", "image path": "test_imgs/298.jpg"}, {"prediction": "Rg-iMz", "ground truth": "Rg-icMz", "image path": "test_imgs/299.jpg"}, {"prediction": "KOZLske", "ground truth": "K0ZLsKc", "image path": "test_imgs/300.jpg"}, {"prediction": "XSCfvht", "ground truth": "XSCfvht", "image path": "test_imgs/301.jpg"}, {"prediction": "65of15", "ground truth": "65QflIS", "image path": "test_imgs/302.jpg"}, {"prediction": "", "ground truth": "dJG8LZv", "image path": "test_imgs/303.jpg"}, {"prediction": "", "ground truth": "bAXM2ZF", "image path": "test_imgs/304.jpg"}, {"prediction": "", "ground truth": "j1v4C2B", "image path": "test_imgs/305.jpg"}, {"prediction": "(wIRdQw", "ground truth": "qwI2dQw", "image path": "test_imgs/306.jpg"}, {"prediction": "", "ground truth": "VcvRgr3", "image path": "test_imgs/307.jpg"}, {"prediction": "89Wnwty", "ground truth": "89Wnwty", "image path": "test_imgs/308.jpg"}, {"prediction": "", "ground truth": "nQakLYu", "image path": "test_imgs/309.jpg"}, {"prediction": "LVONq", "ground truth": "OLVr0Nq", "image path": "test_imgs/310.jpg"}, {"prediction": "", "ground truth": "-R6p2KI", "image path": "test_imgs/311.jpg"}, {"prediction": "kZbHawR", "ground truth": "kZbHawR", "image path": "test_imgs/312.jpg"}, {"prediction": "", "ground truth": "irN2pqs", "image path": "test_imgs/313.jpg"}, {"prediction": "", "ground truth": "HrZ2fxn", "image path": "test_imgs/314.jpg"}, {"prediction": "", "ground truth": "wmON88G", "image path": "test_imgs/315.jpg"}, {"prediction": "", "ground truth": "aqCdBcw", "image path": "test_imgs/316.jpg"}, {"prediction": "Svjbq2J", "ground truth": "Svjbq2J", "image path": "test_imgs/317.jpg"}, {"prediction": "", "ground truth": "3RZr2P8", "image path": "test_imgs/318.jpg"}, {"prediction": "cwloj", "ground truth": "cJw1Ioj", "image path": "test_imgs/319.jpg"}, {"prediction": "hG)equa", "ground truth": "hGDcqna", "image path": "test_imgs/320.jpg"}, {"prediction": "", "ground truth": "y3zxx6j", "image path": "test_imgs/321.jpg"}, {"prediction": "", "ground truth": "yk6QNVm", "image path": "test_imgs/322.jpg"}, {"prediction": "SCpF", "ground truth": "JY73CpF", "image path": "test_imgs/323.jpg"}, {"prediction": "Ypbvsu", "ground truth": "VYpbv8w", "image path": "test_imgs/324.jpg"}, {"prediction": "JIQWMQI", "ground truth": "5iQWmqz", "image path": "test_imgs/325.jpg"}, {"prediction": "FJfPhDF", "ground truth": "FJfPhDF", "image path": "test_imgs/326.jpg"}, {"prediction": "ksl3027", "ground truth": "ksI3027", "image path": "test_imgs/327.jpg"}, {"prediction": "", "ground truth": "YR4VQc8", "image path": "test_imgs/328.jpg"}, {"prediction": "", "ground truth": "JKq3PX0", "image path": "test_imgs/329.jpg"}, {"prediction": "", "ground truth": "M0JMjxy", "image path": "test_imgs/330.jpg"}, {"prediction": "", "ground truth": "kCoZU-b", "image path": "test_imgs/331.jpg"}, {"prediction": "", "ground truth": "eTuPD4J", "image path": "test_imgs/332.jpg"}, {"prediction": "", "ground truth": "rxMa9EJ", "image path": "test_imgs/333.jpg"}, {"prediction": "SoDZ6Zv", "ground truth": "SoD76Zv", "image path": "test_imgs/334.jpg"}, {"prediction": "ZJEZGFA", "ground truth": "ZJE7GF4", "image path": "test_imgs/335.jpg"}, {"prediction": "[RRSgd", "ground truth": "ctRR5ge", "image path": "test_imgs/336.jpg"}, {"prediction": "GXgrpa", "ground truth": "Y7GXgrf", "image path": "test_imgs/337.jpg"}, {"prediction": "kHidSTE", "ground truth": "kHidS1I", "image path": "test_imgs/338.jpg"}, {"prediction": "ctIXyZW", "ground truth": "ctlXyZW", "image path": "test_imgs/339.jpg"}, {"prediction": "uHZOcDn", "ground truth": "uH70cDn", "image path": "test_imgs/340.jpg"}, {"prediction": "", "ground truth": "tJgKQyc", "image path": "test_imgs/341.jpg"}, {"prediction": "DCUXnMH", "ground truth": "DCUXnMH", "image path": "test_imgs/342.jpg"}, {"prediction": "3K4WulH", "ground truth": "3K4WuIH", "image path": "test_imgs/343.jpg"}, {"prediction": "ec72Nb6", "ground truth": "ec72Nb6", "image path": "test_imgs/344.jpg"}, {"prediction": "Pv3Zfa3", "ground truth": "Pv3Zfa3", "image path": "test_imgs/345.jpg"}, {"prediction": "RzWLg-e", "ground truth": "RzWLg-e", "image path": "test_imgs/346.jpg"}, {"prediction": "Nheki  -", "ground truth": "NbekiJ-", "image path": "test_imgs/347.jpg"}, {"prediction": "", "ground truth": "-No0Ztl", "image path": "test_imgs/348.jpg"}, {"prediction": "6PnvvPZ", "ground truth": "6PnyyPZ", "image path": "test_imgs/349.jpg"}, {"prediction": "", "ground truth": "ErkTooV", "image path": "test_imgs/350.jpg"}, {"prediction": "", "ground truth": "zirGF2z", "image path": "test_imgs/351.jpg"}, {"prediction": "KTyESqn", "ground truth": "KryESqn", "image path": "test_imgs/352.jpg"}, {"prediction": "luEPbo17", "ground truth": "uEPbo17", "image path": "test_imgs/353.jpg"}, {"prediction": "E46 gla", "ground truth": "E46wgla", "image path": "test_imgs/354.jpg"}, {"prediction": "", "ground truth": "iH8ZGrK", "image path": "test_imgs/355.jpg"}, {"prediction": "", "ground truth": "rw2GWxR", "image path": "test_imgs/356.jpg"}, {"prediction": "5q8wGhX", "ground truth": "5q8wGhX", "image path": "test_imgs/357.jpg"}, {"prediction": "6yFYs9m", "ground truth": "6yFYs9m", "image path": "test_imgs/358.jpg"}, {"prediction": "BIX-pCZ", "ground truth": "3iX-pcz", "image path": "test_imgs/359.jpg"}, {"prediction": "ATSDGhn", "ground truth": "AT8DGhn", "image path": "test_imgs/360.jpg"}, {"prediction": "", "ground truth": "0bqlc1C", "image path": "test_imgs/361.jpg"}, {"prediction": "GeaASTT", "ground truth": "GeaASTT", "image path": "test_imgs/362.jpg"}, {"prediction": "", "ground truth": "IsOJdvg", "image path": "test_imgs/363.jpg"}, {"prediction": "J4Jefro", "ground truth": "J4Jefr0", "image path": "test_imgs/364.jpg"}, {"prediction": "exvHbzL", "ground truth": "exyHbzL", "image path": "test_imgs/365.jpg"}, {"prediction": "MMiJzq", "ground truth": "rVM5J2q", "image path": "test_imgs/366.jpg"}, {"prediction": "", "ground truth": "4FF5EXJ", "image path": "test_imgs/367.jpg"}, {"prediction": "ttd640d", "ground truth": "ttd64Qt", "image path": "test_imgs/368.jpg"}, {"prediction": "xd8guvfl", "ground truth": "xd8guvf", "image path": "test_imgs/369.jpg"}, {"prediction": "", "ground truth": "mppj7pn", "image path": "test_imgs/370.jpg"}, {"prediction": "RpyKUPG", "ground truth": "RpykuPG", "image path": "test_imgs/371.jpg"}, {"prediction": "S3GIYC", "ground truth": "ns3GlY0", "image path": "test_imgs/372.jpg"}, {"prediction": "", "ground truth": "CUbCXF4", "image path": "test_imgs/373.jpg"}, {"prediction": "", "ground truth": "qetQU6d", "image path": "test_imgs/374.jpg"}, {"prediction": "73tGCd4", "ground truth": "73tGCd4", "image path": "test_imgs/375.jpg"}, {"prediction": "TEF6Zh", "ground truth": "T1EF6Zh", "image path": "test_imgs/376.jpg"}, {"prediction": "AGSIUzM", "ground truth": "AGSlUzM", "image path": "test_imgs/377.jpg"}, {"prediction": "nudsi4s", "ground truth": "nuDst4S", "image path": "test_imgs/378.jpg"}, {"prediction": "JOoKveT", "ground truth": "JOoKveT", "image path": "test_imgs/379.jpg"}, {"prediction": "CPRSMIQ", "ground truth": "xJPRsmQ", "image path": "test_imgs/380.jpg"}, {"prediction": "", "ground truth": "ua51RiV", "image path": "test_imgs/381.jpg"}, {"prediction": "", "ground truth": "b-V9tca", "image path": "test_imgs/382.jpg"}, {"prediction": "", "ground truth": "brxEYmf", "image path": "test_imgs/383.jpg"}, {"prediction": "MZDuhY", "ground truth": "MZDuhYY", "image path": "test_imgs/384.jpg"}, {"prediction": "G4KMve]]", "ground truth": "64KMvez", "image path": "test_imgs/385.jpg"}, {"prediction": "Steepatffanet", "ground truth": "0SpHPEI", "image path": "test_imgs/386.jpg"}, {"prediction": "VSK6zn", "ground truth": "-v5K6zn", "image path": "test_imgs/387.jpg"}, {"prediction": "Fckop", "ground truth": "FoKdPYZ", "image path": "test_imgs/388.jpg"}, {"prediction": "Kova-O", "ground truth": "KkpvR-U", "image path": "test_imgs/389.jpg"}, {"prediction": "N4pCTNx", "ground truth": "N4pCTNx", "image path": "test_imgs/390.jpg"}, {"prediction": "OjyUVqh", "ground truth": "OjyUVqh", "image path": "test_imgs/391.jpg"}, {"prediction": "PKBNT-K", "ground truth": "PK8NT-K", "image path": "test_imgs/392.jpg"}, {"prediction": "", "ground truth": "UcK2ylm", "image path": "test_imgs/393.jpg"}, {"prediction": "nqOjGIc", "ground truth": "nq0jG1q", "image path": "test_imgs/394.jpg"}, {"prediction": "1~Y", "ground truth": "HS9fYuh", "image path": "test_imgs/395.jpg"}, {"prediction": "icagooo", "ground truth": "jcqG0O0", "image path": "test_imgs/396.jpg"}, {"prediction": "", "ground truth": "17RpFWj", "image path": "test_imgs/397.jpg"}, {"prediction": "GzVSBDa]", "ground truth": "qzVSBDa", "image path": "test_imgs/398.jpg"}, {"prediction": "kcr", "ground truth": "bYLmkcr", "image path": "test_imgs/399.jpg"}, {"prediction": "LLEBX", "ground truth": "jDZZEBx", "image path": "test_imgs/400.jpg"}, {"prediction": "", "ground truth": "XKIMZUo", "image path": "test_imgs/401.jpg"}, {"prediction": "", "ground truth": "2WpBzmu", "image path": "test_imgs/402.jpg"}, {"prediction": "", "ground truth": "VZG5-cF", "image path": "test_imgs/403.jpg"}, {"prediction": "", "ground truth": "XtW1jf7", "image path": "test_imgs/404.jpg"}, {"prediction": "3Bk8YMp", "ground truth": "3Bk8YMp", "image path": "test_imgs/405.jpg"}, {"prediction": "", "ground truth": "nRvnT4V", "image path": "test_imgs/406.jpg"}, {"prediction": "", "ground truth": "XrG7IWI", "image path": "test_imgs/407.jpg"}, {"prediction": "", "ground truth": "LvDMTCr", "image path": "test_imgs/408.jpg"}, {"prediction": "", "ground truth": "ILKZHR8", "image path": "test_imgs/409.jpg"}, {"prediction": "", "ground truth": "621oeYY", "image path": "test_imgs/410.jpg"}, {"prediction": "k4Fr3a\"", "ground truth": "k4Fr3qV", "image path": "test_imgs/411.jpg"}, {"prediction": "Rkz", "ground truth": "lRI87xz", "image path": "test_imgs/412.jpg"}, {"prediction": "oJhGZkM", "ground truth": "oJhGZkM", "image path": "test_imgs/413.jpg"}, {"prediction": "ErDuhou", "ground truth": "ErDuhO0", "image path": "test_imgs/414.jpg"}, {"prediction": "1ZiVizb", "ground truth": "1ZfViZb", "image path": "test_imgs/415.jpg"}, {"prediction": "nc?g", "ground truth": "w1vhbPG", "image path": "test_imgs/416.jpg"}, {"prediction": "4KSVIHB", "ground truth": "4ksyIH3", "image path": "test_imgs/417.jpg"}, {"prediction": "jrtyOq", "ground truth": "-jrtyOq", "image path": "test_imgs/418.jpg"}, {"prediction": "ATSEtas", "ground truth": "AT9EtnG", "image path": "test_imgs/419.jpg"}, {"prediction": "mdziQk4", "ground truth": "md2lQk4", "image path": "test_imgs/420.jpg"}, {"prediction": "EBV2fi", "ground truth": "IgBV2fi", "image path": "test_imgs/421.jpg"}, {"prediction": "wDLEhtv", "ground truth": "wDLEhty", "image path": "test_imgs/422.jpg"}, {"prediction": "rzBZved", "ground truth": "rzB2ved", "image path": "test_imgs/423.jpg"}, {"prediction": "gOfmxQs", "ground truth": "gOfmxQS", "image path": "test_imgs/424.jpg"}, {"prediction": "", "ground truth": "hbZ4cAa", "image path": "test_imgs/425.jpg"}, {"prediction": "", "ground truth": "1SbYCQ4", "image path": "test_imgs/426.jpg"}, {"prediction": "AQPNPU", "ground truth": "-IQPNPU", "image path": "test_imgs/427.jpg"}, {"prediction": "COiEZI", "ground truth": "xQiEZJG", "image path": "test_imgs/428.jpg"}, {"prediction": "", "ground truth": "9cvrXMC", "image path": "test_imgs/429.jpg"}, {"prediction": "[DivhYJO", "ground truth": "DivhYJO", "image path": "test_imgs/430.jpg"}, {"prediction": "", "ground truth": "lIUkHMB", "image path": "test_imgs/431.jpg"}, {"prediction": "wwIrqGa", "ground truth": "ww1rqGa", "image path": "test_imgs/432.jpg"}, {"prediction": "p041Wz2", "ground truth": "p041Wz2", "image path": "test_imgs/433.jpg"}, {"prediction": "TE9oa", "ground truth": "trH9Eoa", "image path": "test_imgs/434.jpg"}, {"prediction": "X6UslSy", "ground truth": "x6Usl5y", "image path": "test_imgs/435.jpg"}, {"prediction": "R-OROEc", "ground truth": "R-0ROEd", "image path": "test_imgs/436.jpg"}, {"prediction": "", "ground truth": "BbQSat5", "image path": "test_imgs/437.jpg"}, {"prediction": "", "ground truth": "tQyCxXG", "image path": "test_imgs/438.jpg"}, {"prediction": "", "ground truth": "L0G4hxR", "image path": "test_imgs/439.jpg"}, {"prediction": "de8Cwx", "ground truth": "qe8Cwxx", "image path": "test_imgs/440.jpg"}, {"prediction": "HpOWQHg", "ground truth": "HpOWQH9", "image path": "test_imgs/441.jpg"}, {"prediction": "DeospB", "ground truth": "ED-oSpB", "image path": "test_imgs/442.jpg"}, {"prediction": "Ap4Sthf", "ground truth": "Ap4Sthf", "image path": "test_imgs/443.jpg"}, {"prediction": "", "ground truth": "LTbKZqB", "image path": "test_imgs/444.jpg"}, {"prediction": "DRQfhfs", "ground truth": "DRQfhfs", "image path": "test_imgs/445.jpg"}, {"prediction": "", "ground truth": "zxIPe7U", "image path": "test_imgs/446.jpg"}, {"prediction": "MrYVZ1O", "ground truth": "MrYV71O", "image path": "test_imgs/447.jpg"}, {"prediction": "abllli", "ground truth": "6zbILSm", "image path": "test_imgs/448.jpg"}, {"prediction": "Aeldeu", "ground truth": "-Ae7de0", "image path": "test_imgs/449.jpg"}, {"prediction": "", "ground truth": "X815r4V", "image path": "test_imgs/450.jpg"}, {"prediction": "bolWBuz", "ground truth": "b0JWBuz", "image path": "test_imgs/451.jpg"}, {"prediction": "emELQm9", "ground truth": "emELQm9", "image path": "test_imgs/452.jpg"}, {"prediction": "tQbiyTo", "ground truth": "tQbiyTo", "image path": "test_imgs/453.jpg"}, {"prediction": "OH-oqG", "ground truth": "C6H-oqq", "image path": "test_imgs/454.jpg"}, {"prediction": "", "ground truth": "tesSb-5", "image path": "test_imgs/455.jpg"}, {"prediction": "", "ground truth": "WWlp881", "image path": "test_imgs/456.jpg"}, {"prediction": "", "ground truth": "pwvF0-x", "image path": "test_imgs/457.jpg"}, {"prediction": "OwYyTRw", "ground truth": "0wYyTRw", "image path": "test_imgs/458.jpg"}, {"prediction": "", "ground truth": "lbU5zjn", "image path": "test_imgs/459.jpg"}, {"prediction": "UWEX", "ground truth": "kiW-LIx", "image path": "test_imgs/460.jpg"}, {"prediction": "", "ground truth": "XTOCRhv", "image path": "test_imgs/461.jpg"}, {"prediction": "LHSULIX", "ground truth": "DH8Urix", "image path": "test_imgs/462.jpg"}, {"prediction": "ulNO", "ground truth": "qyYgrNO", "image path": "test_imgs/463.jpg"}, {"prediction": "[-SGkFQ", "ground truth": "t-SGkFQ", "image path": "test_imgs/464.jpg"}, {"prediction": "TYIHzmi", "ground truth": "fYIHzml", "image path": "test_imgs/465.jpg"}, {"prediction": "fKYoyMZ", "ground truth": "fKY9yMZ", "image path": "test_imgs/466.jpg"}, {"prediction": "EqtUhtq ", "ground truth": "FqtUhtq", "image path": "test_imgs/467.jpg"}, {"prediction": "", "ground truth": "66LooHC", "image path": "test_imgs/468.jpg"}, {"prediction": "VXgFSl", "ground truth": "-vXgF5l", "image path": "test_imgs/469.jpg"}, {"prediction": "PvhxfVx", "ground truth": "PvhxfVx", "image path": "test_imgs/470.jpg"}, {"prediction": "hmC8CUh", "ground truth": "hmC8CUh", "image path": "test_imgs/471.jpg"}, {"prediction": "", "ground truth": "Kc4P3rI", "image path": "test_imgs/472.jpg"}, {"prediction": "Z4HO:", "ground truth": "YZ4HO43", "image path": "test_imgs/473.jpg"}, {"prediction": "TC)", "ground truth": "A3xCRGr", "image path": "test_imgs/474.jpg"}, {"prediction": "ZlqdU9c", "ground truth": "2IqdU9c", "image path": "test_imgs/475.jpg"}, {"prediction": "", "ground truth": "BonRXdV", "image path": "test_imgs/476.jpg"}, {"prediction": "CrWNdgB", "ground truth": "CrWNdgB", "image path": "test_imgs/477.jpg"}, {"prediction": "XYCsPHo", "ground truth": "XYCsPHo", "image path": "test_imgs/478.jpg"}, {"prediction": "", "ground truth": "LTTKZFD", "image path": "test_imgs/479.jpg"}, {"prediction": "SRvz-q1", "ground truth": "SRv2-q1", "image path": "test_imgs/480.jpg"}, {"prediction": "Z", "ground truth": "geJjSGQ", "image path": "test_imgs/481.jpg"}, {"prediction": "", "ground truth": "5h-suip", "image path": "test_imgs/482.jpg"}, {"prediction": "GFnl", "ground truth": "YgFnLy6", "image path": "test_imgs/483.jpg"}, {"prediction": "Oz9JXaE", "ground truth": "Oz9JXaE", "image path": "test_imgs/484.jpg"}, {"prediction": "VxuG", "ground truth": "GFMxOq3", "image path": "test_imgs/485.jpg"}, {"prediction": "OF3Howp", "ground truth": "oF3H6wp", "image path": "test_imgs/486.jpg"}, {"prediction": "", "ground truth": "JYUgQfy", "image path": "test_imgs/487.jpg"}, {"prediction": "EaB", "ground truth": "j4z8eDH", "image path": "test_imgs/488.jpg"}, {"prediction": "NF3u73", "ground truth": "LNF3uZ3", "image path": "test_imgs/489.jpg"}, {"prediction": "", "ground truth": "uNvT7A1", "image path": "test_imgs/490.jpg"}, {"prediction": "", "ground truth": "F0oF3KH", "image path": "test_imgs/491.jpg"}, {"prediction": "", "ground truth": "U9mJbwB", "image path": "test_imgs/492.jpg"}, {"prediction": "Oaf", "ground truth": "MoaEY5a", "image path": "test_imgs/493.jpg"}, {"prediction": "Z2MIzV", "ground truth": "ZzMlzV-", "image path": "test_imgs/494.jpg"}, {"prediction": "", "ground truth": "u1h1U-4", "image path": "test_imgs/495.jpg"}, {"prediction": "7Sucooi", "ground truth": "1SUco9i", "image path": "test_imgs/496.jpg"}, {"prediction": "", "ground truth": "S1HtgUk", "image path": "test_imgs/497.jpg"}, {"prediction": "", "ground truth": "ICLjmnm", "image path": "test_imgs/498.jpg"}, {"prediction": "ukgpUA", "ground truth": "EukgpUA", "image path": "test_imgs/499.jpg"}, {"prediction": "dkWbwa", "ground truth": "dkwbwat", "image path": "test_imgs/500.jpg"}, {"prediction": "pYNzMZd", "ground truth": "pYNzM2d", "image path": "test_imgs/501.jpg"}, {"prediction": "", "ground truth": "yswGMhR", "image path": "test_imgs/502.jpg"}, {"prediction": "OSZxZili", "ground truth": "0SZxZjh", "image path": "test_imgs/503.jpg"}, {"prediction": "ZheJC3P", "ground truth": "7heJC3P", "image path": "test_imgs/504.jpg"}, {"prediction": "XXOkH6M", "ground truth": "XXOkH6M", "image path": "test_imgs/505.jpg"}, {"prediction": "", "ground truth": "DZ-EMF7", "image path": "test_imgs/506.jpg"}, {"prediction": "WSBQOCW", "ground truth": "wSBQ0CW", "image path": "test_imgs/507.jpg"}, {"prediction": "", "ground truth": "wrhb7pQ", "image path": "test_imgs/508.jpg"}, {"prediction": "", "ground truth": "znclwwL", "image path": "test_imgs/509.jpg"}, {"prediction": "IxRctpp", "ground truth": "1xRctpp", "image path": "test_imgs/510.jpg"}, {"prediction": "1", "ground truth": "wlHGg6e", "image path": "test_imgs/511.jpg"}, {"prediction": "3UmShcA", "ground truth": "3UmShcA", "image path": "test_imgs/512.jpg"}, {"prediction": "Z71h9AO", "ground truth": "Z7fh9AU", "image path": "test_imgs/513.jpg"}, {"prediction": "Uulqtos", "ground truth": "UUHqtQS", "image path": "test_imgs/514.jpg"}, {"prediction": "SmoSKD", "ground truth": "3m6SKD-", "image path": "test_imgs/515.jpg"}, {"prediction": "SOASOSV", "ground truth": "sdA303v", "image path": "test_imgs/516.jpg"}, {"prediction": "2HFLoLS", "ground truth": "2HFLoL5", "image path": "test_imgs/517.jpg"}, {"prediction": "", "ground truth": "g4c9Xuw", "image path": "test_imgs/518.jpg"}, {"prediction": "756EfL", "ground truth": "75j6EfL", "image path": "test_imgs/519.jpg"}, {"prediction": "", "ground truth": "cYWWYIG", "image path": "test_imgs/520.jpg"}, {"prediction": "CPD4gzC;", "ground truth": "CPD4gzC", "image path": "test_imgs/521.jpg"}, {"prediction": "4761KJO", "ground truth": "Az6lKJ0", "image path": "test_imgs/522.jpg"}, {"prediction": "", "ground truth": "L1uHMrk", "image path": "test_imgs/523.jpg"}, {"prediction": "", "ground truth": "kwxVDSD", "image path": "test_imgs/524.jpg"}, {"prediction": "JLCOICT", "ground truth": "nLc6jGH", "image path": "test_imgs/525.jpg"}, {"prediction": "1''", "ground truth": "XtjOydP", "image path": "test_imgs/526.jpg"}, {"prediction": "", "ground truth": "46pPE1K", "image path": "test_imgs/527.jpg"}, {"prediction": "erMzQ5z", "ground truth": "erMzQ5z", "image path": "test_imgs/528.jpg"}, {"prediction": "JeBuzty", "ground truth": "3eBu27V", "image path": "test_imgs/529.jpg"}, {"prediction": "GoAtRT3", "ground truth": "GoAtRT3", "image path": "test_imgs/530.jpg"}, {"prediction": "", "ground truth": "vMAJMun", "image path": "test_imgs/531.jpg"}, {"prediction": "", "ground truth": "nwYmw06", "image path": "test_imgs/532.jpg"}, {"prediction": "EzEQIdc", "ground truth": "EzEQIdo", "image path": "test_imgs/533.jpg"}, {"prediction": "", "ground truth": "hKT9lFk", "image path": "test_imgs/534.jpg"}, {"prediction": "MnNGXZb", "ground truth": "MnNGX2n", "image path": "test_imgs/535.jpg"}, {"prediction": "", "ground truth": "UPlbq5f", "image path": "test_imgs/536.jpg"}, {"prediction": "VMp", "ground truth": "0VMpv5x", "image path": "test_imgs/537.jpg"}, {"prediction": "5DolUv9", "ground truth": "5DoIUy9", "image path": "test_imgs/538.jpg"}, {"prediction": "", "ground truth": "WOutuEW", "image path": "test_imgs/539.jpg"}, {"prediction": "", "ground truth": "Z873I80", "image path": "test_imgs/540.jpg"}, {"prediction": "", "ground truth": "8HNJK6e", "image path": "test_imgs/541.jpg"}, {"prediction": "", "ground truth": "sr7mPBv", "image path": "test_imgs/542.jpg"}, {"prediction": "TCCTE", "ground truth": "zCC1-bY", "image path": "test_imgs/543.jpg"}, {"prediction": "VOzir", "ground truth": "yWw9zjr", "image path": "test_imgs/544.jpg"}, {"prediction": "7c6", "ground truth": "ryWT7cC", "image path": "test_imgs/545.jpg"}, {"prediction": "ODRwt29", "ground truth": "oDRwt29", "image path": "test_imgs/546.jpg"}, {"prediction": "VktOmm", "ground truth": "yVktOmm", "image path": "test_imgs/547.jpg"}, {"prediction": "DJJCYEE", "ground truth": "DJJC9EE", "image path": "test_imgs/548.jpg"}, {"prediction": "Olm", "ground truth": "I0Y1HHz", "image path": "test_imgs/549.jpg"}, {"prediction": "AQPchmc", "ground truth": "4QPchmC", "image path": "test_imgs/550.jpg"}, {"prediction": "TyHEzlb", "ground truth": "FyHE3Ib", "image path": "test_imgs/551.jpg"}, {"prediction": "H8lhEIk", "ground truth": "H8lhEIk", "image path": "test_imgs/552.jpg"}, {"prediction": "MFLMO", "ground truth": "ifLaMW4", "image path": "test_imgs/553.jpg"}, {"prediction": "PMosV8", "ground truth": "uPMp5V8", "image path": "test_imgs/554.jpg"}, {"prediction": "hpuvlJh", "ground truth": "hpuvIJh", "image path": "test_imgs/555.jpg"}, {"prediction": "", "ground truth": "72b57FT", "image path": "test_imgs/556.jpg"}, {"prediction": "pesscia", "ground truth": "pe55cia", "image path": "test_imgs/557.jpg"}, {"prediction": "72hJIH4", "ground truth": "72hJlH4", "image path": "test_imgs/558.jpg"}, {"prediction": "", "ground truth": "FMArbyX", "image path": "test_imgs/559.jpg"}, {"prediction": "", "ground truth": "8hCChEA", "image path": "test_imgs/560.jpg"}, {"prediction": "", "ground truth": "a58SM1u", "image path": "test_imgs/561.jpg"}, {"prediction": "RhBSSTY", "ground truth": "BhB5SIX", "image path": "test_imgs/562.jpg"}, {"prediction": "LEmTEZM", "ground truth": "UFmTr7M", "image path": "test_imgs/563.jpg"}, {"prediction": "", "ground truth": "VUse61Q", "image path": "test_imgs/564.jpg"}, {"prediction": "Jidl _", "ground truth": "JidlTql", "image path": "test_imgs/565.jpg"}, {"prediction": "", "ground truth": "eFlp4sZ", "image path": "test_imgs/566.jpg"}, {"prediction": "kcabg-6", "ground truth": "kca8gA6", "image path": "test_imgs/567.jpg"}, {"prediction": "novaB-", "ground truth": "nov4JB-", "image path": "test_imgs/568.jpg"}, {"prediction": "WEZkPVn", "ground truth": "WE2kPVm", "image path": "test_imgs/569.jpg"}, {"prediction": "MAonk ! a", "ground truth": "MXonRYa", "image path": "test_imgs/570.jpg"}, {"prediction": "nIl HBI", "ground truth": "nIkHBLd", "image path": "test_imgs/571.jpg"}, {"prediction": "VbFIIEQ", "ground truth": "vbFiiEQ", "image path": "test_imgs/572.jpg"}, {"prediction": "", "ground truth": "ULKQnPY", "image path": "test_imgs/573.jpg"}, {"prediction": "", "ground truth": "aAn3f1F", "image path": "test_imgs/574.jpg"}, {"prediction": "", "ground truth": "MKvnvpU", "image path": "test_imgs/575.jpg"}, {"prediction": "", "ground truth": "oprkfvV", "image path": "test_imgs/576.jpg"}, {"prediction": "", "ground truth": "bP2k6fy", "image path": "test_imgs/577.jpg"}, {"prediction": "' '( .", "ground truth": "kl5oGTE", "image path": "test_imgs/578.jpg"}, {"prediction": "55160", "ground truth": "34516O6", "image path": "test_imgs/579.jpg"}, {"prediction": "", "ground truth": "zK7Fcnh", "image path": "test_imgs/580.jpg"}, {"prediction": "FpVOsiCh", "ground truth": "pVQsjCh", "image path": "test_imgs/581.jpg"}, {"prediction": "F798VRL", "ground truth": "F798VRL", "image path": "test_imgs/582.jpg"}, {"prediction": "", "ground truth": "rpWPxZn", "image path": "test_imgs/583.jpg"}, {"prediction": "", "ground truth": "Y58xYwl", "image path": "test_imgs/584.jpg"}, {"prediction": "5L1470", "ground truth": "SLav47Q", "image path": "test_imgs/585.jpg"}, {"prediction": "\"XbFi", "ground truth": "9iXbFvM", "image path": "test_imgs/586.jpg"}, {"prediction": "TWsuu", "ground truth": "lV7W3O0", "image path": "test_imgs/587.jpg"}, {"prediction": "", "ground truth": "ixFevij", "image path": "test_imgs/588.jpg"}, {"prediction": "b", "ground truth": "4QCGBpi", "image path": "test_imgs/589.jpg"}, {"prediction": "", "ground truth": "ObAQCsr", "image path": "test_imgs/590.jpg"}, {"prediction": "8AvJ6v", "ground truth": "8AvJ6V-", "image path": "test_imgs/591.jpg"}, {"prediction": "Qm79CD]", "ground truth": "Qm7jqCD", "image path": "test_imgs/592.jpg"}, {"prediction": "aRH60c2", "ground truth": "aRH60c2", "image path": "test_imgs/593.jpg"}, {"prediction": "STFIRe", "ground truth": "STFlRe1", "image path": "test_imgs/594.jpg"}, {"prediction": "AsQbwZH", "ground truth": "A5QbwZH", "image path": "test_imgs/595.jpg"}, {"prediction": "Da", "ground truth": "2oyMJI4", "image path": "test_imgs/596.jpg"}, {"prediction": "qgDNbnr", "ground truth": "qgDN5hr", "image path": "test_imgs/597.jpg"}, {"prediction": "Dpom", "ground truth": "a-DpvnY", "image path": "test_imgs/598.jpg"}, {"prediction": "298Ejn4", "ground truth": "z98Ejn4", "image path": "test_imgs/599.jpg"}, {"prediction": "Loteu4", "ground truth": "Lbte04-", "image path": "test_imgs/600.jpg"}, {"prediction": "HKXTI-I", "ground truth": "HKYTJ-h", "image path": "test_imgs/601.jpg"}, {"prediction": "FDGBa", "ground truth": "FiDGlBa", "image path": "test_imgs/602.jpg"}, {"prediction": "lle BQJu", "ground truth": "e8QJrjf", "image path": "test_imgs/603.jpg"}, {"prediction": "", "ground truth": "40hN5Ei", "image path": "test_imgs/604.jpg"}, {"prediction": "", "ground truth": "7jG1gmt", "image path": "test_imgs/605.jpg"}, {"prediction": "Whcl", "ground truth": "gxcmAlb", "image path": "test_imgs/606.jpg"}, {"prediction": "aQexTIO", "ground truth": "aQexTIO", "image path": "test_imgs/607.jpg"}, {"prediction": "6Ov3NGz", "ground truth": "6Oy3NGz", "image path": "test_imgs/608.jpg"}, {"prediction": "", "ground truth": "Ohhhh7J", "image path": "test_imgs/609.jpg"}, {"prediction": "CbC", "ground truth": "UQPs6LZ", "image path": "test_imgs/610.jpg"}, {"prediction": "t2um", "ground truth": "t2umrhH", "image path": "test_imgs/611.jpg"}, {"prediction": "DDQaw6w", "ground truth": "DDQaw6w", "image path": "test_imgs/612.jpg"}, {"prediction": "GfsrHxn", "ground truth": "Gf5rHxn", "image path": "test_imgs/613.jpg"}, {"prediction": "", "ground truth": "XFTKCL4", "image path": "test_imgs/614.jpg"}, {"prediction": "p29JfQV", "ground truth": "p29JfQV", "image path": "test_imgs/615.jpg"}, {"prediction": "Fetteltolae", "ground truth": "Ky6J0d3", "image path": "test_imgs/616.jpg"}, {"prediction": "I3KzRky", "ground truth": "I3K2Rky", "image path": "test_imgs/617.jpg"}, {"prediction": "geafi", "ground truth": "l6eaFWi", "image path": "test_imgs/618.jpg"}, {"prediction": "", "ground truth": "EurcOq5", "image path": "test_imgs/619.jpg"}, {"prediction": "", "ground truth": "7qt4v1e", "image path": "test_imgs/620.jpg"}, {"prediction": "", "ground truth": "TLrr1-E", "image path": "test_imgs/621.jpg"}, {"prediction": "2202mK", "ground truth": "2Zc-2mK", "image path": "test_imgs/622.jpg"}, {"prediction": "AIlpQEl", "ground truth": "A1IpQE1", "image path": "test_imgs/623.jpg"}, {"prediction": "FDNJDS[", "ground truth": "FDNJ5sT", "image path": "test_imgs/624.jpg"}, {"prediction": "frdSOPy", "ground truth": "frdSOPy", "image path": "test_imgs/625.jpg"}, {"prediction": "", "ground truth": "Y-FFNUi", "image path": "test_imgs/626.jpg"}, {"prediction": "", "ground truth": "ukhqmjy", "image path": "test_imgs/627.jpg"}, {"prediction": "", "ground truth": "r5fQyXV", "image path": "test_imgs/628.jpg"}, {"prediction": "GwQa'", "ground truth": "sMLwa60", "image path": "test_imgs/629.jpg"}, {"prediction": "", "ground truth": "aRHjnK7", "image path": "test_imgs/630.jpg"}, {"prediction": "ZpHGX-V", "ground truth": "zpHGX-v", "image path": "test_imgs/631.jpg"}, {"prediction": "ha9pwF)", "ground truth": "ha9pwFj", "image path": "test_imgs/632.jpg"}, {"prediction": "WTOjVswW", "ground truth": "w10jVsW", "image path": "test_imgs/633.jpg"}, {"prediction": "", "ground truth": "guW1YKD", "image path": "test_imgs/634.jpg"}, {"prediction": "", "ground truth": "pVwJt7P", "image path": "test_imgs/635.jpg"}, {"prediction": "1", "ground truth": "rx281M5", "image path": "test_imgs/636.jpg"}, {"prediction": "JOMNDA", "ground truth": "iOMNDAY", "image path": "test_imgs/637.jpg"}, {"prediction": "GRowk", "ground truth": "6R6wKEE", "image path": "test_imgs/638.jpg"}, {"prediction": "", "ground truth": "Am0TAD-", "image path": "test_imgs/639.jpg"}, {"prediction": "JEBuPID", "ground truth": "JE3uP1D", "image path": "test_imgs/640.jpg"}, {"prediction": "", "ground truth": "xviod0w", "image path": "test_imgs/641.jpg"}, {"prediction": "IndjZR )", "ground truth": "JndjZRY", "image path": "test_imgs/642.jpg"}, {"prediction": "ZWw8SJN", "ground truth": "7Ww8SJN", "image path": "test_imgs/643.jpg"}, {"prediction": "Pbf6o7", "ground truth": "HPbf6o7", "image path": "test_imgs/644.jpg"}, {"prediction": "gkJaxhT", "ground truth": "gkJaxhT", "image path": "test_imgs/645.jpg"}, {"prediction": "BlOHBZZ", "ground truth": "B1OHBzZ", "image path": "test_imgs/646.jpg"}, {"prediction": "", "ground truth": "kt9SC6T", "image path": "test_imgs/647.jpg"}, {"prediction": "e", "ground truth": "SDE9TU-", "image path": "test_imgs/648.jpg"}, {"prediction": "98Gn", "ground truth": "lX885ns", "image path": "test_imgs/649.jpg"}, {"prediction": "G74F4oc", "ground truth": "G74F40c", "image path": "test_imgs/650.jpg"}, {"prediction": "", "ground truth": "9WT9WBU", "image path": "test_imgs/651.jpg"}, {"prediction": "5CMdq94", "ground truth": "5CMdg94", "image path": "test_imgs/652.jpg"}, {"prediction": "", "ground truth": "GeP9njL", "image path": "test_imgs/653.jpg"}, {"prediction": "", "ground truth": "0gxNVH2", "image path": "test_imgs/654.jpg"}, {"prediction": "DCaZvyt", "ground truth": "bc4Zvyr", "image path": "test_imgs/655.jpg"}, {"prediction": "0aym55 V", "ground truth": "oaym55V", "image path": "test_imgs/656.jpg"}, {"prediction": "ytto-Iq", "ground truth": "ytt6-Iq", "image path": "test_imgs/657.jpg"}, {"prediction": "", "ground truth": "MbhvwX3", "image path": "test_imgs/658.jpg"}, {"prediction": "IPIdDEp", "ground truth": "lP1dDEp", "image path": "test_imgs/659.jpg"}, {"prediction": "PGHO_", "ground truth": "PG80HW6", "image path": "test_imgs/660.jpg"}, {"prediction": "aTejyli", "ground truth": "aTejy7q", "image path": "test_imgs/661.jpg"}, {"prediction": "LUIWXES", "ground truth": "LUJWXE5", "image path": "test_imgs/662.jpg"}, {"prediction": "-PfjUw6", "ground truth": "-PfjUw6", "image path": "test_imgs/663.jpg"}, {"prediction": "WSLXZGB", "ground truth": "w5LXZGB", "image path": "test_imgs/664.jpg"}, {"prediction": "", "ground truth": "g6aXiuJ", "image path": "test_imgs/665.jpg"}, {"prediction": "", "ground truth": "ie0ZqXQ", "image path": "test_imgs/666.jpg"}, {"prediction": "", "ground truth": "rO5-J14", "image path": "test_imgs/667.jpg"}, {"prediction": "T", "ground truth": "q9lnyWK", "image path": "test_imgs/668.jpg"}, {"prediction": "WgtPXEd", "ground truth": "WgtPXEv", "image path": "test_imgs/669.jpg"}, {"prediction": "6kale", "ground truth": "dPKp66y", "image path": "test_imgs/670.jpg"}, {"prediction": "", "ground truth": "Yn5TWow", "image path": "test_imgs/671.jpg"}, {"prediction": "Btauins", "ground truth": "BraOkSQ", "image path": "test_imgs/672.jpg"}, {"prediction": "VPnehhl", "ground truth": "yPnehhI", "image path": "test_imgs/673.jpg"}, {"prediction": "RKVvrDT", "ground truth": "3KYvrPT", "image path": "test_imgs/674.jpg"}, {"prediction": "PETcETN", "ground truth": "PE1cL7N", "image path": "test_imgs/675.jpg"}, {"prediction": "OAUIT EJ", "ground truth": "8XU1YEj", "image path": "test_imgs/676.jpg"}, {"prediction": "zOnhUns", "ground truth": "z0nhUnS", "image path": "test_imgs/677.jpg"}, {"prediction": "wDDbohf", "ground truth": "wDDb0hJ", "image path": "test_imgs/678.jpg"}, {"prediction": "Vobis", "ground truth": "eV6bt3J", "image path": "test_imgs/679.jpg"}, {"prediction": "EME Wbz]", "ground truth": "EmEWb2Y", "image path": "test_imgs/680.jpg"}, {"prediction": "SuxcEL", "ground truth": "SJI8eEt", "image path": "test_imgs/681.jpg"}, {"prediction": "", "ground truth": "OtKkk35", "image path": "test_imgs/682.jpg"}, {"prediction": "OCASE", "ground truth": "gCXVSEl", "image path": "test_imgs/683.jpg"}, {"prediction": "85482", "ground truth": "g5klgza", "image path": "test_imgs/684.jpg"}, {"prediction": "", "ground truth": "AmPMUyA", "image path": "test_imgs/685.jpg"}, {"prediction": "UHOiP", "ground truth": "UHOi2Pc", "image path": "test_imgs/686.jpg"}, {"prediction": "", "ground truth": "Hockndo", "image path": "test_imgs/687.jpg"}, {"prediction": "TwsfdGs", "ground truth": "Tw5fdGs", "image path": "test_imgs/688.jpg"}, {"prediction": "rBpq2Vz", "ground truth": "rBpq2VZ", "image path": "test_imgs/689.jpg"}, {"prediction": "", "ground truth": "XCcu1Vk", "image path": "test_imgs/690.jpg"}, {"prediction": "TKZAM", "ground truth": "uEK7AMT", "image path": "test_imgs/691.jpg"}, {"prediction": "", "ground truth": "BJPVLSK", "image path": "test_imgs/692.jpg"}, {"prediction": "", "ground truth": "-Lo2od3", "image path": "test_imgs/693.jpg"}, {"prediction": "OSNKkDE", "ground truth": "nSNKkDE", "image path": "test_imgs/694.jpg"}, {"prediction": "F3wDEcIL", "ground truth": "3wDEcIL", "image path": "test_imgs/695.jpg"}, {"prediction": "LgSXAbT", "ground truth": "Lg5XAbT", "image path": "test_imgs/696.jpg"}, {"prediction": "C", "ground truth": "izb15kG", "image path": "test_imgs/697.jpg"}, {"prediction": "JGu;/", "ground truth": "m6you5Z", "image path": "test_imgs/698.jpg"}, {"prediction": "GSIgju9", "ground truth": "GSlgju9", "image path": "test_imgs/699.jpg"}, {"prediction": "Qu8zlf", "ground truth": "Qu87If-", "image path": "test_imgs/700.jpg"}, {"prediction": "", "ground truth": "oPKLnki", "image path": "test_imgs/701.jpg"}, {"prediction": "", "ground truth": "t5ZoWpk", "image path": "test_imgs/702.jpg"}, {"prediction": "", "ground truth": "u7an2Cl", "image path": "test_imgs/703.jpg"}, {"prediction": "", "ground truth": "PlAzCYR", "image path": "test_imgs/704.jpg"}, {"prediction": "", "ground truth": "aQugsWD", "image path": "test_imgs/705.jpg"}, {"prediction": "SG-bolj", "ground truth": "BGFbdl2", "image path": "test_imgs/706.jpg"}, {"prediction": "XWIZIAn", "ground truth": "XWI2fAn", "image path": "test_imgs/707.jpg"}, {"prediction": "Kshs4r?", "ground truth": "K5hS4p2", "image path": "test_imgs/708.jpg"}, {"prediction": "FKcZaBK", "ground truth": "FKcZaBK", "image path": "test_imgs/709.jpg"}, {"prediction": "Xj9C49Y", "ground truth": "Xj9C49Y", "image path": "test_imgs/710.jpg"}, {"prediction": "RFVjQjA", "ground truth": "RFVjQjA", "image path": "test_imgs/711.jpg"}, {"prediction": "(zgNV@", "ground truth": "JzgyVGz", "image path": "test_imgs/712.jpg"}, {"prediction": "(", "ground truth": "aD2OtIV", "image path": "test_imgs/713.jpg"}, {"prediction": "BsHAOK", "ground truth": "-BsHAOK", "image path": "test_imgs/714.jpg"}, {"prediction": "", "ground truth": "zSmqU-J", "image path": "test_imgs/715.jpg"}, {"prediction": "117xCa", "ground truth": "I17xcA2", "image path": "test_imgs/716.jpg"}, {"prediction": "", "ground truth": "3ljdjzP", "image path": "test_imgs/717.jpg"}, {"prediction": "", "ground truth": "onQMfiz", "image path": "test_imgs/718.jpg"}, {"prediction": "CGX1EG", "ground truth": "jCGXnEG", "image path": "test_imgs/719.jpg"}, {"prediction": "", "ground truth": "xGs6FKE", "image path": "test_imgs/720.jpg"}, {"prediction": "", "ground truth": "Sx3yqZk", "image path": "test_imgs/721.jpg"}, {"prediction": "", "ground truth": "2JCm-EX", "image path": "test_imgs/722.jpg"}, {"prediction": "bSSIyAQ", "ground truth": "bS5IyAQ", "image path": "test_imgs/723.jpg"}, {"prediction": "ISuGGLt", "ground truth": "t5uGGLt", "image path": "test_imgs/724.jpg"}, {"prediction": "", "ground truth": "ARIdWoL", "image path": "test_imgs/725.jpg"}, {"prediction": "", "ground truth": "KKAe9vW", "image path": "test_imgs/726.jpg"}, {"prediction": "ZvNDArO", "ground truth": "ZvND4rO", "image path": "test_imgs/727.jpg"}, {"prediction": "6Vkg St", "ground truth": "6VkgvSf", "image path": "test_imgs/728.jpg"}, {"prediction": "", "ground truth": "jFadGbs", "image path": "test_imgs/729.jpg"}, {"prediction": "zr9Xbkv", "ground truth": "zr9Xbkv", "image path": "test_imgs/730.jpg"}, {"prediction": "SVCWm+", "ground truth": "syCWm4C", "image path": "test_imgs/731.jpg"}, {"prediction": "Alcatoz", "ground truth": "4icAt0Z", "image path": "test_imgs/732.jpg"}, {"prediction": "4zraxkk", "ground truth": "q2rqxkk", "image path": "test_imgs/733.jpg"}, {"prediction": "QOmu", "ground truth": "IQ1QmJl", "image path": "test_imgs/734.jpg"}, {"prediction": "09lr1QX", "ground truth": "O9Ir1QX", "image path": "test_imgs/735.jpg"}, {"prediction": "", "ground truth": "5gs5NSj", "image path": "test_imgs/736.jpg"}, {"prediction": "", "ground truth": "41iXlV2", "image path": "test_imgs/737.jpg"}, {"prediction": "[U9C582D", "ground truth": "U9C582D", "image path": "test_imgs/738.jpg"}, {"prediction": "Ilk6G e", "ground truth": "FIkk6Ge", "image path": "test_imgs/739.jpg"}, {"prediction": "Tuuy", "ground truth": "-4d1XQy", "image path": "test_imgs/740.jpg"}, {"prediction": "PHdPBvv", "ground truth": "pHdPBvv", "image path": "test_imgs/741.jpg"}, {"prediction": "3adOgWA", "ground truth": "3adOgWA", "image path": "test_imgs/742.jpg"}, {"prediction": "GArFdSN", "ground truth": "GArFd5N", "image path": "test_imgs/743.jpg"}, {"prediction": "JI-UWA", "ground truth": "DtT-0WA", "image path": "test_imgs/744.jpg"}, {"prediction": "", "ground truth": "JocAz80", "image path": "test_imgs/745.jpg"}, {"prediction": "oRArLi5", "ground truth": "oR4rLi5", "image path": "test_imgs/746.jpg"}, {"prediction": "'WzIwiz", "ground truth": "4wzxWF2", "image path": "test_imgs/747.jpg"}, {"prediction": "", "ground truth": "UMHk-Bu", "image path": "test_imgs/748.jpg"}, {"prediction": "", "ground truth": "YIqmeWY", "image path": "test_imgs/749.jpg"}, {"prediction": "75YSBs", "ground truth": "Z5YSBsZ", "image path": "test_imgs/750.jpg"}, {"prediction": "enbzy-0", "ground truth": "enbzy-O", "image path": "test_imgs/751.jpg"}, {"prediction": "QhGMgkC", "ground truth": "QhGMgkC", "image path": "test_imgs/752.jpg"}, {"prediction": "P5Ocwli", "ground truth": "P5ocwG4", "image path": "test_imgs/753.jpg"}, {"prediction": "", "ground truth": "UBBIjov", "image path": "test_imgs/754.jpg"}, {"prediction": "ho 1ldWL", "ground truth": "ho1IdWL", "image path": "test_imgs/755.jpg"}, {"prediction": "Iosd", "ground truth": "mrGSD1X", "image path": "test_imgs/756.jpg"}, {"prediction": "", "ground truth": "U6RuIEN", "image path": "test_imgs/757.jpg"}, {"prediction": "IOZUKcH", "ground truth": "yOzUkcf", "image path": "test_imgs/758.jpg"}, {"prediction": "17qQsu3", "ground truth": "X7qQsuS", "image path": "test_imgs/759.jpg"}, {"prediction": "pLzLK18", "ground truth": "pLzLK18", "image path": "test_imgs/760.jpg"}, {"prediction": "", "ground truth": "97SbliO", "image path": "test_imgs/761.jpg"}, {"prediction": "IfA8mt3", "ground truth": "lfA8mt3", "image path": "test_imgs/762.jpg"}, {"prediction": "2aa", "ground truth": "QSMS0s7", "image path": "test_imgs/763.jpg"}, {"prediction": "ZKMMU", "ground truth": "iZKYMUV", "image path": "test_imgs/764.jpg"}, {"prediction": "~WrYJt6", "ground truth": "-WrYJt6", "image path": "test_imgs/765.jpg"}, {"prediction": "FplW", "ground truth": "ppLbLnX", "image path": "test_imgs/766.jpg"}, {"prediction": "bmt ]-A", "ground truth": "BmtT-X7", "image path": "test_imgs/767.jpg"}, {"prediction": "lizDD9F", "ground truth": "lizDD9F", "image path": "test_imgs/768.jpg"}, {"prediction": "WEC9445]", "ground truth": "0EcgX4S", "image path": "test_imgs/769.jpg"}, {"prediction": "istrqui", "ground truth": "isT39UJ", "image path": "test_imgs/770.jpg"}, {"prediction": "1", "ground truth": "rRKdU5P", "image path": "test_imgs/771.jpg"}, {"prediction": "Ufw9LPA", "ground truth": "UfW9IPA", "image path": "test_imgs/772.jpg"}, {"prediction": "", "ground truth": "4UcACID", "image path": "test_imgs/773.jpg"}, {"prediction": "[p6DpE", "ground truth": "tj56DpE", "image path": "test_imgs/774.jpg"}, {"prediction": "VY4Rgaz", "ground truth": "VY4Rggz", "image path": "test_imgs/775.jpg"}, {"prediction": "Xikt9lx", "ground truth": "Xjkf9lx", "image path": "test_imgs/776.jpg"}, {"prediction": "", "ground truth": "Di7o1Qo", "image path": "test_imgs/777.jpg"}, {"prediction": "ULJube}", "ground truth": "jJLJu5e", "image path": "test_imgs/778.jpg"}, {"prediction": "hTljeks", "ground truth": "hT1jeks", "image path": "test_imgs/779.jpg"}, {"prediction": "", "ground truth": "VTzWPq9", "image path": "test_imgs/780.jpg"}, {"prediction": "", "ground truth": "Tr3w8fq", "image path": "test_imgs/781.jpg"}, {"prediction": "34OSWSW", "ground truth": "34OSW3W", "image path": "test_imgs/782.jpg"}, {"prediction": "4JSpDKi", "ground truth": "4JSpDKi", "image path": "test_imgs/783.jpg"}, {"prediction": "", "ground truth": "xVqhH0-", "image path": "test_imgs/784.jpg"}, {"prediction": "EzSrg3F", "ground truth": "Ez5rg3F", "image path": "test_imgs/785.jpg"}, {"prediction": "", "ground truth": "IDPzifq", "image path": "test_imgs/786.jpg"}, {"prediction": "MZbUldh", "ground truth": "M2bUIdi", "image path": "test_imgs/787.jpg"}, {"prediction": "KYAoniP", "ground truth": "KYA6njP", "image path": "test_imgs/788.jpg"}, {"prediction": "", "ground truth": "wHWQn7b", "image path": "test_imgs/789.jpg"}, {"prediction": "LxGHxcV", "ground truth": "LxGHxcV", "image path": "test_imgs/790.jpg"}, {"prediction": "BRWI UI", "ground truth": "BRWkULx", "image path": "test_imgs/791.jpg"}, {"prediction": "Q1CoTX", "ground truth": "1Q1CoTX", "image path": "test_imgs/792.jpg"}, {"prediction": "", "ground truth": "-wTdI7z", "image path": "test_imgs/793.jpg"}, {"prediction": "", "ground truth": "U3EMKkL", "image path": "test_imgs/794.jpg"}, {"prediction": "Sqapuv", "ground truth": "Sqqpuy1", "image path": "test_imgs/795.jpg"}, {"prediction": "fSlwlzz", "ground truth": "fSIwlZZ", "image path": "test_imgs/796.jpg"}, {"prediction": "m3ygzZW", "ground truth": "m3ygzZW", "image path": "test_imgs/797.jpg"}, {"prediction": "(jKFNSc", "ground truth": "mjKFN5c", "image path": "test_imgs/798.jpg"}, {"prediction": "", "ground truth": "klJSXXk", "image path": "test_imgs/799.jpg"}, {"prediction": "ShEoWGH", "ground truth": "6hEoW6E", "image path": "test_imgs/800.jpg"}, {"prediction": "QuWS87IV", "ground truth": "OuWS87W", "image path": "test_imgs/801.jpg"}, {"prediction": "sgAcuGw", "ground truth": "3gA2uGW", "image path": "test_imgs/802.jpg"}, {"prediction": "", "ground truth": "mxpCXwS", "image path": "test_imgs/803.jpg"}, {"prediction": "", "ground truth": "3xYg4ZZ", "image path": "test_imgs/804.jpg"}, {"prediction": "MAPAAM", "ground truth": "VAS7v7M", "image path": "test_imgs/805.jpg"}, {"prediction": "cst-jhP", "ground truth": "cst-jhP", "image path": "test_imgs/806.jpg"}, {"prediction": "", "ground truth": "ojU75S9", "image path": "test_imgs/807.jpg"}, {"prediction": "P2HOrC3", "ground truth": "P2HOrC3", "image path": "test_imgs/808.jpg"}, {"prediction": "'TCRVrZ", "ground truth": "9TCRVrZ", "image path": "test_imgs/809.jpg"}, {"prediction": "Lmzevvi", "ground truth": "1mZcvvi", "image path": "test_imgs/810.jpg"}, {"prediction": "NPENSN", "ground truth": "NPqEN5N", "image path": "test_imgs/811.jpg"}, {"prediction": "", "ground truth": "8dnJeLg", "image path": "test_imgs/812.jpg"}, {"prediction": "sbDuVSV", "ground truth": "sbDuNSV", "image path": "test_imgs/813.jpg"}, {"prediction": "QQAECDD", "ground truth": "9QAECbb", "image path": "test_imgs/814.jpg"}, {"prediction": "Tnm", "ground truth": "fS1aMmk", "image path": "test_imgs/815.jpg"}, {"prediction": "", "ground truth": "HzrbCvz", "image path": "test_imgs/816.jpg"}, {"prediction": "VeqQx2N", "ground truth": "VeqQx2N", "image path": "test_imgs/817.jpg"}, {"prediction": "Ghiext", "ground truth": "GHjEXtw", "image path": "test_imgs/818.jpg"}, {"prediction": "pxzkMkM", "ground truth": "pxzkMkM", "image path": "test_imgs/819.jpg"}, {"prediction": "", "ground truth": "8rJGQ9L", "image path": "test_imgs/820.jpg"}, {"prediction": "", "ground truth": "GmfGFGf", "image path": "test_imgs/821.jpg"}, {"prediction": "", "ground truth": "FFw3vtv", "image path": "test_imgs/822.jpg"}, {"prediction": "GolpJck", "ground truth": "G9lpJck", "image path": "test_imgs/823.jpg"}, {"prediction": "FpYgQ5o", "ground truth": "FpYgQ5o", "image path": "test_imgs/824.jpg"}, {"prediction": "zoLmLal", "ground truth": "zoLmLaI", "image path": "test_imgs/825.jpg"}, {"prediction": "3YJJXcA", "ground truth": "3YJJxcA", "image path": "test_imgs/826.jpg"}, {"prediction": "-IFytel", "ground truth": "-IFytel", "image path": "test_imgs/827.jpg"}, {"prediction": "owHzg]S", "ground truth": "0wH7gJS", "image path": "test_imgs/828.jpg"}, {"prediction": "OaJJKf", "ground truth": "OauJJKf", "image path": "test_imgs/829.jpg"}, {"prediction": "hgk", "ground truth": "o5hgkDh", "image path": "test_imgs/830.jpg"}, {"prediction": "", "ground truth": "WsS1qMF", "image path": "test_imgs/831.jpg"}, {"prediction": "", "ground truth": "F9zjUjm", "image path": "test_imgs/832.jpg"}, {"prediction": "", "ground truth": "xLVrct3", "image path": "test_imgs/833.jpg"}, {"prediction": "", "ground truth": "hfhJhsc", "image path": "test_imgs/834.jpg"}, {"prediction": "r#HXXos", "ground truth": "r4HXXps", "image path": "test_imgs/835.jpg"}, {"prediction": "", "ground truth": "XC7kjp3", "image path": "test_imgs/836.jpg"}, {"prediction": "389DKqo", "ground truth": "389DKqo", "image path": "test_imgs/837.jpg"}, {"prediction": "Fu-XRI2", "ground truth": "ru-xRI2", "image path": "test_imgs/838.jpg"}, {"prediction": "", "ground truth": "AxPOhm2", "image path": "test_imgs/839.jpg"}, {"prediction": "", "ground truth": "GuEyanw", "image path": "test_imgs/840.jpg"}, {"prediction": "OOazoZo", "ground truth": "OOa3QZ0", "image path": "test_imgs/841.jpg"}, {"prediction": "UGq6hBH", "ground truth": "UGq6hBH", "image path": "test_imgs/842.jpg"}, {"prediction": "IASETSC", "ground truth": "tAsET5C", "image path": "test_imgs/843.jpg"}, {"prediction": "9lPnac", "ground truth": "-9IPnac", "image path": "test_imgs/844.jpg"}, {"prediction": "fitzUa", "ground truth": "ijtzUqF", "image path": "test_imgs/845.jpg"}, {"prediction": "(bogRZy", "ground truth": "f5ogRZy", "image path": "test_imgs/846.jpg"}, {"prediction": "", "ground truth": "eRQsEP-", "image path": "test_imgs/847.jpg"}, {"prediction": "Lciuc", "ground truth": "-kSlHS7", "image path": "test_imgs/848.jpg"}, {"prediction": "B5IOv44", "ground truth": "B5l0v44", "image path": "test_imgs/849.jpg"}, {"prediction": "TySIkFO", "ground truth": "Ty5IkF0", "image path": "test_imgs/850.jpg"}, {"prediction": "ErkirR", "ground truth": "ztkirRA", "image path": "test_imgs/851.jpg"}, {"prediction": "4kE", "ground truth": "Kkafxyz", "image path": "test_imgs/852.jpg"}, {"prediction": "EUAwe", "ground truth": "CvGxvzm", "image path": "test_imgs/853.jpg"}, {"prediction": "VGWSGLo", "ground truth": "VGW5CLo", "image path": "test_imgs/854.jpg"}, {"prediction": "Atdblis", "ground truth": "Atdbli3", "image path": "test_imgs/855.jpg"}, {"prediction": "", "ground truth": "lBVvltV", "image path": "test_imgs/856.jpg"}, {"prediction": "WheIMOP", "ground truth": "Wh9IMOP", "image path": "test_imgs/857.jpg"}, {"prediction": "gXSIEng", "ground truth": "gX8lEng", "image path": "test_imgs/858.jpg"}, {"prediction": "[3RuxT2G", "ground truth": "3Ruxr2G", "image path": "test_imgs/859.jpg"}, {"prediction": "", "ground truth": "wOv9wJD", "image path": "test_imgs/860.jpg"}, {"prediction": "Gzb99z0", "ground truth": "Gzb99zo", "image path": "test_imgs/861.jpg"}, {"prediction": "Euw2sf", "ground truth": "lEuw2sf", "image path": "test_imgs/862.jpg"}, {"prediction": "Zy8dw EaS", "ground truth": "Zy8dwLa", "image path": "test_imgs/863.jpg"}, {"prediction": "plaqcl", "ground truth": "SpIaqcL", "image path": "test_imgs/864.jpg"}, {"prediction": "", "ground truth": "xjIFUKU", "image path": "test_imgs/865.jpg"}, {"prediction": "Nidhin!", "ground truth": "MDBlN78", "image path": "test_imgs/866.jpg"}, {"prediction": "Qaqopky", "ground truth": "Uaq6PKy", "image path": "test_imgs/867.jpg"}, {"prediction": "", "ground truth": "FUT7Bwb", "image path": "test_imgs/868.jpg"}, {"prediction": "", "ground truth": "AD4UWTZ", "image path": "test_imgs/869.jpg"}, {"prediction": "nCoyx90", "ground truth": "nCoyx90", "image path": "test_imgs/870.jpg"}, {"prediction": "SAE", "ground truth": "SaIo3rE", "image path": "test_imgs/871.jpg"}, {"prediction": "", "ground truth": "YZUZ7lk", "image path": "test_imgs/872.jpg"}, {"prediction": "", "ground truth": "zCyBgR4", "image path": "test_imgs/873.jpg"}, {"prediction": "MWRI", "ground truth": "lWlWRlT", "image path": "test_imgs/874.jpg"}, {"prediction": "AKyjmg", "ground truth": "AKyjmg3", "image path": "test_imgs/875.jpg"}, {"prediction": "PnzmIGa", "ground truth": "Pn7mIGa", "image path": "test_imgs/876.jpg"}, {"prediction": "PJkooKU", "ground truth": "pjk66KU", "image path": "test_imgs/877.jpg"}, {"prediction": "", "ground truth": "-JvBj-Q", "image path": "test_imgs/878.jpg"}, {"prediction": "LvEDkw", "ground truth": "LjvEDkw", "image path": "test_imgs/879.jpg"}, {"prediction": "Kequuk", "ground truth": "Ke9uukn", "image path": "test_imgs/880.jpg"}, {"prediction": "ff6Bz24", "ground truth": "ff6BZ24", "image path": "test_imgs/881.jpg"}, {"prediction": "mHbkKK", "ground truth": "mHbkKKH", "image path": "test_imgs/882.jpg"}, {"prediction": "a", "ground truth": "W4VUdkN", "image path": "test_imgs/883.jpg"}, {"prediction": "pm VFUaR", "ground truth": "pmVFUaR", "image path": "test_imgs/884.jpg"}, {"prediction": "FiAbv]", "ground truth": "F1Abv1u", "image path": "test_imgs/885.jpg"}, {"prediction": "So7bMBn", "ground truth": "So7bMBn", "image path": "test_imgs/886.jpg"}, {"prediction": "jaXzcHX", "ground truth": "jaXzcHX", "image path": "test_imgs/887.jpg"}, {"prediction": "FHEqZAI", "ground truth": "FHEq7Ah", "image path": "test_imgs/888.jpg"}, {"prediction": "JWAhDUS", "ground truth": "JW4hDU5", "image path": "test_imgs/889.jpg"}, {"prediction": "k9oJx7q", "ground truth": "k9oJx7q", "image path": "test_imgs/890.jpg"}, {"prediction": "Krxretj", "ground truth": "Krxretj", "image path": "test_imgs/891.jpg"}, {"prediction": "", "ground truth": "vOMr9cj", "image path": "test_imgs/892.jpg"}, {"prediction": "", "ground truth": "d1KxzPb", "image path": "test_imgs/893.jpg"}, {"prediction": "L8 T", "ground truth": "CZ8Tft7", "image path": "test_imgs/894.jpg"}, {"prediction": "", "ground truth": "Qxw3lBr", "image path": "test_imgs/895.jpg"}, {"prediction": "GbJMOUj", "ground truth": "GbJMOUj", "image path": "test_imgs/896.jpg"}, {"prediction": "", "ground truth": "Pffx5Ds", "image path": "test_imgs/897.jpg"}, {"prediction": "VpKN2o", "ground truth": "XvpKN2o", "image path": "test_imgs/898.jpg"}, {"prediction": "oapShyE", "ground truth": "oapShyB", "image path": "test_imgs/899.jpg"}, {"prediction": "", "ground truth": "hy1oWiD", "image path": "test_imgs/900.jpg"}, {"prediction": "", "ground truth": "DDPtoSA", "image path": "test_imgs/901.jpg"}, {"prediction": "", "ground truth": "aH-wxu3", "image path": "test_imgs/902.jpg"}, {"prediction": "", "ground truth": "HmVBbph", "image path": "test_imgs/903.jpg"}, {"prediction": "SjrG81R", "ground truth": "SjrG81H", "image path": "test_imgs/904.jpg"}, {"prediction": "", "ground truth": "Zh27w4F", "image path": "test_imgs/905.jpg"}, {"prediction": "", "ground truth": "yznzbZo", "image path": "test_imgs/906.jpg"}, {"prediction": "GzULZpd", "ground truth": "GzUL7pd", "image path": "test_imgs/907.jpg"}, {"prediction": "TPFiafw", "ground truth": "TPFiqfw", "image path": "test_imgs/908.jpg"}, {"prediction": "", "ground truth": "IFxIUGm", "image path": "test_imgs/909.jpg"}, {"prediction": "", "ground truth": "EJwwcc1", "image path": "test_imgs/910.jpg"}, {"prediction": "XJ-bPfh", "ground truth": "XJ-bPfh", "image path": "test_imgs/911.jpg"}, {"prediction": "TfjBresd", "ground truth": "fjBreSd", "image path": "test_imgs/912.jpg"}, {"prediction": "", "ground truth": "e0Qvi0F", "image path": "test_imgs/913.jpg"}, {"prediction": "wnown", "ground truth": "zLwn6wp", "image path": "test_imgs/914.jpg"}, {"prediction": "", "ground truth": "-WzsyFc", "image path": "test_imgs/915.jpg"}, {"prediction": "", "ground truth": "ZvXFi0B", "image path": "test_imgs/916.jpg"}, {"prediction": "jKkdVQt", "ground truth": "jKkdVQt", "image path": "test_imgs/917.jpg"}, {"prediction": "~AhNU4", "ground truth": "x4hNU4I", "image path": "test_imgs/918.jpg"}, {"prediction": "", "ground truth": "RaGo7ES", "image path": "test_imgs/919.jpg"}, {"prediction": "rJwk-Ks", "ground truth": "rJwk-Ks", "image path": "test_imgs/920.jpg"}, {"prediction": "", "ground truth": "RhTZexA", "image path": "test_imgs/921.jpg"}, {"prediction": "Opy2p3X", "ground truth": "Opy2p3X", "image path": "test_imgs/922.jpg"}, {"prediction": "LTdAfaH", "ground truth": "LTdAfaH", "image path": "test_imgs/923.jpg"}, {"prediction": "OCRKaZW", "ground truth": "0CRKa7W", "image path": "test_imgs/924.jpg"}, {"prediction": "VitYsoq", "ground truth": "ViTYs6q", "image path": "test_imgs/925.jpg"}, {"prediction": "sRwKysp", "ground truth": "sRwKy5p", "image path": "test_imgs/926.jpg"}, {"prediction": "7HreKK9", "ground truth": "7HreKK9", "image path": "test_imgs/927.jpg"}, {"prediction": "", "ground truth": "NuX0oJ-", "image path": "test_imgs/928.jpg"}, {"prediction": "", "ground truth": "gr2tMIy", "image path": "test_imgs/929.jpg"}, {"prediction": "wlSOSXy", "ground truth": "wISO5Xy", "image path": "test_imgs/930.jpg"}, {"prediction": "TpoXaz8", "ground truth": "boXaz8-", "image path": "test_imgs/931.jpg"}, {"prediction": "SDOZEpZ", "ground truth": "SDO2EpZ", "image path": "test_imgs/932.jpg"}, {"prediction": "ZmSsDx", "ground truth": "Zm5sDJx", "image path": "test_imgs/933.jpg"}, {"prediction": "RorXLAU", "ground truth": "RorXLAU", "image path": "test_imgs/934.jpg"}, {"prediction": "wbTnMbR", "ground truth": "wb1nMbR", "image path": "test_imgs/935.jpg"}, {"prediction": "'i`", "ground truth": "js503rW", "image path": "test_imgs/936.jpg"}, {"prediction": "WKcnjz9", "ground truth": "wKcnjz9", "image path": "test_imgs/937.jpg"}, {"prediction": "", "ground truth": "OF6EeU0", "image path": "test_imgs/938.jpg"}, {"prediction": "o6gVuSq", "ground truth": "o6gVuSq", "image path": "test_imgs/939.jpg"}, {"prediction": "UGPupD", "ground truth": "aUGPupD", "image path": "test_imgs/940.jpg"}, {"prediction": "TRNX43V", "ground truth": "rRNX43V", "image path": "test_imgs/941.jpg"}, {"prediction": "apOusm", "ground truth": "fJPOu3m", "image path": "test_imgs/942.jpg"}, {"prediction": "aaNwjbo", "ground truth": "aaNwjbO", "image path": "test_imgs/943.jpg"}, {"prediction": "DtmHzo6", "ground truth": "DfmHZ06", "image path": "test_imgs/944.jpg"}, {"prediction": "u3exQCo", "ground truth": "u3exQCo", "image path": "test_imgs/945.jpg"}, {"prediction": "CDTDc-W", "ground truth": "CDTDc4W", "image path": "test_imgs/946.jpg"}, {"prediction": "'UIRR", "ground truth": "KYUlKKn", "image path": "test_imgs/947.jpg"}, {"prediction": "ILAMAD", "ground truth": "qLAxgAD", "image path": "test_imgs/948.jpg"}, {"prediction": "(ml0-80", "ground truth": "km1Q-86", "image path": "test_imgs/949.jpg"}, {"prediction": "[33 JrV6", "ground truth": "z33JrV6", "image path": "test_imgs/950.jpg"}, {"prediction": "O,JZFYj", "ground truth": "O5JZFYj", "image path": "test_imgs/951.jpg"}, {"prediction": "DAAJOAt", "ground truth": "BXk9oXz", "image path": "test_imgs/952.jpg"}, {"prediction": "ZMOC", "ground truth": "xd-ZMOC", "image path": "test_imgs/953.jpg"}, {"prediction": "Uvsudiv", "ground truth": "UySUb7V", "image path": "test_imgs/954.jpg"}, {"prediction": "", "ground truth": "rLMfQLV", "image path": "test_imgs/955.jpg"}, {"prediction": "AVewoxk", "ground truth": "AVcw9xk", "image path": "test_imgs/956.jpg"}, {"prediction": "QcgWAQJIi", "ground truth": "oCgWOTb", "image path": "test_imgs/957.jpg"}, {"prediction": "", "ground truth": "6MvIjLR", "image path": "test_imgs/958.jpg"}, {"prediction": "XXAwyxf", "ground truth": "xXAwyxf", "image path": "test_imgs/959.jpg"}, {"prediction": "RjWOL64", "ground truth": "RjW0L64", "image path": "test_imgs/960.jpg"}, {"prediction": "kqipMym", "ground truth": "kqjpMym", "image path": "test_imgs/961.jpg"}, {"prediction": "Zbtrweg", "ground truth": "Zbfrweg", "image path": "test_imgs/962.jpg"}, {"prediction": "eivhmka", "ground truth": "wlvhmk4", "image path": "test_imgs/963.jpg"}, {"prediction": "LreQgEC", "ground truth": "LreQ9EC", "image path": "test_imgs/964.jpg"}, {"prediction": "", "ground truth": "ivjydbb", "image path": "test_imgs/965.jpg"}, {"prediction": "", "ground truth": "GcHqM-o", "image path": "test_imgs/966.jpg"}, {"prediction": "umLBAAo", "ground truth": "umTBAAo", "image path": "test_imgs/967.jpg"}, {"prediction": "i2MUw9J", "ground truth": "i2MUw9J", "image path": "test_imgs/968.jpg"}, {"prediction": "YWC", "ground truth": "xwcl6OI", "image path": "test_imgs/969.jpg"}, {"prediction": "OsQvzSt", "ground truth": "O5QvzSf", "image path": "test_imgs/970.jpg"}, {"prediction": "NCRIUjt", "ground truth": "NCRlUjt", "image path": "test_imgs/971.jpg"}, {"prediction": "yODORw8", "ground truth": "y0DORw8", "image path": "test_imgs/972.jpg"}, {"prediction": "@hsgyG6", "ground truth": "4hSgYG6", "image path": "test_imgs/973.jpg"}, {"prediction": "", "ground truth": "zLOwmYS", "image path": "test_imgs/974.jpg"}, {"prediction": "dlPsvde:", "ground truth": "dIPsvde", "image path": "test_imgs/975.jpg"}, {"prediction": "CKLI9U)", "ground truth": "RKL19Uk", "image path": "test_imgs/976.jpg"}, {"prediction": "", "ground truth": "pDDX3xV", "image path": "test_imgs/977.jpg"}, {"prediction": "", "ground truth": "NmpUFpg", "image path": "test_imgs/978.jpg"}, {"prediction": "", "ground truth": "tvRHR-r", "image path": "test_imgs/979.jpg"}, {"prediction": "borkqr9", "ground truth": "66rKq79", "image path": "test_imgs/980.jpg"}, {"prediction": "", "ground truth": "0Vfveni", "image path": "test_imgs/981.jpg"}, {"prediction": "", "ground truth": "Y23mMNv", "image path": "test_imgs/982.jpg"}, {"prediction": "hlIBy8N", "ground truth": "h1lBy8N", "image path": "test_imgs/983.jpg"}, {"prediction": "", "ground truth": "oHEenew", "image path": "test_imgs/984.jpg"}, {"prediction": "Seie", "ground truth": "rNBFI09", "image path": "test_imgs/985.jpg"}, {"prediction": "EVC-IGE", "ground truth": "ZVC-IGE", "image path": "test_imgs/986.jpg"}, {"prediction": "onFq7ka", "ground truth": "pnFq7k4", "image path": "test_imgs/987.jpg"}, {"prediction": "wJZIOdj", "ground truth": "wJZI0dj", "image path": "test_imgs/988.jpg"}, {"prediction": "[MLKWGge", "ground truth": "MLKWGge", "image path": "test_imgs/989.jpg"}, {"prediction": "InZbpCAC", "ground truth": "nZbpCAO", "image path": "test_imgs/990.jpg"}, {"prediction": "T", "ground truth": "T8XkQQh", "image path": "test_imgs/991.jpg"}, {"prediction": "traTPKZ", "ground truth": "trqTPkZ", "image path": "test_imgs/992.jpg"}, {"prediction": "cyKizyc", "ground truth": "cyK1zyc", "image path": "test_imgs/993.jpg"}, {"prediction": "istded", "ground truth": "6l5tdVd", "image path": "test_imgs/994.jpg"}, {"prediction": "", "ground truth": "QQrEgJu", "image path": "test_imgs/995.jpg"}, {"prediction": "OYQPAUJ", "ground truth": "5yQPAUj", "image path": "test_imgs/996.jpg"}, {"prediction": "", "ground truth": "Qscpzla", "image path": "test_imgs/997.jpg"}, {"prediction": "ooodkf", "ground truth": "k0OODkf", "image path": "test_imgs/998.jpg"}, {"prediction": "rpweTsBF", "ground truth": "mweTs8F", "image path": "test_imgs/999.jpg"}]}]