[{"model": "google ocr", "score": {"char_recall": 0.7324, "char_precision": 0.8849, "word_acc": 0.348, "word_acc_ignore_case": 0.398, "word_acc_ignore_case_symbol": 0.421, "1-N.E.D": 0.7259}, "predictions": [{"prediction": "vTS6zYj", "ground truth": "vTS6zYj", "image path": "test_imgs/0.jpg"}, {"prediction": "qqgRair", "ground truth": "qqgRa1r", "image path": "test_imgs/1.jpg"}, {"prediction": "RES", "ground truth": "R4rgKRG", "image path": "test_imgs/2.jpg"}, {"prediction": "c1Gd8xr", "ground truth": "c1Gd8xr", "image path": "test_imgs/3.jpg"}, {"prediction": "g8HGZEE", "ground truth": "g8HGzEE", "image path": "test_imgs/4.jpg"}, {"prediction": "FIPP", "ground truth": "2pHlbP7", "image path": "test_imgs/5.jpg"}, {"prediction": "ZheF93m", "ground truth": "ZheF93m", "image path": "test_imgs/6.jpg"}, {"prediction": "YaGiB", "ground truth": "YqGiBJf", "image path": "test_imgs/7.jpg"}, {"prediction": "QC4vmRI", "ground truth": "QC4vmRI", "image path": "test_imgs/8.jpg"}, {"prediction": "9y5x1YK", "ground truth": "9y5x1YK", "image path": "test_imgs/9.jpg"}, {"prediction": "NO23t9j", "ground truth": "NO23t9j", "image path": "test_imgs/10.jpg"}, {"prediction": "XOZNual", "ground truth": "xOZNuaI", "image path": "test_imgs/11.jpg"}, {"prediction": "zl6WL-R", "ground truth": "Zl6WL-B", "image path": "test_imgs/12.jpg"}, {"prediction": "pXNMY", "ground truth": "RpxNMy0", "image path": "test_imgs/13.jpg"}, {"prediction": "", "ground truth": "HPYDI4c", "image path": "test_imgs/14.jpg"}, {"prediction": "11\u0431\u043e\u0431\u043e\u0432", "ground truth": "qcg09ve", "image path": "test_imgs/15.jpg"}, {"prediction": "al", "ground truth": "v3aMWaI", "image path": "test_imgs/16.jpg"}, {"prediction": "[l-aQnrt", "ground truth": "l-aQnrt", "image path": "test_imgs/17.jpg"}, {"prediction": "GOTHIC", "ground truth": "L21HfOE", "image path": "test_imgs/18.jpg"}, {"prediction": "oGPxldC", "ground truth": "oGPxldC", "image path": "test_imgs/19.jpg"}, {"prediction": "3sm2zja", "ground truth": "3sm2zja", "image path": "test_imgs/20.jpg"}, {"prediction": "nZgjSNN", "ground truth": "nZgjSNN", "image path": "test_imgs/21.jpg"}, {"prediction": "", "ground truth": "sSrX-hj", "image path": "test_imgs/22.jpg"}, {"prediction": "XDCGA-\nKE", "ground truth": "Y-vb5ax", "image path": "test_imgs/23.jpg"}, {"prediction": "XcJtrx", "ground truth": "nXcJtrx", "image path": "test_imgs/24.jpg"}, {"prediction": "84wQKIA", "ground truth": "84wQKlA", "image path": "test_imgs/25.jpg"}, {"prediction": "", "ground truth": "Tm8kH9d", "image path": "test_imgs/26.jpg"}, {"prediction": "YIPMIYO", "ground truth": "yIpM1YO", "image path": "test_imgs/27.jpg"}, {"prediction": "UkstCko", "ground truth": "UkstCk6", "image path": "test_imgs/28.jpg"}, {"prediction": "WkQOGbM", "ground truth": "WkQOGbM", "image path": "test_imgs/29.jpg"}, {"prediction": "McRmzll", "ground truth": "McRmzlL", "image path": "test_imgs/30.jpg"}, {"prediction": "JASSXXS", "ground truth": "8xxSsv1", "image path": "test_imgs/31.jpg"}, {"prediction": "RKCBZDY", "ground truth": "RKcB7DY", "image path": "test_imgs/32.jpg"}, {"prediction": "ZIWISDZ", "ground truth": "ZlWIsDZ", "image path": "test_imgs/33.jpg"}, {"prediction": "", "ground truth": "hceQvr6", "image path": "test_imgs/34.jpg"}, {"prediction": "Jopbxqc", "ground truth": "Uopbxqc", "image path": "test_imgs/35.jpg"}, {"prediction": "SIZx707)", "ground truth": "MZx7C7J", "image path": "test_imgs/36.jpg"}, {"prediction": "", "ground truth": "aN0giM8", "image path": "test_imgs/37.jpg"}, {"prediction": "soFaNkS", "ground truth": "soFaNkS", "image path": "test_imgs/38.jpg"}, {"prediction": "FH79lxl", "ground truth": "EHZ9lxl", "image path": "test_imgs/39.jpg"}, {"prediction": "LXJRAFS", "ground truth": "LXjRAFS", "image path": "test_imgs/40.jpg"}, {"prediction": "YaFG150", "ground truth": "YaFGI5o", "image path": "test_imgs/41.jpg"}, {"prediction": "-WYLPRE", "ground truth": "Hw9LRfB", "image path": "test_imgs/42.jpg"}, {"prediction": "", "ground truth": "LtMh82c", "image path": "test_imgs/43.jpg"}, {"prediction": "WphodCh", "ground truth": "WphodCL", "image path": "test_imgs/44.jpg"}, {"prediction": "yHw7003", "ground truth": "yHw7oO3", "image path": "test_imgs/45.jpg"}, {"prediction": "QB9rUAk", "ground truth": "QB9rUAk", "image path": "test_imgs/46.jpg"}, {"prediction": "-Me1407", "ground truth": "-Me14O7", "image path": "test_imgs/47.jpg"}, {"prediction": "", "ground truth": "brnOOOD", "image path": "test_imgs/48.jpg"}, {"prediction": "6L7DDAF", "ground truth": "6L7DDAf", "image path": "test_imgs/49.jpg"}, {"prediction": "zqZzBfS", "ground truth": "zqZ2BfS", "image path": "test_imgs/50.jpg"}, {"prediction": "EpyLOwg", "ground truth": "EpvLOwg", "image path": "test_imgs/51.jpg"}, {"prediction": "WkQJOrx", "ground truth": "WkQJOrx", "image path": "test_imgs/52.jpg"}, {"prediction": "TN9DPKA", "ground truth": "rN9DPKA", "image path": "test_imgs/53.jpg"}, {"prediction": "jiWpEYN", "ground truth": "jiWpEYN", "image path": "test_imgs/54.jpg"}, {"prediction": "1-Vi6V9", "ground truth": "I-Vi6V9", "image path": "test_imgs/55.jpg"}, {"prediction": "pPw1Vju", "ground truth": "pPw1Vju", "image path": "test_imgs/56.jpg"}, {"prediction": "RP-8xfL", "ground truth": "RP-8xfL", "image path": "test_imgs/57.jpg"}, {"prediction": "0YipF9B", "ground truth": "0YipF9B", "image path": "test_imgs/58.jpg"}, {"prediction": "XrYoLAg", "ground truth": "XrYoLAg", "image path": "test_imgs/59.jpg"}, {"prediction": "9ObwyF-", "ground truth": "9ObwyF-", "image path": "test_imgs/60.jpg"}, {"prediction": "ibJGt5R", "ground truth": "ibJGt5R", "image path": "test_imgs/61.jpg"}, {"prediction": "5mEOZUQ", "ground truth": "5mEoZUQ", "image path": "test_imgs/62.jpg"}, {"prediction": "", "ground truth": "fRgX0dQ", "image path": "test_imgs/63.jpg"}, {"prediction": "zLptzR2", "ground truth": "zLptzR2", "image path": "test_imgs/64.jpg"}, {"prediction": "dkkwupc", "ground truth": "dkkwup0", "image path": "test_imgs/65.jpg"}, {"prediction": "URMaiDu", "ground truth": "URMqiDu", "image path": "test_imgs/66.jpg"}, {"prediction": "sT77blm", "ground truth": "sT77bIm", "image path": "test_imgs/67.jpg"}, {"prediction": "523z108", "ground truth": "523zTU8", "image path": "test_imgs/68.jpg"}, {"prediction": "ayqyb-d", "ground truth": "ayqyb-d", "image path": "test_imgs/69.jpg"}, {"prediction": "", "ground truth": "PPRc8cP", "image path": "test_imgs/70.jpg"}, {"prediction": "10005JX", "ground truth": "l0Oo5JX", "image path": "test_imgs/71.jpg"}, {"prediction": "+Zube6w", "ground truth": "tZube6W", "image path": "test_imgs/72.jpg"}, {"prediction": "KJ5XuOf", "ground truth": "KJ5Xu0f", "image path": "test_imgs/73.jpg"}, {"prediction": "LJcxQwF", "ground truth": "LJcxQwF", "image path": "test_imgs/74.jpg"}, {"prediction": "nun Ym7", "ground truth": "n11nYm7", "image path": "test_imgs/75.jpg"}, {"prediction": "", "ground truth": "qJT8jXQ", "image path": "test_imgs/76.jpg"}, {"prediction": "ot1XORC", "ground truth": "pt1XQRC", "image path": "test_imgs/77.jpg"}, {"prediction": "YIKxVTY", "ground truth": "yIkxVTY", "image path": "test_imgs/78.jpg"}, {"prediction": "PbntXS", "ground truth": "PbntXS-", "image path": "test_imgs/79.jpg"}, {"prediction": "7e6wMEE", "ground truth": "7e6wMEE", "image path": "test_imgs/80.jpg"}, {"prediction": "CKTESUME", "ground truth": "TKTEsuM", "image path": "test_imgs/81.jpg"}, {"prediction": "501Nkd.", "ground truth": "50TNkd7", "image path": "test_imgs/82.jpg"}, {"prediction": "otb510S", "ground truth": "otb51QS", "image path": "test_imgs/83.jpg"}, {"prediction": "21srAhl", "ground truth": "21srAhI", "image path": "test_imgs/84.jpg"}, {"prediction": "7wtcdku", "ground truth": "7wtcdKu", "image path": "test_imgs/85.jpg"}, {"prediction": "\u2082HiZhBH", "ground truth": "2H1ZhBH", "image path": "test_imgs/86.jpg"}, {"prediction": "SEGOCIVE.", "ground truth": "G6OG1YG", "image path": "test_imgs/87.jpg"}, {"prediction": "HprkqtU", "ground truth": "HprKqtU", "image path": "test_imgs/88.jpg"}, {"prediction": "Pc9fcjM", "ground truth": "Pc9fcjM", "image path": "test_imgs/89.jpg"}, {"prediction": "vsgkool", "ground truth": "vs9kooB", "image path": "test_imgs/90.jpg"}, {"prediction": "75eGiyd", "ground truth": "Z5eGiYd", "image path": "test_imgs/91.jpg"}, {"prediction": "GfoXqeY", "ground truth": "GfoXqeY", "image path": "test_imgs/92.jpg"}, {"prediction": "IYxY7NK", "ground truth": "lYxY7NK", "image path": "test_imgs/93.jpg"}, {"prediction": "wElghqE", "ground truth": "wElqhqB", "image path": "test_imgs/94.jpg"}, {"prediction": "WFDs6DO", "ground truth": "WFDs6DO", "image path": "test_imgs/95.jpg"}, {"prediction": "", "ground truth": "ZYkvXnh", "image path": "test_imgs/96.jpg"}, {"prediction": "TNXOUGH", "ground truth": "rNxOUGw", "image path": "test_imgs/97.jpg"}, {"prediction": "6PKWEF4", "ground truth": "6PkWEF4", "image path": "test_imgs/98.jpg"}, {"prediction": "Ec31B-", "ground truth": "iEc3tB-", "image path": "test_imgs/99.jpg"}, {"prediction": "oyHXZtD", "ground truth": "oyHXZtD", "image path": "test_imgs/100.jpg"}, {"prediction": "mzqr9HW", "ground truth": "mzqr9HW", "image path": "test_imgs/101.jpg"}, {"prediction": "OqwizaM", "ground truth": "OqwizaM", "image path": "test_imgs/102.jpg"}, {"prediction": "OrPknkS", "ground truth": "OrPkhkS", "image path": "test_imgs/103.jpg"}, {"prediction": "BdbSXpO", "ground truth": "BdbSXp0", "image path": "test_imgs/104.jpg"}, {"prediction": "2dxOhH7", "ground truth": "2dxOhH7", "image path": "test_imgs/105.jpg"}, {"prediction": "Mtocliy", "ground truth": "Mt0cIiy", "image path": "test_imgs/106.jpg"}, {"prediction": "N8GLgfS", "ground truth": "N8GLgf8", "image path": "test_imgs/107.jpg"}, {"prediction": "xdRGUZD", "ground truth": "xdRGuZD", "image path": "test_imgs/108.jpg"}, {"prediction": "LNYF2MS", "ground truth": "LxyF2MS", "image path": "test_imgs/109.jpg"}, {"prediction": "OIG-4MAD", "ground truth": "OIG4mA0", "image path": "test_imgs/110.jpg"}, {"prediction": "BaL6MIH", "ground truth": "BaL6MlH", "image path": "test_imgs/111.jpg"}, {"prediction": "vaND87", "ground truth": "vaND87j", "image path": "test_imgs/112.jpg"}, {"prediction": "V8zYY3H", "ground truth": "V8zYy3H", "image path": "test_imgs/113.jpg"}, {"prediction": "5-rg06z", "ground truth": "5-rg06z", "image path": "test_imgs/114.jpg"}, {"prediction": "193T8CN", "ground truth": "l93T8cN", "image path": "test_imgs/115.jpg"}, {"prediction": "shp6jib", "ground truth": "xhp6jiB", "image path": "test_imgs/116.jpg"}, {"prediction": "YC93019", "ground truth": "YC930t9", "image path": "test_imgs/117.jpg"}, {"prediction": "VX-10xh", "ground truth": "vX-10xh", "image path": "test_imgs/118.jpg"}, {"prediction": "p-BGnU", "ground truth": "pHBGnUx", "image path": "test_imgs/119.jpg"}, {"prediction": "", "ground truth": "LJ6SEpD", "image path": "test_imgs/120.jpg"}, {"prediction": "", "ground truth": "tQwLZch", "image path": "test_imgs/121.jpg"}, {"prediction": "", "ground truth": "TEXpMcg", "image path": "test_imgs/122.jpg"}, {"prediction": "InzwnUP9", "ground truth": "nzwnUP9", "image path": "test_imgs/123.jpg"}, {"prediction": "vTuJ5C1", "ground truth": "vTuJ5C1", "image path": "test_imgs/124.jpg"}, {"prediction": "AqmOTZ", "ground truth": "sAqmOTZ", "image path": "test_imgs/125.jpg"}, {"prediction": "HfCwl-j", "ground truth": "HfCwl-j", "image path": "test_imgs/126.jpg"}, {"prediction": "", "ground truth": "9lx3cDt", "image path": "test_imgs/127.jpg"}, {"prediction": "\u0431\u0443\u041d7\u041c\u041e\u0445", "ground truth": "6yH7MOx", "image path": "test_imgs/128.jpg"}, {"prediction": "", "ground truth": "1tghgXb", "image path": "test_imgs/129.jpg"}, {"prediction": "soEhSkC", "ground truth": "soEhSkC", "image path": "test_imgs/130.jpg"}, {"prediction": "p8Plapq", "ground truth": "p8Plapq", "image path": "test_imgs/131.jpg"}, {"prediction": "uZzxovs", "ground truth": "uZ3xovs", "image path": "test_imgs/132.jpg"}, {"prediction": "9vP-Ieq", "ground truth": "9vP-Ieq", "image path": "test_imgs/133.jpg"}, {"prediction": "j+5HMSJ", "ground truth": "jt5HMSJ", "image path": "test_imgs/134.jpg"}, {"prediction": "Ug4y--R", "ground truth": "Ug4y--R", "image path": "test_imgs/135.jpg"}, {"prediction": "", "ground truth": "HFc8Mbt", "image path": "test_imgs/136.jpg"}, {"prediction": "63golEp", "ground truth": "63goIEp", "image path": "test_imgs/137.jpg"}, {"prediction": "vmqxGHC", "ground truth": "vmgxGHC", "image path": "test_imgs/138.jpg"}, {"prediction": "-\nFVEfm", "ground truth": "dFVEfmg", "image path": "test_imgs/139.jpg"}, {"prediction": "ZhKdeum", "ground truth": "7hKdeum", "image path": "test_imgs/140.jpg"}, {"prediction": "7duDL7t", "ground truth": "7duDL7t", "image path": "test_imgs/141.jpg"}, {"prediction": "n14k77L", "ground truth": "n14k77L", "image path": "test_imgs/142.jpg"}, {"prediction": "Sxfojke", "ground truth": "SxfoJkq", "image path": "test_imgs/143.jpg"}, {"prediction": "pKRBtv/", "ground truth": "pKRBfv7", "image path": "test_imgs/144.jpg"}, {"prediction": "776b4Mm", "ground truth": "776b4Mm", "image path": "test_imgs/145.jpg"}, {"prediction": "Vuluz", "ground truth": "tVuluzJ", "image path": "test_imgs/146.jpg"}, {"prediction": "ZWQKFO", "ground truth": "pZWQkFe", "image path": "test_imgs/147.jpg"}, {"prediction": "-\ntz4", "ground truth": "Ntz4MQ8", "image path": "test_imgs/148.jpg"}, {"prediction": "SOTZ DIO", "ground truth": "3or2Dm8", "image path": "test_imgs/149.jpg"}, {"prediction": "VqwLjCp", "ground truth": "VqwLjCp", "image path": "test_imgs/150.jpg"}, {"prediction": "OPmNcLW", "ground truth": "0PmNcLW", "image path": "test_imgs/151.jpg"}, {"prediction": "MGojMPE", "ground truth": "MGojMPE", "image path": "test_imgs/152.jpg"}, {"prediction": "5jQ4Qep", "ground truth": "5jQ4Qep", "image path": "test_imgs/153.jpg"}, {"prediction": "J", "ground truth": "B5CszKV", "image path": "test_imgs/154.jpg"}, {"prediction": "F6MLQDB", "ground truth": "F6MLQDB", "image path": "test_imgs/155.jpg"}, {"prediction": "mybwel", "ground truth": "hybwcUI", "image path": "test_imgs/156.jpg"}, {"prediction": "xFIZ301", "ground truth": "xFlZ30l", "image path": "test_imgs/157.jpg"}, {"prediction": "2BZEYqq", "ground truth": "2BZEYqq", "image path": "test_imgs/158.jpg"}, {"prediction": "gLm1bfD", "ground truth": "gLm1bfD", "image path": "test_imgs/159.jpg"}, {"prediction": "wByqqxZ", "ground truth": "wByqqxZ", "image path": "test_imgs/160.jpg"}, {"prediction": "", "ground truth": "yGlsanI", "image path": "test_imgs/161.jpg"}, {"prediction": "Glogniz", "ground truth": "GfoqnN2", "image path": "test_imgs/162.jpg"}, {"prediction": "tXtozniP", "ground truth": "tXtOznH", "image path": "test_imgs/163.jpg"}, {"prediction": "shvrj EC", "ground truth": "shvtjEC", "image path": "test_imgs/164.jpg"}, {"prediction": "Zbtqz3", "ground truth": "1Zbtqz3", "image path": "test_imgs/165.jpg"}, {"prediction": "", "ground truth": "qD8ZoNU", "image path": "test_imgs/166.jpg"}, {"prediction": "aDjiQu4", "ground truth": "aDjiQu4", "image path": "test_imgs/167.jpg"}, {"prediction": "F31V4Y-", "ground truth": "F31V4Y-", "image path": "test_imgs/168.jpg"}, {"prediction": "mEboLoa", "ground truth": "mEboLoa", "image path": "test_imgs/169.jpg"}, {"prediction": "FWywaob", "ground truth": "FWywaob", "image path": "test_imgs/170.jpg"}, {"prediction": "BFQK9A8", "ground truth": "BFQk9A8", "image path": "test_imgs/171.jpg"}, {"prediction": "iTiUuwo", "ground truth": "iTiUuwo", "image path": "test_imgs/172.jpg"}, {"prediction": "ecmBBIV", "ground truth": "ecmBBlV", "image path": "test_imgs/173.jpg"}, {"prediction": "spappe\nXUWhOFF", "ground truth": "XUWh0FF", "image path": "test_imgs/174.jpg"}, {"prediction": "Va3oTj6", "ground truth": "Va3oTj6", "image path": "test_imgs/175.jpg"}, {"prediction": "ITST14", "ground truth": "x1TsTI4", "image path": "test_imgs/176.jpg"}, {"prediction": "FLY3FOF", "ground truth": "FLY3FOF", "image path": "test_imgs/177.jpg"}, {"prediction": "Virkem", "ground truth": "qchHcHw", "image path": "test_imgs/178.jpg"}, {"prediction": "ZB60VNO", "ground truth": "ZB6oVNo", "image path": "test_imgs/179.jpg"}, {"prediction": "iLocygl", "ground truth": "iLocy9l", "image path": "test_imgs/180.jpg"}, {"prediction": "kspt-ad", "ground truth": "kspt-ad", "image path": "test_imgs/181.jpg"}, {"prediction": "19 Toldb", "ground truth": "i9ToIDb", "image path": "test_imgs/182.jpg"}, {"prediction": "RK30DN5", "ground truth": "RK30DN5", "image path": "test_imgs/183.jpg"}, {"prediction": "PgIntAO", "ground truth": "PglntAO", "image path": "test_imgs/184.jpg"}, {"prediction": "", "ground truth": "-k6qceX", "image path": "test_imgs/185.jpg"}, {"prediction": "TW VI", "ground truth": "HwVCgYg", "image path": "test_imgs/186.jpg"}, {"prediction": "aOQVXO\n\u221aXC", "ground truth": "1aOQVXO", "image path": "test_imgs/187.jpg"}, {"prediction": "", "ground truth": "GrvKMzW", "image path": "test_imgs/188.jpg"}, {"prediction": "8XgqJxY", "ground truth": "8XgqJxY", "image path": "test_imgs/189.jpg"}, {"prediction": "YLXV-CO", "ground truth": "YLxv-C0", "image path": "test_imgs/190.jpg"}, {"prediction": "Q6D7kUo", "ground truth": "Q6D7kUo", "image path": "test_imgs/191.jpg"}, {"prediction": "usFSWTa", "ground truth": "usFSWTa", "image path": "test_imgs/192.jpg"}, {"prediction": "G4bZque", "ground truth": "G4bZque", "image path": "test_imgs/193.jpg"}, {"prediction": "WTLX6B", "ground truth": "oWTLX6B", "image path": "test_imgs/194.jpg"}, {"prediction": "", "ground truth": "Yr1bTm9", "image path": "test_imgs/195.jpg"}, {"prediction": "ff5uRmk", "ground truth": "tf5uRmK", "image path": "test_imgs/196.jpg"}, {"prediction": "89d0", "ground truth": "g89dOxA", "image path": "test_imgs/197.jpg"}, {"prediction": "Ha200tx", "ground truth": "Ha2o0tx", "image path": "test_imgs/198.jpg"}, {"prediction": "311", "ground truth": "5vYiWem", "image path": "test_imgs/199.jpg"}, {"prediction": "f9vLywo", "ground truth": "f9vLywO", "image path": "test_imgs/200.jpg"}, {"prediction": "", "ground truth": "-dJKYAT", "image path": "test_imgs/201.jpg"}, {"prediction": "j7ly8nZ", "ground truth": "j7ly8nZ", "image path": "test_imgs/202.jpg"}, {"prediction": "OVNT4GH", "ground truth": "ovnT4GH", "image path": "test_imgs/203.jpg"}, {"prediction": "li6e7cJ", "ground truth": "li6e7cJ", "image path": "test_imgs/204.jpg"}, {"prediction": "", "ground truth": "X6uI8f-", "image path": "test_imgs/205.jpg"}, {"prediction": "KUGILCS", "ground truth": "KUgiLCS", "image path": "test_imgs/206.jpg"}, {"prediction": "LPTuz6E", "ground truth": "LPTuz6E", "image path": "test_imgs/207.jpg"}, {"prediction": "NpG92mE", "ground truth": "NpG92mE", "image path": "test_imgs/208.jpg"}, {"prediction": "yMIIMgs", "ground truth": "yMIlMgs", "image path": "test_imgs/209.jpg"}, {"prediction": "MODE", "ground truth": "TD2PowU", "image path": "test_imgs/210.jpg"}, {"prediction": "L3NxnHX", "ground truth": "L3NxnHX", "image path": "test_imgs/211.jpg"}, {"prediction": "flpXzrg", "ground truth": "flpXzrg", "image path": "test_imgs/212.jpg"}, {"prediction": "mge6rUJ", "ground truth": "mge6rUJ", "image path": "test_imgs/213.jpg"}, {"prediction": "bLQ8zJr", "ground truth": "bLQ8zJI", "image path": "test_imgs/214.jpg"}, {"prediction": "", "ground truth": "Of7Ulwm", "image path": "test_imgs/215.jpg"}, {"prediction": "857Faly", "ground truth": "g57FalY", "image path": "test_imgs/216.jpg"}, {"prediction": "DS5u0zl", "ground truth": "DS5u0zl", "image path": "test_imgs/217.jpg"}, {"prediction": "eMbO20F", "ground truth": "eMbO20F", "image path": "test_imgs/218.jpg"}, {"prediction": "YOW781N", "ground truth": "YiW783W", "image path": "test_imgs/219.jpg"}, {"prediction": "", "ground truth": "MdinqCV", "image path": "test_imgs/220.jpg"}, {"prediction": "XAMCJV5", "ground truth": "XAMCJV5", "image path": "test_imgs/221.jpg"}, {"prediction": "ThBJrFb", "ground truth": "ThBJrFb", "image path": "test_imgs/222.jpg"}, {"prediction": "Egoight", "ground truth": "E9oiglF", "image path": "test_imgs/223.jpg"}, {"prediction": "YvRryT", "ground truth": "jYvRryT", "image path": "test_imgs/224.jpg"}, {"prediction": "AUY MNen", "ground truth": "AUyMNen", "image path": "test_imgs/225.jpg"}, {"prediction": "FQJUeTN", "ground truth": "FQJUeTN", "image path": "test_imgs/226.jpg"}, {"prediction": "jpk3\u043a9\u0440\nK", "ground truth": "jpk3K9p", "image path": "test_imgs/227.jpg"}, {"prediction": "Am9mpo", "ground truth": "1Am9mpc", "image path": "test_imgs/228.jpg"}, {"prediction": "EKTKHrg", "ground truth": "EKTKHrg", "image path": "test_imgs/229.jpg"}, {"prediction": "3R-A2U1", "ground truth": "3R-A2Ui", "image path": "test_imgs/230.jpg"}, {"prediction": "a BusQpl", "ground truth": "aBusQpl", "image path": "test_imgs/231.jpg"}, {"prediction": "5thCFmQ", "ground truth": "5thCFmQ", "image path": "test_imgs/232.jpg"}, {"prediction": "ohcOzYA", "ground truth": "ohcOzYA", "image path": "test_imgs/233.jpg"}, {"prediction": "JORHKIU", "ground truth": "JoRHklU", "image path": "test_imgs/234.jpg"}, {"prediction": "TS2 5", "ground truth": "wTS2Wj5", "image path": "test_imgs/235.jpg"}, {"prediction": "tSVII 2", "ground truth": "tSVI1p2", "image path": "test_imgs/236.jpg"}, {"prediction": "", "ground truth": "3FP0Atl", "image path": "test_imgs/237.jpg"}, {"prediction": "POZMUN-", "ground truth": "P07MUN-", "image path": "test_imgs/238.jpg"}, {"prediction": "Bony\n-AXUDE", "ground truth": "W48Xupg", "image path": "test_imgs/239.jpg"}, {"prediction": "mIL Vipl", "ground truth": "mILVipb", "image path": "test_imgs/240.jpg"}, {"prediction": "maS2eBI", "ground truth": "maS2eBI", "image path": "test_imgs/241.jpg"}, {"prediction": "wly(B9)", "ground truth": "w1yiB9J", "image path": "test_imgs/242.jpg"}, {"prediction": "dPSceOz", "ground truth": "dPSceOz", "image path": "test_imgs/243.jpg"}, {"prediction": "CyXF2tR", "ground truth": "CyXF2tR", "image path": "test_imgs/244.jpg"}, {"prediction": "XOULESC", "ground truth": "X0uLEsC", "image path": "test_imgs/245.jpg"}, {"prediction": "nBHSQMW", "ground truth": "nBHSQMW", "image path": "test_imgs/246.jpg"}, {"prediction": "MtLKvs4", "ground truth": "MtLKvs4", "image path": "test_imgs/247.jpg"}, {"prediction": "", "ground truth": "uuPbdz1", "image path": "test_imgs/248.jpg"}, {"prediction": "EDttKVX", "ground truth": "EDttKVX", "image path": "test_imgs/249.jpg"}, {"prediction": "", "ground truth": "INqL43O", "image path": "test_imgs/250.jpg"}, {"prediction": "epk408W", "ground truth": "epk4O8W", "image path": "test_imgs/251.jpg"}, {"prediction": "ROCKODT", "ground truth": "RdCK0D7", "image path": "test_imgs/252.jpg"}, {"prediction": "ksvm6cD", "ground truth": "ksvm6cD", "image path": "test_imgs/253.jpg"}, {"prediction": "JYZsa YB", "ground truth": "7YZsaYB", "image path": "test_imgs/254.jpg"}, {"prediction": "YCC7g3p", "ground truth": "YCC7g3p", "image path": "test_imgs/255.jpg"}, {"prediction": "jMutuXB", "ground truth": "jMutuXB", "image path": "test_imgs/256.jpg"}, {"prediction": "3DYBVIE", "ground truth": "3pY8Vlb", "image path": "test_imgs/257.jpg"}, {"prediction": "ATEBOL", "ground truth": "iQa5JLv", "image path": "test_imgs/258.jpg"}, {"prediction": "BO-8NnG", "ground truth": "BO-8NnG", "image path": "test_imgs/259.jpg"}, {"prediction": "", "ground truth": "TgRe65u", "image path": "test_imgs/260.jpg"}, {"prediction": "MI3Uxx", "ground truth": "MI3Uxxc", "image path": "test_imgs/261.jpg"}, {"prediction": "Evelji", "ground truth": "EvcJjiF", "image path": "test_imgs/262.jpg"}, {"prediction": "ubVnnxG", "ground truth": "ubVnnxG", "image path": "test_imgs/263.jpg"}, {"prediction": "", "ground truth": "pM95FVE", "image path": "test_imgs/264.jpg"}, {"prediction": "\u0644\u0628\u0627\u062a\nMZ", "ground truth": "hxKpaLg", "image path": "test_imgs/265.jpg"}, {"prediction": "BxAXdhF", "ground truth": "BxAXdhF", "image path": "test_imgs/266.jpg"}, {"prediction": "mpc4iSH", "ground truth": "mpc4iSH", "image path": "test_imgs/267.jpg"}, {"prediction": "nAwCgOf", "ground truth": "mAwCg0f", "image path": "test_imgs/268.jpg"}, {"prediction": "", "ground truth": "Rt8yWu6", "image path": "test_imgs/269.jpg"}, {"prediction": "11w3AZW", "ground truth": "11w3AZW", "image path": "test_imgs/270.jpg"}, {"prediction": "BM5Z2WZ", "ground truth": "BM5Z2Wz", "image path": "test_imgs/271.jpg"}, {"prediction": "xff1 ofP", "ground truth": "xff1ofP", "image path": "test_imgs/272.jpg"}, {"prediction": "", "ground truth": "1mgvlb-", "image path": "test_imgs/273.jpg"}, {"prediction": "5WkwW4V", "ground truth": "5WkwW4V", "image path": "test_imgs/274.jpg"}, {"prediction": "WfizduI", "ground truth": "WfizduI", "image path": "test_imgs/275.jpg"}, {"prediction": "", "ground truth": "SCBJSZE", "image path": "test_imgs/276.jpg"}, {"prediction": "6Z0Dha", "ground truth": "J6Z0Dha", "image path": "test_imgs/277.jpg"}, {"prediction": "UhWpyga", "ground truth": "UhWpyga", "image path": "test_imgs/278.jpg"}, {"prediction": "N8ayh6p", "ground truth": "N8ayh6p", "image path": "test_imgs/279.jpg"}, {"prediction": "EccSxmw", "ground truth": "FccSxmw", "image path": "test_imgs/280.jpg"}, {"prediction": "11\u0440\u043e\u043a", "ground truth": "117p5k3", "image path": "test_imgs/281.jpg"}, {"prediction": "", "ground truth": "z5kMi4s", "image path": "test_imgs/282.jpg"}, {"prediction": "tsYrT1s", "ground truth": "tsYrT1s", "image path": "test_imgs/283.jpg"}, {"prediction": "qy Mc2ek", "ground truth": "qyMc2ek", "image path": "test_imgs/284.jpg"}, {"prediction": "", "ground truth": "NDHnwdT", "image path": "test_imgs/285.jpg"}, {"prediction": "ChVf1QG", "ground truth": "ChVf1QG", "image path": "test_imgs/286.jpg"}, {"prediction": "TV--r50", "ground truth": "TV--r5o", "image path": "test_imgs/287.jpg"}, {"prediction": "04yL9hD", "ground truth": "04yL9hD", "image path": "test_imgs/288.jpg"}, {"prediction": "04RRrLk", "ground truth": "o4RRrLk", "image path": "test_imgs/289.jpg"}, {"prediction": "fsFxYJO", "ground truth": "fsFxYJ0", "image path": "test_imgs/290.jpg"}, {"prediction": "h1qHYaA", "ground truth": "h1qHYaA", "image path": "test_imgs/291.jpg"}, {"prediction": "Q114Tdy", "ground truth": "Ql14Tdy", "image path": "test_imgs/292.jpg"}, {"prediction": "LCaRW.Je", "ground truth": "LCaRWJe", "image path": "test_imgs/293.jpg"}, {"prediction": "", "ground truth": "DCKLQYv", "image path": "test_imgs/294.jpg"}, {"prediction": "uKHTQtP", "ground truth": "uKHTQtP", "image path": "test_imgs/295.jpg"}, {"prediction": "16UBOPL", "ground truth": "J6UBOPL", "image path": "test_imgs/296.jpg"}, {"prediction": "cF7ZOUS", "ground truth": "cF7ZOuS", "image path": "test_imgs/297.jpg"}, {"prediction": "HF5uYad", "ground truth": "HF5uYad", "image path": "test_imgs/298.jpg"}, {"prediction": "Rg-icMz", "ground truth": "Rg-icMz", "image path": "test_imgs/299.jpg"}, {"prediction": "KOZLSKC", "ground truth": "K0ZLsKc", "image path": "test_imgs/300.jpg"}, {"prediction": "XSCfvht", "ground truth": "XSCfvht", "image path": "test_imgs/301.jpg"}, {"prediction": "65Qflls", "ground truth": "65QflIS", "image path": "test_imgs/302.jpg"}, {"prediction": "", "ground truth": "dJG8LZv", "image path": "test_imgs/303.jpg"}, {"prediction": "bAXM2ZF", "ground truth": "bAXM2ZF", "image path": "test_imgs/304.jpg"}, {"prediction": "jlv4C2B", "ground truth": "j1v4C2B", "image path": "test_imgs/305.jpg"}, {"prediction": "qw12dQw", "ground truth": "qwI2dQw", "image path": "test_imgs/306.jpg"}, {"prediction": "Veukgr", "ground truth": "VcvRgr3", "image path": "test_imgs/307.jpg"}, {"prediction": "89Wnwty", "ground truth": "89Wnwty", "image path": "test_imgs/308.jpg"}, {"prediction": "- \u0a1b\n- : - -", "ground truth": "nQakLYu", "image path": "test_imgs/309.jpg"}, {"prediction": "OLVroNg", "ground truth": "OLVr0Nq", "image path": "test_imgs/310.jpg"}, {"prediction": "-R6p2K", "ground truth": "-R6p2KI", "image path": "test_imgs/311.jpg"}, {"prediction": "kZbHawR", "ground truth": "kZbHawR", "image path": "test_imgs/312.jpg"}, {"prediction": "iNim", "ground truth": "irN2pqs", "image path": "test_imgs/313.jpg"}, {"prediction": "", "ground truth": "HrZ2fxn", "image path": "test_imgs/314.jpg"}, {"prediction": "WION", "ground truth": "wmON88G", "image path": "test_imgs/315.jpg"}, {"prediction": "", "ground truth": "aqCdBcw", "image path": "test_imgs/316.jpg"}, {"prediction": "Svjbq2J", "ground truth": "Svjbq2J", "image path": "test_imgs/317.jpg"}, {"prediction": "", "ground truth": "3RZr2P8", "image path": "test_imgs/318.jpg"}, {"prediction": "chwiloj\nWI", "ground truth": "cJw1Ioj", "image path": "test_imgs/319.jpg"}, {"prediction": "GDcqna", "ground truth": "hGDcqna", "image path": "test_imgs/320.jpg"}, {"prediction": "yzzxx6j", "ground truth": "y3zxx6j", "image path": "test_imgs/321.jpg"}, {"prediction": "yk6QNVm", "ground truth": "yk6QNVm", "image path": "test_imgs/322.jpg"}, {"prediction": "JY73CpF", "ground truth": "JY73CpF", "image path": "test_imgs/323.jpg"}, {"prediction": "VYpbv8u", "ground truth": "VYpbv8w", "image path": "test_imgs/324.jpg"}, {"prediction": "zbumbic", "ground truth": "5iQWmqz", "image path": "test_imgs/325.jpg"}, {"prediction": "FJfPhDF", "ground truth": "FJfPhDF", "image path": "test_imgs/326.jpg"}, {"prediction": "ks 3027", "ground truth": "ksI3027", "image path": "test_imgs/327.jpg"}, {"prediction": "", "ground truth": "YR4VQc8", "image path": "test_imgs/328.jpg"}, {"prediction": "\u0410\u0420\u0425", "ground truth": "JKq3PX0", "image path": "test_imgs/329.jpg"}, {"prediction": "xwrow", "ground truth": "M0JMjxy", "image path": "test_imgs/330.jpg"}, {"prediction": "KCOZU-B", "ground truth": "kCoZU-b", "image path": "test_imgs/331.jpg"}, {"prediction": "eTuPD4J", "ground truth": "eTuPD4J", "image path": "test_imgs/332.jpg"}, {"prediction": "xMa9EJ", "ground truth": "rxMa9EJ", "image path": "test_imgs/333.jpg"}, {"prediction": "SoD76Zv", "ground truth": "SoD76Zv", "image path": "test_imgs/334.jpg"}, {"prediction": "ZJE7GF4", "ground truth": "ZJE7GF4", "image path": "test_imgs/335.jpg"}, {"prediction": "ctRR5ge", "ground truth": "ctRR5ge", "image path": "test_imgs/336.jpg"}, {"prediction": "Y7GXgrf", "ground truth": "Y7GXgrf", "image path": "test_imgs/337.jpg"}, {"prediction": "kHidS1", "ground truth": "kHidS1I", "image path": "test_imgs/338.jpg"}, {"prediction": "ctXyZW", "ground truth": "ctlXyZW", "image path": "test_imgs/339.jpg"}, {"prediction": "uH70cDn", "ground truth": "uH70cDn", "image path": "test_imgs/340.jpg"}, {"prediction": "JgKQye", "ground truth": "tJgKQyc", "image path": "test_imgs/341.jpg"}, {"prediction": "DCUXnMH", "ground truth": "DCUXnMH", "image path": "test_imgs/342.jpg"}, {"prediction": "3K4WulH", "ground truth": "3K4WuIH", "image path": "test_imgs/343.jpg"}, {"prediction": "ec72Nb6", "ground truth": "ec72Nb6", "image path": "test_imgs/344.jpg"}, {"prediction": "Pv3Zfa3", "ground truth": "Pv3Zfa3", "image path": "test_imgs/345.jpg"}, {"prediction": "RzWLg-e", "ground truth": "RzWLg-e", "image path": "test_imgs/346.jpg"}, {"prediction": "Nhekil-", "ground truth": "NbekiJ-", "image path": "test_imgs/347.jpg"}, {"prediction": "FN\u208202", "ground truth": "-No0Ztl", "image path": "test_imgs/348.jpg"}, {"prediction": "6PnyyPZ", "ground truth": "6PnyyPZ", "image path": "test_imgs/349.jpg"}, {"prediction": "Erk Tool", "ground truth": "ErkTooV", "image path": "test_imgs/350.jpg"}, {"prediction": "115441", "ground truth": "zirGF2z", "image path": "test_imgs/351.jpg"}, {"prediction": "KryESqn", "ground truth": "KryESqn", "image path": "test_imgs/352.jpg"}, {"prediction": "uEPbo17", "ground truth": "uEPbo17", "image path": "test_imgs/353.jpg"}, {"prediction": "E46wgla", "ground truth": "E46wgla", "image path": "test_imgs/354.jpg"}, {"prediction": "TH8ZGr", "ground truth": "iH8ZGrK", "image path": "test_imgs/355.jpg"}, {"prediction": "TW2 GWXR", "ground truth": "rw2GWxR", "image path": "test_imgs/356.jpg"}, {"prediction": "5q8wGhX", "ground truth": "5q8wGhX", "image path": "test_imgs/357.jpg"}, {"prediction": "6yFYs9m", "ground truth": "6yFYs9m", "image path": "test_imgs/358.jpg"}, {"prediction": "(31X-pc4", "ground truth": "3iX-pcz", "image path": "test_imgs/359.jpg"}, {"prediction": "AT8DGhn", "ground truth": "AT8DGhn", "image path": "test_imgs/360.jpg"}, {"prediction": "boletc", "ground truth": "0bqlc1C", "image path": "test_imgs/361.jpg"}, {"prediction": "GeaASTT", "ground truth": "GeaASTT", "image path": "test_imgs/362.jpg"}, {"prediction": "IsOldyg", "ground truth": "IsOJdvg", "image path": "test_imgs/363.jpg"}, {"prediction": "J4Jefr0", "ground truth": "J4Jefr0", "image path": "test_imgs/364.jpg"}, {"prediction": "exyHbzL", "ground truth": "exyHbzL", "image path": "test_imgs/365.jpg"}, {"prediction": "-VM5J2q", "ground truth": "rVM5J2q", "image path": "test_imgs/366.jpg"}, {"prediction": "FF EXI", "ground truth": "4FF5EXJ", "image path": "test_imgs/367.jpg"}, {"prediction": "ttd64Qt", "ground truth": "ttd64Qt", "image path": "test_imgs/368.jpg"}, {"prediction": "xd8guvf", "ground truth": "xd8guvf", "image path": "test_imgs/369.jpg"}, {"prediction": "", "ground truth": "mppj7pn", "image path": "test_imgs/370.jpg"}, {"prediction": "(RpykuPG", "ground truth": "RpykuPG", "image path": "test_imgs/371.jpg"}, {"prediction": "s3 GIYO", "ground truth": "ns3GlY0", "image path": "test_imgs/372.jpg"}, {"prediction": "CubCXED", "ground truth": "CUbCXF4", "image path": "test_imgs/373.jpg"}, {"prediction": "GetQU60", "ground truth": "qetQU6d", "image path": "test_imgs/374.jpg"}, {"prediction": "73tGCd4", "ground truth": "73tGCd4", "image path": "test_imgs/375.jpg"}, {"prediction": "T\u2081EF6Zh", "ground truth": "T1EF6Zh", "image path": "test_imgs/376.jpg"}, {"prediction": "AGSIUZM", "ground truth": "AGSlUzM", "image path": "test_imgs/377.jpg"}, {"prediction": "nubst4s", "ground truth": "nuDst4S", "image path": "test_imgs/378.jpg"}, {"prediction": "JOOKveT", "ground truth": "JOoKveT", "image path": "test_imgs/379.jpg"}, {"prediction": "JPRsmQ", "ground truth": "xJPRsmQ", "image path": "test_imgs/380.jpg"}, {"prediction": "", "ground truth": "ua51RiV", "image path": "test_imgs/381.jpg"}, {"prediction": "3316A-9", "ground truth": "b-V9tca", "image path": "test_imgs/382.jpg"}, {"prediction": "brxEYmf", "ground truth": "brxEYmf", "image path": "test_imgs/383.jpg"}, {"prediction": "MZDuhYY", "ground truth": "MZDuhYY", "image path": "test_imgs/384.jpg"}, {"prediction": "64KMvez", "ground truth": "64KMvez", "image path": "test_imgs/385.jpg"}, {"prediction": "", "ground truth": "0SpHPEI", "image path": "test_imgs/386.jpg"}, {"prediction": "-v5K6zn", "ground truth": "-v5K6zn", "image path": "test_imgs/387.jpg"}, {"prediction": "FoKdPYZ", "ground truth": "FoKdPYZ", "image path": "test_imgs/388.jpg"}, {"prediction": "*kpvR-0", "ground truth": "KkpvR-U", "image path": "test_imgs/389.jpg"}, {"prediction": "N4pCTNx", "ground truth": "N4pCTNx", "image path": "test_imgs/390.jpg"}, {"prediction": "OjyUVqh", "ground truth": "OjyUVqh", "image path": "test_imgs/391.jpg"}, {"prediction": "PK8NT-K", "ground truth": "PK8NT-K", "image path": "test_imgs/392.jpg"}, {"prediction": "Uckzylm", "ground truth": "UcK2ylm", "image path": "test_imgs/393.jpg"}, {"prediction": "nq0jG1q", "ground truth": "nq0jG1q", "image path": "test_imgs/394.jpg"}, {"prediction": "HSofYuh", "ground truth": "HS9fYuh", "image path": "test_imgs/395.jpg"}, {"prediction": "icaGOOO", "ground truth": "jcqG0O0", "image path": "test_imgs/396.jpg"}, {"prediction": "RpFW", "ground truth": "17RpFWj", "image path": "test_imgs/397.jpg"}, {"prediction": "qzVSBDa", "ground truth": "qzVSBDa", "image path": "test_imgs/398.jpg"}, {"prediction": "bYLmkcr", "ground truth": "bYLmkcr", "image path": "test_imgs/399.jpg"}, {"prediction": "DZZEBX", "ground truth": "jDZZEBx", "image path": "test_imgs/400.jpg"}, {"prediction": "KIMZI", "ground truth": "XKIMZUo", "image path": "test_imgs/401.jpg"}, {"prediction": "B3\u2082", "ground truth": "2WpBzmu", "image path": "test_imgs/402.jpg"}, {"prediction": "", "ground truth": "VZG5-cF", "image path": "test_imgs/403.jpg"}, {"prediction": "", "ground truth": "XtW1jf7", "image path": "test_imgs/404.jpg"}, {"prediction": "3Bk8YMP", "ground truth": "3Bk8YMp", "image path": "test_imgs/405.jpg"}, {"prediction": "nRynT4V", "ground truth": "nRvnT4V", "image path": "test_imgs/406.jpg"}, {"prediction": "", "ground truth": "XrG7IWI", "image path": "test_imgs/407.jpg"}, {"prediction": "EVDMTCP", "ground truth": "LvDMTCr", "image path": "test_imgs/408.jpg"}, {"prediction": "ILKZHR8", "ground truth": "ILKZHR8", "image path": "test_imgs/409.jpg"}, {"prediction": "bZToeYY", "ground truth": "621oeYY", "image path": "test_imgs/410.jpg"}, {"prediction": "k4Fr3qV", "ground truth": "k4Fr3qV", "image path": "test_imgs/411.jpg"}, {"prediction": "R187X3", "ground truth": "lRI87xz", "image path": "test_imgs/412.jpg"}, {"prediction": "oJhGZkM", "ground truth": "oJhGZkM", "image path": "test_imgs/413.jpg"}, {"prediction": "ErDuh00", "ground truth": "ErDuhO0", "image path": "test_imgs/414.jpg"}, {"prediction": "1ZfVizb", "ground truth": "1ZfViZb", "image path": "test_imgs/415.jpg"}, {"prediction": "LvhbPG", "ground truth": "w1vhbPG", "image path": "test_imgs/416.jpg"}, {"prediction": "4ksyIH3", "ground truth": "4ksyIH3", "image path": "test_imgs/417.jpg"}, {"prediction": "jrtyOq", "ground truth": "-jrtyOq", "image path": "test_imgs/418.jpg"}, {"prediction": "AT9EtnG", "ground truth": "AT9EtnG", "image path": "test_imgs/419.jpg"}, {"prediction": "md21Qk4", "ground truth": "md2lQk4", "image path": "test_imgs/420.jpg"}, {"prediction": "BY2fi", "ground truth": "IgBV2fi", "image path": "test_imgs/421.jpg"}, {"prediction": "wDLEhty", "ground truth": "wDLEhty", "image path": "test_imgs/422.jpg"}, {"prediction": "rzB2ved", "ground truth": "rzB2ved", "image path": "test_imgs/423.jpg"}, {"prediction": "gOfmxQS", "ground truth": "gOfmxQS", "image path": "test_imgs/424.jpg"}, {"prediction": "174", "ground truth": "hbZ4cAa", "image path": "test_imgs/425.jpg"}, {"prediction": "SbYCQ4", "ground truth": "1SbYCQ4", "image path": "test_imgs/426.jpg"}, {"prediction": "IQPNPU", "ground truth": "-IQPNPU", "image path": "test_imgs/427.jpg"}, {"prediction": "xQiEZJG", "ground truth": "xQiEZJG", "image path": "test_imgs/428.jpg"}, {"prediction": "187", "ground truth": "9cvrXMC", "image path": "test_imgs/429.jpg"}, {"prediction": "DivhYJO", "ground truth": "DivhYJO", "image path": "test_imgs/430.jpg"}, {"prediction": "", "ground truth": "lIUkHMB", "image path": "test_imgs/431.jpg"}, {"prediction": "ww1rqGa", "ground truth": "ww1rqGa", "image path": "test_imgs/432.jpg"}, {"prediction": "p041Wz2", "ground truth": "p041Wz2", "image path": "test_imgs/433.jpg"}, {"prediction": "trH9Eoa", "ground truth": "trH9Eoa", "image path": "test_imgs/434.jpg"}, {"prediction": "x6Usl5y", "ground truth": "x6Usl5y", "image path": "test_imgs/435.jpg"}, {"prediction": "R-OROEa", "ground truth": "R-0ROEd", "image path": "test_imgs/436.jpg"}, {"prediction": "", "ground truth": "BbQSat5", "image path": "test_imgs/437.jpg"}, {"prediction": "", "ground truth": "tQyCxXG", "image path": "test_imgs/438.jpg"}, {"prediction": "", "ground truth": "L0G4hxR", "image path": "test_imgs/439.jpg"}, {"prediction": "e8Cwxx", "ground truth": "qe8Cwxx", "image path": "test_imgs/440.jpg"}, {"prediction": "HpOWQH9", "ground truth": "HpOWQH9", "image path": "test_imgs/441.jpg"}, {"prediction": "ED-oSpB", "ground truth": "ED-oSpB", "image path": "test_imgs/442.jpg"}, {"prediction": "Ap4Sthf", "ground truth": "Ap4Sthf", "image path": "test_imgs/443.jpg"}, {"prediction": "", "ground truth": "LTbKZqB", "image path": "test_imgs/444.jpg"}, {"prediction": "DRQfhfs", "ground truth": "DRQfhfs", "image path": "test_imgs/445.jpg"}, {"prediction": "", "ground truth": "zxIPe7U", "image path": "test_imgs/446.jpg"}, {"prediction": "MrYV710", "ground truth": "MrYV71O", "image path": "test_imgs/447.jpg"}, {"prediction": "zbILSm", "ground truth": "6zbILSm", "image path": "test_imgs/448.jpg"}, {"prediction": "-Ae/de0", "ground truth": "-Ae7de0", "image path": "test_imgs/449.jpg"}, {"prediction": "", "ground truth": "X815r4V", "image path": "test_imgs/450.jpg"}, {"prediction": "bo WBuz", "ground truth": "b0JWBuz", "image path": "test_imgs/451.jpg"}, {"prediction": "emELQm9", "ground truth": "emELQm9", "image path": "test_imgs/452.jpg"}, {"prediction": "tQbiy To", "ground truth": "tQbiyTo", "image path": "test_imgs/453.jpg"}, {"prediction": "C6H-ogg", "ground truth": "C6H-oqq", "image path": "test_imgs/454.jpg"}, {"prediction": "", "ground truth": "tesSb-5", "image path": "test_imgs/455.jpg"}, {"prediction": "", "ground truth": "WWlp881", "image path": "test_imgs/456.jpg"}, {"prediction": "WFO", "ground truth": "pwvF0-x", "image path": "test_imgs/457.jpg"}, {"prediction": "OwYyTRw", "ground truth": "0wYyTRw", "image path": "test_imgs/458.jpg"}, {"prediction": "lbU5zjn", "ground truth": "lbU5zjn", "image path": "test_imgs/459.jpg"}, {"prediction": "kiW-Llx", "ground truth": "kiW-LIx", "image path": "test_imgs/460.jpg"}, {"prediction": "XTOCRhy", "ground truth": "XTOCRhv", "image path": "test_imgs/461.jpg"}, {"prediction": "[DH8Urix", "ground truth": "DH8Urix", "image path": "test_imgs/462.jpg"}, {"prediction": "ON \u0431", "ground truth": "qyYgrNO", "image path": "test_imgs/463.jpg"}, {"prediction": "t-SGkFQ", "ground truth": "t-SGkFQ", "image path": "test_imgs/464.jpg"}, {"prediction": "TYIHzml", "ground truth": "fYIHzml", "image path": "test_imgs/465.jpg"}, {"prediction": "fKY9yMZ", "ground truth": "fKY9yMZ", "image path": "test_imgs/466.jpg"}, {"prediction": "FqtUhtq", "ground truth": "FqtUhtq", "image path": "test_imgs/467.jpg"}, {"prediction": "66 LooHC", "ground truth": "66LooHC", "image path": "test_imgs/468.jpg"}, {"prediction": "vXgF51", "ground truth": "-vXgF5l", "image path": "test_imgs/469.jpg"}, {"prediction": "PvhxfVx", "ground truth": "PvhxfVx", "image path": "test_imgs/470.jpg"}, {"prediction": "hmC8CUh", "ground truth": "hmC8CUh", "image path": "test_imgs/471.jpg"}, {"prediction": "KeaParl", "ground truth": "Kc4P3rI", "image path": "test_imgs/472.jpg"}, {"prediction": "YZ4H043", "ground truth": "YZ4HO43", "image path": "test_imgs/473.jpg"}, {"prediction": "A3xCRGi", "ground truth": "A3xCRGr", "image path": "test_imgs/474.jpg"}, {"prediction": "21qdU9c", "ground truth": "2IqdU9c", "image path": "test_imgs/475.jpg"}, {"prediction": "", "ground truth": "BonRXdV", "image path": "test_imgs/476.jpg"}, {"prediction": "CrWNdgB", "ground truth": "CrWNdgB", "image path": "test_imgs/477.jpg"}, {"prediction": "XYCSPHo", "ground truth": "XYCsPHo", "image path": "test_imgs/478.jpg"}, {"prediction": "", "ground truth": "LTTKZFD", "image path": "test_imgs/479.jpg"}, {"prediction": "SRV2-q1", "ground truth": "SRv2-q1", "image path": "test_imgs/480.jpg"}, {"prediction": "costres", "ground truth": "geJjSGQ", "image path": "test_imgs/481.jpg"}, {"prediction": "Sh-suip", "ground truth": "5h-suip", "image path": "test_imgs/482.jpg"}, {"prediction": "GFnLyc", "ground truth": "YgFnLy6", "image path": "test_imgs/483.jpg"}, {"prediction": "Oz9JXaE", "ground truth": "Oz9JXaE", "image path": "test_imgs/484.jpg"}, {"prediction": "GFMXOG3", "ground truth": "GFMxOq3", "image path": "test_imgs/485.jpg"}, {"prediction": "oF3Howp", "ground truth": "oF3H6wp", "image path": "test_imgs/486.jpg"}, {"prediction": "DYUBQty.", "ground truth": "JYUgQfy", "image path": "test_imgs/487.jpg"}, {"prediction": "j4z8eDH", "ground truth": "j4z8eDH", "image path": "test_imgs/488.jpg"}, {"prediction": "LNF3uZ3", "ground truth": "LNF3uZ3", "image path": "test_imgs/489.jpg"}, {"prediction": "UNVT7AI\u25b6", "ground truth": "uNvT7A1", "image path": "test_imgs/490.jpg"}, {"prediction": "1002", "ground truth": "F0oF3KH", "image path": "test_imgs/491.jpg"}, {"prediction": "J9mJbwB", "ground truth": "U9mJbwB", "image path": "test_imgs/492.jpg"}, {"prediction": "Moab\nhaF Y52", "ground truth": "MoaEY5a", "image path": "test_imgs/493.jpg"}, {"prediction": "ZzMlzV-", "ground truth": "ZzMlzV-", "image path": "test_imgs/494.jpg"}, {"prediction": "", "ground truth": "u1h1U-4", "image path": "test_imgs/495.jpg"}, {"prediction": "1SUco9i", "ground truth": "1SUco9i", "image path": "test_imgs/496.jpg"}, {"prediction": "", "ground truth": "S1HtgUk", "image path": "test_imgs/497.jpg"}, {"prediction": "CLjmnm", "ground truth": "ICLjmnm", "image path": "test_imgs/498.jpg"}, {"prediction": "Eukgp UA", "ground truth": "EukgpUA", "image path": "test_imgs/499.jpg"}, {"prediction": "Gkwbwa", "ground truth": "dkwbwat", "image path": "test_imgs/500.jpg"}, {"prediction": "pYNzM2d", "ground truth": "pYNzM2d", "image path": "test_imgs/501.jpg"}, {"prediction": "SWGM h", "ground truth": "yswGMhR", "image path": "test_imgs/502.jpg"}, {"prediction": "OSZxZjl", "ground truth": "0SZxZjh", "image path": "test_imgs/503.jpg"}, {"prediction": "ZheJC3P", "ground truth": "7heJC3P", "image path": "test_imgs/504.jpg"}, {"prediction": "XXOkH6M", "ground truth": "XXOkH6M", "image path": "test_imgs/505.jpg"}, {"prediction": "DZ-EMEZ-", "ground truth": "DZ-EMF7", "image path": "test_imgs/506.jpg"}, {"prediction": "WSBQOCW", "ground truth": "wSBQ0CW", "image path": "test_imgs/507.jpg"}, {"prediction": "", "ground truth": "wrhb7pQ", "image path": "test_imgs/508.jpg"}, {"prediction": "", "ground truth": "znclwwL", "image path": "test_imgs/509.jpg"}, {"prediction": "1xRctpp", "ground truth": "1xRctpp", "image path": "test_imgs/510.jpg"}, {"prediction": "", "ground truth": "wlHGg6e", "image path": "test_imgs/511.jpg"}, {"prediction": "3UmShcA", "ground truth": "3UmShcA", "image path": "test_imgs/512.jpg"}, {"prediction": "27th9AU", "ground truth": "Z7fh9AU", "image path": "test_imgs/513.jpg"}, {"prediction": "UUHqtOS", "ground truth": "UUHqtQS", "image path": "test_imgs/514.jpg"}, {"prediction": "(3m6SKD-", "ground truth": "3m6SKD-", "image path": "test_imgs/515.jpg"}, {"prediction": "sdA303v", "ground truth": "sdA303v", "image path": "test_imgs/516.jpg"}, {"prediction": "2HFLOL5", "ground truth": "2HFLoL5", "image path": "test_imgs/517.jpg"}, {"prediction": "", "ground truth": "g4c9Xuw", "image path": "test_imgs/518.jpg"}, {"prediction": "75j6EfL", "ground truth": "75j6EfL", "image path": "test_imgs/519.jpg"}, {"prediction": "CYWWYIG", "ground truth": "cYWWYIG", "image path": "test_imgs/520.jpg"}, {"prediction": "CPD4gzC", "ground truth": "CPD4gzC", "image path": "test_imgs/521.jpg"}, {"prediction": "AZ6IKJO", "ground truth": "Az6lKJ0", "image path": "test_imgs/522.jpg"}, {"prediction": "LiuHMrk", "ground truth": "L1uHMrk", "image path": "test_imgs/523.jpg"}, {"prediction": "", "ground truth": "kwxVDSD", "image path": "test_imgs/524.jpg"}, {"prediction": "nLc6jGH", "ground truth": "nLc6jGH", "image path": "test_imgs/525.jpg"}, {"prediction": "XtjOydP", "ground truth": "XtjOydP", "image path": "test_imgs/526.jpg"}, {"prediction": "46pl'Esk", "ground truth": "46pPE1K", "image path": "test_imgs/527.jpg"}, {"prediction": "erMzQ5z", "ground truth": "erMzQ5z", "image path": "test_imgs/528.jpg"}, {"prediction": "3eBu27V", "ground truth": "3eBu27V", "image path": "test_imgs/529.jpg"}, {"prediction": "GoAtRT3", "ground truth": "GoAtRT3", "image path": "test_imgs/530.jpg"}, {"prediction": "MAJMun", "ground truth": "vMAJMun", "image path": "test_imgs/531.jpg"}, {"prediction": "", "ground truth": "nwYmw06", "image path": "test_imgs/532.jpg"}, {"prediction": "EZEQIda", "ground truth": "EzEQIdo", "image path": "test_imgs/533.jpg"}, {"prediction": "", "ground truth": "hKT9lFk", "image path": "test_imgs/534.jpg"}, {"prediction": "MnNGX2n", "ground truth": "MnNGX2n", "image path": "test_imgs/535.jpg"}, {"prediction": "", "ground truth": "UPlbq5f", "image path": "test_imgs/536.jpg"}, {"prediction": "A\nMpyx", "ground truth": "0VMpv5x", "image path": "test_imgs/537.jpg"}, {"prediction": "5Dol Uyg", "ground truth": "5DoIUy9", "image path": "test_imgs/538.jpg"}, {"prediction": "WOutuEW", "ground truth": "WOutuEW", "image path": "test_imgs/539.jpg"}, {"prediction": "7873180", "ground truth": "Z873I80", "image path": "test_imgs/540.jpg"}, {"prediction": "8HNIK6e", "ground truth": "8HNJK6e", "image path": "test_imgs/541.jpg"}, {"prediction": "", "ground truth": "sr7mPBv", "image path": "test_imgs/542.jpg"}, {"prediction": "CC1-b>>>", "ground truth": "zCC1-bY", "image path": "test_imgs/543.jpg"}, {"prediction": "YWw9zir", "ground truth": "yWw9zjr", "image path": "test_imgs/544.jpg"}, {"prediction": "ryWT7cC", "ground truth": "ryWT7cC", "image path": "test_imgs/545.jpg"}, {"prediction": "ODRwt29", "ground truth": "oDRwt29", "image path": "test_imgs/546.jpg"}, {"prediction": "Vkt Omm", "ground truth": "yVktOmm", "image path": "test_imgs/547.jpg"}, {"prediction": "DJJ \u0421\u0423\u0415\u0415", "ground truth": "DJJC9EE", "image path": "test_imgs/548.jpg"}, {"prediction": "OYHME", "ground truth": "I0Y1HHz", "image path": "test_imgs/549.jpg"}, {"prediction": "4QPchmC", "ground truth": "4QPchmC", "image path": "test_imgs/550.jpg"}, {"prediction": "FyHE3lb", "ground truth": "FyHE3Ib", "image path": "test_imgs/551.jpg"}, {"prediction": "H81hEIK", "ground truth": "H8lhEIk", "image path": "test_imgs/552.jpg"}, {"prediction": "FANNEUL", "ground truth": "ifLaMW4", "image path": "test_imgs/553.jpg"}, {"prediction": "UPMp5V8", "ground truth": "uPMp5V8", "image path": "test_imgs/554.jpg"}, {"prediction": "hpuvlJh", "ground truth": "hpuvIJh", "image path": "test_imgs/555.jpg"}, {"prediction": "72b57FD", "ground truth": "72b57FT", "image path": "test_imgs/556.jpg"}, {"prediction": "pe55cia", "ground truth": "pe55cia", "image path": "test_imgs/557.jpg"}, {"prediction": "72hJlH4", "ground truth": "72hJlH4", "image path": "test_imgs/558.jpg"}, {"prediction": "FMArbyX", "ground truth": "FMArbyX", "image path": "test_imgs/559.jpg"}, {"prediction": "", "ground truth": "8hCChEA", "image path": "test_imgs/560.jpg"}, {"prediction": "258SM10", "ground truth": "a58SM1u", "image path": "test_imgs/561.jpg"}, {"prediction": "BhB5SIX", "ground truth": "BhB5SIX", "image path": "test_imgs/562.jpg"}, {"prediction": "UFmTr/M", "ground truth": "UFmTr7M", "image path": "test_imgs/563.jpg"}, {"prediction": "", "ground truth": "VUse61Q", "image path": "test_imgs/564.jpg"}, {"prediction": "JidlTql", "ground truth": "JidlTql", "image path": "test_imgs/565.jpg"}, {"prediction": "Hip-402", "ground truth": "eFlp4sZ", "image path": "test_imgs/566.jpg"}, {"prediction": "kcaBgA6", "ground truth": "kca8gA6", "image path": "test_imgs/567.jpg"}, {"prediction": "nov4JB-", "ground truth": "nov4JB-", "image path": "test_imgs/568.jpg"}, {"prediction": "WE2kPVm", "ground truth": "WE2kPVm", "image path": "test_imgs/569.jpg"}, {"prediction": "MXonKYa", "ground truth": "MXonRYa", "image path": "test_imgs/570.jpg"}, {"prediction": "nIkHBLd", "ground truth": "nIkHBLd", "image path": "test_imgs/571.jpg"}, {"prediction": "vbFiiEQ", "ground truth": "vbFiiEQ", "image path": "test_imgs/572.jpg"}, {"prediction": "COMPE", "ground truth": "ULKQnPY", "image path": "test_imgs/573.jpg"}, {"prediction": "_aAnzfiF", "ground truth": "aAn3f1F", "image path": "test_imgs/574.jpg"}, {"prediction": "MKunvpU", "ground truth": "MKvnvpU", "image path": "test_imgs/575.jpg"}, {"prediction": "", "ground truth": "oprkfvV", "image path": "test_imgs/576.jpg"}, {"prediction": "", "ground truth": "bP2k6fy", "image path": "test_imgs/577.jpg"}, {"prediction": "RIGTE", "ground truth": "kl5oGTE", "image path": "test_imgs/578.jpg"}, {"prediction": "5451606", "ground truth": "34516O6", "image path": "test_imgs/579.jpg"}, {"prediction": "Fettl", "ground truth": "zK7Fcnh", "image path": "test_imgs/580.jpg"}, {"prediction": "pvosjch", "ground truth": "pVQsjCh", "image path": "test_imgs/581.jpg"}, {"prediction": "F798VRL", "ground truth": "F798VRL", "image path": "test_imgs/582.jpg"}, {"prediction": "tpWPXZn", "ground truth": "rpWPxZn", "image path": "test_imgs/583.jpg"}, {"prediction": "", "ground truth": "Y58xYwl", "image path": "test_imgs/584.jpg"}, {"prediction": "SLav470", "ground truth": "SLav47Q", "image path": "test_imgs/585.jpg"}, {"prediction": "9iXbFvM", "ground truth": "9iXbFvM", "image path": "test_imgs/586.jpg"}, {"prediction": "OOEM/", "ground truth": "lV7W3O0", "image path": "test_imgs/587.jpg"}, {"prediction": "", "ground truth": "ixFevij", "image path": "test_imgs/588.jpg"}, {"prediction": "4QCGBpi", "ground truth": "4QCGBpi", "image path": "test_imgs/589.jpg"}, {"prediction": "ObAQCsr", "ground truth": "ObAQCsr", "image path": "test_imgs/590.jpg"}, {"prediction": "8AvJ6V-", "ground truth": "8AvJ6V-", "image path": "test_imgs/591.jpg"}, {"prediction": "Qm7jqCD", "ground truth": "Qm7jqCD", "image path": "test_imgs/592.jpg"}, {"prediction": "aRH60c2", "ground truth": "aRH60c2", "image path": "test_imgs/593.jpg"}, {"prediction": "STFIRE", "ground truth": "STFlRe1", "image path": "test_imgs/594.jpg"}, {"prediction": "A5QbwZH", "ground truth": "A5QbwZH", "image path": "test_imgs/595.jpg"}, {"prediction": "201", "ground truth": "2oyMJI4", "image path": "test_imgs/596.jpg"}, {"prediction": "qgDN5hr", "ground truth": "qgDN5hr", "image path": "test_imgs/597.jpg"}, {"prediction": "a-DpvnY", "ground truth": "a-DpvnY", "image path": "test_imgs/598.jpg"}, {"prediction": "z98Ejn4", "ground truth": "z98Ejn4", "image path": "test_imgs/599.jpg"}, {"prediction": "Lbte04.", "ground truth": "Lbte04-", "image path": "test_imgs/600.jpg"}, {"prediction": "HKYTJ-h", "ground truth": "HKYTJ-h", "image path": "test_imgs/601.jpg"}, {"prediction": "FiDGIBa", "ground truth": "FiDGlBa", "image path": "test_imgs/602.jpg"}, {"prediction": "e8QJrif", "ground truth": "e8QJrjf", "image path": "test_imgs/603.jpg"}, {"prediction": "cap", "ground truth": "40hN5Ei", "image path": "test_imgs/604.jpg"}, {"prediction": "7jGigmt", "ground truth": "7jG1gmt", "image path": "test_imgs/605.jpg"}, {"prediction": "gxcmAlb", "ground truth": "gxcmAlb", "image path": "test_imgs/606.jpg"}, {"prediction": "aQexTIO", "ground truth": "aQexTIO", "image path": "test_imgs/607.jpg"}, {"prediction": "60y3NGz", "ground truth": "6Oy3NGz", "image path": "test_imgs/608.jpg"}, {"prediction": "", "ground truth": "Ohhhh7J", "image path": "test_imgs/609.jpg"}, {"prediction": "Z7yscon", "ground truth": "UQPs6LZ", "image path": "test_imgs/610.jpg"}, {"prediction": "t2\u016bmrhH>", "ground truth": "t2umrhH", "image path": "test_imgs/611.jpg"}, {"prediction": "DDQaw6w", "ground truth": "DDQaw6w", "image path": "test_imgs/612.jpg"}, {"prediction": "Gf5rHxn", "ground truth": "Gf5rHxn", "image path": "test_imgs/613.jpg"}, {"prediction": "", "ground truth": "XFTKCL4", "image path": "test_imgs/614.jpg"}, {"prediction": "p29JfQV", "ground truth": "p29JfQV", "image path": "test_imgs/615.jpg"}, {"prediction": "", "ground truth": "Ky6J0d3", "image path": "test_imgs/616.jpg"}, {"prediction": "13K2Rky", "ground truth": "I3K2Rky", "image path": "test_imgs/617.jpg"}, {"prediction": "GeaFW", "ground truth": "l6eaFWi", "image path": "test_imgs/618.jpg"}, {"prediction": "", "ground truth": "EurcOq5", "image path": "test_imgs/619.jpg"}, {"prediction": "(D", "ground truth": "7qt4v1e", "image path": "test_imgs/620.jpg"}, {"prediction": "TLrr1-D", "ground truth": "TLrr1-E", "image path": "test_imgs/621.jpg"}, {"prediction": "2Zc-2mK", "ground truth": "2Zc-2mK", "image path": "test_imgs/622.jpg"}, {"prediction": "A1IpQE1", "ground truth": "A1IpQE1", "image path": "test_imgs/623.jpg"}, {"prediction": "FDNJ5S", "ground truth": "FDNJ5sT", "image path": "test_imgs/624.jpg"}, {"prediction": "frdSOPy", "ground truth": "frdSOPy", "image path": "test_imgs/625.jpg"}, {"prediction": "", "ground truth": "Y-FFNUi", "image path": "test_imgs/626.jpg"}, {"prediction": "ukhamjy", "ground truth": "ukhqmjy", "image path": "test_imgs/627.jpg"}, {"prediction": "+5f0yXv", "ground truth": "r5fQyXV", "image path": "test_imgs/628.jpg"}, {"prediction": "SMLwa60", "ground truth": "sMLwa60", "image path": "test_imgs/629.jpg"}, {"prediction": "ABHink?\nK", "ground truth": "aRHjnK7", "image path": "test_imgs/630.jpg"}, {"prediction": "zpHGX-v", "ground truth": "zpHGX-v", "image path": "test_imgs/631.jpg"}, {"prediction": "ha9pwFj", "ground truth": "ha9pwFj", "image path": "test_imgs/632.jpg"}, {"prediction": "w10jVsW", "ground truth": "w10jVsW", "image path": "test_imgs/633.jpg"}, {"prediction": "quWIYRD", "ground truth": "guW1YKD", "image path": "test_imgs/634.jpg"}, {"prediction": "", "ground truth": "pVwJt7P", "image path": "test_imgs/635.jpg"}, {"prediction": "", "ground truth": "rx281M5", "image path": "test_imgs/636.jpg"}, {"prediction": "OMNDAY", "ground truth": "iOMNDAY", "image path": "test_imgs/637.jpg"}, {"prediction": "GR6WKEE", "ground truth": "6R6wKEE", "image path": "test_imgs/638.jpg"}, {"prediction": "AMOTAD", "ground truth": "Am0TAD-", "image path": "test_imgs/639.jpg"}, {"prediction": "JE3uPID", "ground truth": "JE3uP1D", "image path": "test_imgs/640.jpg"}, {"prediction": "xvindow", "ground truth": "xviod0w", "image path": "test_imgs/641.jpg"}, {"prediction": "JndjZRY", "ground truth": "JndjZRY", "image path": "test_imgs/642.jpg"}, {"prediction": "7Ww8SJN", "ground truth": "7Ww8SJN", "image path": "test_imgs/643.jpg"}, {"prediction": "HPbf607", "ground truth": "HPbf6o7", "image path": "test_imgs/644.jpg"}, {"prediction": "gk JaxhT", "ground truth": "gkJaxhT", "image path": "test_imgs/645.jpg"}, {"prediction": "B10HBzZ", "ground truth": "B1OHBzZ", "image path": "test_imgs/646.jpg"}, {"prediction": "kt9506T", "ground truth": "kt9SC6T", "image path": "test_imgs/647.jpg"}, {"prediction": "", "ground truth": "SDE9TU-", "image path": "test_imgs/648.jpg"}, {"prediction": "X885ns", "ground truth": "lX885ns", "image path": "test_imgs/649.jpg"}, {"prediction": "G74F40c", "ground truth": "G74F40c", "image path": "test_imgs/650.jpg"}, {"prediction": "WT/WB", "ground truth": "9WT9WBU", "image path": "test_imgs/651.jpg"}, {"prediction": "5CMdg94", "ground truth": "5CMdg94", "image path": "test_imgs/652.jpg"}, {"prediction": "", "ground truth": "GeP9njL", "image path": "test_imgs/653.jpg"}, {"prediction": "OgxNVH2", "ground truth": "0gxNVH2", "image path": "test_imgs/654.jpg"}, {"prediction": "bc4Zvyr", "ground truth": "bc4Zvyr", "image path": "test_imgs/655.jpg"}, {"prediction": "oaym55V", "ground truth": "oaym55V", "image path": "test_imgs/656.jpg"}, {"prediction": "ytt6-lq", "ground truth": "ytt6-Iq", "image path": "test_imgs/657.jpg"}, {"prediction": "MbhvwX3", "ground truth": "MbhvwX3", "image path": "test_imgs/658.jpg"}, {"prediction": "IP1dDEp", "ground truth": "lP1dDEp", "image path": "test_imgs/659.jpg"}, {"prediction": "PG 80HWA", "ground truth": "PG80HW6", "image path": "test_imgs/660.jpg"}, {"prediction": "aTejy7q", "ground truth": "aTejy7q", "image path": "test_imgs/661.jpg"}, {"prediction": "LUJWXE5", "ground truth": "LUJWXE5", "image path": "test_imgs/662.jpg"}, {"prediction": "-PfjUw6", "ground truth": "-PfjUw6", "image path": "test_imgs/663.jpg"}, {"prediction": "w5LXZGB", "ground truth": "w5LXZGB", "image path": "test_imgs/664.jpg"}, {"prediction": "", "ground truth": "g6aXiuJ", "image path": "test_imgs/665.jpg"}, {"prediction": "", "ground truth": "ie0ZqXQ", "image path": "test_imgs/666.jpg"}, {"prediction": "TO5-J14", "ground truth": "rO5-J14", "image path": "test_imgs/667.jpg"}, {"prediction": "q9lnyWK", "ground truth": "q9lnyWK", "image path": "test_imgs/668.jpg"}, {"prediction": "WgtPXEv", "ground truth": "WgtPXEv", "image path": "test_imgs/669.jpg"}, {"prediction": "PKp66y", "ground truth": "dPKp66y", "image path": "test_imgs/670.jpg"}, {"prediction": "HOME COLL", "ground truth": "Yn5TWow", "image path": "test_imgs/671.jpg"}, {"prediction": "BraokSQ", "ground truth": "BraOkSQ", "image path": "test_imgs/672.jpg"}, {"prediction": "yPnehhI", "ground truth": "yPnehhI", "image path": "test_imgs/673.jpg"}, {"prediction": "\u0417\u041a\u04ae\u0423\u0413\u0420\u0422", "ground truth": "3KYvrPT", "image path": "test_imgs/674.jpg"}, {"prediction": "PEICL7N", "ground truth": "PE1cL7N", "image path": "test_imgs/675.jpg"}, {"prediction": "8XUIYEJ", "ground truth": "8XU1YEj", "image path": "test_imgs/676.jpg"}, {"prediction": "zonhUns", "ground truth": "z0nhUnS", "image path": "test_imgs/677.jpg"}, {"prediction": "wDDbohJ", "ground truth": "wDDb0hJ", "image path": "test_imgs/678.jpg"}, {"prediction": "ev6bf3\nJ", "ground truth": "eV6bt3J", "image path": "test_imgs/679.jpg"}, {"prediction": "EmEWb2Y", "ground truth": "EmEWb2Y", "image path": "test_imgs/680.jpg"}, {"prediction": "S|l8cEr", "ground truth": "SJI8eEt", "image path": "test_imgs/681.jpg"}, {"prediction": "", "ground truth": "OtKkk35", "image path": "test_imgs/682.jpg"}, {"prediction": "gCXVSE.", "ground truth": "gCXVSEl", "image path": "test_imgs/683.jpg"}, {"prediction": "g5k|gz", "ground truth": "g5klgza", "image path": "test_imgs/684.jpg"}, {"prediction": "AmPMUyA", "ground truth": "AmPMUyA", "image path": "test_imgs/685.jpg"}, {"prediction": "UHOI2P", "ground truth": "UHOi2Pc", "image path": "test_imgs/686.jpg"}, {"prediction": "", "ground truth": "Hockndo", "image path": "test_imgs/687.jpg"}, {"prediction": "Tw5fdGs", "ground truth": "Tw5fdGs", "image path": "test_imgs/688.jpg"}, {"prediction": "Bpq2VZ", "ground truth": "rBpq2VZ", "image path": "test_imgs/689.jpg"}, {"prediction": "", "ground truth": "XCcu1Vk", "image path": "test_imgs/690.jpg"}, {"prediction": "GEK7AMT", "ground truth": "uEK7AMT", "image path": "test_imgs/691.jpg"}, {"prediction": "RIPVISK", "ground truth": "BJPVLSK", "image path": "test_imgs/692.jpg"}, {"prediction": "Lo2003", "ground truth": "-Lo2od3", "image path": "test_imgs/693.jpg"}, {"prediction": "nSNKKDE>", "ground truth": "nSNKkDE", "image path": "test_imgs/694.jpg"}, {"prediction": "3wDEcll", "ground truth": "3wDEcIL", "image path": "test_imgs/695.jpg"}, {"prediction": "Lg5XAbT", "ground truth": "Lg5XAbT", "image path": "test_imgs/696.jpg"}, {"prediction": "izbi\u015fkG", "ground truth": "izb15kG", "image path": "test_imgs/697.jpg"}, {"prediction": "jou", "ground truth": "m6you5Z", "image path": "test_imgs/698.jpg"}, {"prediction": "GSIgju9", "ground truth": "GSlgju9", "image path": "test_imgs/699.jpg"}, {"prediction": "Qu871f-", "ground truth": "Qu87If-", "image path": "test_imgs/700.jpg"}, {"prediction": "OPKLnk", "ground truth": "oPKLnki", "image path": "test_imgs/701.jpg"}, {"prediction": "200", "ground truth": "t5ZoWpk", "image path": "test_imgs/702.jpg"}, {"prediction": "", "ground truth": "u7an2Cl", "image path": "test_imgs/703.jpg"}, {"prediction": "T 12", "ground truth": "PlAzCYR", "image path": "test_imgs/704.jpg"}, {"prediction": "Qugs WD", "ground truth": "aQugsWD", "image path": "test_imgs/705.jpg"}, {"prediction": "BGF6012", "ground truth": "BGFbdl2", "image path": "test_imgs/706.jpg"}, {"prediction": "XWI2fAn", "ground truth": "XWI2fAn", "image path": "test_imgs/707.jpg"}, {"prediction": "K5hS4p2", "ground truth": "K5hS4p2", "image path": "test_imgs/708.jpg"}, {"prediction": "FKcZaBK", "ground truth": "FKcZaBK", "image path": "test_imgs/709.jpg"}, {"prediction": "Xj9C49Y", "ground truth": "Xj9C49Y", "image path": "test_imgs/710.jpg"}, {"prediction": "RFVjQjA", "ground truth": "RFVjQjA", "image path": "test_imgs/711.jpg"}, {"prediction": "OzgyVG", "ground truth": "JzgyVGz", "image path": "test_imgs/712.jpg"}, {"prediction": "QD2", "ground truth": "aD2OtIV", "image path": "test_imgs/713.jpg"}, {"prediction": "-BSHAOK", "ground truth": "-BsHAOK", "image path": "test_imgs/714.jpg"}, {"prediction": "SmqU", "ground truth": "zSmqU-J", "image path": "test_imgs/715.jpg"}, {"prediction": "117xCA2", "ground truth": "I17xcA2", "image path": "test_imgs/716.jpg"}, {"prediction": "", "ground truth": "3ljdjzP", "image path": "test_imgs/717.jpg"}, {"prediction": "", "ground truth": "onQMfiz", "image path": "test_imgs/718.jpg"}, {"prediction": "jCGXnEG", "ground truth": "jCGXnEG", "image path": "test_imgs/719.jpg"}, {"prediction": "", "ground truth": "xGs6FKE", "image path": "test_imgs/720.jpg"}, {"prediction": "Sx3vq/X", "ground truth": "Sx3yqZk", "image path": "test_imgs/721.jpg"}, {"prediction": "2.JCM-EX", "ground truth": "2JCm-EX", "image path": "test_imgs/722.jpg"}, {"prediction": "bS51yAQ", "ground truth": "bS5IyAQ", "image path": "test_imgs/723.jpg"}, {"prediction": "5uGGLt", "ground truth": "t5uGGLt", "image path": "test_imgs/724.jpg"}, {"prediction": "ARidWol", "ground truth": "ARIdWoL", "image path": "test_imgs/725.jpg"}, {"prediction": "KEV\nCAcQvW", "ground truth": "KKAe9vW", "image path": "test_imgs/726.jpg"}, {"prediction": "ZVND4rO", "ground truth": "ZvND4rO", "image path": "test_imgs/727.jpg"}, {"prediction": "6VkgvSf", "ground truth": "6VkgvSf", "image path": "test_imgs/728.jpg"}, {"prediction": "FadGbe", "ground truth": "jFadGbs", "image path": "test_imgs/729.jpg"}, {"prediction": "zr9Xbkv", "ground truth": "zr9Xbkv", "image path": "test_imgs/730.jpg"}, {"prediction": "syCWm4C", "ground truth": "syCWm4C", "image path": "test_imgs/731.jpg"}, {"prediction": "4icAtoZ", "ground truth": "4icAt0Z", "image path": "test_imgs/732.jpg"}, {"prediction": "q2rqxkk", "ground truth": "q2rqxkk", "image path": "test_imgs/733.jpg"}, {"prediction": "IQ1QmJl", "ground truth": "IQ1QmJl", "image path": "test_imgs/734.jpg"}, {"prediction": "09Ir1QX", "ground truth": "O9Ir1QX", "image path": "test_imgs/735.jpg"}, {"prediction": "", "ground truth": "5gs5NSj", "image path": "test_imgs/736.jpg"}, {"prediction": "", "ground truth": "41iXlV2", "image path": "test_imgs/737.jpg"}, {"prediction": "U9C582D", "ground truth": "U9C582D", "image path": "test_imgs/738.jpg"}, {"prediction": "FIkk6 Ge", "ground truth": "FIkk6Ge", "image path": "test_imgs/739.jpg"}, {"prediction": "-Idixoy", "ground truth": "-4d1XQy", "image path": "test_imgs/740.jpg"}, {"prediction": "pHdPBvv", "ground truth": "pHdPBvv", "image path": "test_imgs/741.jpg"}, {"prediction": "3adOgWA", "ground truth": "3adOgWA", "image path": "test_imgs/742.jpg"}, {"prediction": "GArFd5N", "ground truth": "GArFd5N", "image path": "test_imgs/743.jpg"}, {"prediction": "DET-OWA\nVA", "ground truth": "DtT-0WA", "image path": "test_imgs/744.jpg"}, {"prediction": "COCAZBO\n80", "ground truth": "JocAz80", "image path": "test_imgs/745.jpg"}, {"prediction": "oR4rLi5", "ground truth": "oR4rLi5", "image path": "test_imgs/746.jpg"}, {"prediction": "ZAMXZMF", "ground truth": "4wzxWF2", "image path": "test_imgs/747.jpg"}, {"prediction": "UMHK-Bu", "ground truth": "UMHk-Bu", "image path": "test_imgs/748.jpg"}, {"prediction": "", "ground truth": "YIqmeWY", "image path": "test_imgs/749.jpg"}, {"prediction": "75YSBS", "ground truth": "Z5YSBsZ", "image path": "test_imgs/750.jpg"}, {"prediction": "enbzy-O", "ground truth": "enbzy-O", "image path": "test_imgs/751.jpg"}, {"prediction": "QhGMgkC", "ground truth": "QhGMgkC", "image path": "test_imgs/752.jpg"}, {"prediction": "P50cwG", "ground truth": "P5ocwG4", "image path": "test_imgs/753.jpg"}, {"prediction": "", "ground truth": "UBBIjov", "image path": "test_imgs/754.jpg"}, {"prediction": "ho1ldWL", "ground truth": "ho1IdWL", "image path": "test_imgs/755.jpg"}, {"prediction": "mrGSD1X", "ground truth": "mrGSD1X", "image path": "test_imgs/756.jpg"}, {"prediction": "", "ground truth": "U6RuIEN", "image path": "test_imgs/757.jpg"}, {"prediction": "yozUkct", "ground truth": "yOzUkcf", "image path": "test_imgs/758.jpg"}, {"prediction": "sns bly", "ground truth": "X7qQsuS", "image path": "test_imgs/759.jpg"}, {"prediction": "pLzLK18", "ground truth": "pLzLK18", "image path": "test_imgs/760.jpg"}, {"prediction": "97Sblio", "ground truth": "97SbliO", "image path": "test_imgs/761.jpg"}, {"prediction": "IfA8mt3", "ground truth": "lfA8mt3", "image path": "test_imgs/762.jpg"}, {"prediction": "QSMSUS/", "ground truth": "QSMS0s7", "image path": "test_imgs/763.jpg"}, {"prediction": "IZKYMUV", "ground truth": "iZKYMUV", "image path": "test_imgs/764.jpg"}, {"prediction": "-WrYJt6", "ground truth": "-WrYJt6", "image path": "test_imgs/765.jpg"}, {"prediction": "ppl.bl.a.X\nPP", "ground truth": "ppLbLnX", "image path": "test_imgs/766.jpg"}, {"prediction": "BmtT-X7", "ground truth": "BmtT-X7", "image path": "test_imgs/767.jpg"}, {"prediction": "lizDD9F", "ground truth": "lizDD9F", "image path": "test_imgs/768.jpg"}, {"prediction": "EcgX4S", "ground truth": "0EcgX4S", "image path": "test_imgs/769.jpg"}, {"prediction": "isT39UJ", "ground truth": "isT39UJ", "image path": "test_imgs/770.jpg"}, {"prediction": "", "ground truth": "rRKdU5P", "image path": "test_imgs/771.jpg"}, {"prediction": "UfW9IPA", "ground truth": "UfW9IPA", "image path": "test_imgs/772.jpg"}, {"prediction": "", "ground truth": "4UcACID", "image path": "test_imgs/773.jpg"}, {"prediction": "tj56DpF", "ground truth": "tj56DpE", "image path": "test_imgs/774.jpg"}, {"prediction": "VY4Rggz", "ground truth": "VY4Rggz", "image path": "test_imgs/775.jpg"}, {"prediction": "Xjkf9lx", "ground truth": "Xjkf9lx", "image path": "test_imgs/776.jpg"}, {"prediction": "DI701Q0", "ground truth": "Di7o1Qo", "image path": "test_imgs/777.jpg"}, {"prediction": "JLJu5e", "ground truth": "jJLJu5e", "image path": "test_imgs/778.jpg"}, {"prediction": "hT1jeks", "ground truth": "hT1jeks", "image path": "test_imgs/779.jpg"}, {"prediction": "bIMZIA", "ground truth": "VTzWPq9", "image path": "test_imgs/780.jpg"}, {"prediction": "Tr3w8fg", "ground truth": "Tr3w8fq", "image path": "test_imgs/781.jpg"}, {"prediction": "340SW3W", "ground truth": "34OSW3W", "image path": "test_imgs/782.jpg"}, {"prediction": "4JSpDKi", "ground truth": "4JSpDKi", "image path": "test_imgs/783.jpg"}, {"prediction": "", "ground truth": "xVqhH0-", "image path": "test_imgs/784.jpg"}, {"prediction": "Ez5rg3F", "ground truth": "Ez5rg3F", "image path": "test_imgs/785.jpg"}, {"prediction": "IDPzifa", "ground truth": "IDPzifq", "image path": "test_imgs/786.jpg"}, {"prediction": "M2bUldi", "ground truth": "M2bUIdi", "image path": "test_imgs/787.jpg"}, {"prediction": "KYA6njP", "ground truth": "KYA6njP", "image path": "test_imgs/788.jpg"}, {"prediction": "", "ground truth": "wHWQn7b", "image path": "test_imgs/789.jpg"}, {"prediction": "LXGHXCV", "ground truth": "LxGHxcV", "image path": "test_imgs/790.jpg"}, {"prediction": "BRWkULx", "ground truth": "BRWkULx", "image path": "test_imgs/791.jpg"}, {"prediction": "Q1COTX", "ground truth": "1Q1CoTX", "image path": "test_imgs/792.jpg"}, {"prediction": "-wTd17z", "ground truth": "-wTdI7z", "image path": "test_imgs/793.jpg"}, {"prediction": "UBEMKKD", "ground truth": "U3EMKkL", "image path": "test_imgs/794.jpg"}, {"prediction": "Sqqpuy1", "ground truth": "Sqqpuy1", "image path": "test_imgs/795.jpg"}, {"prediction": "fSlwIZZ", "ground truth": "fSIwlZZ", "image path": "test_imgs/796.jpg"}, {"prediction": "m3ygzZW", "ground truth": "m3ygzZW", "image path": "test_imgs/797.jpg"}, {"prediction": "mjKFN5c", "ground truth": "mjKFN5c", "image path": "test_imgs/798.jpg"}, {"prediction": "JSXXk", "ground truth": "klJSXXk", "image path": "test_imgs/799.jpg"}, {"prediction": "GhEo WGE", "ground truth": "6hEoW6E", "image path": "test_imgs/800.jpg"}, {"prediction": "OuWS87W", "ground truth": "OuWS87W", "image path": "test_imgs/801.jpg"}, {"prediction": "3gA2uGW", "ground truth": "3gA2uGW", "image path": "test_imgs/802.jpg"}, {"prediction": "", "ground truth": "mxpCXwS", "image path": "test_imgs/803.jpg"}, {"prediction": "3xYg4ZZ", "ground truth": "3xYg4ZZ", "image path": "test_imgs/804.jpg"}, {"prediction": "VAS/V/M", "ground truth": "VAS7v7M", "image path": "test_imgs/805.jpg"}, {"prediction": "cst-jhP", "ground truth": "cst-jhP", "image path": "test_imgs/806.jpg"}, {"prediction": "OjU75S9", "ground truth": "ojU75S9", "image path": "test_imgs/807.jpg"}, {"prediction": "P2HOrC3", "ground truth": "P2HOrC3", "image path": "test_imgs/808.jpg"}, {"prediction": "9TCRVrZ", "ground truth": "9TCRVrZ", "image path": "test_imgs/809.jpg"}, {"prediction": "1mZcvvi", "ground truth": "1mZcvvi", "image path": "test_imgs/810.jpg"}, {"prediction": "NPqENN", "ground truth": "NPqEN5N", "image path": "test_imgs/811.jpg"}, {"prediction": "", "ground truth": "8dnJeLg", "image path": "test_imgs/812.jpg"}, {"prediction": "sbDuNSV", "ground truth": "sbDuNSV", "image path": "test_imgs/813.jpg"}, {"prediction": "QAECbb", "ground truth": "9QAECbb", "image path": "test_imgs/814.jpg"}, {"prediction": "fS1aMmk", "ground truth": "fS1aMmk", "image path": "test_imgs/815.jpg"}, {"prediction": "tib Ovz", "ground truth": "HzrbCvz", "image path": "test_imgs/816.jpg"}, {"prediction": "VeqQx2N", "ground truth": "VeqQx2N", "image path": "test_imgs/817.jpg"}, {"prediction": "GHJEXtw", "ground truth": "GHjEXtw", "image path": "test_imgs/818.jpg"}, {"prediction": "pxzkMkM", "ground truth": "pxzkMkM", "image path": "test_imgs/819.jpg"}, {"prediction": "COGO", "ground truth": "8rJGQ9L", "image path": "test_imgs/820.jpg"}, {"prediction": "GmfGFGF", "ground truth": "GmfGFGf", "image path": "test_imgs/821.jpg"}, {"prediction": "", "ground truth": "FFw3vtv", "image path": "test_imgs/822.jpg"}, {"prediction": "GolpJck", "ground truth": "G9lpJck", "image path": "test_imgs/823.jpg"}, {"prediction": "FpYgQ50", "ground truth": "FpYgQ5o", "image path": "test_imgs/824.jpg"}, {"prediction": "zoLmLal", "ground truth": "zoLmLaI", "image path": "test_imgs/825.jpg"}, {"prediction": "3YJJXCA", "ground truth": "3YJJxcA", "image path": "test_imgs/826.jpg"}, {"prediction": "-IFytel", "ground truth": "-IFytel", "image path": "test_imgs/827.jpg"}, {"prediction": "owH7gJS", "ground truth": "0wH7gJS", "image path": "test_imgs/828.jpg"}, {"prediction": "OauJJKf", "ground truth": "OauJJKf", "image path": "test_imgs/829.jpg"}, {"prediction": "05hgkDh", "ground truth": "o5hgkDh", "image path": "test_imgs/830.jpg"}, {"prediction": "HNDISSA", "ground truth": "WsS1qMF", "image path": "test_imgs/831.jpg"}, {"prediction": "F9zjUjm", "ground truth": "F9zjUjm", "image path": "test_imgs/832.jpg"}, {"prediction": "REVICES", "ground truth": "xLVrct3", "image path": "test_imgs/833.jpg"}, {"prediction": "hfhjhsc", "ground truth": "hfhJhsc", "image path": "test_imgs/834.jpg"}, {"prediction": "r4HXXps", "ground truth": "r4HXXps", "image path": "test_imgs/835.jpg"}, {"prediction": "XC7k jpj", "ground truth": "XC7kjp3", "image path": "test_imgs/836.jpg"}, {"prediction": "389DKqo", "ground truth": "389DKqo", "image path": "test_imgs/837.jpg"}, {"prediction": "ru-xRI2", "ground truth": "ru-xRI2", "image path": "test_imgs/838.jpg"}, {"prediction": "", "ground truth": "AxPOhm2", "image path": "test_imgs/839.jpg"}, {"prediction": "", "ground truth": "GuEyanw", "image path": "test_imgs/840.jpg"}, {"prediction": "OOazQZo", "ground truth": "OOa3QZ0", "image path": "test_imgs/841.jpg"}, {"prediction": "UGq6hBH", "ground truth": "UGq6hBH", "image path": "test_imgs/842.jpg"}, {"prediction": "tAsET5C", "ground truth": "tAsET5C", "image path": "test_imgs/843.jpg"}, {"prediction": "-91Pnac", "ground truth": "-9IPnac", "image path": "test_imgs/844.jpg"}, {"prediction": "ijtzUqF", "ground truth": "ijtzUqF", "image path": "test_imgs/845.jpg"}, {"prediction": "5ogRZY", "ground truth": "f5ogRZy", "image path": "test_imgs/846.jpg"}, {"prediction": "", "ground truth": "eRQsEP-", "image path": "test_imgs/847.jpg"}, {"prediction": "SHIS**", "ground truth": "-kSlHS7", "image path": "test_imgs/848.jpg"}, {"prediction": "B510v44", "ground truth": "B5l0v44", "image path": "test_imgs/849.jpg"}, {"prediction": "Ty5IkFO", "ground truth": "Ty5IkF0", "image path": "test_imgs/850.jpg"}, {"prediction": "zrkir RA", "ground truth": "ztkirRA", "image path": "test_imgs/851.jpg"}, {"prediction": "Kkafxyz", "ground truth": "Kkafxyz", "image path": "test_imgs/852.jpg"}, {"prediction": "CDGxUzm", "ground truth": "CvGxvzm", "image path": "test_imgs/853.jpg"}, {"prediction": "VGW5CLo", "ground truth": "VGW5CLo", "image path": "test_imgs/854.jpg"}, {"prediction": "Atdbli", "ground truth": "Atdbli3", "image path": "test_imgs/855.jpg"}, {"prediction": "IBVvltV", "ground truth": "lBVvltV", "image path": "test_imgs/856.jpg"}, {"prediction": "Wh9IMOP", "ground truth": "Wh9IMOP", "image path": "test_imgs/857.jpg"}, {"prediction": "gX81Eng", "ground truth": "gX8lEng", "image path": "test_imgs/858.jpg"}, {"prediction": "3Ruxr2G", "ground truth": "3Ruxr2G", "image path": "test_imgs/859.jpg"}, {"prediction": "Orgull", "ground truth": "wOv9wJD", "image path": "test_imgs/860.jpg"}, {"prediction": "Gzb99zo", "ground truth": "Gzb99zo", "image path": "test_imgs/861.jpg"}, {"prediction": "IEuw2sf", "ground truth": "lEuw2sf", "image path": "test_imgs/862.jpg"}, {"prediction": "Zy8dwLa", "ground truth": "Zy8dwLa", "image path": "test_imgs/863.jpg"}, {"prediction": "Splaqel", "ground truth": "SpIaqcL", "image path": "test_imgs/864.jpg"}, {"prediction": "", "ground truth": "xjIFUKU", "image path": "test_imgs/865.jpg"}, {"prediction": "MOBINS", "ground truth": "MDBlN78", "image path": "test_imgs/866.jpg"}, {"prediction": "Jaq6PKy", "ground truth": "Uaq6PKy", "image path": "test_imgs/867.jpg"}, {"prediction": "", "ground truth": "FUT7Bwb", "image path": "test_imgs/868.jpg"}, {"prediction": "", "ground truth": "AD4UWTZ", "image path": "test_imgs/869.jpg"}, {"prediction": "nCoyx90", "ground truth": "nCoyx90", "image path": "test_imgs/870.jpg"}, {"prediction": "SalogrE", "ground truth": "SaIo3rE", "image path": "test_imgs/871.jpg"}, {"prediction": "", "ground truth": "YZUZ7lk", "image path": "test_imgs/872.jpg"}, {"prediction": "zCyBgR4", "ground truth": "zCyBgR4", "image path": "test_imgs/873.jpg"}, {"prediction": "IWIWRIT", "ground truth": "lWlWRlT", "image path": "test_imgs/874.jpg"}, {"prediction": "AKyjmg3", "ground truth": "AKyjmg3", "image path": "test_imgs/875.jpg"}, {"prediction": "Pn7mIGa", "ground truth": "Pn7mIGa", "image path": "test_imgs/876.jpg"}, {"prediction": "Pjk66KU", "ground truth": "pjk66KU", "image path": "test_imgs/877.jpg"}, {"prediction": "JvBj-0", "ground truth": "-JvBj-Q", "image path": "test_imgs/878.jpg"}, {"prediction": "LiveDkw\nV", "ground truth": "LjvEDkw", "image path": "test_imgs/879.jpg"}, {"prediction": "Ke9uukr", "ground truth": "Ke9uukn", "image path": "test_imgs/880.jpg"}, {"prediction": "ff6BZ24", "ground truth": "ff6BZ24", "image path": "test_imgs/881.jpg"}, {"prediction": "mHbkKKH", "ground truth": "mHbkKKH", "image path": "test_imgs/882.jpg"}, {"prediction": "W4VUdkN", "ground truth": "W4VUdkN", "image path": "test_imgs/883.jpg"}, {"prediction": "pm VFUaR", "ground truth": "pmVFUaR", "image path": "test_imgs/884.jpg"}, {"prediction": "F1Aby 10", "ground truth": "F1Abv1u", "image path": "test_imgs/885.jpg"}, {"prediction": "So7bMBn", "ground truth": "So7bMBn", "image path": "test_imgs/886.jpg"}, {"prediction": "jaXzcHX", "ground truth": "jaXzcHX", "image path": "test_imgs/887.jpg"}, {"prediction": "CHEq7An", "ground truth": "FHEq7Ah", "image path": "test_imgs/888.jpg"}, {"prediction": "JW4hDU5", "ground truth": "JW4hDU5", "image path": "test_imgs/889.jpg"}, {"prediction": "k90Jx7q", "ground truth": "k9oJx7q", "image path": "test_imgs/890.jpg"}, {"prediction": "Krxretj", "ground truth": "Krxretj", "image path": "test_imgs/891.jpg"}, {"prediction": "COMB", "ground truth": "vOMr9cj", "image path": "test_imgs/892.jpg"}, {"prediction": "", "ground truth": "d1KxzPb", "image path": "test_imgs/893.jpg"}, {"prediction": "CZ8Tf7", "ground truth": "CZ8Tft7", "image path": "test_imgs/894.jpg"}, {"prediction": "", "ground truth": "Qxw3lBr", "image path": "test_imgs/895.jpg"}, {"prediction": "GbJMOUj", "ground truth": "GbJMOUj", "image path": "test_imgs/896.jpg"}, {"prediction": "", "ground truth": "Pffx5Ds", "image path": "test_imgs/897.jpg"}, {"prediction": "XvpKN20", "ground truth": "XvpKN2o", "image path": "test_imgs/898.jpg"}, {"prediction": "oapShyB", "ground truth": "oapShyB", "image path": "test_imgs/899.jpg"}, {"prediction": "", "ground truth": "hy1oWiD", "image path": "test_imgs/900.jpg"}, {"prediction": "DDPTOSA", "ground truth": "DDPtoSA", "image path": "test_imgs/901.jpg"}, {"prediction": "nxm-][", "ground truth": "aH-wxu3", "image path": "test_imgs/902.jpg"}, {"prediction": "HmVBbph", "ground truth": "HmVBbph", "image path": "test_imgs/903.jpg"}, {"prediction": "SjrG81H", "ground truth": "SjrG81H", "image path": "test_imgs/904.jpg"}, {"prediction": "D\n242", "ground truth": "Zh27w4F", "image path": "test_imgs/905.jpg"}, {"prediction": "", "ground truth": "yznzbZo", "image path": "test_imgs/906.jpg"}, {"prediction": "GZUL7pd", "ground truth": "GzUL7pd", "image path": "test_imgs/907.jpg"}, {"prediction": "TPFiqfw", "ground truth": "TPFiqfw", "image path": "test_imgs/908.jpg"}, {"prediction": "", "ground truth": "IFxIUGm", "image path": "test_imgs/909.jpg"}, {"prediction": "EJWCC1", "ground truth": "EJwwcc1", "image path": "test_imgs/910.jpg"}, {"prediction": "XJ-bPfh", "ground truth": "XJ-bPfh", "image path": "test_imgs/911.jpg"}, {"prediction": "fjBreSd", "ground truth": "fjBreSd", "image path": "test_imgs/912.jpg"}, {"prediction": "", "ground truth": "e0Qvi0F", "image path": "test_imgs/913.jpg"}, {"prediction": "zLwn6wp", "ground truth": "zLwn6wp", "image path": "test_imgs/914.jpg"}, {"prediction": "", "ground truth": "-WzsyFc", "image path": "test_imgs/915.jpg"}, {"prediction": "", "ground truth": "ZvXFi0B", "image path": "test_imgs/916.jpg"}, {"prediction": "jKkdVQt", "ground truth": "jKkdVQt", "image path": "test_imgs/917.jpg"}, {"prediction": "*4hNU4", "ground truth": "x4hNU4I", "image path": "test_imgs/918.jpg"}, {"prediction": "RaGo7ES", "ground truth": "RaGo7ES", "image path": "test_imgs/919.jpg"}, {"prediction": "rJwk-Ks", "ground truth": "rJwk-Ks", "image path": "test_imgs/920.jpg"}, {"prediction": "BhTZexA", "ground truth": "RhTZexA", "image path": "test_imgs/921.jpg"}, {"prediction": "Opy2p3X", "ground truth": "Opy2p3X", "image path": "test_imgs/922.jpg"}, {"prediction": "LTdAfaH", "ground truth": "LTdAfaH", "image path": "test_imgs/923.jpg"}, {"prediction": "OCRKa7W", "ground truth": "0CRKa7W", "image path": "test_imgs/924.jpg"}, {"prediction": "VITYs6g", "ground truth": "ViTYs6q", "image path": "test_imgs/925.jpg"}, {"prediction": "sRwKy5p", "ground truth": "sRwKy5p", "image path": "test_imgs/926.jpg"}, {"prediction": "7HreKKg", "ground truth": "7HreKK9", "image path": "test_imgs/927.jpg"}, {"prediction": "NuXool-", "ground truth": "NuX0oJ-", "image path": "test_imgs/928.jpg"}, {"prediction": "gratily", "ground truth": "gr2tMIy", "image path": "test_imgs/929.jpg"}, {"prediction": "WISO5Xy", "ground truth": "wISO5Xy", "image path": "test_imgs/930.jpg"}, {"prediction": "boXaz8-", "ground truth": "boXaz8-", "image path": "test_imgs/931.jpg"}, {"prediction": "SDO2EpZ", "ground truth": "SDO2EpZ", "image path": "test_imgs/932.jpg"}, {"prediction": "Zm5sDJx", "ground truth": "Zm5sDJx", "image path": "test_imgs/933.jpg"}, {"prediction": "RorXLAU", "ground truth": "RorXLAU", "image path": "test_imgs/934.jpg"}, {"prediction": "wb1nMbR", "ground truth": "wb1nMbR", "image path": "test_imgs/935.jpg"}, {"prediction": "J8503 W", "ground truth": "js503rW", "image path": "test_imgs/936.jpg"}, {"prediction": "wKcnjz9", "ground truth": "wKcnjz9", "image path": "test_imgs/937.jpg"}, {"prediction": "OFSELU", "ground truth": "OF6EeU0", "image path": "test_imgs/938.jpg"}, {"prediction": "06gVuSq", "ground truth": "o6gVuSq", "image path": "test_imgs/939.jpg"}, {"prediction": "UGPupD", "ground truth": "aUGPupD", "image path": "test_imgs/940.jpg"}, {"prediction": "TRNX43V", "ground truth": "rRNX43V", "image path": "test_imgs/941.jpg"}, {"prediction": "JPOu3m", "ground truth": "fJPOu3m", "image path": "test_imgs/942.jpg"}, {"prediction": "aaNwjbo", "ground truth": "aaNwjbO", "image path": "test_imgs/943.jpg"}, {"prediction": "DfmHZ06", "ground truth": "DfmHZ06", "image path": "test_imgs/944.jpg"}, {"prediction": "u3exQ Co", "ground truth": "u3exQCo", "image path": "test_imgs/945.jpg"}, {"prediction": "CDTDC4W", "ground truth": "CDTDc4W", "image path": "test_imgs/946.jpg"}, {"prediction": "KYUIKK", "ground truth": "KYUlKKn", "image path": "test_imgs/947.jpg"}, {"prediction": "LAxgAD", "ground truth": "qLAxgAD", "image path": "test_imgs/948.jpg"}, {"prediction": "(km10-86", "ground truth": "km1Q-86", "image path": "test_imgs/949.jpg"}, {"prediction": "33JrV6", "ground truth": "z33JrV6", "image path": "test_imgs/950.jpg"}, {"prediction": "\u041e5JZFYj", "ground truth": "O5JZFYj", "image path": "test_imgs/951.jpg"}, {"prediction": "Z\u0443\u043e\u0431\u043d\u0443\u044f", "ground truth": "BXk9oXz", "image path": "test_imgs/952.jpg"}, {"prediction": "xd-ZMOC", "ground truth": "xd-ZMOC", "image path": "test_imgs/953.jpg"}, {"prediction": "UySUB7V", "ground truth": "UySUb7V", "image path": "test_imgs/954.jpg"}, {"prediction": "GLMIQLV", "ground truth": "rLMfQLV", "image path": "test_imgs/955.jpg"}, {"prediction": "AVcw9xk", "ground truth": "AVcw9xk", "image path": "test_imgs/956.jpg"}, {"prediction": "bCgWOTE", "ground truth": "oCgWOTb", "image path": "test_imgs/957.jpg"}, {"prediction": "", "ground truth": "6MvIjLR", "image path": "test_imgs/958.jpg"}, {"prediction": "EXXAwyxf", "ground truth": "xXAwyxf", "image path": "test_imgs/959.jpg"}, {"prediction": "RjWOL64", "ground truth": "RjW0L64", "image path": "test_imgs/960.jpg"}, {"prediction": "kqjpMym", "ground truth": "kqjpMym", "image path": "test_imgs/961.jpg"}, {"prediction": "Zbfrweg", "ground truth": "Zbfrweg", "image path": "test_imgs/962.jpg"}, {"prediction": "wlvhmk4", "ground truth": "wlvhmk4", "image path": "test_imgs/963.jpg"}, {"prediction": "Lre09EC", "ground truth": "LreQ9EC", "image path": "test_imgs/964.jpg"}, {"prediction": "vivdbb", "ground truth": "ivjydbb", "image path": "test_imgs/965.jpg"}, {"prediction": "GcHqM-o", "ground truth": "GcHqM-o", "image path": "test_imgs/966.jpg"}, {"prediction": "umTBAAo", "ground truth": "umTBAAo", "image path": "test_imgs/967.jpg"}, {"prediction": "i2MUw9J", "ground truth": "i2MUw9J", "image path": "test_imgs/968.jpg"}, {"prediction": "xwcl601", "ground truth": "xwcl6OI", "image path": "test_imgs/969.jpg"}, {"prediction": "05QvzSf", "ground truth": "O5QvzSf", "image path": "test_imgs/970.jpg"}, {"prediction": "NCRIUjt", "ground truth": "NCRlUjt", "image path": "test_imgs/971.jpg"}, {"prediction": "yODORw8", "ground truth": "y0DORw8", "image path": "test_imgs/972.jpg"}, {"prediction": "4hSgYG6", "ground truth": "4hSgYG6", "image path": "test_imgs/973.jpg"}, {"prediction": "", "ground truth": "zLOwmYS", "image path": "test_imgs/974.jpg"}, {"prediction": "dIPsvde", "ground truth": "dIPsvde", "image path": "test_imgs/975.jpg"}, {"prediction": "KKL19UB\nI", "ground truth": "RKL19Uk", "image path": "test_imgs/976.jpg"}, {"prediction": "nuo", "ground truth": "pDDX3xV", "image path": "test_imgs/977.jpg"}, {"prediction": "", "ground truth": "NmpUFpg", "image path": "test_imgs/978.jpg"}, {"prediction": "", "ground truth": "tvRHR-r", "image path": "test_imgs/979.jpg"}, {"prediction": "66rkq79", "ground truth": "66rKq79", "image path": "test_imgs/980.jpg"}, {"prediction": "0", "ground truth": "0Vfveni", "image path": "test_imgs/981.jpg"}, {"prediction": "", "ground truth": "Y23mMNv", "image path": "test_imgs/982.jpg"}, {"prediction": "h1lBy8N", "ground truth": "h1lBy8N", "image path": "test_imgs/983.jpg"}, {"prediction": "HEenew", "ground truth": "oHEenew", "image path": "test_imgs/984.jpg"}, {"prediction": "ENE\n109", "ground truth": "rNBFI09", "image path": "test_imgs/985.jpg"}, {"prediction": "ZVC-IGE", "ground truth": "ZVC-IGE", "image path": "test_imgs/986.jpg"}, {"prediction": "onFq7k4", "ground truth": "pnFq7k4", "image path": "test_imgs/987.jpg"}, {"prediction": "wJZIOdj", "ground truth": "wJZI0dj", "image path": "test_imgs/988.jpg"}, {"prediction": "MLKWGge", "ground truth": "MLKWGge", "image path": "test_imgs/989.jpg"}, {"prediction": "nZbpCAO", "ground truth": "nZbpCAO", "image path": "test_imgs/990.jpg"}, {"prediction": "", "ground truth": "T8XkQQh", "image path": "test_imgs/991.jpg"}, {"prediction": "trq TPkZ", "ground truth": "trqTPkZ", "image path": "test_imgs/992.jpg"}, {"prediction": "Kizyc\ncy", "ground truth": "cyK1zyc", "image path": "test_imgs/993.jpg"}, {"prediction": "615tdV", "ground truth": "6l5tdVd", "image path": "test_imgs/994.jpg"}, {"prediction": "QQrEghu", "ground truth": "QQrEgJu", "image path": "test_imgs/995.jpg"}, {"prediction": "QYQPAU", "ground truth": "5yQPAUj", "image path": "test_imgs/996.jpg"}, {"prediction": "Osenzla", "ground truth": "Qscpzla", "image path": "test_imgs/997.jpg"}, {"prediction": "<O0ODkf", "ground truth": "k0OODkf", "image path": "test_imgs/998.jpg"}, {"prediction": "mweTs8F", "ground truth": "mweTs8F", "image path": "test_imgs/999.jpg"}]}]