[{"model": "keras", "score": {"char_recall": 0.5579, "char_precision": 0.7498, "word_acc": 0.001, "word_acc_ignore_case": 0.088, "word_acc_ignore_case_symbol": 0.102, "1-N.E.D": 0.5531}, "predictions": [{"prediction": "vtsgzyi", "ground truth": "vTS6zYj", "image path": "test_imgs/0.jpg"}, {"prediction": "nagralt", "ground truth": "qqgRa1r", "image path": "test_imgs/1.jpg"}, {"prediction": "", "ground truth": "R4rgKRG", "image path": "test_imgs/2.jpg"}, {"prediction": "cigdexr", "ground truth": "c1Gd8xr", "image path": "test_imgs/3.jpg"}, {"prediction": "gshgzee", "ground truth": "g8HGzEE", "image path": "test_imgs/4.jpg"}, {"prediction": "", "ground truth": "2pHlbP7", "image path": "test_imgs/5.jpg"}, {"prediction": "zhefibm", "ground truth": "ZheF93m", "image path": "test_imgs/6.jpg"}, {"prediction": "ggib", "ground truth": "YqGiBJf", "image path": "test_imgs/7.jpg"}, {"prediction": "ocavmri", "ground truth": "QC4vmRI", "image path": "test_imgs/8.jpg"}, {"prediction": "dysxiyk", "ground truth": "9y5x1YK", "image path": "test_imgs/9.jpg"}, {"prediction": "noxstj", "ground truth": "NO23t9j", "image path": "test_imgs/10.jpg"}, {"prediction": "xoznua", "ground truth": "xOZNuaI", "image path": "test_imgs/11.jpg"}, {"prediction": "e", "ground truth": "Zl6WL-B", "image path": "test_imgs/12.jpg"}, {"prediction": "painn", "ground truth": "RpxNMy0", "image path": "test_imgs/13.jpg"}, {"prediction": "", "ground truth": "HPYDI4c", "image path": "test_imgs/14.jpg"}, {"prediction": "", "ground truth": "qcg09ve", "image path": "test_imgs/15.jpg"}, {"prediction": "sa", "ground truth": "v3aMWaI", "image path": "test_imgs/16.jpg"}, {"prediction": "faqnrt", "ground truth": "l-aQnrt", "image path": "test_imgs/17.jpg"}, {"prediction": "hfo", "ground truth": "L21HfOE", "image path": "test_imgs/18.jpg"}, {"prediction": "ogpxldc", "ground truth": "oGPxldC", "image path": "test_imgs/19.jpg"}, {"prediction": "3sm2zja", "ground truth": "3sm2zja", "image path": "test_imgs/20.jpg"}, {"prediction": "nzgisnn", "ground truth": "nZgjSNN", "image path": "test_imgs/21.jpg"}, {"prediction": "soo", "ground truth": "sSrX-hj", "image path": "test_imgs/22.jpg"}, {"prediction": "vbsan", "ground truth": "Y-vb5ax", "image path": "test_imgs/23.jpg"}, {"prediction": "xcitrx", "ground truth": "nXcJtrx", "image path": "test_imgs/24.jpg"}, {"prediction": "84wokia", "ground truth": "84wQKlA", "image path": "test_imgs/25.jpg"}, {"prediction": "", "ground truth": "Tm8kH9d", "image path": "test_imgs/26.jpg"}, {"prediction": "ipmiyo", "ground truth": "yIpM1YO", "image path": "test_imgs/27.jpg"}, {"prediction": "", "ground truth": "UkstCk6", "image path": "test_imgs/28.jpg"}, {"prediction": "wkqogomi", "ground truth": "WkQOGbM", "image path": "test_imgs/29.jpg"}, {"prediction": "macrmzie", "ground truth": "McRmzlL", "image path": "test_imgs/30.jpg"}, {"prediction": "sudsvl", "ground truth": "8xxSsv1", "image path": "test_imgs/31.jpg"}, {"prediction": "rkcridy", "ground truth": "RKcB7DY", "image path": "test_imgs/32.jpg"}, {"prediction": "ziwisdz", "ground truth": "ZlWIsDZ", "image path": "test_imgs/33.jpg"}, {"prediction": "", "ground truth": "hceQvr6", "image path": "test_imgs/34.jpg"}, {"prediction": "copbxcg", "ground truth": "Uopbxqc", "image path": "test_imgs/35.jpg"}, {"prediction": "ilxyz", "ground truth": "MZx7C7J", "image path": "test_imgs/36.jpg"}, {"prediction": "", "ground truth": "aN0giM8", "image path": "test_imgs/37.jpg"}, {"prediction": "sofanks", "ground truth": "soFaNkS", "image path": "test_imgs/38.jpg"}, {"prediction": "ehziy", "ground truth": "EHZ9lxl", "image path": "test_imgs/39.jpg"}, {"prediction": "", "ground truth": "LXjRAFS", "image path": "test_imgs/40.jpg"}, {"prediction": "yafg150", "ground truth": "YaFGI5o", "image path": "test_imgs/41.jpg"}, {"prediction": "", "ground truth": "Hw9LRfB", "image path": "test_imgs/42.jpg"}, {"prediction": "limheze", "ground truth": "LtMh82c", "image path": "test_imgs/43.jpg"}, {"prediction": "wphodcl", "ground truth": "WphodCL", "image path": "test_imgs/44.jpg"}, {"prediction": "yhhzoo", "ground truth": "yHw7oO3", "image path": "test_imgs/45.jpg"}, {"prediction": "qbgruak", "ground truth": "QB9rUAk", "image path": "test_imgs/46.jpg"}, {"prediction": "me1407", "ground truth": "-Me14O7", "image path": "test_imgs/47.jpg"}, {"prediction": "", "ground truth": "brnOOOD", "image path": "test_imgs/48.jpg"}, {"prediction": "bl", "ground truth": "6L7DDAf", "image path": "test_imgs/49.jpg"}, {"prediction": "qzbfs", "ground truth": "zqZ2BfS", "image path": "test_imgs/50.jpg"}, {"prediction": "puws", "ground truth": "EpvLOwg", "image path": "test_imgs/51.jpg"}, {"prediction": "wkqjorx", "ground truth": "WkQJOrx", "image path": "test_imgs/52.jpg"}, {"prediction": "rngdpka", "ground truth": "rN9DPKA", "image path": "test_imgs/53.jpg"}, {"prediction": "jiwpeyn", "ground truth": "jiWpEYN", "image path": "test_imgs/54.jpg"}, {"prediction": "fvi6vs", "ground truth": "I-Vi6V9", "image path": "test_imgs/55.jpg"}, {"prediction": "ppwivu", "ground truth": "pPw1Vju", "image path": "test_imgs/56.jpg"}, {"prediction": "extl", "ground truth": "RP-8xfL", "image path": "test_imgs/57.jpg"}, {"prediction": "sypes", "ground truth": "0YipF9B", "image path": "test_imgs/58.jpg"}, {"prediction": "xiyolag", "ground truth": "XrYoLAg", "image path": "test_imgs/59.jpg"}, {"prediction": "yobwyf", "ground truth": "9ObwyF-", "image path": "test_imgs/60.jpg"}, {"prediction": "ibjgtsr", "ground truth": "ibJGt5R", "image path": "test_imgs/61.jpg"}, {"prediction": "smeozuq", "ground truth": "5mEoZUQ", "image path": "test_imgs/62.jpg"}, {"prediction": "n", "ground truth": "fRgX0dQ", "image path": "test_imgs/63.jpg"}, {"prediction": "lotzrz", "ground truth": "zLptzR2", "image path": "test_imgs/64.jpg"}, {"prediction": "ckkwupo", "ground truth": "dkkwup0", "image path": "test_imgs/65.jpg"}, {"prediction": "urmqidu", "ground truth": "URMqiDu", "image path": "test_imgs/66.jpg"}, {"prediction": "", "ground truth": "sT77bIm", "image path": "test_imgs/67.jpg"}, {"prediction": "b23zl", "ground truth": "523zTU8", "image path": "test_imgs/68.jpg"}, {"prediction": "ayybd", "ground truth": "ayqyb-d", "image path": "test_imgs/69.jpg"}, {"prediction": "", "ground truth": "PPRc8cP", "image path": "test_imgs/70.jpg"}, {"prediction": "iooosjx", "ground truth": "l0Oo5JX", "image path": "test_imgs/71.jpg"}, {"prediction": "tzmhohm", "ground truth": "tZube6W", "image path": "test_imgs/72.jpg"}, {"prediction": "kisxuof", "ground truth": "KJ5Xu0f", "image path": "test_imgs/73.jpg"}, {"prediction": "vcxowe", "ground truth": "LJcxQwF", "image path": "test_imgs/74.jpg"}, {"prediction": "ynz", "ground truth": "n11nYm7", "image path": "test_imgs/75.jpg"}, {"prediction": "", "ground truth": "qJT8jXQ", "image path": "test_imgs/76.jpg"}, {"prediction": "xorc", "ground truth": "pt1XQRC", "image path": "test_imgs/77.jpg"}, {"prediction": "yikxvty", "ground truth": "yIkxVTY", "image path": "test_imgs/78.jpg"}, {"prediction": "pbntxs", "ground truth": "PbntXS-", "image path": "test_imgs/79.jpg"}, {"prediction": "zeowmee", "ground truth": "7e6wMEE", "image path": "test_imgs/80.jpg"}, {"prediction": "ssll", "ground truth": "TKTEsuM", "image path": "test_imgs/81.jpg"}, {"prediction": "bounkaa", "ground truth": "50TNkd7", "image path": "test_imgs/82.jpg"}, {"prediction": "otbsios", "ground truth": "otb51QS", "image path": "test_imgs/83.jpg"}, {"prediction": "2israhl", "ground truth": "21srAhI", "image path": "test_imgs/84.jpg"}, {"prediction": "zwtcdku", "ground truth": "7wtcdKu", "image path": "test_imgs/85.jpg"}, {"prediction": "zhizhbe", "ground truth": "2H1ZhBH", "image path": "test_imgs/86.jpg"}, {"prediction": "", "ground truth": "G6OG1YG", "image path": "test_imgs/87.jpg"}, {"prediction": "hprkqtu", "ground truth": "HprKqtU", "image path": "test_imgs/88.jpg"}, {"prediction": "pcifcijm", "ground truth": "Pc9fcjM", "image path": "test_imgs/89.jpg"}, {"prediction": "usokoo", "ground truth": "vs9kooB", "image path": "test_imgs/90.jpg"}, {"prediction": "", "ground truth": "Z5eGiYd", "image path": "test_imgs/91.jpg"}, {"prediction": "gfoxqey", "ground truth": "GfoXqeY", "image path": "test_imgs/92.jpg"}, {"prediction": "lyxyink", "ground truth": "lYxY7NK", "image path": "test_imgs/93.jpg"}, {"prediction": "welghal", "ground truth": "wElqhqB", "image path": "test_imgs/94.jpg"}, {"prediction": "wedsodo", "ground truth": "WFDs6DO", "image path": "test_imgs/95.jpg"}, {"prediction": "c", "ground truth": "ZYkvXnh", "image path": "test_imgs/96.jpg"}, {"prediction": "", "ground truth": "rNxOUGw", "image path": "test_imgs/97.jpg"}, {"prediction": "bpkwefa", "ground truth": "6PkWEF4", "image path": "test_imgs/98.jpg"}, {"prediction": "ece", "ground truth": "iEc3tB-", "image path": "test_imgs/99.jpg"}, {"prediction": "oyhxztd", "ground truth": "oyHXZtD", "image path": "test_imgs/100.jpg"}, {"prediction": "mzqrohw", "ground truth": "mzqr9HW", "image path": "test_imgs/101.jpg"}, {"prediction": "oqwizalm", "ground truth": "OqwizaM", "image path": "test_imgs/102.jpg"}, {"prediction": "orpkniks", "ground truth": "OrPkhkS", "image path": "test_imgs/103.jpg"}, {"prediction": "bdbsxpo", "ground truth": "BdbSXp0", "image path": "test_imgs/104.jpg"}, {"prediction": "2dxohhz", "ground truth": "2dxOhH7", "image path": "test_imgs/105.jpg"}, {"prediction": "atocliy", "ground truth": "Mt0cIiy", "image path": "test_imgs/106.jpg"}, {"prediction": "nsglefs", "ground truth": "N8GLgf8", "image path": "test_imgs/107.jpg"}, {"prediction": "xdrguzd", "ground truth": "xdRGuZD", "image path": "test_imgs/108.jpg"}, {"prediction": "", "ground truth": "LxyF2MS", "image path": "test_imgs/109.jpg"}, {"prediction": "inao", "ground truth": "OIG4mA0", "image path": "test_imgs/110.jpg"}, {"prediction": "balgmih", "ground truth": "BaL6MlH", "image path": "test_imgs/111.jpg"}, {"prediction": "vandsz", "ground truth": "vaND87j", "image path": "test_imgs/112.jpg"}, {"prediction": "vozeyse", "ground truth": "V8zYy3H", "image path": "test_imgs/113.jpg"}, {"prediction": "srgo6z", "ground truth": "5-rg06z", "image path": "test_imgs/114.jpg"}, {"prediction": "lobtscl", "ground truth": "l93T8cN", "image path": "test_imgs/115.jpg"}, {"prediction": "chpgjib", "ground truth": "xhp6jiB", "image path": "test_imgs/116.jpg"}, {"prediction": "ysotz", "ground truth": "YC930t9", "image path": "test_imgs/117.jpg"}, {"prediction": "vxloxh", "ground truth": "vX-10xh", "image path": "test_imgs/118.jpg"}, {"prediction": "oe", "ground truth": "pHBGnUx", "image path": "test_imgs/119.jpg"}, {"prediction": "jgsepd", "ground truth": "LJ6SEpD", "image path": "test_imgs/120.jpg"}, {"prediction": "cowllc", "ground truth": "tQwLZch", "image path": "test_imgs/121.jpg"}, {"prediction": "", "ground truth": "TEXpMcg", "image path": "test_imgs/122.jpg"}, {"prediction": "nzwipg", "ground truth": "nzwnUP9", "image path": "test_imgs/123.jpg"}, {"prediction": "vtujsct", "ground truth": "vTuJ5C1", "image path": "test_imgs/124.jpg"}, {"prediction": "", "ground truth": "sAqmOTZ", "image path": "test_imgs/125.jpg"}, {"prediction": "hfcwli", "ground truth": "HfCwl-j", "image path": "test_imgs/126.jpg"}, {"prediction": "", "ground truth": "9lx3cDt", "image path": "test_imgs/127.jpg"}, {"prediction": "byhzmox", "ground truth": "6yH7MOx", "image path": "test_imgs/128.jpg"}, {"prediction": "tghgab", "ground truth": "1tghgXb", "image path": "test_imgs/129.jpg"}, {"prediction": "soehskc", "ground truth": "soEhSkC", "image path": "test_imgs/130.jpg"}, {"prediction": "peplapq", "ground truth": "p8Plapq", "image path": "test_imgs/131.jpg"}, {"prediction": "uzxous", "ground truth": "uZ3xovs", "image path": "test_imgs/132.jpg"}, {"prediction": "ivpe", "ground truth": "9vP-Ieq", "image path": "test_imgs/133.jpg"}, {"prediction": "jtshmsj", "ground truth": "jt5HMSJ", "image path": "test_imgs/134.jpg"}, {"prediction": "ugay", "ground truth": "Ug4y--R", "image path": "test_imgs/135.jpg"}, {"prediction": "csmibl", "ground truth": "HFc8Mbt", "image path": "test_imgs/136.jpg"}, {"prediction": "bsgoiep", "ground truth": "63goIEp", "image path": "test_imgs/137.jpg"}, {"prediction": "vmaxghc", "ground truth": "vmgxGHC", "image path": "test_imgs/138.jpg"}, {"prediction": "afvem", "ground truth": "dFVEfmg", "image path": "test_imgs/139.jpg"}, {"prediction": "zhkdeum", "ground truth": "7hKdeum", "image path": "test_imgs/140.jpg"}, {"prediction": "idudlz", "ground truth": "7duDL7t", "image path": "test_imgs/141.jpg"}, {"prediction": "n14k77l", "ground truth": "n14k77L", "image path": "test_imgs/142.jpg"}, {"prediction": "sxtogkd", "ground truth": "SxfoJkq", "image path": "test_imgs/143.jpg"}, {"prediction": "pkrbtva", "ground truth": "pKRBfv7", "image path": "test_imgs/144.jpg"}, {"prediction": "abamm", "ground truth": "776b4Mm", "image path": "test_imgs/145.jpg"}, {"prediction": "evuluzd", "ground truth": "tVuluzJ", "image path": "test_imgs/146.jpg"}, {"prediction": "ozwqkfe", "ground truth": "pZWQkFe", "image path": "test_imgs/147.jpg"}, {"prediction": "nizamqo", "ground truth": "Ntz4MQ8", "image path": "test_imgs/148.jpg"}, {"prediction": "", "ground truth": "3or2Dm8", "image path": "test_imgs/149.jpg"}, {"prediction": "vanl", "ground truth": "VqwLjCp", "image path": "test_imgs/150.jpg"}, {"prediction": "opmnclw", "ground truth": "0PmNcLW", "image path": "test_imgs/151.jpg"}, {"prediction": "mgojmpe", "ground truth": "MGojMPE", "image path": "test_imgs/152.jpg"}, {"prediction": "sjqaqep", "ground truth": "5jQ4Qep", "image path": "test_imgs/153.jpg"}, {"prediction": "", "ground truth": "B5CszKV", "image path": "test_imgs/154.jpg"}, {"prediction": "fmlodb", "ground truth": "F6MLQDB", "image path": "test_imgs/155.jpg"}, {"prediction": "vbwcu", "ground truth": "hybwcUI", "image path": "test_imgs/156.jpg"}, {"prediction": "iz8o1", "ground truth": "xFlZ30l", "image path": "test_imgs/157.jpg"}, {"prediction": "zbzerga", "ground truth": "2BZEYqq", "image path": "test_imgs/158.jpg"}, {"prediction": "glmibfd", "ground truth": "gLm1bfD", "image path": "test_imgs/159.jpg"}, {"prediction": "wbyqqxz", "ground truth": "wByqqxZ", "image path": "test_imgs/160.jpg"}, {"prediction": "gisanl", "ground truth": "yGlsanI", "image path": "test_imgs/161.jpg"}, {"prediction": "", "ground truth": "GfoqnN2", "image path": "test_imgs/162.jpg"}, {"prediction": "xtozne", "ground truth": "tXtOznH", "image path": "test_imgs/163.jpg"}, {"prediction": "shurjec", "ground truth": "shvtjEC", "image path": "test_imgs/164.jpg"}, {"prediction": "zbtgz6", "ground truth": "1Zbtqz3", "image path": "test_imgs/165.jpg"}, {"prediction": "", "ground truth": "qD8ZoNU", "image path": "test_imgs/166.jpg"}, {"prediction": "adjiqua", "ground truth": "aDjiQu4", "image path": "test_imgs/167.jpg"}, {"prediction": "f31vay", "ground truth": "F31V4Y-", "image path": "test_imgs/168.jpg"}, {"prediction": "meboloa", "ground truth": "mEboLoa", "image path": "test_imgs/169.jpg"}, {"prediction": "fwwwaob", "ground truth": "FWywaob", "image path": "test_imgs/170.jpg"}, {"prediction": "bfqkia8", "ground truth": "BFQk9A8", "image path": "test_imgs/171.jpg"}, {"prediction": "itiuuwo", "ground truth": "iTiUuwo", "image path": "test_imgs/172.jpg"}, {"prediction": "ecmbbiv", "ground truth": "ecmBBlV", "image path": "test_imgs/173.jpg"}, {"prediction": "vuw", "ground truth": "XUWh0FF", "image path": "test_imgs/174.jpg"}, {"prediction": "vabotjo", "ground truth": "Va3oTj6", "image path": "test_imgs/175.jpg"}, {"prediction": "listia", "ground truth": "x1TsTI4", "image path": "test_imgs/176.jpg"}, {"prediction": "elyseoe", "ground truth": "FLY3FOF", "image path": "test_imgs/177.jpg"}, {"prediction": "", "ground truth": "qchHcHw", "image path": "test_imgs/178.jpg"}, {"prediction": "zboovno", "ground truth": "ZB6oVNo", "image path": "test_imgs/179.jpg"}, {"prediction": "locyo", "ground truth": "iLocy9l", "image path": "test_imgs/180.jpg"}, {"prediction": "ksptad", "ground truth": "kspt-ad", "image path": "test_imgs/181.jpg"}, {"prediction": "igtoidid", "ground truth": "i9ToIDb", "image path": "test_imgs/182.jpg"}, {"prediction": "rkjodns", "ground truth": "RK30DN5", "image path": "test_imgs/183.jpg"}, {"prediction": "pglntao", "ground truth": "PglntAO", "image path": "test_imgs/184.jpg"}, {"prediction": "oo", "ground truth": "-k6qceX", "image path": "test_imgs/185.jpg"}, {"prediction": "", "ground truth": "HwVCgYg", "image path": "test_imgs/186.jpg"}, {"prediction": "aoqvxu", "ground truth": "1aOQVXO", "image path": "test_imgs/187.jpg"}, {"prediction": "", "ground truth": "GrvKMzW", "image path": "test_imgs/188.jpg"}, {"prediction": "exgqjxy", "ground truth": "8XgqJxY", "image path": "test_imgs/189.jpg"}, {"prediction": "ylxv", "ground truth": "YLxv-C0", "image path": "test_imgs/190.jpg"}, {"prediction": "qgdzkuo", "ground truth": "Q6D7kUo", "image path": "test_imgs/191.jpg"}, {"prediction": "usfswta", "ground truth": "usFSWTa", "image path": "test_imgs/192.jpg"}, {"prediction": "gabzaue", "ground truth": "G4bZque", "image path": "test_imgs/193.jpg"}, {"prediction": "", "ground truth": "oWTLX6B", "image path": "test_imgs/194.jpg"}, {"prediction": "udig", "ground truth": "Yr1bTm9", "image path": "test_imgs/195.jpg"}, {"prediction": "fsurmk", "ground truth": "tf5uRmK", "image path": "test_imgs/196.jpg"}, {"prediction": "8900", "ground truth": "g89dOxA", "image path": "test_imgs/197.jpg"}, {"prediction": "hazootx", "ground truth": "Ha2o0tx", "image path": "test_imgs/198.jpg"}, {"prediction": "", "ground truth": "5vYiWem", "image path": "test_imgs/199.jpg"}, {"prediction": "fivlywo", "ground truth": "f9vLywO", "image path": "test_imgs/200.jpg"}, {"prediction": "", "ground truth": "-dJKYAT", "image path": "test_imgs/201.jpg"}, {"prediction": "izivenz", "ground truth": "j7ly8nZ", "image path": "test_imgs/202.jpg"}, {"prediction": "ovntgh", "ground truth": "ovnT4GH", "image path": "test_imgs/203.jpg"}, {"prediction": "ligelcj", "ground truth": "li6e7cJ", "image path": "test_imgs/204.jpg"}, {"prediction": "lo", "ground truth": "X6uI8f-", "image path": "test_imgs/205.jpg"}, {"prediction": "kuglcs", "ground truth": "KUgiLCS", "image path": "test_imgs/206.jpg"}, {"prediction": "lptuzbe", "ground truth": "LPTuz6E", "image path": "test_imgs/207.jpg"}, {"prediction": "pgszm", "ground truth": "NpG92mE", "image path": "test_imgs/208.jpg"}, {"prediction": "ymimgs", "ground truth": "yMIlMgs", "image path": "test_imgs/209.jpg"}, {"prediction": "tdzpowd", "ground truth": "TD2PowU", "image path": "test_imgs/210.jpg"}, {"prediction": "lrnxnhs", "ground truth": "L3NxnHX", "image path": "test_imgs/211.jpg"}, {"prediction": "fpxzrg", "ground truth": "flpXzrg", "image path": "test_imgs/212.jpg"}, {"prediction": "mgeoruj", "ground truth": "mge6rUJ", "image path": "test_imgs/213.jpg"}, {"prediction": "blgsz", "ground truth": "bLQ8zJI", "image path": "test_imgs/214.jpg"}, {"prediction": "e", "ground truth": "Of7Ulwm", "image path": "test_imgs/215.jpg"}, {"prediction": "gstfaly", "ground truth": "g57FalY", "image path": "test_imgs/216.jpg"}, {"prediction": "dssuozl", "ground truth": "DS5u0zl", "image path": "test_imgs/217.jpg"}, {"prediction": "embozof", "ground truth": "eMbO20F", "image path": "test_imgs/218.jpg"}, {"prediction": "", "ground truth": "YiW783W", "image path": "test_imgs/219.jpg"}, {"prediction": "ll", "ground truth": "MdinqCV", "image path": "test_imgs/220.jpg"}, {"prediction": "xamcjvs", "ground truth": "XAMCJV5", "image path": "test_imgs/221.jpg"}, {"prediction": "thbjrfb", "ground truth": "ThBJrFb", "image path": "test_imgs/222.jpg"}, {"prediction": "egoigle", "ground truth": "E9oiglF", "image path": "test_imgs/223.jpg"}, {"prediction": "yvrryt", "ground truth": "jYvRryT", "image path": "test_imgs/224.jpg"}, {"prediction": "auy", "ground truth": "AUyMNen", "image path": "test_imgs/225.jpg"}, {"prediction": "fojuetn", "ground truth": "FQJUeTN", "image path": "test_imgs/226.jpg"}, {"prediction": "jpkbkap", "ground truth": "jpk3K9p", "image path": "test_imgs/227.jpg"}, {"prediction": "lamompo", "ground truth": "1Am9mpc", "image path": "test_imgs/228.jpg"}, {"prediction": "ektkhrg", "ground truth": "EKTKHrg", "image path": "test_imgs/229.jpg"}, {"prediction": "srazui", "ground truth": "3R-A2Ui", "image path": "test_imgs/230.jpg"}, {"prediction": "busopl", "ground truth": "aBusQpl", "image path": "test_imgs/231.jpg"}, {"prediction": "sthcfmq", "ground truth": "5thCFmQ", "image path": "test_imgs/232.jpg"}, {"prediction": "ohcozya", "ground truth": "ohcOzYA", "image path": "test_imgs/233.jpg"}, {"prediction": "jorhkiu", "ground truth": "JoRHklU", "image path": "test_imgs/234.jpg"}, {"prediction": "s2", "ground truth": "wTS2Wj5", "image path": "test_imgs/235.jpg"}, {"prediction": "svilp2", "ground truth": "tSVI1p2", "image path": "test_imgs/236.jpg"}, {"prediction": "", "ground truth": "3FP0Atl", "image path": "test_imgs/237.jpg"}, {"prediction": "", "ground truth": "P07MUN-", "image path": "test_imgs/238.jpg"}, {"prediction": "", "ground truth": "W48Xupg", "image path": "test_imgs/239.jpg"}, {"prediction": "milvipl", "ground truth": "mILVipb", "image path": "test_imgs/240.jpg"}, {"prediction": "maszebi", "ground truth": "maS2eBI", "image path": "test_imgs/241.jpg"}, {"prediction": "", "ground truth": "w1yiB9J", "image path": "test_imgs/242.jpg"}, {"prediction": "dpsceoz", "ground truth": "dPSceOz", "image path": "test_imgs/243.jpg"}, {"prediction": "cyxfotr", "ground truth": "CyXF2tR", "image path": "test_imgs/244.jpg"}, {"prediction": "", "ground truth": "X0uLEsC", "image path": "test_imgs/245.jpg"}, {"prediction": "nbhsqmw", "ground truth": "nBHSQMW", "image path": "test_imgs/246.jpg"}, {"prediction": "mtlkvsa", "ground truth": "MtLKvs4", "image path": "test_imgs/247.jpg"}, {"prediction": "", "ground truth": "uuPbdz1", "image path": "test_imgs/248.jpg"}, {"prediction": "edttkvx", "ground truth": "EDttKVX", "image path": "test_imgs/249.jpg"}, {"prediction": "", "ground truth": "INqL43O", "image path": "test_imgs/250.jpg"}, {"prediction": "epkaosw", "ground truth": "epk4O8W", "image path": "test_imgs/251.jpg"}, {"prediction": "", "ground truth": "RdCK0D7", "image path": "test_imgs/252.jpg"}, {"prediction": "ksvmocd", "ground truth": "ksvm6cD", "image path": "test_imgs/253.jpg"}, {"prediction": "nzsayb", "ground truth": "7YZsaYB", "image path": "test_imgs/254.jpg"}, {"prediction": "yccigsp", "ground truth": "YCC7g3p", "image path": "test_imgs/255.jpg"}, {"prediction": "jmutuxb", "ground truth": "jMutuXB", "image path": "test_imgs/256.jpg"}, {"prediction": "", "ground truth": "3pY8Vlb", "image path": "test_imgs/257.jpg"}, {"prediction": "iqasiln", "ground truth": "iQa5JLv", "image path": "test_imgs/258.jpg"}, {"prediction": "bosnng", "ground truth": "BO-8NnG", "image path": "test_imgs/259.jpg"}, {"prediction": "oreoon", "ground truth": "TgRe65u", "image path": "test_imgs/260.jpg"}, {"prediction": "mbuxx", "ground truth": "MI3Uxxc", "image path": "test_imgs/261.jpg"}, {"prediction": "eucljif", "ground truth": "EvcJjiF", "image path": "test_imgs/262.jpg"}, {"prediction": "ubinaxg", "ground truth": "ubVnnxG", "image path": "test_imgs/263.jpg"}, {"prediction": "", "ground truth": "pM95FVE", "image path": "test_imgs/264.jpg"}, {"prediction": "", "ground truth": "hxKpaLg", "image path": "test_imgs/265.jpg"}, {"prediction": "bxaxdhf", "ground truth": "BxAXdhF", "image path": "test_imgs/266.jpg"}, {"prediction": "aish", "ground truth": "mpc4iSH", "image path": "test_imgs/267.jpg"}, {"prediction": "awcgof", "ground truth": "mAwCg0f", "image path": "test_imgs/268.jpg"}, {"prediction": "", "ground truth": "Rt8yWu6", "image path": "test_imgs/269.jpg"}, {"prediction": "tiwbaw", "ground truth": "11w3AZW", "image path": "test_imgs/270.jpg"}, {"prediction": "bmsz2wz", "ground truth": "BM5Z2Wz", "image path": "test_imgs/271.jpg"}, {"prediction": "xiflofp", "ground truth": "xff1ofP", "image path": "test_imgs/272.jpg"}, {"prediction": "", "ground truth": "1mgvlb-", "image path": "test_imgs/273.jpg"}, {"prediction": "swkwwav", "ground truth": "5WkwW4V", "image path": "test_imgs/274.jpg"}, {"prediction": "wfizdul", "ground truth": "WfizduI", "image path": "test_imgs/275.jpg"}, {"prediction": "scbsshe", "ground truth": "SCBJSZE", "image path": "test_imgs/276.jpg"}, {"prediction": "gzodha", "ground truth": "J6Z0Dha", "image path": "test_imgs/277.jpg"}, {"prediction": "uhwdy", "ground truth": "UhWpyga", "image path": "test_imgs/278.jpg"}, {"prediction": "nbayhop", "ground truth": "N8ayh6p", "image path": "test_imgs/279.jpg"}, {"prediction": "ecosymw", "ground truth": "FccSxmw", "image path": "test_imgs/280.jpg"}, {"prediction": "pok", "ground truth": "117p5k3", "image path": "test_imgs/281.jpg"}, {"prediction": "", "ground truth": "z5kMi4s", "image path": "test_imgs/282.jpg"}, {"prediction": "tsyrtis", "ground truth": "tsYrT1s", "image path": "test_imgs/283.jpg"}, {"prediction": "qymczek", "ground truth": "qyMc2ek", "image path": "test_imgs/284.jpg"}, {"prediction": "", "ground truth": "NDHnwdT", "image path": "test_imgs/285.jpg"}, {"prediction": "chvfiqg", "ground truth": "ChVf1QG", "image path": "test_imgs/286.jpg"}, {"prediction": "nverso", "ground truth": "TV--r5o", "image path": "test_imgs/287.jpg"}, {"prediction": "o4ylghd", "ground truth": "04yL9hD", "image path": "test_imgs/288.jpg"}, {"prediction": "oarrrlk", "ground truth": "o4RRrLk", "image path": "test_imgs/289.jpg"}, {"prediction": "fsfxyjo", "ground truth": "fsFxYJ0", "image path": "test_imgs/290.jpg"}, {"prediction": "hlghyaa", "ground truth": "h1qHYaA", "image path": "test_imgs/291.jpg"}, {"prediction": "oratdy", "ground truth": "Ql14Tdy", "image path": "test_imgs/292.jpg"}, {"prediction": "lcarwie", "ground truth": "LCaRWJe", "image path": "test_imgs/293.jpg"}, {"prediction": "dnlo", "ground truth": "DCKLQYv", "image path": "test_imgs/294.jpg"}, {"prediction": "ukhiotp", "ground truth": "uKHTQtP", "image path": "test_imgs/295.jpg"}, {"prediction": "jgubopi", "ground truth": "J6UBOPL", "image path": "test_imgs/296.jpg"}, {"prediction": "cfzzous", "ground truth": "cF7ZOuS", "image path": "test_imgs/297.jpg"}, {"prediction": "ad", "ground truth": "HF5uYad", "image path": "test_imgs/298.jpg"}, {"prediction": "rgicmz", "ground truth": "Rg-icMz", "image path": "test_imgs/299.jpg"}, {"prediction": "kozlsko", "ground truth": "K0ZLsKc", "image path": "test_imgs/300.jpg"}, {"prediction": "xscfht", "ground truth": "XSCfvht", "image path": "test_imgs/301.jpg"}, {"prediction": "65ofiis", "ground truth": "65QflIS", "image path": "test_imgs/302.jpg"}, {"prediction": "", "ground truth": "dJG8LZv", "image path": "test_imgs/303.jpg"}, {"prediction": "axmazf", "ground truth": "bAXM2ZF", "image path": "test_imgs/304.jpg"}, {"prediction": "", "ground truth": "j1v4C2B", "image path": "test_imgs/305.jpg"}, {"prediction": "qwizdqw", "ground truth": "qwI2dQw", "image path": "test_imgs/306.jpg"}, {"prediction": "", "ground truth": "VcvRgr3", "image path": "test_imgs/307.jpg"}, {"prediction": "sywnwty", "ground truth": "89Wnwty", "image path": "test_imgs/308.jpg"}, {"prediction": "", "ground truth": "nQakLYu", "image path": "test_imgs/309.jpg"}, {"prediction": "en", "ground truth": "OLVr0Nq", "image path": "test_imgs/310.jpg"}, {"prediction": "ropzk", "ground truth": "-R6p2KI", "image path": "test_imgs/311.jpg"}, {"prediction": "kzbhawr", "ground truth": "kZbHawR", "image path": "test_imgs/312.jpg"}, {"prediction": "", "ground truth": "irN2pqs", "image path": "test_imgs/313.jpg"}, {"prediction": "", "ground truth": "HrZ2fxn", "image path": "test_imgs/314.jpg"}, {"prediction": "", "ground truth": "wmON88G", "image path": "test_imgs/315.jpg"}, {"prediction": "", "ground truth": "aqCdBcw", "image path": "test_imgs/316.jpg"}, {"prediction": "svibq2j", "ground truth": "Svjbq2J", "image path": "test_imgs/317.jpg"}, {"prediction": "cae", "ground truth": "3RZr2P8", "image path": "test_imgs/318.jpg"}, {"prediction": "cwiloj", "ground truth": "cJw1Ioj", "image path": "test_imgs/319.jpg"}, {"prediction": "igdegua", "ground truth": "hGDcqna", "image path": "test_imgs/320.jpg"}, {"prediction": "saxxg", "ground truth": "y3zxx6j", "image path": "test_imgs/321.jpg"}, {"prediction": "ykoqnvm", "ground truth": "yk6QNVm", "image path": "test_imgs/322.jpg"}, {"prediction": "yscpe", "ground truth": "JY73CpF", "image path": "test_imgs/323.jpg"}, {"prediction": "vypbvou", "ground truth": "VYpbv8w", "image path": "test_imgs/324.jpg"}, {"prediction": "diqwmg", "ground truth": "5iQWmqz", "image path": "test_imgs/325.jpg"}, {"prediction": "fjfphdf", "ground truth": "FJfPhDF", "image path": "test_imgs/326.jpg"}, {"prediction": "ksi3027", "ground truth": "ksI3027", "image path": "test_imgs/327.jpg"}, {"prediction": "", "ground truth": "YR4VQc8", "image path": "test_imgs/328.jpg"}, {"prediction": "kqbpx", "ground truth": "JKq3PX0", "image path": "test_imgs/329.jpg"}, {"prediction": "ojn", "ground truth": "M0JMjxy", "image path": "test_imgs/330.jpg"}, {"prediction": "tcozac", "ground truth": "kCoZU-b", "image path": "test_imgs/331.jpg"}, {"prediction": "etupdaj", "ground truth": "eTuPD4J", "image path": "test_imgs/332.jpg"}, {"prediction": "dmagej", "ground truth": "rxMa9EJ", "image path": "test_imgs/333.jpg"}, {"prediction": "sodz6zz", "ground truth": "SoD76Zv", "image path": "test_imgs/334.jpg"}, {"prediction": "zjezgf4", "ground truth": "ZJE7GF4", "image path": "test_imgs/335.jpg"}, {"prediction": "ctrrsge", "ground truth": "ctRR5ge", "image path": "test_imgs/336.jpg"}, {"prediction": "zgxgrd", "ground truth": "Y7GXgrf", "image path": "test_imgs/337.jpg"}, {"prediction": "khidst", "ground truth": "kHidS1I", "image path": "test_imgs/338.jpg"}, {"prediction": "ctixyzw", "ground truth": "ctlXyZW", "image path": "test_imgs/339.jpg"}, {"prediction": "uhzocdn", "ground truth": "uH70cDn", "image path": "test_imgs/340.jpg"}, {"prediction": "lero", "ground truth": "tJgKQyc", "image path": "test_imgs/341.jpg"}, {"prediction": "dcuxnmh", "ground truth": "DCUXnMH", "image path": "test_imgs/342.jpg"}, {"prediction": "3k4wulh", "ground truth": "3K4WuIH", "image path": "test_imgs/343.jpg"}, {"prediction": "ec72nb6", "ground truth": "ec72Nb6", "image path": "test_imgs/344.jpg"}, {"prediction": "pvzzfab", "ground truth": "Pv3Zfa3", "image path": "test_imgs/345.jpg"}, {"prediction": "rzwlge", "ground truth": "RzWLg-e", "image path": "test_imgs/346.jpg"}, {"prediction": "nbe", "ground truth": "NbekiJ-", "image path": "test_imgs/347.jpg"}, {"prediction": "oo", "ground truth": "-No0Ztl", "image path": "test_imgs/348.jpg"}, {"prediction": "gpnypz", "ground truth": "6PnyyPZ", "image path": "test_imgs/349.jpg"}, {"prediction": "", "ground truth": "ErkTooV", "image path": "test_imgs/350.jpg"}, {"prediction": "s", "ground truth": "zirGF2z", "image path": "test_imgs/351.jpg"}, {"prediction": "kyesan", "ground truth": "KryESqn", "image path": "test_imgs/352.jpg"}, {"prediction": "uepbo17", "ground truth": "uEPbo17", "image path": "test_imgs/353.jpg"}, {"prediction": "eagwgla", "ground truth": "E46wgla", "image path": "test_imgs/354.jpg"}, {"prediction": "", "ground truth": "iH8ZGrK", "image path": "test_imgs/355.jpg"}, {"prediction": "gwxr", "ground truth": "rw2GWxR", "image path": "test_imgs/356.jpg"}, {"prediction": "5g8wghx", "ground truth": "5q8wGhX", "image path": "test_imgs/357.jpg"}, {"prediction": "byfysim", "ground truth": "6yFYs9m", "image path": "test_imgs/358.jpg"}, {"prediction": "bixpcz", "ground truth": "3iX-pcz", "image path": "test_imgs/359.jpg"}, {"prediction": "atedghn", "ground truth": "AT8DGhn", "image path": "test_imgs/360.jpg"}, {"prediction": "", "ground truth": "0bqlc1C", "image path": "test_imgs/361.jpg"}, {"prediction": "geaastt", "ground truth": "GeaASTT", "image path": "test_imgs/362.jpg"}, {"prediction": "soldvo", "ground truth": "IsOJdvg", "image path": "test_imgs/363.jpg"}, {"prediction": "jajefro", "ground truth": "J4Jefr0", "image path": "test_imgs/364.jpg"}, {"prediction": "exyhbzl", "ground truth": "exyHbzL", "image path": "test_imgs/365.jpg"}, {"prediction": "vmsj2q", "ground truth": "rVM5J2q", "image path": "test_imgs/366.jpg"}, {"prediction": "fisl", "ground truth": "4FF5EXJ", "image path": "test_imgs/367.jpg"}, {"prediction": "ttd64qt", "ground truth": "ttd64Qt", "image path": "test_imgs/368.jpg"}, {"prediction": "xdoguvf", "ground truth": "xd8guvf", "image path": "test_imgs/369.jpg"}, {"prediction": "", "ground truth": "mppj7pn", "image path": "test_imgs/370.jpg"}, {"prediction": "rpykupg", "ground truth": "RpykuPG", "image path": "test_imgs/371.jpg"}, {"prediction": "nsigyo", "ground truth": "ns3GlY0", "image path": "test_imgs/372.jpg"}, {"prediction": "anhaxe", "ground truth": "CUbCXF4", "image path": "test_imgs/373.jpg"}, {"prediction": "getqubo", "ground truth": "qetQU6d", "image path": "test_imgs/374.jpg"}, {"prediction": "73tgcda", "ground truth": "73tGCd4", "image path": "test_imgs/375.jpg"}, {"prediction": "tiefgzh", "ground truth": "T1EF6Zh", "image path": "test_imgs/376.jpg"}, {"prediction": "agsiuzm", "ground truth": "AGSlUzM", "image path": "test_imgs/377.jpg"}, {"prediction": "nudstas", "ground truth": "nuDst4S", "image path": "test_imgs/378.jpg"}, {"prediction": "jookvet", "ground truth": "JOoKveT", "image path": "test_imgs/379.jpg"}, {"prediction": "uprsme", "ground truth": "xJPRsmQ", "image path": "test_imgs/380.jpg"}, {"prediction": "", "ground truth": "ua51RiV", "image path": "test_imgs/381.jpg"}, {"prediction": "", "ground truth": "b-V9tca", "image path": "test_imgs/382.jpg"}, {"prediction": "brxeymf", "ground truth": "brxEYmf", "image path": "test_imgs/383.jpg"}, {"prediction": "mzduhyy", "ground truth": "MZDuhYY", "image path": "test_imgs/384.jpg"}, {"prediction": "gakmvez", "ground truth": "64KMvez", "image path": "test_imgs/385.jpg"}, {"prediction": "opipe", "ground truth": "0SpHPEI", "image path": "test_imgs/386.jpg"}, {"prediction": "vskozn", "ground truth": "-v5K6zn", "image path": "test_imgs/387.jpg"}, {"prediction": "fokdpyz", "ground truth": "FoKdPYZ", "image path": "test_imgs/388.jpg"}, {"prediction": "kewaed", "ground truth": "KkpvR-U", "image path": "test_imgs/389.jpg"}, {"prediction": "napctnx", "ground truth": "N4pCTNx", "image path": "test_imgs/390.jpg"}, {"prediction": "ojyuvgh", "ground truth": "OjyUVqh", "image path": "test_imgs/391.jpg"}, {"prediction": "pkentk", "ground truth": "PK8NT-K", "image path": "test_imgs/392.jpg"}, {"prediction": "uckoum", "ground truth": "UcK2ylm", "image path": "test_imgs/393.jpg"}, {"prediction": "nqojglc", "ground truth": "nq0jG1q", "image path": "test_imgs/394.jpg"}, {"prediction": "hsofyun", "ground truth": "HS9fYuh", "image path": "test_imgs/395.jpg"}, {"prediction": "icagooo", "ground truth": "jcqG0O0", "image path": "test_imgs/396.jpg"}, {"prediction": "zrpew", "ground truth": "17RpFWj", "image path": "test_imgs/397.jpg"}, {"prediction": "azvsbda", "ground truth": "qzVSBDa", "image path": "test_imgs/398.jpg"}, {"prediction": "dylm", "ground truth": "bYLmkcr", "image path": "test_imgs/399.jpg"}, {"prediction": "dzzebx", "ground truth": "jDZZEBx", "image path": "test_imgs/400.jpg"}, {"prediction": "", "ground truth": "XKIMZUo", "image path": "test_imgs/401.jpg"}, {"prediction": "nlszae", "ground truth": "2WpBzmu", "image path": "test_imgs/402.jpg"}, {"prediction": "", "ground truth": "VZG5-cF", "image path": "test_imgs/403.jpg"}, {"prediction": "", "ground truth": "XtW1jf7", "image path": "test_imgs/404.jpg"}, {"prediction": "bbkeymp", "ground truth": "3Bk8YMp", "image path": "test_imgs/405.jpg"}, {"prediction": "", "ground truth": "nRvnT4V", "image path": "test_imgs/406.jpg"}, {"prediction": "", "ground truth": "XrG7IWI", "image path": "test_imgs/407.jpg"}, {"prediction": "dmtcr", "ground truth": "LvDMTCr", "image path": "test_imgs/408.jpg"}, {"prediction": "lkzhrs", "ground truth": "ILKZHR8", "image path": "test_imgs/409.jpg"}, {"prediction": "ozloeyy", "ground truth": "621oeYY", "image path": "test_imgs/410.jpg"}, {"prediction": "kafrbqv", "ground truth": "k4Fr3qV", "image path": "test_imgs/411.jpg"}, {"prediction": "risae", "ground truth": "lRI87xz", "image path": "test_imgs/412.jpg"}, {"prediction": "ojhgzkm", "ground truth": "oJhGZkM", "image path": "test_imgs/413.jpg"}, {"prediction": "erduhoo", "ground truth": "ErDuhO0", "image path": "test_imgs/414.jpg"}, {"prediction": "izfvizb", "ground truth": "1ZfViZb", "image path": "test_imgs/415.jpg"}, {"prediction": "hbfg", "ground truth": "w1vhbPG", "image path": "test_imgs/416.jpg"}, {"prediction": "aksyihs", "ground truth": "4ksyIH3", "image path": "test_imgs/417.jpg"}, {"prediction": "jrtyoq", "ground truth": "-jrtyOq", "image path": "test_imgs/418.jpg"}, {"prediction": "atgetng", "ground truth": "AT9EtnG", "image path": "test_imgs/419.jpg"}, {"prediction": "md2iqka", "ground truth": "md2lQk4", "image path": "test_imgs/420.jpg"}, {"prediction": "gbvaf", "ground truth": "IgBV2fi", "image path": "test_imgs/421.jpg"}, {"prediction": "wdlehty", "ground truth": "wDLEhty", "image path": "test_imgs/422.jpg"}, {"prediction": "rzbzved", "ground truth": "rzB2ved", "image path": "test_imgs/423.jpg"}, {"prediction": "gofmxqs", "ground truth": "gOfmxQS", "image path": "test_imgs/424.jpg"}, {"prediction": "", "ground truth": "hbZ4cAa", "image path": "test_imgs/425.jpg"}, {"prediction": "sbycoa", "ground truth": "1SbYCQ4", "image path": "test_imgs/426.jpg"}, {"prediction": "iqpnpu", "ground truth": "-IQPNPU", "image path": "test_imgs/427.jpg"}, {"prediction": "xqiezg", "ground truth": "xQiEZJG", "image path": "test_imgs/428.jpg"}, {"prediction": "", "ground truth": "9cvrXMC", "image path": "test_imgs/429.jpg"}, {"prediction": "divhyjo", "ground truth": "DivhYJO", "image path": "test_imgs/430.jpg"}, {"prediction": "", "ground truth": "lIUkHMB", "image path": "test_imgs/431.jpg"}, {"prediction": "wwirgga", "ground truth": "ww1rqGa", "image path": "test_imgs/432.jpg"}, {"prediction": "po41w22", "ground truth": "p041Wz2", "image path": "test_imgs/433.jpg"}, {"prediction": "trezoa", "ground truth": "trH9Eoa", "image path": "test_imgs/434.jpg"}, {"prediction": "xguslsy", "ground truth": "x6Usl5y", "image path": "test_imgs/435.jpg"}, {"prediction": "roroed", "ground truth": "R-0ROEd", "image path": "test_imgs/436.jpg"}, {"prediction": "sbosac", "ground truth": "BbQSat5", "image path": "test_imgs/437.jpg"}, {"prediction": "", "ground truth": "tQyCxXG", "image path": "test_imgs/438.jpg"}, {"prediction": "", "ground truth": "L0G4hxR", "image path": "test_imgs/439.jpg"}, {"prediction": "ceecwxs", "ground truth": "qe8Cwxx", "image path": "test_imgs/440.jpg"}, {"prediction": "hpowohg", "ground truth": "HpOWQH9", "image path": "test_imgs/441.jpg"}, {"prediction": "edeospe", "ground truth": "ED-oSpB", "image path": "test_imgs/442.jpg"}, {"prediction": "apasthf", "ground truth": "Ap4Sthf", "image path": "test_imgs/443.jpg"}, {"prediction": "", "ground truth": "LTbKZqB", "image path": "test_imgs/444.jpg"}, {"prediction": "drqfhfs", "ground truth": "DRQfhfs", "image path": "test_imgs/445.jpg"}, {"prediction": "tl", "ground truth": "zxIPe7U", "image path": "test_imgs/446.jpg"}, {"prediction": "mryv710", "ground truth": "MrYV71O", "image path": "test_imgs/447.jpg"}, {"prediction": "zbllsm", "ground truth": "6zbILSm", "image path": "test_imgs/448.jpg"}, {"prediction": "aeldeo", "ground truth": "-Ae7de0", "image path": "test_imgs/449.jpg"}, {"prediction": "xeisrav", "ground truth": "X815r4V", "image path": "test_imgs/450.jpg"}, {"prediction": "bolwbuz", "ground truth": "b0JWBuz", "image path": "test_imgs/451.jpg"}, {"prediction": "emelqmg", "ground truth": "emELQm9", "image path": "test_imgs/452.jpg"}, {"prediction": "tqbiy", "ground truth": "tQbiyTo", "image path": "test_imgs/453.jpg"}, {"prediction": "ghroqe", "ground truth": "C6H-oqq", "image path": "test_imgs/454.jpg"}, {"prediction": "s", "ground truth": "tesSb-5", "image path": "test_imgs/455.jpg"}, {"prediction": "snoa", "ground truth": "WWlp881", "image path": "test_imgs/456.jpg"}, {"prediction": "weos", "ground truth": "pwvF0-x", "image path": "test_imgs/457.jpg"}, {"prediction": "owyytrw", "ground truth": "0wYyTRw", "image path": "test_imgs/458.jpg"}, {"prediction": "ibuszin", "ground truth": "lbU5zjn", "image path": "test_imgs/459.jpg"}, {"prediction": "kiwaliy", "ground truth": "kiW-LIx", "image path": "test_imgs/460.jpg"}, {"prediction": "ctocrhy", "ground truth": "XTOCRhv", "image path": "test_imgs/461.jpg"}, {"prediction": "deeurix", "ground truth": "DH8Urix", "image path": "test_imgs/462.jpg"}, {"prediction": "", "ground truth": "qyYgrNO", "image path": "test_imgs/463.jpg"}, {"prediction": "tsgkfo", "ground truth": "t-SGkFQ", "image path": "test_imgs/464.jpg"}, {"prediction": "tyihzmt", "ground truth": "fYIHzml", "image path": "test_imgs/465.jpg"}, {"prediction": "fkyymz", "ground truth": "fKY9yMZ", "image path": "test_imgs/466.jpg"}, {"prediction": "fqtuhtq", "ground truth": "FqtUhtq", "image path": "test_imgs/467.jpg"}, {"prediction": "bbloahc", "ground truth": "66LooHC", "image path": "test_imgs/468.jpg"}, {"prediction": "vxgf5l", "ground truth": "-vXgF5l", "image path": "test_imgs/469.jpg"}, {"prediction": "pvhxivx", "ground truth": "PvhxfVx", "image path": "test_imgs/470.jpg"}, {"prediction": "hmcecuh", "ground truth": "hmC8CUh", "image path": "test_imgs/471.jpg"}, {"prediction": "koel", "ground truth": "Kc4P3rI", "image path": "test_imgs/472.jpg"}, {"prediction": "yzahoas", "ground truth": "YZ4HO43", "image path": "test_imgs/473.jpg"}, {"prediction": "azxckgt", "ground truth": "A3xCRGr", "image path": "test_imgs/474.jpg"}, {"prediction": "2lqduic", "ground truth": "2IqdU9c", "image path": "test_imgs/475.jpg"}, {"prediction": "o", "ground truth": "BonRXdV", "image path": "test_imgs/476.jpg"}, {"prediction": "wndgb", "ground truth": "CrWNdgB", "image path": "test_imgs/477.jpg"}, {"prediction": "xycspho", "ground truth": "XYCsPHo", "image path": "test_imgs/478.jpg"}, {"prediction": "", "ground truth": "LTTKZFD", "image path": "test_imgs/479.jpg"}, {"prediction": "srverqi", "ground truth": "SRv2-q1", "image path": "test_imgs/480.jpg"}, {"prediction": "", "ground truth": "geJjSGQ", "image path": "test_imgs/481.jpg"}, {"prediction": "shsuip", "ground truth": "5h-suip", "image path": "test_imgs/482.jpg"}, {"prediction": "genlys", "ground truth": "YgFnLy6", "image path": "test_imgs/483.jpg"}, {"prediction": "ozixae", "ground truth": "Oz9JXaE", "image path": "test_imgs/484.jpg"}, {"prediction": "gamxog", "ground truth": "GFMxOq3", "image path": "test_imgs/485.jpg"}, {"prediction": "ofshowp", "ground truth": "oF3H6wp", "image path": "test_imgs/486.jpg"}, {"prediction": "ueon", "ground truth": "JYUgQfy", "image path": "test_imgs/487.jpg"}, {"prediction": "jezsedii", "ground truth": "j4z8eDH", "image path": "test_imgs/488.jpg"}, {"prediction": "lnebuzs", "ground truth": "LNF3uZ3", "image path": "test_imgs/489.jpg"}, {"prediction": "", "ground truth": "uNvT7A1", "image path": "test_imgs/490.jpg"}, {"prediction": "coesned", "ground truth": "F0oF3KH", "image path": "test_imgs/491.jpg"}, {"prediction": "gmubwb", "ground truth": "U9mJbwB", "image path": "test_imgs/492.jpg"}, {"prediction": "moa", "ground truth": "MoaEY5a", "image path": "test_imgs/493.jpg"}, {"prediction": "zzmizv", "ground truth": "ZzMlzV-", "image path": "test_imgs/494.jpg"}, {"prediction": "", "ground truth": "u1h1U-4", "image path": "test_imgs/495.jpg"}, {"prediction": "isucodi", "ground truth": "1SUco9i", "image path": "test_imgs/496.jpg"}, {"prediction": "", "ground truth": "S1HtgUk", "image path": "test_imgs/497.jpg"}, {"prediction": "", "ground truth": "ICLjmnm", "image path": "test_imgs/498.jpg"}, {"prediction": "eukgp", "ground truth": "EukgpUA", "image path": "test_imgs/499.jpg"}, {"prediction": "dkwbwa", "ground truth": "dkwbwat", "image path": "test_imgs/500.jpg"}, {"prediction": "pynzmzd", "ground truth": "pYNzM2d", "image path": "test_imgs/501.jpg"}, {"prediction": "swomne", "ground truth": "yswGMhR", "image path": "test_imgs/502.jpg"}, {"prediction": "oszxzih", "ground truth": "0SZxZjh", "image path": "test_imgs/503.jpg"}, {"prediction": "zhejcyp", "ground truth": "7heJC3P", "image path": "test_imgs/504.jpg"}, {"prediction": "xxokhom", "ground truth": "XXOkH6M", "image path": "test_imgs/505.jpg"}, {"prediction": "", "ground truth": "DZ-EMF7", "image path": "test_imgs/506.jpg"}, {"prediction": "wsbqocw", "ground truth": "wSBQ0CW", "image path": "test_imgs/507.jpg"}, {"prediction": "", "ground truth": "wrhb7pQ", "image path": "test_imgs/508.jpg"}, {"prediction": "", "ground truth": "znclwwL", "image path": "test_imgs/509.jpg"}, {"prediction": "ixrctpp", "ground truth": "1xRctpp", "image path": "test_imgs/510.jpg"}, {"prediction": "wingyce", "ground truth": "wlHGg6e", "image path": "test_imgs/511.jpg"}, {"prediction": "bumshca", "ground truth": "3UmShcA", "image path": "test_imgs/512.jpg"}, {"prediction": "zhzau", "ground truth": "Z7fh9AU", "image path": "test_imgs/513.jpg"}, {"prediction": "uuhqtos", "ground truth": "UUHqtQS", "image path": "test_imgs/514.jpg"}, {"prediction": "smoskda", "ground truth": "3m6SKD-", "image path": "test_imgs/515.jpg"}, {"prediction": "saasokv", "ground truth": "sdA303v", "image path": "test_imgs/516.jpg"}, {"prediction": "2hflols", "ground truth": "2HFLoL5", "image path": "test_imgs/517.jpg"}, {"prediction": "", "ground truth": "g4c9Xuw", "image path": "test_imgs/518.jpg"}, {"prediction": "z5befl", "ground truth": "75j6EfL", "image path": "test_imgs/519.jpg"}, {"prediction": "", "ground truth": "cYWWYIG", "image path": "test_imgs/520.jpg"}, {"prediction": "cpdagze", "ground truth": "CPD4gzC", "image path": "test_imgs/521.jpg"}, {"prediction": "zb", "ground truth": "Az6lKJ0", "image path": "test_imgs/522.jpg"}, {"prediction": "luuhmr", "ground truth": "L1uHMrk", "image path": "test_imgs/523.jpg"}, {"prediction": "", "ground truth": "kwxVDSD", "image path": "test_imgs/524.jpg"}, {"prediction": "alcogt", "ground truth": "nLc6jGH", "image path": "test_imgs/525.jpg"}, {"prediction": "arjoydp", "ground truth": "XtjOydP", "image path": "test_imgs/526.jpg"}, {"prediction": "", "ground truth": "46pPE1K", "image path": "test_imgs/527.jpg"}, {"prediction": "ermzq5z", "ground truth": "erMzQ5z", "image path": "test_imgs/528.jpg"}, {"prediction": "bebuzn", "ground truth": "3eBu27V", "image path": "test_imgs/529.jpg"}, {"prediction": "goatrt3", "ground truth": "GoAtRT3", "image path": "test_imgs/530.jpg"}, {"prediction": "", "ground truth": "vMAJMun", "image path": "test_imgs/531.jpg"}, {"prediction": "", "ground truth": "nwYmw06", "image path": "test_imgs/532.jpg"}, {"prediction": "ezeqido", "ground truth": "EzEQIdo", "image path": "test_imgs/533.jpg"}, {"prediction": "", "ground truth": "hKT9lFk", "image path": "test_imgs/534.jpg"}, {"prediction": "mnngxzn", "ground truth": "MnNGX2n", "image path": "test_imgs/535.jpg"}, {"prediction": "", "ground truth": "UPlbq5f", "image path": "test_imgs/536.jpg"}, {"prediction": "nmpy", "ground truth": "0VMpv5x", "image path": "test_imgs/537.jpg"}, {"prediction": "sdoluys", "ground truth": "5DoIUy9", "image path": "test_imgs/538.jpg"}, {"prediction": "woutuew", "ground truth": "WOutuEW", "image path": "test_imgs/539.jpg"}, {"prediction": "7812180", "ground truth": "Z873I80", "image path": "test_imgs/540.jpg"}, {"prediction": "", "ground truth": "8HNJK6e", "image path": "test_imgs/541.jpg"}, {"prediction": "", "ground truth": "sr7mPBv", "image path": "test_imgs/542.jpg"}, {"prediction": "cciby", "ground truth": "zCC1-bY", "image path": "test_imgs/543.jpg"}, {"prediction": "awozir", "ground truth": "yWw9zjr", "image path": "test_imgs/544.jpg"}, {"prediction": "rywizec", "ground truth": "ryWT7cC", "image path": "test_imgs/545.jpg"}, {"prediction": "odrwtz9", "ground truth": "oDRwt29", "image path": "test_imgs/546.jpg"}, {"prediction": "vvktomm", "ground truth": "yVktOmm", "image path": "test_imgs/547.jpg"}, {"prediction": "djjcet", "ground truth": "DJJC9EE", "image path": "test_imgs/548.jpg"}, {"prediction": "", "ground truth": "I0Y1HHz", "image path": "test_imgs/549.jpg"}, {"prediction": "aqpchmc", "ground truth": "4QPchmC", "image path": "test_imgs/550.jpg"}, {"prediction": "eyhezlb", "ground truth": "FyHE3Ib", "image path": "test_imgs/551.jpg"}, {"prediction": "helheik", "ground truth": "H8lhEIk", "image path": "test_imgs/552.jpg"}, {"prediction": "mmie", "ground truth": "ifLaMW4", "image path": "test_imgs/553.jpg"}, {"prediction": "upmpsve", "ground truth": "uPMp5V8", "image path": "test_imgs/554.jpg"}, {"prediction": "hpuvljh", "ground truth": "hpuvIJh", "image path": "test_imgs/555.jpg"}, {"prediction": "2b5e", "ground truth": "72b57FT", "image path": "test_imgs/556.jpg"}, {"prediction": "pesscia", "ground truth": "pe55cia", "image path": "test_imgs/557.jpg"}, {"prediction": "72hjlha", "ground truth": "72hJlH4", "image path": "test_imgs/558.jpg"}, {"prediction": "", "ground truth": "FMArbyX", "image path": "test_imgs/559.jpg"}, {"prediction": "", "ground truth": "8hCChEA", "image path": "test_imgs/560.jpg"}, {"prediction": "abbsmin", "ground truth": "a58SM1u", "image path": "test_imgs/561.jpg"}, {"prediction": "bhresx", "ground truth": "BhB5SIX", "image path": "test_imgs/562.jpg"}, {"prediction": "uemirizm", "ground truth": "UFmTr7M", "image path": "test_imgs/563.jpg"}, {"prediction": "s", "ground truth": "VUse61Q", "image path": "test_imgs/564.jpg"}, {"prediction": "jidilql", "ground truth": "JidlTql", "image path": "test_imgs/565.jpg"}, {"prediction": "", "ground truth": "eFlp4sZ", "image path": "test_imgs/566.jpg"}, {"prediction": "kcabgao", "ground truth": "kca8gA6", "image path": "test_imgs/567.jpg"}, {"prediction": "novajbe", "ground truth": "nov4JB-", "image path": "test_imgs/568.jpg"}, {"prediction": "wezkpvm", "ground truth": "WE2kPVm", "image path": "test_imgs/569.jpg"}, {"prediction": "maoneya", "ground truth": "MXonRYa", "image path": "test_imgs/570.jpg"}, {"prediction": "", "ground truth": "nIkHBLd", "image path": "test_imgs/571.jpg"}, {"prediction": "vbfieg", "ground truth": "vbFiiEQ", "image path": "test_imgs/572.jpg"}, {"prediction": "see", "ground truth": "ULKQnPY", "image path": "test_imgs/573.jpg"}, {"prediction": "hanfif", "ground truth": "aAn3f1F", "image path": "test_imgs/574.jpg"}, {"prediction": "mkunupl", "ground truth": "MKvnvpU", "image path": "test_imgs/575.jpg"}, {"prediction": "", "ground truth": "oprkfvV", "image path": "test_imgs/576.jpg"}, {"prediction": "pakot", "ground truth": "bP2k6fy", "image path": "test_imgs/577.jpg"}, {"prediction": "rsugie", "ground truth": "kl5oGTE", "image path": "test_imgs/578.jpg"}, {"prediction": "451606", "ground truth": "34516O6", "image path": "test_imgs/579.jpg"}, {"prediction": "", "ground truth": "zK7Fcnh", "image path": "test_imgs/580.jpg"}, {"prediction": "pvosich", "ground truth": "pVQsjCh", "image path": "test_imgs/581.jpg"}, {"prediction": "798vrl", "ground truth": "F798VRL", "image path": "test_imgs/582.jpg"}, {"prediction": "", "ground truth": "rpWPxZn", "image path": "test_imgs/583.jpg"}, {"prediction": "", "ground truth": "Y58xYwl", "image path": "test_imgs/584.jpg"}, {"prediction": "slato", "ground truth": "SLav47Q", "image path": "test_imgs/585.jpg"}, {"prediction": "gxbevm", "ground truth": "9iXbFvM", "image path": "test_imgs/586.jpg"}, {"prediction": "viwsod", "ground truth": "lV7W3O0", "image path": "test_imgs/587.jpg"}, {"prediction": "", "ground truth": "ixFevij", "image path": "test_imgs/588.jpg"}, {"prediction": "aqcgbpi", "ground truth": "4QCGBpi", "image path": "test_imgs/589.jpg"}, {"prediction": "obagesr", "ground truth": "ObAQCsr", "image path": "test_imgs/590.jpg"}, {"prediction": "savjov", "ground truth": "8AvJ6V-", "image path": "test_imgs/591.jpg"}, {"prediction": "qmzqcd", "ground truth": "Qm7jqCD", "image path": "test_imgs/592.jpg"}, {"prediction": "arhgoc2", "ground truth": "aRH60c2", "image path": "test_imgs/593.jpg"}, {"prediction": "stfire", "ground truth": "STFlRe1", "image path": "test_imgs/594.jpg"}, {"prediction": "asqbwlh", "ground truth": "A5QbwZH", "image path": "test_imgs/595.jpg"}, {"prediction": "wo", "ground truth": "2oyMJI4", "image path": "test_imgs/596.jpg"}, {"prediction": "ggdnshn", "ground truth": "qgDN5hr", "image path": "test_imgs/597.jpg"}, {"prediction": "dpuny", "ground truth": "a-DpvnY", "image path": "test_imgs/598.jpg"}, {"prediction": "zabejng", "ground truth": "z98Ejn4", "image path": "test_imgs/599.jpg"}, {"prediction": "lbteoa", "ground truth": "Lbte04-", "image path": "test_imgs/600.jpg"}, {"prediction": "ekyte", "ground truth": "HKYTJ-h", "image path": "test_imgs/601.jpg"}, {"prediction": "fidgiba", "ground truth": "FiDGlBa", "image path": "test_imgs/602.jpg"}, {"prediction": "eeqjrit", "ground truth": "e8QJrjf", "image path": "test_imgs/603.jpg"}, {"prediction": "", "ground truth": "40hN5Ei", "image path": "test_imgs/604.jpg"}, {"prediction": "zigiant", "ground truth": "7jG1gmt", "image path": "test_imgs/605.jpg"}, {"prediction": "gxcmaib", "ground truth": "gxcmAlb", "image path": "test_imgs/606.jpg"}, {"prediction": "aqextio", "ground truth": "aQexTIO", "image path": "test_imgs/607.jpg"}, {"prediction": "goyzngz", "ground truth": "6Oy3NGz", "image path": "test_imgs/608.jpg"}, {"prediction": "", "ground truth": "Ohhhh7J", "image path": "test_imgs/609.jpg"}, {"prediction": "", "ground truth": "UQPs6LZ", "image path": "test_imgs/610.jpg"}, {"prediction": "tzumrh", "ground truth": "t2umrhH", "image path": "test_imgs/611.jpg"}, {"prediction": "ddqaw6w", "ground truth": "DDQaw6w", "image path": "test_imgs/612.jpg"}, {"prediction": "gfsrhxn", "ground truth": "Gf5rHxn", "image path": "test_imgs/613.jpg"}, {"prediction": "", "ground truth": "XFTKCL4", "image path": "test_imgs/614.jpg"}, {"prediction": "plijqv", "ground truth": "p29JfQV", "image path": "test_imgs/615.jpg"}, {"prediction": "kogjods", "ground truth": "Ky6J0d3", "image path": "test_imgs/616.jpg"}, {"prediction": "3krky", "ground truth": "I3K2Rky", "image path": "test_imgs/617.jpg"}, {"prediction": "geafw", "ground truth": "l6eaFWi", "image path": "test_imgs/618.jpg"}, {"prediction": "", "ground truth": "EurcOq5", "image path": "test_imgs/619.jpg"}, {"prediction": "", "ground truth": "7qt4v1e", "image path": "test_imgs/620.jpg"}, {"prediction": "tlrrle", "ground truth": "TLrr1-E", "image path": "test_imgs/621.jpg"}, {"prediction": "2mk", "ground truth": "2Zc-2mK", "image path": "test_imgs/622.jpg"}, {"prediction": "alipqel", "ground truth": "A1IpQE1", "image path": "test_imgs/623.jpg"}, {"prediction": "ednbst", "ground truth": "FDNJ5sT", "image path": "test_imgs/624.jpg"}, {"prediction": "frdsopy", "ground truth": "frdSOPy", "image path": "test_imgs/625.jpg"}, {"prediction": "", "ground truth": "Y-FFNUi", "image path": "test_imgs/626.jpg"}, {"prediction": "ulhqnj", "ground truth": "ukhqmjy", "image path": "test_imgs/627.jpg"}, {"prediction": "soaw", "ground truth": "r5fQyXV", "image path": "test_imgs/628.jpg"}, {"prediction": "waoln", "ground truth": "sMLwa60", "image path": "test_imgs/629.jpg"}, {"prediction": "", "ground truth": "aRHjnK7", "image path": "test_imgs/630.jpg"}, {"prediction": "zphgxv", "ground truth": "zpHGX-v", "image path": "test_imgs/631.jpg"}, {"prediction": "hapwed", "ground truth": "ha9pwFj", "image path": "test_imgs/632.jpg"}, {"prediction": "wiojvsw", "ground truth": "w10jVsW", "image path": "test_imgs/633.jpg"}, {"prediction": "guwiykd", "ground truth": "guW1YKD", "image path": "test_imgs/634.jpg"}, {"prediction": "svwitd", "ground truth": "pVwJt7P", "image path": "test_imgs/635.jpg"}, {"prediction": "s", "ground truth": "rx281M5", "image path": "test_imgs/636.jpg"}, {"prediction": "iominday", "ground truth": "iOMNDAY", "image path": "test_imgs/637.jpg"}, {"prediction": "crowkee", "ground truth": "6R6wKEE", "image path": "test_imgs/638.jpg"}, {"prediction": "", "ground truth": "Am0TAD-", "image path": "test_imgs/639.jpg"}, {"prediction": "jesupid", "ground truth": "JE3uP1D", "image path": "test_imgs/640.jpg"}, {"prediction": "", "ground truth": "xviod0w", "image path": "test_imgs/641.jpg"}, {"prediction": "indjzry", "ground truth": "JndjZRY", "image path": "test_imgs/642.jpg"}, {"prediction": "twwssin", "ground truth": "7Ww8SJN", "image path": "test_imgs/643.jpg"}, {"prediction": "hpbf6oz", "ground truth": "HPbf6o7", "image path": "test_imgs/644.jpg"}, {"prediction": "gkjaxht", "ground truth": "gkJaxhT", "image path": "test_imgs/645.jpg"}, {"prediction": "biohbzz", "ground truth": "B1OHBzZ", "image path": "test_imgs/646.jpg"}, {"prediction": "riig", "ground truth": "kt9SC6T", "image path": "test_imgs/647.jpg"}, {"prediction": "sdegtu", "ground truth": "SDE9TU-", "image path": "test_imgs/648.jpg"}, {"prediction": "xessns", "ground truth": "lX885ns", "image path": "test_imgs/649.jpg"}, {"prediction": "g4af4oc", "ground truth": "G74F40c", "image path": "test_imgs/650.jpg"}, {"prediction": "", "ground truth": "9WT9WBU", "image path": "test_imgs/651.jpg"}, {"prediction": "5cmdgg4", "ground truth": "5CMdg94", "image path": "test_imgs/652.jpg"}, {"prediction": "geponl", "ground truth": "GeP9njL", "image path": "test_imgs/653.jpg"}, {"prediction": "saxnvhes", "ground truth": "0gxNVH2", "image path": "test_imgs/654.jpg"}, {"prediction": "bcazyr", "ground truth": "bc4Zvyr", "image path": "test_imgs/655.jpg"}, {"prediction": "oaymssv", "ground truth": "oaym55V", "image path": "test_imgs/656.jpg"}, {"prediction": "ytt6lq", "ground truth": "ytt6-Iq", "image path": "test_imgs/657.jpg"}, {"prediction": "mbhwwx", "ground truth": "MbhvwX3", "image path": "test_imgs/658.jpg"}, {"prediction": "ipiddep", "ground truth": "lP1dDEp", "image path": "test_imgs/659.jpg"}, {"prediction": "pgbohwe", "ground truth": "PG80HW6", "image path": "test_imgs/660.jpg"}, {"prediction": "atejytq", "ground truth": "aTejy7q", "image path": "test_imgs/661.jpg"}, {"prediction": "lujwxes", "ground truth": "LUJWXE5", "image path": "test_imgs/662.jpg"}, {"prediction": "pijuwo", "ground truth": "-PfjUw6", "image path": "test_imgs/663.jpg"}, {"prediction": "wslxzgb", "ground truth": "w5LXZGB", "image path": "test_imgs/664.jpg"}, {"prediction": "doafus", "ground truth": "g6aXiuJ", "image path": "test_imgs/665.jpg"}, {"prediction": "", "ground truth": "ie0ZqXQ", "image path": "test_imgs/666.jpg"}, {"prediction": "", "ground truth": "rO5-J14", "image path": "test_imgs/667.jpg"}, {"prediction": "ilnywk", "ground truth": "q9lnyWK", "image path": "test_imgs/668.jpg"}, {"prediction": "wgtpxev", "ground truth": "WgtPXEv", "image path": "test_imgs/669.jpg"}, {"prediction": "dpkpgoy", "ground truth": "dPKp66y", "image path": "test_imgs/670.jpg"}, {"prediction": "", "ground truth": "Yn5TWow", "image path": "test_imgs/671.jpg"}, {"prediction": "baoksu", "ground truth": "BraOkSQ", "image path": "test_imgs/672.jpg"}, {"prediction": "ypnehhl", "ground truth": "yPnehhI", "image path": "test_imgs/673.jpg"}, {"prediction": "rkyvrpt", "ground truth": "3KYvrPT", "image path": "test_imgs/674.jpg"}, {"prediction": "peiclizn", "ground truth": "PE1cL7N", "image path": "test_imgs/675.jpg"}, {"prediction": "saulyey", "ground truth": "8XU1YEj", "image path": "test_imgs/676.jpg"}, {"prediction": "zonhuns", "ground truth": "z0nhUnS", "image path": "test_imgs/677.jpg"}, {"prediction": "wddbohj", "ground truth": "wDDb0hJ", "image path": "test_imgs/678.jpg"}, {"prediction": "ev6bt5", "ground truth": "eV6bt3J", "image path": "test_imgs/679.jpg"}, {"prediction": "emewb2y", "ground truth": "EmEWb2Y", "image path": "test_imgs/680.jpg"}, {"prediction": "siseet", "ground truth": "SJI8eEt", "image path": "test_imgs/681.jpg"}, {"prediction": "", "ground truth": "OtKkk35", "image path": "test_imgs/682.jpg"}, {"prediction": "gcxvse", "ground truth": "gCXVSEl", "image path": "test_imgs/683.jpg"}, {"prediction": "g5x", "ground truth": "g5klgza", "image path": "test_imgs/684.jpg"}, {"prediction": "mpmuya", "ground truth": "AmPMUyA", "image path": "test_imgs/685.jpg"}, {"prediction": "uhoizpi", "ground truth": "UHOi2Pc", "image path": "test_imgs/686.jpg"}, {"prediction": "", "ground truth": "Hockndo", "image path": "test_imgs/687.jpg"}, {"prediction": "twsfdgs", "ground truth": "Tw5fdGs", "image path": "test_imgs/688.jpg"}, {"prediction": "bpqvz", "ground truth": "rBpq2VZ", "image path": "test_imgs/689.jpg"}, {"prediction": "", "ground truth": "XCcu1Vk", "image path": "test_imgs/690.jpg"}, {"prediction": "ekzami", "ground truth": "uEK7AMT", "image path": "test_imgs/691.jpg"}, {"prediction": "ripvi", "ground truth": "BJPVLSK", "image path": "test_imgs/692.jpg"}, {"prediction": "", "ground truth": "-Lo2od3", "image path": "test_imgs/693.jpg"}, {"prediction": "nsnkkde", "ground truth": "nSNKkDE", "image path": "test_imgs/694.jpg"}, {"prediction": "bwdecils", "ground truth": "3wDEcIL", "image path": "test_imgs/695.jpg"}, {"prediction": "lgsxabt", "ground truth": "Lg5XAbT", "image path": "test_imgs/696.jpg"}, {"prediction": "ibiskg", "ground truth": "izb15kG", "image path": "test_imgs/697.jpg"}, {"prediction": "mgonsz", "ground truth": "m6you5Z", "image path": "test_imgs/698.jpg"}, {"prediction": "gsigjug", "ground truth": "GSlgju9", "image path": "test_imgs/699.jpg"}, {"prediction": "quszlf", "ground truth": "Qu87If-", "image path": "test_imgs/700.jpg"}, {"prediction": "pelnr", "ground truth": "oPKLnki", "image path": "test_imgs/701.jpg"}, {"prediction": "", "ground truth": "t5ZoWpk", "image path": "test_imgs/702.jpg"}, {"prediction": "uanze", "ground truth": "u7an2Cl", "image path": "test_imgs/703.jpg"}, {"prediction": "", "ground truth": "PlAzCYR", "image path": "test_imgs/704.jpg"}, {"prediction": "", "ground truth": "aQugsWD", "image path": "test_imgs/705.jpg"}, {"prediction": "befboa", "ground truth": "BGFbdl2", "image path": "test_imgs/706.jpg"}, {"prediction": "xwizfan", "ground truth": "XWI2fAn", "image path": "test_imgs/707.jpg"}, {"prediction": "kshsaoz", "ground truth": "K5hS4p2", "image path": "test_imgs/708.jpg"}, {"prediction": "fkczask", "ground truth": "FKcZaBK", "image path": "test_imgs/709.jpg"}, {"prediction": "xjica9y", "ground truth": "Xj9C49Y", "image path": "test_imgs/710.jpg"}, {"prediction": "revjoja", "ground truth": "RFVjQjA", "image path": "test_imgs/711.jpg"}, {"prediction": "zgyvg", "ground truth": "JzgyVGz", "image path": "test_imgs/712.jpg"}, {"prediction": "alzod", "ground truth": "aD2OtIV", "image path": "test_imgs/713.jpg"}, {"prediction": "bshaok", "ground truth": "-BsHAOK", "image path": "test_imgs/714.jpg"}, {"prediction": "smgu", "ground truth": "zSmqU-J", "image path": "test_imgs/715.jpg"}, {"prediction": "iixcaz", "ground truth": "I17xcA2", "image path": "test_imgs/716.jpg"}, {"prediction": "s", "ground truth": "3ljdjzP", "image path": "test_imgs/717.jpg"}, {"prediction": "", "ground truth": "onQMfiz", "image path": "test_imgs/718.jpg"}, {"prediction": "cgxneg", "ground truth": "jCGXnEG", "image path": "test_imgs/719.jpg"}, {"prediction": "", "ground truth": "xGs6FKE", "image path": "test_imgs/720.jpg"}, {"prediction": "sawcis", "ground truth": "Sx3yqZk", "image path": "test_imgs/721.jpg"}, {"prediction": "ccm", "ground truth": "2JCm-EX", "image path": "test_imgs/722.jpg"}, {"prediction": "bsslyaq", "ground truth": "bS5IyAQ", "image path": "test_imgs/723.jpg"}, {"prediction": "tsugglt", "ground truth": "t5uGGLt", "image path": "test_imgs/724.jpg"}, {"prediction": "ridwol", "ground truth": "ARIdWoL", "image path": "test_imgs/725.jpg"}, {"prediction": "", "ground truth": "KKAe9vW", "image path": "test_imgs/726.jpg"}, {"prediction": "zindaro", "ground truth": "ZvND4rO", "image path": "test_imgs/727.jpg"}, {"prediction": "gvkgest", "ground truth": "6VkgvSf", "image path": "test_imgs/728.jpg"}, {"prediction": "e", "ground truth": "jFadGbs", "image path": "test_imgs/729.jpg"}, {"prediction": "zroxbkv", "ground truth": "zr9Xbkv", "image path": "test_imgs/730.jpg"}, {"prediction": "sycwmic", "ground truth": "syCWm4C", "image path": "test_imgs/731.jpg"}, {"prediction": "aicatoz", "ground truth": "4icAt0Z", "image path": "test_imgs/732.jpg"}, {"prediction": "qzraxkk", "ground truth": "q2rqxkk", "image path": "test_imgs/733.jpg"}, {"prediction": "iqiqmi", "ground truth": "IQ1QmJl", "image path": "test_imgs/734.jpg"}, {"prediction": "q9r1", "ground truth": "O9Ir1QX", "image path": "test_imgs/735.jpg"}, {"prediction": "", "ground truth": "5gs5NSj", "image path": "test_imgs/736.jpg"}, {"prediction": "", "ground truth": "41iXlV2", "image path": "test_imgs/737.jpg"}, {"prediction": "uc582d", "ground truth": "U9C582D", "image path": "test_imgs/738.jpg"}, {"prediction": "eikkoge", "ground truth": "FIkk6Ge", "image path": "test_imgs/739.jpg"}, {"prediction": "soa", "ground truth": "-4d1XQy", "image path": "test_imgs/740.jpg"}, {"prediction": "phdpbv", "ground truth": "pHdPBvv", "image path": "test_imgs/741.jpg"}, {"prediction": "zadogwa", "ground truth": "3adOgWA", "image path": "test_imgs/742.jpg"}, {"prediction": "garfdsn", "ground truth": "GArFd5N", "image path": "test_imgs/743.jpg"}, {"prediction": "dtlfowa", "ground truth": "DtT-0WA", "image path": "test_imgs/744.jpg"}, {"prediction": "ocazbe", "ground truth": "JocAz80", "image path": "test_imgs/745.jpg"}, {"prediction": "orarlis", "ground truth": "oR4rLi5", "image path": "test_imgs/746.jpg"}, {"prediction": "wexil", "ground truth": "4wzxWF2", "image path": "test_imgs/747.jpg"}, {"prediction": "umhkbu", "ground truth": "UMHk-Bu", "image path": "test_imgs/748.jpg"}, {"prediction": "toets", "ground truth": "YIqmeWY", "image path": "test_imgs/749.jpg"}, {"prediction": "sysbs", "ground truth": "Z5YSBsZ", "image path": "test_imgs/750.jpg"}, {"prediction": "enbzy", "ground truth": "enbzy-O", "image path": "test_imgs/751.jpg"}, {"prediction": "qhgmgko", "ground truth": "QhGMgkC", "image path": "test_imgs/752.jpg"}, {"prediction": "psocwg", "ground truth": "P5ocwG4", "image path": "test_imgs/753.jpg"}, {"prediction": "", "ground truth": "UBBIjov", "image path": "test_imgs/754.jpg"}, {"prediction": "holldwl", "ground truth": "ho1IdWL", "image path": "test_imgs/755.jpg"}, {"prediction": "mrgsdix", "ground truth": "mrGSD1X", "image path": "test_imgs/756.jpg"}, {"prediction": "", "ground truth": "U6RuIEN", "image path": "test_imgs/757.jpg"}, {"prediction": "yozukct", "ground truth": "yOzUkcf", "image path": "test_imgs/758.jpg"}, {"prediction": "7qqsus", "ground truth": "X7qQsuS", "image path": "test_imgs/759.jpg"}, {"prediction": "plzlk18", "ground truth": "pLzLK18", "image path": "test_imgs/760.jpg"}, {"prediction": "ozsblo", "ground truth": "97SbliO", "image path": "test_imgs/761.jpg"}, {"prediction": "ifaemt3", "ground truth": "lfA8mt3", "image path": "test_imgs/762.jpg"}, {"prediction": "osmsus", "ground truth": "QSMS0s7", "image path": "test_imgs/763.jpg"}, {"prediction": "izkymuv", "ground truth": "iZKYMUV", "image path": "test_imgs/764.jpg"}, {"prediction": "wryjtb", "ground truth": "-WrYJt6", "image path": "test_imgs/765.jpg"}, {"prediction": "pplnae", "ground truth": "ppLbLnX", "image path": "test_imgs/766.jpg"}, {"prediction": "bmttex7", "ground truth": "BmtT-X7", "image path": "test_imgs/767.jpg"}, {"prediction": "lizddif", "ground truth": "lizDD9F", "image path": "test_imgs/768.jpg"}, {"prediction": "decgass", "ground truth": "0EcgX4S", "image path": "test_imgs/769.jpg"}, {"prediction": "istbouj", "ground truth": "isT39UJ", "image path": "test_imgs/770.jpg"}, {"prediction": "ankuusd", "ground truth": "rRKdU5P", "image path": "test_imgs/771.jpg"}, {"prediction": "utwsira", "ground truth": "UfW9IPA", "image path": "test_imgs/772.jpg"}, {"prediction": "", "ground truth": "4UcACID", "image path": "test_imgs/773.jpg"}, {"prediction": "tsbdpe", "ground truth": "tj56DpE", "image path": "test_imgs/774.jpg"}, {"prediction": "wyarggz", "ground truth": "VY4Rggz", "image path": "test_imgs/775.jpg"}, {"prediction": "kjikfilx", "ground truth": "Xjkf9lx", "image path": "test_imgs/776.jpg"}, {"prediction": "", "ground truth": "Di7o1Qo", "image path": "test_imgs/777.jpg"}, {"prediction": "jljube", "ground truth": "jJLJu5e", "image path": "test_imgs/778.jpg"}, {"prediction": "htijeks", "ground truth": "hT1jeks", "image path": "test_imgs/779.jpg"}, {"prediction": "vtzwpo", "ground truth": "VTzWPq9", "image path": "test_imgs/780.jpg"}, {"prediction": "", "ground truth": "Tr3w8fq", "image path": "test_imgs/781.jpg"}, {"prediction": "34oswbw", "ground truth": "34OSW3W", "image path": "test_imgs/782.jpg"}, {"prediction": "ajspdki", "ground truth": "4JSpDKi", "image path": "test_imgs/783.jpg"}, {"prediction": "xvohhoe", "ground truth": "xVqhH0-", "image path": "test_imgs/784.jpg"}, {"prediction": "ezsrgbf", "ground truth": "Ez5rg3F", "image path": "test_imgs/785.jpg"}, {"prediction": "deio", "ground truth": "IDPzifq", "image path": "test_imgs/786.jpg"}, {"prediction": "2buidd", "ground truth": "M2bUIdi", "image path": "test_imgs/787.jpg"}, {"prediction": "kyaone", "ground truth": "KYA6njP", "image path": "test_imgs/788.jpg"}, {"prediction": "wwns", "ground truth": "wHWQn7b", "image path": "test_imgs/789.jpg"}, {"prediction": "lxghxcv", "ground truth": "LxGHxcV", "image path": "test_imgs/790.jpg"}, {"prediction": "brwk", "ground truth": "BRWkULx", "image path": "test_imgs/791.jpg"}, {"prediction": "qicolx", "ground truth": "1Q1CoTX", "image path": "test_imgs/792.jpg"}, {"prediction": "wtaizz", "ground truth": "-wTdI7z", "image path": "test_imgs/793.jpg"}, {"prediction": "ubemkke", "ground truth": "U3EMKkL", "image path": "test_imgs/794.jpg"}, {"prediction": "saapuvl", "ground truth": "Sqqpuy1", "image path": "test_imgs/795.jpg"}, {"prediction": "fslwizz", "ground truth": "fSIwlZZ", "image path": "test_imgs/796.jpg"}, {"prediction": "mbygzzw", "ground truth": "m3ygzZW", "image path": "test_imgs/797.jpg"}, {"prediction": "mjkfnsc", "ground truth": "mjKFN5c", "image path": "test_imgs/798.jpg"}, {"prediction": "", "ground truth": "klJSXXk", "image path": "test_imgs/799.jpg"}, {"prediction": "gheo", "ground truth": "6hEoW6E", "image path": "test_imgs/800.jpg"}, {"prediction": "ouwss7", "ground truth": "OuWS87W", "image path": "test_imgs/801.jpg"}, {"prediction": "sgalugw", "ground truth": "3gA2uGW", "image path": "test_imgs/802.jpg"}, {"prediction": "s", "ground truth": "mxpCXwS", "image path": "test_imgs/803.jpg"}, {"prediction": "sazz", "ground truth": "3xYg4ZZ", "image path": "test_imgs/804.jpg"}, {"prediction": "vasivim", "ground truth": "VAS7v7M", "image path": "test_imgs/805.jpg"}, {"prediction": "cstjhp", "ground truth": "cst-jhP", "image path": "test_imgs/806.jpg"}, {"prediction": "ojutss", "ground truth": "ojU75S9", "image path": "test_imgs/807.jpg"}, {"prediction": "p2horc3", "ground truth": "P2HOrC3", "image path": "test_imgs/808.jpg"}, {"prediction": "otcrvz", "ground truth": "9TCRVrZ", "image path": "test_imgs/809.jpg"}, {"prediction": "imzcvvi", "ground truth": "1mZcvvi", "image path": "test_imgs/810.jpg"}, {"prediction": "npoensn", "ground truth": "NPqEN5N", "image path": "test_imgs/811.jpg"}, {"prediction": "", "ground truth": "8dnJeLg", "image path": "test_imgs/812.jpg"}, {"prediction": "sbdunsv", "ground truth": "sbDuNSV", "image path": "test_imgs/813.jpg"}, {"prediction": "toaecdb", "ground truth": "9QAECbb", "image path": "test_imgs/814.jpg"}, {"prediction": "", "ground truth": "fS1aMmk", "image path": "test_imgs/815.jpg"}, {"prediction": "", "ground truth": "HzrbCvz", "image path": "test_imgs/816.jpg"}, {"prediction": "veqqxzn", "ground truth": "VeqQx2N", "image path": "test_imgs/817.jpg"}, {"prediction": "ghjextw", "ground truth": "GHjEXtw", "image path": "test_imgs/818.jpg"}, {"prediction": "pxzkmkm", "ground truth": "pxzkMkM", "image path": "test_imgs/819.jpg"}, {"prediction": "", "ground truth": "8rJGQ9L", "image path": "test_imgs/820.jpg"}, {"prediction": "ltig", "ground truth": "GmfGFGf", "image path": "test_imgs/821.jpg"}, {"prediction": "", "ground truth": "FFw3vtv", "image path": "test_imgs/822.jpg"}, {"prediction": "golplck", "ground truth": "G9lpJck", "image path": "test_imgs/823.jpg"}, {"prediction": "fpygq5o", "ground truth": "FpYgQ5o", "image path": "test_imgs/824.jpg"}, {"prediction": "zolmlal", "ground truth": "zoLmLaI", "image path": "test_imgs/825.jpg"}, {"prediction": "byjjxca", "ground truth": "3YJJxcA", "image path": "test_imgs/826.jpg"}, {"prediction": "ifytel", "ground truth": "-IFytel", "image path": "test_imgs/827.jpg"}, {"prediction": "owhgjs", "ground truth": "0wH7gJS", "image path": "test_imgs/828.jpg"}, {"prediction": "oaujjke", "ground truth": "OauJJKf", "image path": "test_imgs/829.jpg"}, {"prediction": "shgkdh", "ground truth": "o5hgkDh", "image path": "test_imgs/830.jpg"}, {"prediction": "", "ground truth": "WsS1qMF", "image path": "test_imgs/831.jpg"}, {"prediction": "", "ground truth": "F9zjUjm", "image path": "test_imgs/832.jpg"}, {"prediction": "", "ground truth": "xLVrct3", "image path": "test_imgs/833.jpg"}, {"prediction": "agulisc", "ground truth": "hfhJhsc", "image path": "test_imgs/834.jpg"}, {"prediction": "rahxxps", "ground truth": "r4HXXps", "image path": "test_imgs/835.jpg"}, {"prediction": "", "ground truth": "XC7kjp3", "image path": "test_imgs/836.jpg"}, {"prediction": "387dkqo", "ground truth": "389DKqo", "image path": "test_imgs/837.jpg"}, {"prediction": "ruxriz", "ground truth": "ru-xRI2", "image path": "test_imgs/838.jpg"}, {"prediction": "", "ground truth": "AxPOhm2", "image path": "test_imgs/839.jpg"}, {"prediction": "s", "ground truth": "GuEyanw", "image path": "test_imgs/840.jpg"}, {"prediction": "ooazqzo", "ground truth": "OOa3QZ0", "image path": "test_imgs/841.jpg"}, {"prediction": "uggbhbh", "ground truth": "UGq6hBH", "image path": "test_imgs/842.jpg"}, {"prediction": "tasetsc", "ground truth": "tAsET5C", "image path": "test_imgs/843.jpg"}, {"prediction": "9l", "ground truth": "-9IPnac", "image path": "test_imgs/844.jpg"}, {"prediction": "ijtzugf", "ground truth": "ijtzUqF", "image path": "test_imgs/845.jpg"}, {"prediction": "bogrzy", "ground truth": "f5ogRZy", "image path": "test_imgs/846.jpg"}, {"prediction": "", "ground truth": "eRQsEP-", "image path": "test_imgs/847.jpg"}, {"prediction": "lsils", "ground truth": "-kSlHS7", "image path": "test_imgs/848.jpg"}, {"prediction": "b510v44", "ground truth": "B5l0v44", "image path": "test_imgs/849.jpg"}, {"prediction": "tysikfo", "ground truth": "Ty5IkF0", "image path": "test_imgs/850.jpg"}, {"prediction": "zraing", "ground truth": "ztkirRA", "image path": "test_imgs/851.jpg"}, {"prediction": "nkaas", "ground truth": "Kkafxyz", "image path": "test_imgs/852.jpg"}, {"prediction": "cugaun", "ground truth": "CvGxvzm", "image path": "test_imgs/853.jpg"}, {"prediction": "vgwsclo", "ground truth": "VGW5CLo", "image path": "test_imgs/854.jpg"}, {"prediction": "atdblis", "ground truth": "Atdbli3", "image path": "test_imgs/855.jpg"}, {"prediction": "bvitv", "ground truth": "lBVvltV", "image path": "test_imgs/856.jpg"}, {"prediction": "whiimop", "ground truth": "Wh9IMOP", "image path": "test_imgs/857.jpg"}, {"prediction": "gxsieng", "ground truth": "gX8lEng", "image path": "test_imgs/858.jpg"}, {"prediction": "sruxrzg", "ground truth": "3Ruxr2G", "image path": "test_imgs/859.jpg"}, {"prediction": "cawi", "ground truth": "wOv9wJD", "image path": "test_imgs/860.jpg"}, {"prediction": "gzb99zo", "ground truth": "Gzb99zo", "image path": "test_imgs/861.jpg"}, {"prediction": "ieuwzsf", "ground truth": "lEuw2sf", "image path": "test_imgs/862.jpg"}, {"prediction": "zsawen", "ground truth": "Zy8dwLa", "image path": "test_imgs/863.jpg"}, {"prediction": "spiaqcl", "ground truth": "SpIaqcL", "image path": "test_imgs/864.jpg"}, {"prediction": "", "ground truth": "xjIFUKU", "image path": "test_imgs/865.jpg"}, {"prediction": "", "ground truth": "MDBlN78", "image path": "test_imgs/866.jpg"}, {"prediction": "uagbpky", "ground truth": "Uaq6PKy", "image path": "test_imgs/867.jpg"}, {"prediction": "", "ground truth": "FUT7Bwb", "image path": "test_imgs/868.jpg"}, {"prediction": "", "ground truth": "AD4UWTZ", "image path": "test_imgs/869.jpg"}, {"prediction": "ncoyxdo", "ground truth": "nCoyx90", "image path": "test_imgs/870.jpg"}, {"prediction": "salonre", "ground truth": "SaIo3rE", "image path": "test_imgs/871.jpg"}, {"prediction": "s", "ground truth": "YZUZ7lk", "image path": "test_imgs/872.jpg"}, {"prediction": "", "ground truth": "zCyBgR4", "image path": "test_imgs/873.jpg"}, {"prediction": "wiwrit", "ground truth": "lWlWRlT", "image path": "test_imgs/874.jpg"}, {"prediction": "akyimg", "ground truth": "AKyjmg3", "image path": "test_imgs/875.jpg"}, {"prediction": "pn7", "ground truth": "Pn7mIGa", "image path": "test_imgs/876.jpg"}, {"prediction": "pjrbbku", "ground truth": "pjk66KU", "image path": "test_imgs/877.jpg"}, {"prediction": "vbjo", "ground truth": "-JvBj-Q", "image path": "test_imgs/878.jpg"}, {"prediction": "ljvedkw", "ground truth": "LjvEDkw", "image path": "test_imgs/879.jpg"}, {"prediction": "kezuuki", "ground truth": "Ke9uukn", "image path": "test_imgs/880.jpg"}, {"prediction": "ffbbz24", "ground truth": "ff6BZ24", "image path": "test_imgs/881.jpg"}, {"prediction": "mhbkkke", "ground truth": "mHbkKKH", "image path": "test_imgs/882.jpg"}, {"prediction": "wavudkn", "ground truth": "W4VUdkN", "image path": "test_imgs/883.jpg"}, {"prediction": "dmvfuar", "ground truth": "pmVFUaR", "image path": "test_imgs/884.jpg"}, {"prediction": "flabviu", "ground truth": "F1Abv1u", "image path": "test_imgs/885.jpg"}, {"prediction": "sozbmbn", "ground truth": "So7bMBn", "image path": "test_imgs/886.jpg"}, {"prediction": "jaxzchx", "ground truth": "jaXzcHX", "image path": "test_imgs/887.jpg"}, {"prediction": "eqz", "ground truth": "FHEq7Ah", "image path": "test_imgs/888.jpg"}, {"prediction": "jwahdus", "ground truth": "JW4hDU5", "image path": "test_imgs/889.jpg"}, {"prediction": "koojxiq", "ground truth": "k9oJx7q", "image path": "test_imgs/890.jpg"}, {"prediction": "krxretj", "ground truth": "Krxretj", "image path": "test_imgs/891.jpg"}, {"prediction": "", "ground truth": "vOMr9cj", "image path": "test_imgs/892.jpg"}, {"prediction": "", "ground truth": "d1KxzPb", "image path": "test_imgs/893.jpg"}, {"prediction": "czstz", "ground truth": "CZ8Tft7", "image path": "test_imgs/894.jpg"}, {"prediction": "s", "ground truth": "Qxw3lBr", "image path": "test_imgs/895.jpg"}, {"prediction": "gbjmouj", "ground truth": "GbJMOUj", "image path": "test_imgs/896.jpg"}, {"prediction": "", "ground truth": "Pffx5Ds", "image path": "test_imgs/897.jpg"}, {"prediction": "kvpknzo", "ground truth": "XvpKN2o", "image path": "test_imgs/898.jpg"}, {"prediction": "oapshye", "ground truth": "oapShyB", "image path": "test_imgs/899.jpg"}, {"prediction": "", "ground truth": "hy1oWiD", "image path": "test_imgs/900.jpg"}, {"prediction": "ddptosa", "ground truth": "DDPtoSA", "image path": "test_imgs/901.jpg"}, {"prediction": "tuan", "ground truth": "aH-wxu3", "image path": "test_imgs/902.jpg"}, {"prediction": "mvbbph", "ground truth": "HmVBbph", "image path": "test_imgs/903.jpg"}, {"prediction": "sjrg81h", "ground truth": "SjrG81H", "image path": "test_imgs/904.jpg"}, {"prediction": "", "ground truth": "Zh27w4F", "image path": "test_imgs/905.jpg"}, {"prediction": "", "ground truth": "yznzbZo", "image path": "test_imgs/906.jpg"}, {"prediction": "gzulzpd", "ground truth": "GzUL7pd", "image path": "test_imgs/907.jpg"}, {"prediction": "tpfiqfw", "ground truth": "TPFiqfw", "image path": "test_imgs/908.jpg"}, {"prediction": "exlugm", "ground truth": "IFxIUGm", "image path": "test_imgs/909.jpg"}, {"prediction": "", "ground truth": "EJwwcc1", "image path": "test_imgs/910.jpg"}, {"prediction": "xjbpfh", "ground truth": "XJ-bPfh", "image path": "test_imgs/911.jpg"}, {"prediction": "fjbresd", "ground truth": "fjBreSd", "image path": "test_imgs/912.jpg"}, {"prediction": "eoovor", "ground truth": "e0Qvi0F", "image path": "test_imgs/913.jpg"}, {"prediction": "wnbwp", "ground truth": "zLwn6wp", "image path": "test_imgs/914.jpg"}, {"prediction": "", "ground truth": "-WzsyFc", "image path": "test_imgs/915.jpg"}, {"prediction": "ses", "ground truth": "ZvXFi0B", "image path": "test_imgs/916.jpg"}, {"prediction": "jkkdvot", "ground truth": "jKkdVQt", "image path": "test_imgs/917.jpg"}, {"prediction": "ahnuai", "ground truth": "x4hNU4I", "image path": "test_imgs/918.jpg"}, {"prediction": "ra", "ground truth": "RaGo7ES", "image path": "test_imgs/919.jpg"}, {"prediction": "rjwkks", "ground truth": "rJwk-Ks", "image path": "test_imgs/920.jpg"}, {"prediction": "dl", "ground truth": "RhTZexA", "image path": "test_imgs/921.jpg"}, {"prediction": "opy2p5x", "ground truth": "Opy2p3X", "image path": "test_imgs/922.jpg"}, {"prediction": "ltdafah", "ground truth": "LTdAfaH", "image path": "test_imgs/923.jpg"}, {"prediction": "ocrka", "ground truth": "0CRKa7W", "image path": "test_imgs/924.jpg"}, {"prediction": "vitys6g", "ground truth": "ViTYs6q", "image path": "test_imgs/925.jpg"}, {"prediction": "srwkysp", "ground truth": "sRwKy5p", "image path": "test_imgs/926.jpg"}, {"prediction": "threkko", "ground truth": "7HreKK9", "image path": "test_imgs/927.jpg"}, {"prediction": "", "ground truth": "NuX0oJ-", "image path": "test_imgs/928.jpg"}, {"prediction": "", "ground truth": "gr2tMIy", "image path": "test_imgs/929.jpg"}, {"prediction": "wisobxy", "ground truth": "wISO5Xy", "image path": "test_imgs/930.jpg"}, {"prediction": "boxaze", "ground truth": "boXaz8-", "image path": "test_imgs/931.jpg"}, {"prediction": "sdo2epz", "ground truth": "SDO2EpZ", "image path": "test_imgs/932.jpg"}, {"prediction": "zmssdix", "ground truth": "Zm5sDJx", "image path": "test_imgs/933.jpg"}, {"prediction": "rorxlau", "ground truth": "RorXLAU", "image path": "test_imgs/934.jpg"}, {"prediction": "inmbr", "ground truth": "wb1nMbR", "image path": "test_imgs/935.jpg"}, {"prediction": "jasosi", "ground truth": "js503rW", "image path": "test_imgs/936.jpg"}, {"prediction": "wkcnjzg", "ground truth": "wKcnjz9", "image path": "test_imgs/937.jpg"}, {"prediction": "dhbeld", "ground truth": "OF6EeU0", "image path": "test_imgs/938.jpg"}, {"prediction": "oogvusq", "ground truth": "o6gVuSq", "image path": "test_imgs/939.jpg"}, {"prediction": "augpupd", "ground truth": "aUGPupD", "image path": "test_imgs/940.jpg"}, {"prediction": "rrnxa3v", "ground truth": "rRNX43V", "image path": "test_imgs/941.jpg"}, {"prediction": "apousm", "ground truth": "fJPOu3m", "image path": "test_imgs/942.jpg"}, {"prediction": "aanwjibo", "ground truth": "aaNwjbO", "image path": "test_imgs/943.jpg"}, {"prediction": "dfmhzo6", "ground truth": "DfmHZ06", "image path": "test_imgs/944.jpg"}, {"prediction": "ubexqco", "ground truth": "u3exQCo", "image path": "test_imgs/945.jpg"}, {"prediction": "cdtdcaw", "ground truth": "CDTDc4W", "image path": "test_imgs/946.jpg"}, {"prediction": "kyuikki", "ground truth": "KYUlKKn", "image path": "test_imgs/947.jpg"}, {"prediction": "langad", "ground truth": "qLAxgAD", "image path": "test_imgs/948.jpg"}, {"prediction": "kmlos6", "ground truth": "km1Q-86", "image path": "test_imgs/949.jpg"}, {"prediction": "bbjive", "ground truth": "z33JrV6", "image path": "test_imgs/950.jpg"}, {"prediction": "osizfy", "ground truth": "O5JZFYj", "image path": "test_imgs/951.jpg"}, {"prediction": "dakon", "ground truth": "BXk9oXz", "image path": "test_imgs/952.jpg"}, {"prediction": "zmoc", "ground truth": "xd-ZMOC", "image path": "test_imgs/953.jpg"}, {"prediction": "uysubn", "ground truth": "UySUb7V", "image path": "test_imgs/954.jpg"}, {"prediction": "rlmfqly", "ground truth": "rLMfQLV", "image path": "test_imgs/955.jpg"}, {"prediction": "avcwoxk", "ground truth": "AVcw9xk", "image path": "test_imgs/956.jpg"}, {"prediction": "ocgwotb", "ground truth": "oCgWOTb", "image path": "test_imgs/957.jpg"}, {"prediction": "c", "ground truth": "6MvIjLR", "image path": "test_imgs/958.jpg"}, {"prediction": "xxawyxf", "ground truth": "xXAwyxf", "image path": "test_imgs/959.jpg"}, {"prediction": "riwol64", "ground truth": "RjW0L64", "image path": "test_imgs/960.jpg"}, {"prediction": "kipmym", "ground truth": "kqjpMym", "image path": "test_imgs/961.jpg"}, {"prediction": "zbtrweg", "ground truth": "Zbfrweg", "image path": "test_imgs/962.jpg"}, {"prediction": "wiohmkt", "ground truth": "wlvhmk4", "image path": "test_imgs/963.jpg"}, {"prediction": "lreqiec", "ground truth": "LreQ9EC", "image path": "test_imgs/964.jpg"}, {"prediction": "lydbb", "ground truth": "ivjydbb", "image path": "test_imgs/965.jpg"}, {"prediction": "gchgmeo", "ground truth": "GcHqM-o", "image path": "test_imgs/966.jpg"}, {"prediction": "umtbaao", "ground truth": "umTBAAo", "image path": "test_imgs/967.jpg"}, {"prediction": "i2muwij", "ground truth": "i2MUw9J", "image path": "test_imgs/968.jpg"}, {"prediction": "xwcl6o1", "ground truth": "xwcl6OI", "image path": "test_imgs/969.jpg"}, {"prediction": "osqvzst", "ground truth": "O5QvzSf", "image path": "test_imgs/970.jpg"}, {"prediction": "ncriujt", "ground truth": "NCRlUjt", "image path": "test_imgs/971.jpg"}, {"prediction": "yodorwe", "ground truth": "y0DORw8", "image path": "test_imgs/972.jpg"}, {"prediction": "4hsgyg6", "ground truth": "4hSgYG6", "image path": "test_imgs/973.jpg"}, {"prediction": "", "ground truth": "zLOwmYS", "image path": "test_imgs/974.jpg"}, {"prediction": "dipsvde", "ground truth": "dIPsvde", "image path": "test_imgs/975.jpg"}, {"prediction": "ckligu", "ground truth": "RKL19Uk", "image path": "test_imgs/976.jpg"}, {"prediction": "", "ground truth": "pDDX3xV", "image path": "test_imgs/977.jpg"}, {"prediction": "", "ground truth": "NmpUFpg", "image path": "test_imgs/978.jpg"}, {"prediction": "mkie", "ground truth": "tvRHR-r", "image path": "test_imgs/979.jpg"}, {"prediction": "kqz9", "ground truth": "66rKq79", "image path": "test_imgs/980.jpg"}, {"prediction": "", "ground truth": "0Vfveni", "image path": "test_imgs/981.jpg"}, {"prediction": "", "ground truth": "Y23mMNv", "image path": "test_imgs/982.jpg"}, {"prediction": "hibysn", "ground truth": "h1lBy8N", "image path": "test_imgs/983.jpg"}, {"prediction": "", "ground truth": "oHEenew", "image path": "test_imgs/984.jpg"}, {"prediction": "tbeos", "ground truth": "rNBFI09", "image path": "test_imgs/985.jpg"}, {"prediction": "zcige", "ground truth": "ZVC-IGE", "image path": "test_imgs/986.jpg"}, {"prediction": "pnfqzkz", "ground truth": "pnFq7k4", "image path": "test_imgs/987.jpg"}, {"prediction": "wjziodj", "ground truth": "wJZI0dj", "image path": "test_imgs/988.jpg"}, {"prediction": "mlkwgge", "ground truth": "MLKWGge", "image path": "test_imgs/989.jpg"}, {"prediction": "zbpcac", "ground truth": "nZbpCAO", "image path": "test_imgs/990.jpg"}, {"prediction": "okaoon", "ground truth": "T8XkQQh", "image path": "test_imgs/991.jpg"}, {"prediction": "traltpkz", "ground truth": "trqTPkZ", "image path": "test_imgs/992.jpg"}, {"prediction": "cykizyc", "ground truth": "cyK1zyc", "image path": "test_imgs/993.jpg"}, {"prediction": "gsland", "ground truth": "6l5tdVd", "image path": "test_imgs/994.jpg"}, {"prediction": "harlt", "ground truth": "QQrEgJu", "image path": "test_imgs/995.jpg"}, {"prediction": "yqpauj", "ground truth": "5yQPAUj", "image path": "test_imgs/996.jpg"}, {"prediction": "", "ground truth": "Qscpzla", "image path": "test_imgs/997.jpg"}, {"prediction": "", "ground truth": "k0OODkf", "image path": "test_imgs/998.jpg"}, {"prediction": "mwelsoe", "ground truth": "mweTs8F", "image path": "test_imgs/999.jpg"}]}]