model,image,prediction,ground truth,1-NED,difflib ratio,difficult image
easyocr,0,~TSGzYj,vTS6zYj,0.7142857142857143,0.7142857142857143,
easyocr,1,TupRaln,qqgRa1r,0.2857142857142857,0.2857142857142857,
easyocr,2,,R4rgKRG,0.0,0.0,yes
easyocr,3,ciGd8xr,c1Gd8xr,0.8571428571428572,0.8571428571428571,
easyocr,4,g8HUZLE,g8HGzEE,0.5714285714285714,0.5714285714285714,
easyocr,5,,2pHlbP7,0.0,0.0,yes
easyocr,6,,ZheF93m,0.0,0.0,
easyocr,7,,YqGiBJf,0.0,0.0,
easyocr,8,;;,QC4vmRI,0.0,0.0,
easyocr,9,[9y5x1YK,9y5x1YK,0.875,0.9333333333333333,
easyocr,10,NOcsT9j,NO23t9j,0.5714285714285714,0.5714285714285714,
easyocr,11,xOZNua,xOZNuaI,0.8571428571428572,0.9230769230769231,
easyocr,12,,Zl6WL-B,0.0,0.0,
easyocr,13,,RpxNMy0,0.0,0.0,
easyocr,14,,HPYDI4c,0.0,0.0,yes
easyocr,15,,qcg09ve,0.0,0.0,
easyocr,16,,v3aMWaI,0.0,0.0,
easyocr,17,Laonrt,l-aQnrt,0.5714285714285714,0.6153846153846154,
easyocr,18,,L21HfOE,0.0,0.0,yes
easyocr,19,OGPxldc,oGPxldC,0.7142857142857143,0.7142857142857143,
easyocr,20,3sm2zja,3sm2zja,1.0,1.0,
easyocr,21,nLgjSNN,nZgjSNN,0.8571428571428572,0.8571428571428571,
easyocr,22,,sSrX-hj,0.0,0.0,
easyocr,23,Fivbsar,Y-vb5ax,0.4285714285714286,0.42857142857142855,
easyocr,24,,nXcJtrx,0.0,0.0,
easyocr,25,84wOKIA,84wQKlA,0.7142857142857143,0.7142857142857143,
easyocr,26,,Tm8kH9d,0.0,0.0,yes
easyocr,27,Kc),yIpM1YO,0.0,0.0,
easyocr,28,,UkstCk6,0.0,0.0,
easyocr,29,VVKOOGOMV,WkQOGbM,0.33333333333333337,0.375,
easyocr,30,McRmzll:,McRmzlL,0.75,0.8,
easyocr,31,RtSsw/,8xxSsv1,0.2857142857142857,0.3076923076923077,
easyocr,32,Fiedtnt,RKcB7DY,0.0,0.0,
easyocr,33,ZIWIsDZ,ZlWIsDZ,0.8571428571428572,0.8571428571428571,
easyocr,34,,hceQvr6,0.0,0.0,yes
easyocr,35,opDAc,Uopbxqc,0.4285714285714286,0.5,
easyocr,36,,MZx7C7J,0.0,0.0,
easyocr,37,,aN0giM8,0.0,0.0,yes
easyocr,38,SoFanks,soFaNkS,0.5714285714285714,0.5714285714285714,
easyocr,39,,EHZ9lxl,0.0,0.0,
easyocr,40,,LXjRAFS,0.0,0.0,
easyocr,41,YaEGl5o,YaFGI5o,0.7142857142857143,0.7142857142857143,
easyocr,42,,Hw9LRfB,0.0,0.0,yes
easyocr,43,,LtMh82c,0.0,0.0,
easyocr,44,WphodC,WphodCL,0.8571428571428572,0.9230769230769231,
easyocr,45,VHI 0 U,yHw7oO3,0.1428571428571429,0.14285714285714285,
easyocr,46,QB9rUAk,QB9rUAk,1.0,1.0,
easyocr,47,Me1407,-Me14O7,0.7142857142857143,0.7692307692307693,
easyocr,48,,brnOOOD,0.0,0.0,yes
easyocr,49,6LZDDAj,6L7DDAf,0.7142857142857143,0.7142857142857143,
easyocr,50,24Z2BfS,zqZ2BfS,0.7142857142857143,0.7142857142857143,
easyocr,51,,EpvLOwg,0.0,0.0,
easyocr,52,WkQJOrx,WkQJOrx,1.0,1.0,
easyocr,53,TNODPKA,rN9DPKA,0.7142857142857143,0.7142857142857143,
easyocr,54,JIWpEYN,jiWpEYN,0.7142857142857143,0.7142857142857143,
easyocr,55,UeV6Vg,I-Vi6V9,0.4285714285714286,0.46153846153846156,
easyocr,56,pFw]vju,pPw1Vju,0.5714285714285714,0.5714285714285714,
easyocr,57,RP-8xfL,RP-8xfL,1.0,1.0,
easyocr,58,0YipF?,0YipF9B,0.7142857142857143,0.7692307692307693,
easyocr,59,XcY oLAR,XrYoLAg,0.625,0.6666666666666666,
easyocr,60,Jobi F,9ObwyF-,0.2857142857142857,0.3076923076923077,
easyocr,61,ibJGtsR,ibJGt5R,0.8571428571428572,0.8571428571428571,
easyocr,62,SmEoZUQ,5mEoZUQ,0.8571428571428572,0.8571428571428571,
easyocr,63,,fRgX0dQ,0.0,0.0,
easyocr,64,ZLptzPz,zLptzR2,0.5714285714285714,0.5714285714285714,
easyocr,65,JpC,dkkwup0,0.1428571428571429,0.2,
easyocr,66,URMqiDu],URMqiDu,0.875,0.9333333333333333,
easyocr,67,,sT77bIm,0.0,0.0,
easyocr,68,Ozjziu8,523zTU8,0.2857142857142857,0.2857142857142857,
easyocr,69,@Ynb-d,ayqyb-d,0.4285714285714286,0.46153846153846156,
easyocr,70,,PPRc8cP,0.0,0.0,
easyocr,71,IOOo5JX,l0Oo5JX,0.7142857142857143,0.7142857142857143,
easyocr,72,,tZube6W,0.0,0.0,
easyocr,73,KJSXuOf,KJ5Xu0f,0.7142857142857143,0.7142857142857143,
easyocr,74,,LJcxQwF,0.0,0.0,
easyocr,75,niYy,n11nYm7,0.2857142857142857,0.36363636363636365,
easyocr,76,,qJT8jXQ,0.0,0.0,yes
easyocr,77,OLIXORC,pt1XQRC,0.4285714285714286,0.42857142857142855,
easyocr,78,yIkxVTY,yIkxVTY,1.0,1.0,
easyocr,79,PbntXS),PbntXS-,0.8571428571428572,0.8571428571428571,
easyocr,80,TeOWMEE,7e6wMEE,0.5714285714285714,0.5714285714285714,
easyocr,81,,TKTEsuM,0.0,0.0,
easyocr,82,DUlNkl,50TNkd7,0.2857142857142857,0.3076923076923077,
easyocr,83,otb5IOS,otb51QS,0.7142857142857143,0.7142857142857143,
easyocr,84,21S1-Al,21srAhI,0.2857142857142857,0.42857142857142855,
easyocr,85,FwtcdKu,7wtcdKu,0.8571428571428572,0.8571428571428571,
easyocr,86,ELL ZhBL,2H1ZhBH,0.375,0.4,
easyocr,87,,G6OG1YG,0.0,0.0,yes
easyocr,88,Hpr KatU,HprKqtU,0.75,0.8,
easyocr,89,Pc%fcjM,Pc9fcjM,0.8571428571428572,0.8571428571428571,
easyocr,90,L4,vs9kooB,0.0,0.0,
easyocr,91,,Z5eGiYd,0.0,0.0,yes
easyocr,92,GfoXqeY,GfoXqeY,1.0,1.0,
easyocr,93,IYxYZNK,lYxY7NK,0.7142857142857143,0.7142857142857143,
easyocr,94,WElahqE,wElqhqB,0.5714285714285714,0.5714285714285714,
easyocr,95,WFDsoDO,WFDs6DO,0.8571428571428572,0.8571428571428571,
easyocr,96,,ZYkvXnh,0.0,0.0,
easyocr,97,,rNxOUGw,0.0,0.0,
easyocr,98,6PkWEF4,6PkWEF4,1.0,1.0,
easyocr,99,JEcHIB,iEc3tB-,0.4285714285714286,0.46153846153846156,
easyocr,100,oyHXZtD,oyHXZtD,1.0,1.0,
easyocr,101,MzqroHW,mzqr9HW,0.7142857142857143,0.7142857142857143,
easyocr,102,OqwizaM,OqwizaM,1.0,1.0,
easyocr,103,OrpknN,OrPkhkS,0.4285714285714286,0.46153846153846156,
easyocr,104,BdbSXpo,BdbSXp0,0.8571428571428572,0.8571428571428571,
easyocr,105,2dxOhH7,2dxOhH7,1.0,1.0,
easyocr,106,Mtocliv,Mt0cIiy,0.5714285714285714,0.5714285714285714,
easyocr,107,NSGLgfe,N8GLgf8,0.7142857142857143,0.7142857142857143,
easyocr,108,XdRGuZD,xdRGuZD,0.8571428571428572,0.8571428571428571,
easyocr,109,,LxyF2MS,0.0,0.0,
easyocr,110,,OIG4mA0,0.0,0.0,
easyocr,111,BaL 6MIH,BaL6MlH,0.75,0.8,
easyocr,112,,vaND87j,0.0,0.0,
easyocr,113,VBzYySH,V8zYy3H,0.7142857142857143,0.7142857142857143,
easyocr,114,5-rg06z,5-rg06z,1.0,1.0,
easyocr,115,49z [ Sc,l93T8cN,0.125,0.26666666666666666,
easyocr,116,chpojib,xhp6jiB,0.5714285714285714,0.5714285714285714,
easyocr,117,YCySU[y,YC930t9,0.2857142857142857,0.2857142857142857,
easyocr,118,vX-IOxh,vX-10xh,0.7142857142857143,0.7142857142857143,
easyocr,119,,pHBGnUx,0.0,0.0,yes
easyocr,120,,LJ6SEpD,0.0,0.0,
easyocr,121,,tQwLZch,0.0,0.0,
easyocr,122,,TEXpMcg,0.0,0.0,
easyocr,123,,nzwnUP9,0.0,0.0,
easyocr,124,vTuJsc,vTuJ5C1,0.5714285714285714,0.6153846153846154,
easyocr,125,Fl4m01z,sAqmOTZ,0.1428571428571429,0.14285714285714285,
easyocr,126,HfCwl-F,HfCwl-j,0.8571428571428572,0.8571428571428571,
easyocr,127,,9lx3cDt,0.0,0.0,yes
easyocr,128,byHZMOx,6yH7MOx,0.7142857142857143,0.7142857142857143,
easyocr,129,eno,1tghgXb,0.0,0.0,
easyocr,130,soEhSkC,soEhSkC,1.0,1.0,
easyocr,131,p8Plapq,p8Plapq,1.0,1.0,
easyocr,132,LL3xoUs,uZ3xovs,0.5714285714285714,0.5714285714285714,
easyocr,133,9vP-Ieq,9vP-Ieq,1.0,1.0,
easyocr,134,JtSHMSJ,jt5HMSJ,0.7142857142857143,0.7142857142857143,
easyocr,135,Ug4y--R,Ug4y--R,1.0,1.0,
easyocr,136,,HFc8Mbt,0.0,0.0,
easyocr,137,63g01Ep ,63goIEp,0.625,0.6666666666666666,
easyocr,138,VmaxGHC,vmgxGHC,0.7142857142857143,0.7142857142857143,
easyocr,139,@FVEf;,dFVEfmg,0.5714285714285714,0.6153846153846154,
easyocr,140,unkdeuml,7hKdeum,0.5,0.5333333333333333,
easyocr,141,ZduDLZt,7duDL7t,0.7142857142857143,0.7142857142857143,
easyocr,142,,n14k77L,0.0,0.0,
easyocr,143,Sxtolka,SxfoJkq,0.5714285714285714,0.5714285714285714,
easyocr,144,pKRBTV,pKRBfv7,0.5714285714285714,0.6153846153846154,
easyocr,145,776b4Mm,776b4Mm,1.0,1.0,
easyocr,146,(Vuluz),tVuluzJ,0.7142857142857143,0.7142857142857143,
easyocr,147,OZWQkFE,pZWQkFe,0.7142857142857143,0.7142857142857143,
easyocr,148,,Ntz4MQ8,0.0,0.0,yes
easyocr,149,,3or2Dm8,0.0,0.0,
easyocr,150,Kofiall pune,VqwLjCp,0.08333333333333337,0.10526315789473684,yes
easyocr,151,olefaneln,0PmNcLW,0.0,0.0,
easyocr,152,MGojMPB,MGojMPE,0.8571428571428572,0.8571428571428571,
easyocr,153,5jQ4Qep,5jQ4Qep,1.0,1.0,
easyocr,154,,B5CszKV,0.0,0.0,yes
easyocr,155,F6MLQDB,F6MLQDB,1.0,1.0,
easyocr,156,Wbwcl,hybwcUI,0.4285714285714286,0.5,
easyocr,157,KElzsul,xFlZ30l,0.2857142857142857,0.2857142857142857,yes
easyocr,158,CRTEht,2BZEYqq,0.1428571428571429,0.15384615384615385,
easyocr,159,mloid,gLm1bfD,0.1428571428571429,0.16666666666666666,
easyocr,160,WBVqqxZ,wByqqxZ,0.7142857142857143,0.7142857142857143,
easyocr,161,,yGlsanI,0.0,0.0,yes
easyocr,162,,GfoqnN2,0.0,0.0,
easyocr,163,"K0r,",tXtOznH,0.0,0.0,
easyocr,164,ShurjBG,shvtjEC,0.2857142857142857,0.2857142857142857,
easyocr,165,Zbtazs_,1Zbtqz3,0.4285714285714286,0.5714285714285714,
easyocr,166,,qD8ZoNU,0.0,0.0,yes
easyocr,167,aDjiQu4,aDjiQu4,1.0,1.0,
easyocr,168,F31V4K,F31V4Y-,0.7142857142857143,0.7692307692307693,
easyocr,169,mEboLoa,mEboLoa,1.0,1.0,
easyocr,170,FWywaob,FWywaob,1.0,1.0,
easyocr,171,BFQk9A8,BFQk9A8,1.0,1.0,
easyocr,172,,iTiUuwo,0.0,0.0,
easyocr,173,ecmBBIV,ecmBBlV,0.8571428571428572,0.8571428571428571,
easyocr,174,LWOF ?,XUWh0FF,0.1428571428571429,0.3076923076923077,
easyocr,175,VaBoTj6,Va3oTj6,0.8571428571428572,0.8571428571428571,
easyocr,176,,x1TsTI4,0.0,0.0,
easyocr,177,YSFof,FLY3FOF,0.2857142857142857,0.3333333333333333,
easyocr,178,,qchHcHw,0.0,0.0,yes
easyocr,179,ZB6oVNp>,ZB6oVNo,0.75,0.8,
easyocr,180,hcvgl,iLocy9l,0.2857142857142857,0.3333333333333333,
easyocr,181,kspt-ad,kspt-ad,1.0,1.0,
easyocr,182,19TolDb,i9ToIDb,0.7142857142857143,0.7142857142857143,
easyocr,183,RK3ODNS,RK30DN5,0.7142857142857143,0.7142857142857143,
easyocr,184,PghtAO,PglntAO,0.7142857142857143,0.7692307692307693,
easyocr,185,,-k6qceX,0.0,0.0,
easyocr,186,Twveg  !,HwVCgYg,0.25,0.26666666666666666,
easyocr,187,aOQvXC,1aOQVXO,0.5714285714285714,0.6153846153846154,
easyocr,188,,GrvKMzW,0.0,0.0,yes
easyocr,189,8XgqJxY,8XgqJxY,1.0,1.0,
easyocr,190,CU,YLxv-C0,0.1428571428571429,0.2222222222222222,
easyocr,191,Q6DZkUo,Q6D7kUo,0.8571428571428572,0.8571428571428571,
easyocr,192,uSFSWTa,usFSWTa,0.8571428571428572,0.8571428571428571,
easyocr,193,G4nZaue,G4bZque,0.7142857142857143,0.7142857142857143,
easyocr,194,,oWTLX6B,0.0,0.0,
easyocr,195,,Yr1bTm9,0.0,0.0,yes
easyocr,196,(fSuRmk _,tf5uRmK,0.4444444444444444,0.5,
easyocr,197,,g89dOxA,0.0,0.0,
easyocr,198,Ha2o0tx,Ha2o0tx,1.0,1.0,
easyocr,199,,5vYiWem,0.0,0.0,yes
easyocr,200,f9vLywO,f9vLywO,1.0,1.0,
easyocr,201,,-dJKYAT,0.0,0.0,yes
easyocr,202,,j7ly8nZ,0.0,0.0,
easyocr,203,OMMFGF,ovnT4GH,0.1428571428571429,0.15384615384615385,
easyocr,204,li6elcJ,li6e7cJ,0.8571428571428572,0.8571428571428571,
easyocr,205,,X6uI8f-,0.0,0.0,yes
easyocr,206,KVacs,KUgiLCS,0.1428571428571429,0.16666666666666666,
easyocr,207,LPTuz6E,LPTuz6E,1.0,1.0,
easyocr,208,,NpG92mE,0.0,0.0,
easyocr,209,yMIIMgs,yMIlMgs,0.8571428571428572,0.8571428571428571,
easyocr,210,CDZPOWL,TD2PowU,0.2857142857142857,0.2857142857142857,
easyocr,211,LBNxnHA,L3NxnHX,0.7142857142857143,0.7142857142857143,
easyocr,212,flpxzrg,flpXzrg,0.8571428571428572,0.8571428571428571,
easyocr,213,mge6rUj,mge6rUJ,0.8571428571428572,0.8571428571428571,
easyocr,214,BLQSJE,bLQ8zJI,0.4285714285714286,0.46153846153846156,
easyocr,215,,Of7Ulwm,0.0,0.0,
easyocr,216,557Faly,g57FalY,0.7142857142857143,0.7142857142857143,
easyocr,217,DSSuOzl,DS5u0zl,0.7142857142857143,0.7142857142857143,
easyocr,218,EMbOZOF,eMbO20F,0.5714285714285714,0.5714285714285714,
easyocr,219,,YiW783W,0.0,0.0,
easyocr,220,,MdinqCV,0.0,0.0,
easyocr,221,XAMCJV5,XAMCJV5,1.0,1.0,
easyocr,222,ThBJrFb,ThBJrFb,1.0,1.0,
easyocr,223,Eyoigir,E9oiglF,0.5714285714285714,0.5714285714285714,
easyocr,224,YvRryt,jYvRryT,0.7142857142857143,0.7692307692307693,
easyocr,225,AlyMNen,AUyMNen,0.8571428571428572,0.8571428571428571,
easyocr,226,FQJUeTN,FQJUeTN,1.0,1.0,
easyocr,227,jpk3K9p,jpk3K9p,1.0,1.0,
easyocr,228,Amtompd,1Am9mpc,0.4285714285714286,0.5714285714285714,
easyocr,229,EKTKHrg,EKTKHrg,1.0,1.0,
easyocr,230,JRA2UI,3R-A2Ui,0.5714285714285714,0.6153846153846154,
easyocr,231,BusQpl,aBusQpl,0.8571428571428572,0.9230769230769231,
easyocr,232,5thCFmQ,5thCFmQ,1.0,1.0,
easyocr,233,ohcOzYA,ohcOzYA,1.0,1.0,
easyocr,234,doRHklu,JoRHklU,0.7142857142857143,0.7142857142857143,
easyocr,235,3f,wTS2Wj5,0.0,0.0,yes
easyocr,236,tSVIlp2,tSVI1p2,0.8571428571428572,0.8571428571428571,
easyocr,237,,3FP0Atl,0.0,0.0,
easyocr,238,,P07MUN-,0.0,0.0,
easyocr,239,,W48Xupg,0.0,0.0,
easyocr,240,mILVip,mILVipb,0.8571428571428572,0.9230769230769231,
easyocr,241,maS2eBI,maS2eBI,1.0,1.0,
easyocr,242,,w1yiB9J,0.0,0.0,yes
easyocr,243,dpSceOz,dPSceOz,0.8571428571428572,0.8571428571428571,
easyocr,244,4F_-?,CyXF2tR,0.1428571428571429,0.16666666666666666,
easyocr,245,,X0uLEsC,0.0,0.0,
easyocr,246,nBHSQM,nBHSQMW,0.8571428571428572,0.9230769230769231,
easyocr,247,MAtLMysa,MtLKvs4,0.5,0.5333333333333333,
easyocr,248,,uuPbdz1,0.0,0.0,
easyocr,249,,EDttKVX,0.0,0.0,
easyocr,250,,INqL43O,0.0,0.0,yes
easyocr,251,epk4O8W,epk4O8W,1.0,1.0,
easyocr,252,,RdCK0D7,0.0,0.0,
easyocr,253,ksvmocL,ksvm6cD,0.7142857142857143,0.7142857142857143,
easyocr,254,NNZsaYB,7YZsaYB,0.7142857142857143,0.7142857142857143,
easyocr,255,CC793F,YCC7g3p,0.5714285714285714,0.6153846153846154,
easyocr,256,jMutuXB,jMutuXB,1.0,1.0,
easyocr,257,,3pY8Vlb,0.0,0.0,yes
easyocr,258,Hdbdt,iQa5JLv,0.0,0.0,
easyocr,259,BO)-SNHG,BO-8NnG,0.625,0.6666666666666666,
easyocr,260,,TgRe65u,0.0,0.0,
easyocr,261,Mkde,MI3Uxxc,0.1428571428571429,0.18181818181818182,
easyocr,262,Ezckjil,EvcJjiF,0.5714285714285714,0.5714285714285714,
easyocr,263,Vaa,ubVnnxG,0.1428571428571429,0.2,
easyocr,264,,pM95FVE,0.0,0.0,yes
easyocr,265,,hxKpaLg,0.0,0.0,yes
easyocr,266,BxAXdhF,BxAXdhF,1.0,1.0,
easyocr,267,,mpc4iSH,0.0,0.0,
easyocr,268,,mAwCg0f,0.0,0.0,
easyocr,269,,Rt8yWu6,0.0,0.0,yes
easyocr,270,IWJAZW,11w3AZW,0.4285714285714286,0.46153846153846156,
easyocr,271,BMZZWWZ,BM5Z2Wz,0.5714285714285714,0.5714285714285714,
easyocr,272,xfflofP,xff1ofP,0.8571428571428572,0.8571428571428571,
easyocr,273,,1mgvlb-,0.0,0.0,yes
easyocr,274,SWkwWJV,5WkwW4V,0.7142857142857143,0.7142857142857143,
easyocr,275,Wfizdul,WfizduI,0.8571428571428572,0.8571428571428571,
easyocr,276,,SCBJSZE,0.0,0.0,
easyocr,277,JozODha,J6Z0Dha,0.5714285714285714,0.5714285714285714,
easyocr,278,UhWDwea,UhWpyga,0.5714285714285714,0.5714285714285714,
easyocr,279,NBayhop,N8ayh6p,0.7142857142857143,0.7142857142857143,
easyocr,280,Feccyn,FccSxmw,0.2857142857142857,0.46153846153846156,
easyocr,281,,117p5k3,0.0,0.0,
easyocr,282,,z5kMi4s,0.0,0.0,yes
easyocr,283,EsYrTls,tsYrT1s,0.7142857142857143,0.7142857142857143,
easyocr,284,qyMc2ek,qyMc2ek,1.0,1.0,
easyocr,285,,NDHnwdT,0.0,0.0,yes
easyocr,286,ChVf1oG,ChVf1QG,0.8571428571428572,0.8571428571428571,
easyocr,287,Tv-Do,TV--r5o,0.4285714285714286,0.5,
easyocr,288,O4vLohD,04yL9hD,0.5714285714285714,0.5714285714285714,
easyocr,289,OARRTLk,o4RRrLk,0.5714285714285714,0.5714285714285714,
easyocr,290,TsFxYJO,fsFxYJ0,0.7142857142857143,0.7142857142857143,
easyocr,291,hlqHYaA,h1qHYaA,0.8571428571428572,0.8571428571428571,
easyocr,292,OHATdy,Ql14Tdy,0.4285714285714286,0.46153846153846156,
easyocr,293,,LCaRWJe,0.0,0.0,
easyocr,294,,DCKLQYv,0.0,0.0,
easyocr,295,KATOP,uKHTQtP,0.4285714285714286,0.5,
easyocr,296,J6UBOPE,J6UBOPL,0.8571428571428572,0.8571428571428571,
easyocr,297,cFZZOus,cF7ZOuS,0.7142857142857143,0.7142857142857143,
easyocr,298,HFSuYad,HF5uYad,0.8571428571428572,0.8571428571428571,
easyocr,299,Rg-iMz,Rg-icMz,0.8571428571428572,0.9230769230769231,
easyocr,300,KOZLske,K0ZLsKc,0.5714285714285714,0.5714285714285714,
easyocr,301,XSCfvht,XSCfvht,1.0,1.0,
easyocr,302,65of15,65QflIS,0.4285714285714286,0.46153846153846156,
easyocr,303,,dJG8LZv,0.0,0.0,yes
easyocr,304,,bAXM2ZF,0.0,0.0,
easyocr,305,,j1v4C2B,0.0,0.0,
easyocr,306,(wIRdQw,qwI2dQw,0.7142857142857143,0.7142857142857143,
easyocr,307,,VcvRgr3,0.0,0.0,yes
easyocr,308,89Wnwty,89Wnwty,1.0,1.0,
easyocr,309,,nQakLYu,0.0,0.0,yes
easyocr,310,LVONq,OLVr0Nq,0.5714285714285714,0.6666666666666666,
easyocr,311,,-R6p2KI,0.0,0.0,yes
easyocr,312,kZbHawR,kZbHawR,1.0,1.0,
easyocr,313,,irN2pqs,0.0,0.0,yes
easyocr,314,,HrZ2fxn,0.0,0.0,yes
easyocr,315,,wmON88G,0.0,0.0,yes
easyocr,316,,aqCdBcw,0.0,0.0,yes
easyocr,317,Svjbq2J,Svjbq2J,1.0,1.0,
easyocr,318,,3RZr2P8,0.0,0.0,yes
easyocr,319,cwloj,cJw1Ioj,0.5714285714285714,0.6666666666666666,
easyocr,320,hG)equa,hGDcqna,0.5714285714285714,0.5714285714285714,
easyocr,321,,y3zxx6j,0.0,0.0,
easyocr,322,,yk6QNVm,0.0,0.0,
easyocr,323,SCpF,JY73CpF,0.4285714285714286,0.5454545454545454,
easyocr,324,Ypbvsu,VYpbv8w,0.5714285714285714,0.6153846153846154,
easyocr,325,JIQWMQI,5iQWmqz,0.2857142857142857,0.2857142857142857,
easyocr,326,FJfPhDF,FJfPhDF,1.0,1.0,
easyocr,327,ksl3027,ksI3027,0.8571428571428572,0.8571428571428571,
easyocr,328,,YR4VQc8,0.0,0.0,yes
easyocr,329,,JKq3PX0,0.0,0.0,
easyocr,330,,M0JMjxy,0.0,0.0,
easyocr,331,,kCoZU-b,0.0,0.0,
easyocr,332,,eTuPD4J,0.0,0.0,
easyocr,333,,rxMa9EJ,0.0,0.0,
easyocr,334,SoDZ6Zv,SoD76Zv,0.8571428571428572,0.8571428571428571,
easyocr,335,ZJEZGFA,ZJE7GF4,0.7142857142857143,0.7142857142857143,
easyocr,336,[RRSgd,ctRR5ge,0.4285714285714286,0.46153846153846156,
easyocr,337,GXgrpa,Y7GXgrf,0.4285714285714286,0.6153846153846154,
easyocr,338,kHidSTE,kHidS1I,0.7142857142857143,0.7142857142857143,
easyocr,339,ctIXyZW,ctlXyZW,0.8571428571428572,0.8571428571428571,
easyocr,340,uHZOcDn,uH70cDn,0.7142857142857143,0.7142857142857143,
easyocr,341,,tJgKQyc,0.0,0.0,
easyocr,342,DCUXnMH,DCUXnMH,1.0,1.0,
easyocr,343,3K4WulH,3K4WuIH,0.8571428571428572,0.8571428571428571,
easyocr,344,ec72Nb6,ec72Nb6,1.0,1.0,
easyocr,345,Pv3Zfa3,Pv3Zfa3,1.0,1.0,
easyocr,346,RzWLg-e,RzWLg-e,1.0,1.0,
easyocr,347,Nheki  -,NbekiJ-,0.625,0.6666666666666666,
easyocr,348,,-No0Ztl,0.0,0.0,
easyocr,349,6PnvvPZ,6PnyyPZ,0.7142857142857143,0.7142857142857143,
easyocr,350,,ErkTooV,0.0,0.0,
easyocr,351,,zirGF2z,0.0,0.0,
easyocr,352,KTyESqn,KryESqn,0.8571428571428572,0.8571428571428571,
easyocr,353,luEPbo17,uEPbo17,0.875,0.9333333333333333,
easyocr,354,E46 gla,E46wgla,0.8571428571428572,0.8571428571428571,
easyocr,355,,iH8ZGrK,0.0,0.0,
easyocr,356,,rw2GWxR,0.0,0.0,yes
easyocr,357,5q8wGhX,5q8wGhX,1.0,1.0,
easyocr,358,6yFYs9m,6yFYs9m,1.0,1.0,
easyocr,359,BIX-pCZ,3iX-pcz,0.4285714285714286,0.42857142857142855,
easyocr,360,ATSDGhn,AT8DGhn,0.8571428571428572,0.8571428571428571,
easyocr,361,,0bqlc1C,0.0,0.0,yes
easyocr,362,GeaASTT,GeaASTT,1.0,1.0,
easyocr,363,,IsOJdvg,0.0,0.0,
easyocr,364,J4Jefro,J4Jefr0,0.8571428571428572,0.8571428571428571,
easyocr,365,exvHbzL,exyHbzL,0.8571428571428572,0.8571428571428571,
easyocr,366,MMiJzq,rVM5J2q,0.4285714285714286,0.46153846153846156,
easyocr,367,,4FF5EXJ,0.0,0.0,
easyocr,368,ttd640d,ttd64Qt,0.7142857142857143,0.7142857142857143,
easyocr,369,xd8guvfl,xd8guvf,0.875,0.9333333333333333,
easyocr,370,,mppj7pn,0.0,0.0,yes
easyocr,371,RpyKUPG,RpykuPG,0.7142857142857143,0.7142857142857143,
easyocr,372,S3GIYC,ns3GlY0,0.4285714285714286,0.46153846153846156,
easyocr,373,,CUbCXF4,0.0,0.0,
easyocr,374,,qetQU6d,0.0,0.0,yes
easyocr,375,73tGCd4,73tGCd4,1.0,1.0,
easyocr,376,TEF6Zh,T1EF6Zh,0.8571428571428572,0.9230769230769231,
easyocr,377,AGSIUzM,AGSlUzM,0.8571428571428572,0.8571428571428571,
easyocr,378,nudsi4s,nuDst4S,0.5714285714285714,0.5714285714285714,
easyocr,379,JOoKveT,JOoKveT,1.0,1.0,
easyocr,380,CPRSMIQ,xJPRsmQ,0.2857142857142857,0.42857142857142855,
easyocr,381,,ua51RiV,0.0,0.0,yes
easyocr,382,,b-V9tca,0.0,0.0,yes
easyocr,383,,brxEYmf,0.0,0.0,
easyocr,384,MZDuhY,MZDuhYY,0.8571428571428572,0.9230769230769231,
easyocr,385,G4KMve]],64KMvez,0.625,0.6666666666666666,
easyocr,386,Steepatffanet,0SpHPEI,0.07692307692307687,0.2,
easyocr,387,VSK6zn,-v5K6zn,0.5714285714285714,0.6153846153846154,
easyocr,388,Fckop,FoKdPYZ,0.1428571428571429,0.3333333333333333,
easyocr,389,Kova-O,KkpvR-U,0.4285714285714286,0.46153846153846156,
easyocr,390,N4pCTNx,N4pCTNx,1.0,1.0,
easyocr,391,OjyUVqh,OjyUVqh,1.0,1.0,
easyocr,392,PKBNT-K,PK8NT-K,0.8571428571428572,0.8571428571428571,
easyocr,393,,UcK2ylm,0.0,0.0,
easyocr,394,nqOjGIc,nq0jG1q,0.5714285714285714,0.5714285714285714,
easyocr,395,1~Y,HS9fYuh,0.1428571428571429,0.2,
easyocr,396,icagooo,jcqG0O0,0.1428571428571429,0.14285714285714285,
easyocr,397,,17RpFWj,0.0,0.0,
easyocr,398,GzVSBDa],qzVSBDa,0.75,0.8,
easyocr,399,kcr,bYLmkcr,0.4285714285714286,0.6,
easyocr,400,LLEBX,jDZZEBx,0.2857142857142857,0.3333333333333333,
easyocr,401,,XKIMZUo,0.0,0.0,
easyocr,402,,2WpBzmu,0.0,0.0,
easyocr,403,,VZG5-cF,0.0,0.0,yes
easyocr,404,,XtW1jf7,0.0,0.0,yes
easyocr,405,3Bk8YMp,3Bk8YMp,1.0,1.0,
easyocr,406,,nRvnT4V,0.0,0.0,
easyocr,407,,XrG7IWI,0.0,0.0,
easyocr,408,,LvDMTCr,0.0,0.0,
easyocr,409,,ILKZHR8,0.0,0.0,
easyocr,410,,621oeYY,0.0,0.0,
easyocr,411,"k4Fr3a""",k4Fr3qV,0.7142857142857143,0.7142857142857143,
easyocr,412,Rkz,lRI87xz,0.2857142857142857,0.4,
easyocr,413,oJhGZkM,oJhGZkM,1.0,1.0,
easyocr,414,ErDuhou,ErDuhO0,0.7142857142857143,0.7142857142857143,
easyocr,415,1ZiVizb,1ZfViZb,0.7142857142857143,0.7142857142857143,
easyocr,416,nc?g,w1vhbPG,0.0,0.0,
easyocr,417,4KSVIHB,4ksyIH3,0.4285714285714286,0.42857142857142855,
easyocr,418,jrtyOq,-jrtyOq,0.8571428571428572,0.9230769230769231,
easyocr,419,ATSEtas,AT9EtnG,0.5714285714285714,0.5714285714285714,yes
easyocr,420,mdziQk4,md2lQk4,0.7142857142857143,0.7142857142857143,
easyocr,421,EBV2fi,IgBV2fi,0.7142857142857143,0.7692307692307693,
easyocr,422,wDLEhtv,wDLEhty,0.8571428571428572,0.8571428571428571,
easyocr,423,rzBZved,rzB2ved,0.8571428571428572,0.8571428571428571,
easyocr,424,gOfmxQs,gOfmxQS,0.8571428571428572,0.8571428571428571,
easyocr,425,,hbZ4cAa,0.0,0.0,yes
easyocr,426,,1SbYCQ4,0.0,0.0,
easyocr,427,AQPNPU,-IQPNPU,0.7142857142857143,0.7692307692307693,
easyocr,428,COiEZI,xQiEZJG,0.4285714285714286,0.46153846153846156,
easyocr,429,,9cvrXMC,0.0,0.0,yes
easyocr,430,[DivhYJO,DivhYJO,0.875,0.9333333333333333,
easyocr,431,,lIUkHMB,0.0,0.0,yes
easyocr,432,wwIrqGa,ww1rqGa,0.8571428571428572,0.8571428571428571,
easyocr,433,p041Wz2,p041Wz2,1.0,1.0,
easyocr,434,TE9oa,trH9Eoa,0.4285714285714286,0.5,
easyocr,435,X6UslSy,x6Usl5y,0.7142857142857143,0.7142857142857143,
easyocr,436,R-OROEc,R-0ROEd,0.7142857142857143,0.7142857142857143,
easyocr,437,,BbQSat5,0.0,0.0,yes
easyocr,438,,tQyCxXG,0.0,0.0,yes
easyocr,439,,L0G4hxR,0.0,0.0,yes
easyocr,440,de8Cwx,qe8Cwxx,0.7142857142857143,0.7692307692307693,
easyocr,441,HpOWQHg,HpOWQH9,0.8571428571428572,0.8571428571428571,
easyocr,442,DeospB,ED-oSpB,0.5714285714285714,0.6153846153846154,
easyocr,443,Ap4Sthf,Ap4Sthf,1.0,1.0,
easyocr,444,,LTbKZqB,0.0,0.0,yes
easyocr,445,DRQfhfs,DRQfhfs,1.0,1.0,
easyocr,446,,zxIPe7U,0.0,0.0,yes
easyocr,447,MrYVZ1O,MrYV71O,0.8571428571428572,0.8571428571428571,
easyocr,448,abllli,6zbILSm,0.1428571428571429,0.15384615384615385,
easyocr,449,Aeldeu,-Ae7de0,0.5714285714285714,0.6153846153846154,yes
easyocr,450,,X815r4V,0.0,0.0,
easyocr,451,bolWBuz,b0JWBuz,0.7142857142857143,0.7142857142857143,
easyocr,452,emELQm9,emELQm9,1.0,1.0,
easyocr,453,tQbiyTo,tQbiyTo,1.0,1.0,
easyocr,454,OH-oqG,C6H-oqq,0.5714285714285714,0.6153846153846154,
easyocr,455,,tesSb-5,0.0,0.0,
easyocr,456,,WWlp881,0.0,0.0,yes
easyocr,457,,pwvF0-x,0.0,0.0,
easyocr,458,OwYyTRw,0wYyTRw,0.8571428571428572,0.8571428571428571,
easyocr,459,,lbU5zjn,0.0,0.0,
easyocr,460,UWEX,kiW-LIx,0.1428571428571429,0.18181818181818182,
easyocr,461,,XTOCRhv,0.0,0.0,
easyocr,462,LHSULIX,DH8Urix,0.2857142857142857,0.2857142857142857,
easyocr,463,ulNO,qyYgrNO,0.2857142857142857,0.36363636363636365,yes
easyocr,464,[-SGkFQ,t-SGkFQ,0.8571428571428572,0.8571428571428571,
easyocr,465,TYIHzmi,fYIHzml,0.7142857142857143,0.7142857142857143,
easyocr,466,fKYoyMZ,fKY9yMZ,0.8571428571428572,0.8571428571428571,
easyocr,467,EqtUhtq ,FqtUhtq,0.75,0.8,
easyocr,468,,66LooHC,0.0,0.0,
easyocr,469,VXgFSl,-vXgF5l,0.5714285714285714,0.6153846153846154,
easyocr,470,PvhxfVx,PvhxfVx,1.0,1.0,
easyocr,471,hmC8CUh,hmC8CUh,1.0,1.0,
easyocr,472,,Kc4P3rI,0.0,0.0,yes
easyocr,473,Z4HO:,YZ4HO43,0.5714285714285714,0.6666666666666666,
easyocr,474,TC),A3xCRGr,0.1428571428571429,0.2,
easyocr,475,ZlqdU9c,2IqdU9c,0.7142857142857143,0.7142857142857143,
easyocr,476,,BonRXdV,0.0,0.0,
easyocr,477,CrWNdgB,CrWNdgB,1.0,1.0,
easyocr,478,XYCsPHo,XYCsPHo,1.0,1.0,
easyocr,479,,LTTKZFD,0.0,0.0,yes
easyocr,480,SRvz-q1,SRv2-q1,0.8571428571428572,0.8571428571428571,
easyocr,481,Z,geJjSGQ,0.0,0.0,yes
easyocr,482,,5h-suip,0.0,0.0,
easyocr,483,GFnl,YgFnLy6,0.2857142857142857,0.36363636363636365,
easyocr,484,Oz9JXaE,Oz9JXaE,1.0,1.0,
easyocr,485,VxuG,GFMxOq3,0.1428571428571429,0.18181818181818182,
easyocr,486,OF3Howp,oF3H6wp,0.7142857142857143,0.7142857142857143,
easyocr,487,,JYUgQfy,0.0,0.0,
easyocr,488,EaB,j4z8eDH,0.0,0.0,
easyocr,489,NF3u73,LNF3uZ3,0.7142857142857143,0.7692307692307693,
easyocr,490,,uNvT7A1,0.0,0.0,
easyocr,491,,F0oF3KH,0.0,0.0,
easyocr,492,,U9mJbwB,0.0,0.0,
easyocr,493,Oaf,MoaEY5a,0.1428571428571429,0.2,
easyocr,494,Z2MIzV,ZzMlzV-,0.5714285714285714,0.6153846153846154,
easyocr,495,,u1h1U-4,0.0,0.0,yes
easyocr,496,7Sucooi,1SUco9i,0.5714285714285714,0.5714285714285714,
easyocr,497,,S1HtgUk,0.0,0.0,yes
easyocr,498,,ICLjmnm,0.0,0.0,
easyocr,499,ukgpUA,EukgpUA,0.8571428571428572,0.9230769230769231,
easyocr,500,dkWbwa,dkwbwat,0.7142857142857143,0.7692307692307693,
easyocr,501,pYNzMZd,pYNzM2d,0.8571428571428572,0.8571428571428571,
easyocr,502,,yswGMhR,0.0,0.0,yes
easyocr,503,OSZxZili,0SZxZjh,0.5,0.5333333333333333,
easyocr,504,ZheJC3P,7heJC3P,0.8571428571428572,0.8571428571428571,
easyocr,505,XXOkH6M,XXOkH6M,1.0,1.0,
easyocr,506,,DZ-EMF7,0.0,0.0,
easyocr,507,WSBQOCW,wSBQ0CW,0.7142857142857143,0.7142857142857143,
easyocr,508,,wrhb7pQ,0.0,0.0,
easyocr,509,,znclwwL,0.0,0.0,yes
easyocr,510,IxRctpp,1xRctpp,0.8571428571428572,0.8571428571428571,
easyocr,511,1,wlHGg6e,0.0,0.0,
easyocr,512,3UmShcA,3UmShcA,1.0,1.0,
easyocr,513,Z71h9AO,Z7fh9AU,0.7142857142857143,0.7142857142857143,
easyocr,514,Uulqtos,UUHqtQS,0.4285714285714286,0.42857142857142855,
easyocr,515,SmoSKD,3m6SKD-,0.5714285714285714,0.6153846153846154,
easyocr,516,SOASOSV,sdA303v,0.1428571428571429,0.14285714285714285,
easyocr,517,2HFLoLS,2HFLoL5,0.8571428571428572,0.8571428571428571,
easyocr,518,,g4c9Xuw,0.0,0.0,yes
easyocr,519,756EfL,75j6EfL,0.8571428571428572,0.9230769230769231,
easyocr,520,,cYWWYIG,0.0,0.0,
easyocr,521,CPD4gzC;,CPD4gzC,0.875,0.9333333333333333,
easyocr,522,4761KJO,Az6lKJ0,0.4285714285714286,0.42857142857142855,
easyocr,523,,L1uHMrk,0.0,0.0,
easyocr,524,,kwxVDSD,0.0,0.0,
easyocr,525,JLCOICT,nLc6jGH,0.1428571428571429,0.14285714285714285,
easyocr,526,1'',XtjOydP,0.0,0.0,
easyocr,527,,46pPE1K,0.0,0.0,yes
easyocr,528,erMzQ5z,erMzQ5z,1.0,1.0,
easyocr,529,JeBuzty,3eBu27V,0.4285714285714286,0.42857142857142855,
easyocr,530,GoAtRT3,GoAtRT3,1.0,1.0,
easyocr,531,,vMAJMun,0.0,0.0,
easyocr,532,,nwYmw06,0.0,0.0,yes
easyocr,533,EzEQIdc,EzEQIdo,0.8571428571428572,0.8571428571428571,
easyocr,534,,hKT9lFk,0.0,0.0,yes
easyocr,535,MnNGXZb,MnNGX2n,0.7142857142857143,0.7142857142857143,
easyocr,536,,UPlbq5f,0.0,0.0,yes
easyocr,537,VMp,0VMpv5x,0.4285714285714286,0.6,yes
easyocr,538,5DolUv9,5DoIUy9,0.7142857142857143,0.7142857142857143,
easyocr,539,,WOutuEW,0.0,0.0,
easyocr,540,,Z873I80,0.0,0.0,
easyocr,541,,8HNJK6e,0.0,0.0,
easyocr,542,,sr7mPBv,0.0,0.0,
easyocr,543,TCCTE,zCC1-bY,0.2857142857142857,0.3333333333333333,
easyocr,544,VOzir,yWw9zjr,0.2857142857142857,0.3333333333333333,
easyocr,545,7c6,ryWT7cC,0.2857142857142857,0.4,
easyocr,546,ODRwt29,oDRwt29,0.8571428571428572,0.8571428571428571,
easyocr,547,VktOmm,yVktOmm,0.8571428571428572,0.9230769230769231,
easyocr,548,DJJCYEE,DJJC9EE,0.8571428571428572,0.8571428571428571,
easyocr,549,Olm,I0Y1HHz,0.0,0.0,yes
easyocr,550,AQPchmc,4QPchmC,0.7142857142857143,0.7142857142857143,
easyocr,551,TyHEzlb,FyHE3Ib,0.5714285714285714,0.5714285714285714,
easyocr,552,H8lhEIk,H8lhEIk,1.0,1.0,
easyocr,553,MFLMO,ifLaMW4,0.2857142857142857,0.16666666666666666,
easyocr,554,PMosV8,uPMp5V8,0.5714285714285714,0.6153846153846154,
easyocr,555,hpuvlJh,hpuvIJh,0.8571428571428572,0.8571428571428571,
easyocr,556,,72b57FT,0.0,0.0,
easyocr,557,pesscia,pe55cia,0.7142857142857143,0.7142857142857143,
easyocr,558,72hJIH4,72hJlH4,0.8571428571428572,0.8571428571428571,
easyocr,559,,FMArbyX,0.0,0.0,
easyocr,560,,8hCChEA,0.0,0.0,yes
easyocr,561,,a58SM1u,0.0,0.0,
easyocr,562,RhBSSTY,BhB5SIX,0.4285714285714286,0.42857142857142855,
easyocr,563,LEmTEZM,UFmTr7M,0.4285714285714286,0.42857142857142855,
easyocr,564,,VUse61Q,0.0,0.0,
easyocr,565,Jidl _,JidlTql,0.5714285714285714,0.6153846153846154,
easyocr,566,,eFlp4sZ,0.0,0.0,yes
easyocr,567,kcabg-6,kca8gA6,0.7142857142857143,0.7142857142857143,
easyocr,568,novaB-,nov4JB-,0.7142857142857143,0.7692307692307693,
easyocr,569,WEZkPVn,WE2kPVm,0.7142857142857143,0.7142857142857143,
easyocr,570,MAonk ! a,MXonRYa,0.4444444444444444,0.5,
easyocr,571,nIl HBI,nIkHBLd,0.4285714285714286,0.5714285714285714,
easyocr,572,VbFIIEQ,vbFiiEQ,0.5714285714285714,0.5714285714285714,
easyocr,573,,ULKQnPY,0.0,0.0,yes
easyocr,574,,aAn3f1F,0.0,0.0,
easyocr,575,,MKvnvpU,0.0,0.0,
easyocr,576,,oprkfvV,0.0,0.0,
easyocr,577,,bP2k6fy,0.0,0.0,
easyocr,578,' '( .,kl5oGTE,0.0,0.0,
easyocr,579,55160,34516O6,0.4285714285714286,0.5,
easyocr,580,,zK7Fcnh,0.0,0.0,
easyocr,581,FpVOsiCh,pVQsjCh,0.625,0.6666666666666666,
easyocr,582,F798VRL,F798VRL,1.0,1.0,
easyocr,583,,rpWPxZn,0.0,0.0,
easyocr,584,,Y58xYwl,0.0,0.0,yes
easyocr,585,5L1470,SLav47Q,0.4285714285714286,0.46153846153846156,
easyocr,586,"""XbFi",9iXbFvM,0.4285714285714286,0.5,
easyocr,587,TWsuu,lV7W3O0,0.1428571428571429,0.16666666666666666,
easyocr,588,,ixFevij,0.0,0.0,
easyocr,589,b,4QCGBpi,0.0,0.0,
easyocr,590,,ObAQCsr,0.0,0.0,
easyocr,591,8AvJ6v,8AvJ6V-,0.7142857142857143,0.7692307692307693,
easyocr,592,Qm79CD],Qm7jqCD,0.5714285714285714,0.7142857142857143,
easyocr,593,aRH60c2,aRH60c2,1.0,1.0,
easyocr,594,STFIRe,STFlRe1,0.7142857142857143,0.7692307692307693,
easyocr,595,AsQbwZH,A5QbwZH,0.8571428571428572,0.8571428571428571,
easyocr,596,Da,2oyMJI4,0.0,0.0,yes
easyocr,597,qgDNbnr,qgDN5hr,0.7142857142857143,0.7142857142857143,
easyocr,598,Dpom,a-DpvnY,0.2857142857142857,0.36363636363636365,
easyocr,599,298Ejn4,z98Ejn4,0.8571428571428572,0.8571428571428571,
easyocr,600,Loteu4,Lbte04-,0.5714285714285714,0.6153846153846154,
easyocr,601,HKXTI-I,HKYTJ-h,0.5714285714285714,0.5714285714285714,
easyocr,602,FDGBa,FiDGlBa,0.7142857142857143,0.8333333333333334,yes
easyocr,603,lle BQJu,e8QJrjf,0.125,0.4,
easyocr,604,,40hN5Ei,0.0,0.0,yes
easyocr,605,,7jG1gmt,0.0,0.0,
easyocr,606,Whcl,gxcmAlb,0.2857142857142857,0.36363636363636365,
easyocr,607,aQexTIO,aQexTIO,1.0,1.0,
easyocr,608,6Ov3NGz,6Oy3NGz,0.8571428571428572,0.8571428571428571,
easyocr,609,,Ohhhh7J,0.0,0.0,yes
easyocr,610,CbC,UQPs6LZ,0.0,0.0,yes
easyocr,611,t2um,t2umrhH,0.5714285714285714,0.7272727272727273,
easyocr,612,DDQaw6w,DDQaw6w,1.0,1.0,
easyocr,613,GfsrHxn,Gf5rHxn,0.8571428571428572,0.8571428571428571,
easyocr,614,,XFTKCL4,0.0,0.0,yes
easyocr,615,p29JfQV,p29JfQV,1.0,1.0,
easyocr,616,Fetteltolae,Ky6J0d3,0.0,0.0,
easyocr,617,I3KzRky,I3K2Rky,0.8571428571428572,0.8571428571428571,
easyocr,618,geafi,l6eaFWi,0.4285714285714286,0.5,
easyocr,619,,EurcOq5,0.0,0.0,yes
easyocr,620,,7qt4v1e,0.0,0.0,yes
easyocr,621,,TLrr1-E,0.0,0.0,
easyocr,622,2202mK,2Zc-2mK,0.5714285714285714,0.6153846153846154,
easyocr,623,AIlpQEl,A1IpQE1,0.5714285714285714,0.7142857142857143,
easyocr,624,FDNJDS[,FDNJ5sT,0.5714285714285714,0.5714285714285714,
easyocr,625,frdSOPy,frdSOPy,1.0,1.0,
easyocr,626,,Y-FFNUi,0.0,0.0,yes
easyocr,627,,ukhqmjy,0.0,0.0,
easyocr,628,,r5fQyXV,0.0,0.0,yes
easyocr,629,GwQa',sMLwa60,0.1428571428571429,0.3333333333333333,
easyocr,630,,aRHjnK7,0.0,0.0,
easyocr,631,ZpHGX-V,zpHGX-v,0.7142857142857143,0.7142857142857143,
easyocr,632,ha9pwF),ha9pwFj,0.8571428571428572,0.8571428571428571,
easyocr,633,WTOjVswW,w10jVsW,0.5,0.5333333333333333,
easyocr,634,,guW1YKD,0.0,0.0,
easyocr,635,,pVwJt7P,0.0,0.0,
easyocr,636,1,rx281M5,0.1428571428571429,0.25,
easyocr,637,JOMNDA,iOMNDAY,0.7142857142857143,0.7692307692307693,
easyocr,638,GRowk,6R6wKEE,0.2857142857142857,0.3333333333333333,
easyocr,639,,Am0TAD-,0.0,0.0,yes
easyocr,640,JEBuPID,JE3uP1D,0.7142857142857143,0.7142857142857143,
easyocr,641,,xviod0w,0.0,0.0,
easyocr,642,IndjZR ),JndjZRY,0.625,0.6666666666666666,
easyocr,643,ZWw8SJN,7Ww8SJN,0.8571428571428572,0.8571428571428571,
easyocr,644,Pbf6o7,HPbf6o7,0.8571428571428572,0.9230769230769231,
easyocr,645,gkJaxhT,gkJaxhT,1.0,1.0,
easyocr,646,BlOHBZZ,B1OHBzZ,0.7142857142857143,0.7142857142857143,
easyocr,647,,kt9SC6T,0.0,0.0,
easyocr,648,e,SDE9TU-,0.0,0.0,
easyocr,649,98Gn,lX885ns,0.2857142857142857,0.36363636363636365,
easyocr,650,G74F4oc,G74F40c,0.8571428571428572,0.8571428571428571,
easyocr,651,,9WT9WBU,0.0,0.0,yes
easyocr,652,5CMdq94,5CMdg94,0.8571428571428572,0.8571428571428571,
easyocr,653,,GeP9njL,0.0,0.0,yes
easyocr,654,,0gxNVH2,0.0,0.0,
easyocr,655,DCaZvyt,bc4Zvyr,0.4285714285714286,0.42857142857142855,
easyocr,656,0aym55 V,oaym55V,0.75,0.8,
easyocr,657,ytto-Iq,ytt6-Iq,0.8571428571428572,0.8571428571428571,
easyocr,658,,MbhvwX3,0.0,0.0,
easyocr,659,IPIdDEp,lP1dDEp,0.7142857142857143,0.7142857142857143,
easyocr,660,PGHO_,PG80HW6,0.4285714285714286,0.5,
easyocr,661,aTejyli,aTejy7q,0.7142857142857143,0.7142857142857143,
easyocr,662,LUIWXES,LUJWXE5,0.7142857142857143,0.7142857142857143,
easyocr,663,-PfjUw6,-PfjUw6,1.0,1.0,
easyocr,664,WSLXZGB,w5LXZGB,0.7142857142857143,0.7142857142857143,
easyocr,665,,g6aXiuJ,0.0,0.0,yes
easyocr,666,,ie0ZqXQ,0.0,0.0,yes
easyocr,667,,rO5-J14,0.0,0.0,
easyocr,668,T,q9lnyWK,0.0,0.0,
easyocr,669,WgtPXEd,WgtPXEv,0.8571428571428572,0.8571428571428571,
easyocr,670,6kale,dPKp66y,0.0,0.16666666666666666,
easyocr,671,,Yn5TWow,0.0,0.0,yes
easyocr,672,Btauins,BraOkSQ,0.2857142857142857,0.2857142857142857,
easyocr,673,VPnehhl,yPnehhI,0.7142857142857143,0.7142857142857143,
easyocr,674,RKVvrDT,3KYvrPT,0.5714285714285714,0.5714285714285714,
easyocr,675,PETcETN,PE1cL7N,0.5714285714285714,0.5714285714285714,
easyocr,676,OAUIT EJ,8XU1YEj,0.25,0.26666666666666666,
easyocr,677,zOnhUns,z0nhUnS,0.7142857142857143,0.7142857142857143,
easyocr,678,wDDbohf,wDDb0hJ,0.7142857142857143,0.7142857142857143,
easyocr,679,Vobis,eV6bt3J,0.2857142857142857,0.3333333333333333,
easyocr,680,EME Wbz],EmEWb2Y,0.5,0.5333333333333333,
easyocr,681,SuxcEL,SJI8eEt,0.2857142857142857,0.3076923076923077,
easyocr,682,,OtKkk35,0.0,0.0,yes
easyocr,683,OCASE,gCXVSEl,0.4285714285714286,0.5,
easyocr,684,85482,g5klgza,0.1428571428571429,0.16666666666666666,
easyocr,685,,AmPMUyA,0.0,0.0,
easyocr,686,UHOiP,UHOi2Pc,0.7142857142857143,0.8333333333333334,
easyocr,687,,Hockndo,0.0,0.0,yes
easyocr,688,TwsfdGs,Tw5fdGs,0.8571428571428572,0.8571428571428571,
easyocr,689,rBpq2Vz,rBpq2VZ,0.8571428571428572,0.8571428571428571,
easyocr,690,,XCcu1Vk,0.0,0.0,
easyocr,691,TKZAM,uEK7AMT,0.4285714285714286,0.5,
easyocr,692,,BJPVLSK,0.0,0.0,
easyocr,693,,-Lo2od3,0.0,0.0,yes
easyocr,694,OSNKkDE,nSNKkDE,0.8571428571428572,0.8571428571428571,
easyocr,695,F3wDEcIL,3wDEcIL,0.875,0.9333333333333333,
easyocr,696,LgSXAbT,Lg5XAbT,0.8571428571428572,0.8571428571428571,
easyocr,697,C,izb15kG,0.0,0.0,
easyocr,698,JGu;/,m6you5Z,0.1428571428571429,0.16666666666666666,
easyocr,699,GSIgju9,GSlgju9,0.8571428571428572,0.8571428571428571,
easyocr,700,Qu8zlf,Qu87If-,0.5714285714285714,0.6153846153846154,
easyocr,701,,oPKLnki,0.0,0.0,
easyocr,702,,t5ZoWpk,0.0,0.0,yes
easyocr,703,,u7an2Cl,0.0,0.0,
easyocr,704,,PlAzCYR,0.0,0.0,yes
easyocr,705,,aQugsWD,0.0,0.0,
easyocr,706,SG-bolj,BGFbdl2,0.4285714285714286,0.42857142857142855,
easyocr,707,XWIZIAn,XWI2fAn,0.7142857142857143,0.7142857142857143,
easyocr,708,Kshs4r?,K5hS4p2,0.4285714285714286,0.42857142857142855,
easyocr,709,FKcZaBK,FKcZaBK,1.0,1.0,
easyocr,710,Xj9C49Y,Xj9C49Y,1.0,1.0,
easyocr,711,RFVjQjA,RFVjQjA,1.0,1.0,
easyocr,712,(zgNV@,JzgyVGz,0.4285714285714286,0.46153846153846156,
easyocr,713,(,aD2OtIV,0.0,0.0,
easyocr,714,BsHAOK,-BsHAOK,0.8571428571428572,0.9230769230769231,
easyocr,715,,zSmqU-J,0.0,0.0,
easyocr,716,117xCa,I17xcA2,0.4285714285714286,0.46153846153846156,
easyocr,717,,3ljdjzP,0.0,0.0,
easyocr,718,,onQMfiz,0.0,0.0,
easyocr,719,CGX1EG,jCGXnEG,0.7142857142857143,0.7692307692307693,
easyocr,720,,xGs6FKE,0.0,0.0,yes
easyocr,721,,Sx3yqZk,0.0,0.0,
easyocr,722,,2JCm-EX,0.0,0.0,
easyocr,723,bSSIyAQ,bS5IyAQ,0.8571428571428572,0.8571428571428571,
easyocr,724,ISuGGLt,t5uGGLt,0.7142857142857143,0.7142857142857143,
easyocr,725,,ARIdWoL,0.0,0.0,
easyocr,726,,KKAe9vW,0.0,0.0,
easyocr,727,ZvNDArO,ZvND4rO,0.8571428571428572,0.8571428571428571,
easyocr,728,6Vkg St,6VkgvSf,0.7142857142857143,0.7142857142857143,
easyocr,729,,jFadGbs,0.0,0.0,yes
easyocr,730,zr9Xbkv,zr9Xbkv,1.0,1.0,
easyocr,731,SVCWm+,syCWm4C,0.4285714285714286,0.46153846153846156,
easyocr,732,Alcatoz,4icAt0Z,0.2857142857142857,0.2857142857142857,
easyocr,733,4zraxkk,q2rqxkk,0.5714285714285714,0.5714285714285714,
easyocr,734,QOmu,IQ1QmJl,0.2857142857142857,0.36363636363636365,
easyocr,735,09lr1QX,O9Ir1QX,0.7142857142857143,0.7142857142857143,
easyocr,736,,5gs5NSj,0.0,0.0,yes
easyocr,737,,41iXlV2,0.0,0.0,yes
easyocr,738,[U9C582D,U9C582D,0.875,0.9333333333333333,
easyocr,739,Ilk6G e,FIkk6Ge,0.5714285714285714,0.7142857142857143,
easyocr,740,Tuuy,-4d1XQy,0.1428571428571429,0.18181818181818182,
easyocr,741,PHdPBvv,pHdPBvv,0.8571428571428572,0.8571428571428571,
easyocr,742,3adOgWA,3adOgWA,1.0,1.0,
easyocr,743,GArFdSN,GArFd5N,0.8571428571428572,0.8571428571428571,
easyocr,744,JI-UWA,DtT-0WA,0.4285714285714286,0.46153846153846156,
easyocr,745,,JocAz80,0.0,0.0,
easyocr,746,oRArLi5,oR4rLi5,0.8571428571428572,0.8571428571428571,
easyocr,747,'WzIwiz,4wzxWF2,0.1428571428571429,0.14285714285714285,
easyocr,748,,UMHk-Bu,0.0,0.0,
easyocr,749,,YIqmeWY,0.0,0.0,
easyocr,750,75YSBs,Z5YSBsZ,0.7142857142857143,0.7692307692307693,
easyocr,751,enbzy-0,enbzy-O,0.8571428571428572,0.8571428571428571,
easyocr,752,QhGMgkC,QhGMgkC,1.0,1.0,
easyocr,753,P5Ocwli,P5ocwG4,0.5714285714285714,0.5714285714285714,
easyocr,754,,UBBIjov,0.0,0.0,yes
easyocr,755,ho 1ldWL,ho1IdWL,0.75,0.8,
easyocr,756,Iosd,mrGSD1X,0.0,0.0,
easyocr,757,,U6RuIEN,0.0,0.0,
easyocr,758,IOZUKcH,yOzUkcf,0.4285714285714286,0.42857142857142855,
easyocr,759,17qQsu3,X7qQsuS,0.7142857142857143,0.7142857142857143,
easyocr,760,pLzLK18,pLzLK18,1.0,1.0,
easyocr,761,,97SbliO,0.0,0.0,
easyocr,762,IfA8mt3,lfA8mt3,0.8571428571428572,0.8571428571428571,
easyocr,763,2aa,QSMS0s7,0.0,0.0,
easyocr,764,ZKMMU,iZKYMUV,0.5714285714285714,0.6666666666666666,
easyocr,765,~WrYJt6,-WrYJt6,0.8571428571428572,0.8571428571428571,
easyocr,766,FplW,ppLbLnX,0.1428571428571429,0.18181818181818182,
easyocr,767,bmt ]-A,BmtT-X7,0.2857142857142857,0.42857142857142855,
easyocr,768,lizDD9F,lizDD9F,1.0,1.0,
easyocr,769,WEC9445],0EcgX4S,0.25,0.26666666666666666,
easyocr,770,istrqui,isT39UJ,0.2857142857142857,0.2857142857142857,
easyocr,771,1,rRKdU5P,0.0,0.0,
easyocr,772,Ufw9LPA,UfW9IPA,0.7142857142857143,0.7142857142857143,
easyocr,773,,4UcACID,0.0,0.0,
easyocr,774,[p6DpE,tj56DpE,0.5714285714285714,0.6153846153846154,
easyocr,775,VY4Rgaz,VY4Rggz,0.8571428571428572,0.8571428571428571,
easyocr,776,Xikt9lx,Xjkf9lx,0.7142857142857143,0.7142857142857143,
easyocr,777,,Di7o1Qo,0.0,0.0,
easyocr,778,ULJube},jJLJu5e,0.4285714285714286,0.5714285714285714,
easyocr,779,hTljeks,hT1jeks,0.8571428571428572,0.8571428571428571,
easyocr,780,,VTzWPq9,0.0,0.0,
easyocr,781,,Tr3w8fq,0.0,0.0,
easyocr,782,34OSWSW,34OSW3W,0.8571428571428572,0.8571428571428571,
easyocr,783,4JSpDKi,4JSpDKi,1.0,1.0,
easyocr,784,,xVqhH0-,0.0,0.0,
easyocr,785,EzSrg3F,Ez5rg3F,0.8571428571428572,0.8571428571428571,
easyocr,786,,IDPzifq,0.0,0.0,
easyocr,787,MZbUldh,M2bUIdi,0.5714285714285714,0.5714285714285714,
easyocr,788,KYAoniP,KYA6njP,0.7142857142857143,0.7142857142857143,
easyocr,789,,wHWQn7b,0.0,0.0,yes
easyocr,790,LxGHxcV,LxGHxcV,1.0,1.0,
easyocr,791,BRWI UI,BRWkULx,0.4285714285714286,0.5714285714285714,
easyocr,792,Q1CoTX,1Q1CoTX,0.8571428571428572,0.9230769230769231,
easyocr,793,,-wTdI7z,0.0,0.0,
easyocr,794,,U3EMKkL,0.0,0.0,
easyocr,795,Sqapuv,Sqqpuy1,0.5714285714285714,0.6153846153846154,
easyocr,796,fSlwlzz,fSIwlZZ,0.5714285714285714,0.5714285714285714,
easyocr,797,m3ygzZW,m3ygzZW,1.0,1.0,
easyocr,798,(jKFNSc,mjKFN5c,0.7142857142857143,0.7142857142857143,
easyocr,799,,klJSXXk,0.0,0.0,
easyocr,800,ShEoWGH,6hEoW6E,0.5714285714285714,0.5714285714285714,
easyocr,801,QuWS87IV,OuWS87W,0.625,0.6666666666666666,
easyocr,802,sgAcuGw,3gA2uGW,0.5714285714285714,0.5714285714285714,
easyocr,803,,mxpCXwS,0.0,0.0,yes
easyocr,804,,3xYg4ZZ,0.0,0.0,
easyocr,805,MAPAAM,VAS7v7M,0.2857142857142857,0.15384615384615385,
easyocr,806,cst-jhP,cst-jhP,1.0,1.0,
easyocr,807,,ojU75S9,0.0,0.0,
easyocr,808,P2HOrC3,P2HOrC3,1.0,1.0,
easyocr,809,'TCRVrZ,9TCRVrZ,0.8571428571428572,0.8571428571428571,
easyocr,810,Lmzevvi,1mZcvvi,0.5714285714285714,0.5714285714285714,
easyocr,811,NPENSN,NPqEN5N,0.7142857142857143,0.7692307692307693,
easyocr,812,,8dnJeLg,0.0,0.0,
easyocr,813,sbDuVSV,sbDuNSV,0.8571428571428572,0.8571428571428571,
easyocr,814,QQAECDD,9QAECbb,0.5714285714285714,0.5714285714285714,
easyocr,815,Tnm,fS1aMmk,0.1428571428571429,0.2,
easyocr,816,,HzrbCvz,0.0,0.0,yes
easyocr,817,VeqQx2N,VeqQx2N,1.0,1.0,
easyocr,818,Ghiext,GHjEXtw,0.2857142857142857,0.3076923076923077,
easyocr,819,pxzkMkM,pxzkMkM,1.0,1.0,
easyocr,820,,8rJGQ9L,0.0,0.0,yes
easyocr,821,,GmfGFGf,0.0,0.0,yes
easyocr,822,,FFw3vtv,0.0,0.0,yes
easyocr,823,GolpJck,G9lpJck,0.8571428571428572,0.8571428571428571,
easyocr,824,FpYgQ5o,FpYgQ5o,1.0,1.0,
easyocr,825,zoLmLal,zoLmLaI,0.8571428571428572,0.8571428571428571,
easyocr,826,3YJJXcA,3YJJxcA,0.8571428571428572,0.8571428571428571,
easyocr,827,-IFytel,-IFytel,1.0,1.0,
easyocr,828,owHzg]S,0wH7gJS,0.5714285714285714,0.5714285714285714,
easyocr,829,OaJJKf,OauJJKf,0.8571428571428572,0.9230769230769231,
easyocr,830,hgk,o5hgkDh,0.4285714285714286,0.6,
easyocr,831,,WsS1qMF,0.0,0.0,
easyocr,832,,F9zjUjm,0.0,0.0,
easyocr,833,,xLVrct3,0.0,0.0,
easyocr,834,,hfhJhsc,0.0,0.0,
easyocr,835,r#HXXos,r4HXXps,0.7142857142857143,0.7142857142857143,
easyocr,836,,XC7kjp3,0.0,0.0,
easyocr,837,389DKqo,389DKqo,1.0,1.0,
easyocr,838,Fu-XRI2,ru-xRI2,0.7142857142857143,0.7142857142857143,
easyocr,839,,AxPOhm2,0.0,0.0,yes
easyocr,840,,GuEyanw,0.0,0.0,yes
easyocr,841,OOazoZo,OOa3QZ0,0.5714285714285714,0.5714285714285714,
easyocr,842,UGq6hBH,UGq6hBH,1.0,1.0,
easyocr,843,IASETSC,tAsET5C,0.5714285714285714,0.5714285714285714,
easyocr,844,9lPnac,-9IPnac,0.7142857142857143,0.7692307692307693,
easyocr,845,fitzUa,ijtzUqF,0.4285714285714286,0.6153846153846154,
easyocr,846,(bogRZy,f5ogRZy,0.7142857142857143,0.7142857142857143,
easyocr,847,,eRQsEP-,0.0,0.0,yes
easyocr,848,Lciuc,-kSlHS7,0.0,0.0,
easyocr,849,B5IOv44,B5l0v44,0.7142857142857143,0.7142857142857143,
easyocr,850,TySIkFO,Ty5IkF0,0.7142857142857143,0.7142857142857143,
easyocr,851,ErkirR,ztkirRA,0.5714285714285714,0.6153846153846154,
easyocr,852,4kE,Kkafxyz,0.1428571428571429,0.2,
easyocr,853,EUAwe,CvGxvzm,0.0,0.0,
easyocr,854,VGWSGLo,VGW5CLo,0.7142857142857143,0.7142857142857143,
easyocr,855,Atdblis,Atdbli3,0.8571428571428572,0.8571428571428571,
easyocr,856,,lBVvltV,0.0,0.0,
easyocr,857,WheIMOP,Wh9IMOP,0.8571428571428572,0.8571428571428571,
easyocr,858,gXSIEng,gX8lEng,0.7142857142857143,0.7142857142857143,
easyocr,859,[3RuxT2G,3Ruxr2G,0.75,0.8,
easyocr,860,,wOv9wJD,0.0,0.0,
easyocr,861,Gzb99z0,Gzb99zo,0.8571428571428572,0.8571428571428571,
easyocr,862,Euw2sf,lEuw2sf,0.8571428571428572,0.9230769230769231,
easyocr,863,Zy8dw EaS,Zy8dwLa,0.6666666666666667,0.75,
easyocr,864,plaqcl,SpIaqcL,0.5714285714285714,0.6153846153846154,
easyocr,865,,xjIFUKU,0.0,0.0,yes
easyocr,866,Nidhin!,MDBlN78,0.0,0.14285714285714285,
easyocr,867,Qaqopky,Uaq6PKy,0.4285714285714286,0.42857142857142855,
easyocr,868,,FUT7Bwb,0.0,0.0,yes
easyocr,869,,AD4UWTZ,0.0,0.0,
easyocr,870,nCoyx90,nCoyx90,1.0,1.0,
easyocr,871,SAE,SaIo3rE,0.2857142857142857,0.4,
easyocr,872,,YZUZ7lk,0.0,0.0,
easyocr,873,,zCyBgR4,0.0,0.0,
easyocr,874,MWRI,lWlWRlT,0.2857142857142857,0.36363636363636365,
easyocr,875,AKyjmg,AKyjmg3,0.8571428571428572,0.9230769230769231,
easyocr,876,PnzmIGa,Pn7mIGa,0.8571428571428572,0.8571428571428571,
easyocr,877,PJkooKU,pjk66KU,0.4285714285714286,0.42857142857142855,
easyocr,878,,-JvBj-Q,0.0,0.0,
easyocr,879,LvEDkw,LjvEDkw,0.8571428571428572,0.9230769230769231,
easyocr,880,Kequuk,Ke9uukn,0.7142857142857143,0.7692307692307693,
easyocr,881,ff6Bz24,ff6BZ24,0.8571428571428572,0.8571428571428571,
easyocr,882,mHbkKK,mHbkKKH,0.8571428571428572,0.9230769230769231,
easyocr,883,a,W4VUdkN,0.0,0.0,
easyocr,884,pm VFUaR,pmVFUaR,0.875,0.9333333333333333,
easyocr,885,FiAbv],F1Abv1u,0.5714285714285714,0.6153846153846154,
easyocr,886,So7bMBn,So7bMBn,1.0,1.0,
easyocr,887,jaXzcHX,jaXzcHX,1.0,1.0,
easyocr,888,FHEqZAI,FHEq7Ah,0.7142857142857143,0.7142857142857143,
easyocr,889,JWAhDUS,JW4hDU5,0.7142857142857143,0.7142857142857143,
easyocr,890,k9oJx7q,k9oJx7q,1.0,1.0,
easyocr,891,Krxretj,Krxretj,1.0,1.0,
easyocr,892,,vOMr9cj,0.0,0.0,yes
easyocr,893,,d1KxzPb,0.0,0.0,yes
easyocr,894,L8 T,CZ8Tft7,0.1428571428571429,0.36363636363636365,
easyocr,895,,Qxw3lBr,0.0,0.0,yes
easyocr,896,GbJMOUj,GbJMOUj,1.0,1.0,
easyocr,897,,Pffx5Ds,0.0,0.0,yes
easyocr,898,VpKN2o,XvpKN2o,0.7142857142857143,0.7692307692307693,
easyocr,899,oapShyE,oapShyB,0.8571428571428572,0.8571428571428571,
easyocr,900,,hy1oWiD,0.0,0.0,yes
easyocr,901,,DDPtoSA,0.0,0.0,
easyocr,902,,aH-wxu3,0.0,0.0,yes
easyocr,903,,HmVBbph,0.0,0.0,
easyocr,904,SjrG81R,SjrG81H,0.8571428571428572,0.8571428571428571,
easyocr,905,,Zh27w4F,0.0,0.0,
easyocr,906,,yznzbZo,0.0,0.0,
easyocr,907,GzULZpd,GzUL7pd,0.8571428571428572,0.8571428571428571,
easyocr,908,TPFiafw,TPFiqfw,0.8571428571428572,0.8571428571428571,
easyocr,909,,IFxIUGm,0.0,0.0,
easyocr,910,,EJwwcc1,0.0,0.0,
easyocr,911,XJ-bPfh,XJ-bPfh,1.0,1.0,
easyocr,912,TfjBresd,fjBreSd,0.75,0.8,
easyocr,913,,e0Qvi0F,0.0,0.0,
easyocr,914,wnown,zLwn6wp,0.4285714285714286,0.5,
easyocr,915,,-WzsyFc,0.0,0.0,yes
easyocr,916,,ZvXFi0B,0.0,0.0,yes
easyocr,917,jKkdVQt,jKkdVQt,1.0,1.0,
easyocr,918,~AhNU4,x4hNU4I,0.5714285714285714,0.6153846153846154,
easyocr,919,,RaGo7ES,0.0,0.0,
easyocr,920,rJwk-Ks,rJwk-Ks,1.0,1.0,
easyocr,921,,RhTZexA,0.0,0.0,
easyocr,922,Opy2p3X,Opy2p3X,1.0,1.0,
easyocr,923,LTdAfaH,LTdAfaH,1.0,1.0,
easyocr,924,OCRKaZW,0CRKa7W,0.7142857142857143,0.7142857142857143,
easyocr,925,VitYsoq,ViTYs6q,0.7142857142857143,0.7142857142857143,
easyocr,926,sRwKysp,sRwKy5p,0.8571428571428572,0.8571428571428571,
easyocr,927,7HreKK9,7HreKK9,1.0,1.0,
easyocr,928,,NuX0oJ-,0.0,0.0,
easyocr,929,,gr2tMIy,0.0,0.0,
easyocr,930,wlSOSXy,wISO5Xy,0.7142857142857143,0.7142857142857143,
easyocr,931,TpoXaz8,boXaz8-,0.5714285714285714,0.7142857142857143,
easyocr,932,SDOZEpZ,SDO2EpZ,0.8571428571428572,0.8571428571428571,
easyocr,933,ZmSsDx,Zm5sDJx,0.7142857142857143,0.7692307692307693,
easyocr,934,RorXLAU,RorXLAU,1.0,1.0,
easyocr,935,wbTnMbR,wb1nMbR,0.8571428571428572,0.8571428571428571,
easyocr,936,'i`,js503rW,0.0,0.0,
easyocr,937,WKcnjz9,wKcnjz9,0.8571428571428572,0.8571428571428571,
easyocr,938,,OF6EeU0,0.0,0.0,yes
easyocr,939,o6gVuSq,o6gVuSq,1.0,1.0,
easyocr,940,UGPupD,aUGPupD,0.8571428571428572,0.9230769230769231,
easyocr,941,TRNX43V,rRNX43V,0.8571428571428572,0.8571428571428571,
easyocr,942,apOusm,fJPOu3m,0.4285714285714286,0.46153846153846156,
easyocr,943,aaNwjbo,aaNwjbO,0.8571428571428572,0.8571428571428571,
easyocr,944,DtmHzo6,DfmHZ06,0.5714285714285714,0.5714285714285714,
easyocr,945,u3exQCo,u3exQCo,1.0,1.0,
easyocr,946,CDTDc-W,CDTDc4W,0.8571428571428572,0.8571428571428571,
easyocr,947,'UIRR,KYUlKKn,0.1428571428571429,0.16666666666666666,
easyocr,948,ILAMAD,qLAxgAD,0.5714285714285714,0.6153846153846154,
easyocr,949,(ml0-80,km1Q-86,0.4285714285714286,0.42857142857142855,
easyocr,950,[33 JrV6,z33JrV6,0.75,0.8,
easyocr,951,"O,JZFYj",O5JZFYj,0.8571428571428572,0.8571428571428571,
easyocr,952,DAAJOAt,BXk9oXz,0.0,0.0,
easyocr,953,ZMOC,xd-ZMOC,0.5714285714285714,0.7272727272727273,
easyocr,954,Uvsudiv,UySUb7V,0.1428571428571429,0.14285714285714285,
easyocr,955,,rLMfQLV,0.0,0.0,
easyocr,956,AVewoxk,AVcw9xk,0.7142857142857143,0.7142857142857143,
easyocr,957,QcgWAQJIi,oCgWOTb,0.2222222222222222,0.25,
easyocr,958,,6MvIjLR,0.0,0.0,
easyocr,959,XXAwyxf,xXAwyxf,0.8571428571428572,0.8571428571428571,
easyocr,960,RjWOL64,RjW0L64,0.8571428571428572,0.8571428571428571,
easyocr,961,kqipMym,kqjpMym,0.8571428571428572,0.8571428571428571,
easyocr,962,Zbtrweg,Zbfrweg,0.8571428571428572,0.8571428571428571,
easyocr,963,eivhmka,wlvhmk4,0.5714285714285714,0.5714285714285714,
easyocr,964,LreQgEC,LreQ9EC,0.8571428571428572,0.8571428571428571,
easyocr,965,,ivjydbb,0.0,0.0,
easyocr,966,,GcHqM-o,0.0,0.0,
easyocr,967,umLBAAo,umTBAAo,0.8571428571428572,0.8571428571428571,
easyocr,968,i2MUw9J,i2MUw9J,1.0,1.0,
easyocr,969,YWC,xwcl6OI,0.0,0.0,
easyocr,970,OsQvzSt,O5QvzSf,0.7142857142857143,0.7142857142857143,
easyocr,971,NCRIUjt,NCRlUjt,0.8571428571428572,0.8571428571428571,
easyocr,972,yODORw8,y0DORw8,0.8571428571428572,0.8571428571428571,
easyocr,973,@hsgyG6,4hSgYG6,0.5714285714285714,0.5714285714285714,
easyocr,974,,zLOwmYS,0.0,0.0,yes
easyocr,975,dlPsvde:,dIPsvde,0.75,0.8,
easyocr,976,CKLI9U),RKL19Uk,0.5714285714285714,0.5714285714285714,
easyocr,977,,pDDX3xV,0.0,0.0,
easyocr,978,,NmpUFpg,0.0,0.0,yes
easyocr,979,,tvRHR-r,0.0,0.0,
easyocr,980,borkqr9,66rKq79,0.4285714285714286,0.42857142857142855,
easyocr,981,,0Vfveni,0.0,0.0,yes
easyocr,982,,Y23mMNv,0.0,0.0,yes
easyocr,983,hlIBy8N,h1lBy8N,0.7142857142857143,0.8571428571428571,
easyocr,984,,oHEenew,0.0,0.0,
easyocr,985,Seie,rNBFI09,0.0,0.0,
easyocr,986,EVC-IGE,ZVC-IGE,0.8571428571428572,0.8571428571428571,
easyocr,987,onFq7ka,pnFq7k4,0.7142857142857143,0.7142857142857143,
easyocr,988,wJZIOdj,wJZI0dj,0.8571428571428572,0.8571428571428571,
easyocr,989,[MLKWGge,MLKWGge,0.875,0.9333333333333333,
easyocr,990,InZbpCAC,nZbpCAO,0.75,0.8,
easyocr,991,T,T8XkQQh,0.1428571428571429,0.25,
easyocr,992,traTPKZ,trqTPkZ,0.7142857142857143,0.7142857142857143,
easyocr,993,cyKizyc,cyK1zyc,0.8571428571428572,0.8571428571428571,
easyocr,994,istded,6l5tdVd,0.4285714285714286,0.46153846153846156,
easyocr,995,,QQrEgJu,0.0,0.0,yes
easyocr,996,OYQPAUJ,5yQPAUj,0.5714285714285714,0.5714285714285714,
easyocr,997,,Qscpzla,0.0,0.0,yes
easyocr,998,ooodkf,k0OODkf,0.2857142857142857,0.3076923076923077,
easyocr,999,rpweTsBF,mweTs8F,0.625,0.6666666666666666,
