model,image,prediction,ground truth,1-NED,difflib ratio,difficult image
keras,0,vtsgzyi,vTS6zYj,0.2857142857142857,0.2857142857142857,
keras,1,nagralt,qqgRa1r,0.2857142857142857,0.2857142857142857,
keras,2,,R4rgKRG,0.0,0.0,yes
keras,3,cigdexr,c1Gd8xr,0.5714285714285714,0.5714285714285714,
keras,4,gshgzee,g8HGzEE,0.2857142857142857,0.2857142857142857,
keras,5,,2pHlbP7,0.0,0.0,yes
keras,6,zhefibm,ZheF93m,0.4285714285714286,0.42857142857142855,
keras,7,ggib,YqGiBJf,0.1428571428571429,0.18181818181818182,
keras,8,ocavmri,QC4vmRI,0.2857142857142857,0.2857142857142857,
keras,9,dysxiyk,9y5x1YK,0.2857142857142857,0.2857142857142857,
keras,10,noxstj,NO23t9j,0.2857142857142857,0.3076923076923077,
keras,11,xoznua,xOZNuaI,0.4285714285714286,0.46153846153846156,
keras,12,e,Zl6WL-B,0.0,0.0,
keras,13,painn,RpxNMy0,0.1428571428571429,0.16666666666666666,
keras,14,,HPYDI4c,0.0,0.0,yes
keras,15,,qcg09ve,0.0,0.0,
keras,16,sa,v3aMWaI,0.1428571428571429,0.2222222222222222,
keras,17,faqnrt,l-aQnrt,0.5714285714285714,0.6153846153846154,
keras,18,hfo,L21HfOE,0.1428571428571429,0.2,yes
keras,19,ogpxldc,oGPxldC,0.5714285714285714,0.5714285714285714,
keras,20,3sm2zja,3sm2zja,1.0,1.0,
keras,21,nzgisnn,nZgjSNN,0.2857142857142857,0.2857142857142857,
keras,22,soo,sSrX-hj,0.1428571428571429,0.2,
keras,23,vbsan,Y-vb5ax,0.4285714285714286,0.5,
keras,24,xcitrx,nXcJtrx,0.5714285714285714,0.6153846153846154,
keras,25,84wokia,84wQKlA,0.4285714285714286,0.42857142857142855,
keras,26,,Tm8kH9d,0.0,0.0,yes
keras,27,ipmiyo,yIpM1YO,0.1428571428571429,0.15384615384615385,
keras,28,,UkstCk6,0.0,0.0,
keras,29,wkqogomi,WkQOGbM,0.125,0.13333333333333333,
keras,30,macrmzie,McRmzlL,0.375,0.4,
keras,31,sudsvl,8xxSsv1,0.2857142857142857,0.3076923076923077,
keras,32,rkcridy,RKcB7DY,0.1428571428571429,0.14285714285714285,
keras,33,ziwisdz,ZlWIsDZ,0.1428571428571429,0.14285714285714285,
keras,34,,hceQvr6,0.0,0.0,yes
keras,35,copbxcg,Uopbxqc,0.5714285714285714,0.7142857142857143,
keras,36,ilxyz,MZx7C7J,0.1428571428571429,0.16666666666666666,
keras,37,,aN0giM8,0.0,0.0,yes
keras,38,sofanks,soFaNkS,0.5714285714285714,0.5714285714285714,
keras,39,ehziy,EHZ9lxl,0.0,0.0,
keras,40,,LXjRAFS,0.0,0.0,
keras,41,yafg150,YaFGI5o,0.2857142857142857,0.2857142857142857,
keras,42,,Hw9LRfB,0.0,0.0,yes
keras,43,limheze,LtMh82c,0.1428571428571429,0.14285714285714285,
keras,44,wphodcl,WphodCL,0.5714285714285714,0.5714285714285714,
keras,45,yhhzoo,yHw7oO3,0.2857142857142857,0.3076923076923077,
keras,46,qbgruak,QB9rUAk,0.2857142857142857,0.2857142857142857,
keras,47,me1407,-Me14O7,0.5714285714285714,0.6153846153846154,
keras,48,,brnOOOD,0.0,0.0,yes
keras,49,bl,6L7DDAf,0.0,0.0,
keras,50,qzbfs,zqZ2BfS,0.2857142857142857,0.3333333333333333,
keras,51,puws,EpvLOwg,0.2857142857142857,0.36363636363636365,
keras,52,wkqjorx,WkQJOrx,0.4285714285714286,0.42857142857142855,
keras,53,rngdpka,rN9DPKA,0.1428571428571429,0.14285714285714285,
keras,54,jiwpeyn,jiWpEYN,0.4285714285714286,0.42857142857142855,
keras,55,fvi6vs,I-Vi6V9,0.2857142857142857,0.3076923076923077,
keras,56,ppwivu,pPw1Vju,0.4285714285714286,0.46153846153846156,
keras,57,extl,RP-8xfL,0.1428571428571429,0.18181818181818182,
keras,58,sypes,0YipF9B,0.1428571428571429,0.16666666666666666,
keras,59,xiyolag,XrYoLAg,0.2857142857142857,0.2857142857142857,
keras,60,yobwyf,9ObwyF-,0.4285714285714286,0.46153846153846156,
keras,61,ibjgtsr,ibJGt5R,0.4285714285714286,0.42857142857142855,
keras,62,smeozuq,5mEoZUQ,0.2857142857142857,0.2857142857142857,
keras,63,n,fRgX0dQ,0.0,0.0,
keras,64,lotzrz,zLptzR2,0.2857142857142857,0.3076923076923077,
keras,65,ckkwupo,dkkwup0,0.7142857142857143,0.7142857142857143,
keras,66,urmqidu,URMqiDu,0.4285714285714286,0.42857142857142855,
keras,67,,sT77bIm,0.0,0.0,
keras,68,b23zl,523zTU8,0.4285714285714286,0.5,
keras,69,ayybd,ayqyb-d,0.7142857142857143,0.8333333333333334,
keras,70,,PPRc8cP,0.0,0.0,
keras,71,iooosjx,l0Oo5JX,0.1428571428571429,0.14285714285714285,
keras,72,tzmhohm,tZube6W,0.1428571428571429,0.14285714285714285,
keras,73,kisxuof,KJ5Xu0f,0.2857142857142857,0.2857142857142857,
keras,74,vcxowe,LJcxQwF,0.4285714285714286,0.46153846153846156,
keras,75,ynz,n11nYm7,0.1428571428571429,0.2,
keras,76,,qJT8jXQ,0.0,0.0,yes
keras,77,xorc,pt1XQRC,0.0,0.0,
keras,78,yikxvty,yIkxVTY,0.4285714285714286,0.42857142857142855,
keras,79,pbntxs,PbntXS-,0.4285714285714286,0.46153846153846156,
keras,80,zeowmee,7e6wMEE,0.2857142857142857,0.2857142857142857,
keras,81,ssll,TKTEsuM,0.1428571428571429,0.18181818181818182,
keras,82,bounkaa,50TNkd7,0.1428571428571429,0.14285714285714285,
keras,83,otbsios,otb51QS,0.4285714285714286,0.42857142857142855,
keras,84,2israhl,21srAhI,0.5714285714285714,0.5714285714285714,
keras,85,zwtcdku,7wtcdKu,0.7142857142857143,0.7142857142857143,
keras,86,zhizhbe,2H1ZhBH,0.1428571428571429,0.14285714285714285,
keras,87,,G6OG1YG,0.0,0.0,yes
keras,88,hprkqtu,HprKqtU,0.5714285714285714,0.5714285714285714,
keras,89,pcifcijm,Pc9fcjM,0.5,0.5333333333333333,
keras,90,usokoo,vs9kooB,0.5714285714285714,0.6153846153846154,
keras,91,,Z5eGiYd,0.0,0.0,yes
keras,92,gfoxqey,GfoXqeY,0.5714285714285714,0.5714285714285714,
keras,93,lyxyink,lYxY7NK,0.2857142857142857,0.2857142857142857,
keras,94,welghal,wElqhqB,0.4285714285714286,0.42857142857142855,
keras,95,wedsodo,WFDs6DO,0.1428571428571429,0.14285714285714285,
keras,96,c,ZYkvXnh,0.0,0.0,
keras,97,,rNxOUGw,0.0,0.0,
keras,98,bpkwefa,6PkWEF4,0.1428571428571429,0.14285714285714285,
keras,99,ece,iEc3tB-,0.1428571428571429,0.2,
keras,100,oyhxztd,oyHXZtD,0.4285714285714286,0.42857142857142855,
keras,101,mzqrohw,mzqr9HW,0.5714285714285714,0.5714285714285714,
keras,102,oqwizalm,OqwizaM,0.625,0.6666666666666666,
keras,103,orpkniks,OrPkhkS,0.375,0.4,
keras,104,bdbsxpo,BdbSXp0,0.4285714285714286,0.42857142857142855,
keras,105,2dxohhz,2dxOhH7,0.5714285714285714,0.5714285714285714,
keras,106,atocliy,Mt0cIiy,0.5714285714285714,0.5714285714285714,
keras,107,nsglefs,N8GLgf8,0.1428571428571429,0.2857142857142857,
keras,108,xdrguzd,xdRGuZD,0.4285714285714286,0.42857142857142855,
keras,109,,LxyF2MS,0.0,0.0,
keras,110,inao,OIG4mA0,0.0,0.0,
keras,111,balgmih,BaL6MlH,0.1428571428571429,0.2857142857142857,
keras,112,vandsz,vaND87j,0.2857142857142857,0.3076923076923077,
keras,113,vozeyse,V8zYy3H,0.2857142857142857,0.2857142857142857,
keras,114,srgo6z,5-rg06z,0.5714285714285714,0.6153846153846154,
keras,115,lobtscl,l93T8cN,0.2857142857142857,0.2857142857142857,
keras,116,chpgjib,xhp6jiB,0.5714285714285714,0.5714285714285714,
keras,117,ysotz,YC930t9,0.1428571428571429,0.16666666666666666,
keras,118,vxloxh,vX-10xh,0.4285714285714286,0.46153846153846156,
keras,119,oe,pHBGnUx,0.0,0.0,yes
keras,120,jgsepd,LJ6SEpD,0.1428571428571429,0.15384615384615385,
keras,121,cowllc,tQwLZch,0.2857142857142857,0.15384615384615385,
keras,122,,TEXpMcg,0.0,0.0,
keras,123,nzwipg,nzwnUP9,0.4285714285714286,0.46153846153846156,
keras,124,vtujsct,vTuJ5C1,0.2857142857142857,0.2857142857142857,
keras,125,,sAqmOTZ,0.0,0.0,
keras,126,hfcwli,HfCwl-j,0.4285714285714286,0.46153846153846156,
keras,127,,9lx3cDt,0.0,0.0,yes
keras,128,byhzmox,6yH7MOx,0.2857142857142857,0.2857142857142857,
keras,129,tghgab,1tghgXb,0.7142857142857143,0.7692307692307693,
keras,130,soehskc,soEhSkC,0.5714285714285714,0.5714285714285714,
keras,131,peplapq,p8Plapq,0.7142857142857143,0.7142857142857143,
keras,132,uzxous,uZ3xovs,0.5714285714285714,0.6153846153846154,
keras,133,ivpe,9vP-Ieq,0.2857142857142857,0.36363636363636365,
keras,134,jtshmsj,jt5HMSJ,0.2857142857142857,0.2857142857142857,
keras,135,ugay,Ug4y--R,0.2857142857142857,0.36363636363636365,
keras,136,csmibl,HFc8Mbt,0.1428571428571429,0.3076923076923077,
keras,137,bsgoiep,63goIEp,0.4285714285714286,0.42857142857142855,
keras,138,vmaxghc,vmgxGHC,0.4285714285714286,0.42857142857142855,
keras,139,afvem,dFVEfmg,0.1428571428571429,0.3333333333333333,
keras,140,zhkdeum,7hKdeum,0.7142857142857143,0.7142857142857143,
keras,141,idudlz,7duDL7t,0.2857142857142857,0.3076923076923077,
keras,142,n14k77l,n14k77L,0.8571428571428572,0.8571428571428571,
keras,143,sxtogkd,SxfoJkq,0.4285714285714286,0.42857142857142855,
keras,144,pkrbtva,pKRBfv7,0.2857142857142857,0.2857142857142857,
keras,145,abamm,776b4Mm,0.2857142857142857,0.3333333333333333,
keras,146,evuluzd,tVuluzJ,0.5714285714285714,0.5714285714285714,
keras,147,ozwqkfe,pZWQkFe,0.2857142857142857,0.2857142857142857,
keras,148,nizamqo,Ntz4MQ8,0.1428571428571429,0.14285714285714285,yes
keras,149,,3or2Dm8,0.0,0.0,
keras,150,vanl,VqwLjCp,0.0,0.0,yes
keras,151,opmnclw,0PmNcLW,0.2857142857142857,0.2857142857142857,
keras,152,mgojmpe,MGojMPE,0.2857142857142857,0.2857142857142857,
keras,153,sjqaqep,5jQ4Qep,0.4285714285714286,0.42857142857142855,
keras,154,,B5CszKV,0.0,0.0,yes
keras,155,fmlodb,F6MLQDB,0.0,0.0,
keras,156,vbwcu,hybwcUI,0.4285714285714286,0.5,
keras,157,iz8o1,xFlZ30l,0.0,0.0,yes
keras,158,zbzerga,2BZEYqq,0.0,0.0,
keras,159,glmibfd,gLm1bfD,0.5714285714285714,0.5714285714285714,
keras,160,wbyqqxz,wByqqxZ,0.7142857142857143,0.7142857142857143,
keras,161,gisanl,yGlsanI,0.4285714285714286,0.46153846153846156,yes
keras,162,,GfoqnN2,0.0,0.0,
keras,163,xtozne,tXtOznH,0.4285714285714286,0.46153846153846156,
keras,164,shurjec,shvtjEC,0.4285714285714286,0.42857142857142855,
keras,165,zbtgz6,1Zbtqz3,0.4285714285714286,0.46153846153846156,
keras,166,,qD8ZoNU,0.0,0.0,yes
keras,167,adjiqua,aDjiQu4,0.5714285714285714,0.5714285714285714,
keras,168,f31vay,F31V4Y-,0.2857142857142857,0.3076923076923077,
keras,169,meboloa,mEboLoa,0.7142857142857143,0.7142857142857143,
keras,170,fwwwaob,FWywaob,0.5714285714285714,0.5714285714285714,
keras,171,bfqkia8,BFQk9A8,0.2857142857142857,0.2857142857142857,
keras,172,itiuuwo,iTiUuwo,0.7142857142857143,0.7142857142857143,
keras,173,ecmbbiv,ecmBBlV,0.4285714285714286,0.42857142857142855,
keras,174,vuw,XUWh0FF,0.0,0.0,
keras,175,vabotjo,Va3oTj6,0.4285714285714286,0.42857142857142855,
keras,176,listia,x1TsTI4,0.1428571428571429,0.15384615384615385,
keras,177,elyseoe,FLY3FOF,0.0,0.0,
keras,178,,qchHcHw,0.0,0.0,yes
keras,179,zboovno,ZB6oVNo,0.2857142857142857,0.2857142857142857,
keras,180,locyo,iLocy9l,0.4285714285714286,0.5,
keras,181,ksptad,kspt-ad,0.8571428571428572,0.9230769230769231,
keras,182,igtoidid,i9ToIDb,0.25,0.26666666666666666,
keras,183,rkjodns,RK30DN5,0.0,0.0,
keras,184,pglntao,PglntAO,0.5714285714285714,0.5714285714285714,
keras,185,oo,-k6qceX,0.0,0.0,
keras,186,,HwVCgYg,0.0,0.0,
keras,187,aoqvxu,1aOQVXO,0.1428571428571429,0.15384615384615385,
keras,188,,GrvKMzW,0.0,0.0,yes
keras,189,exgqjxy,8XgqJxY,0.4285714285714286,0.42857142857142855,
keras,190,ylxv,YLxv-C0,0.2857142857142857,0.36363636363636365,
keras,191,qgdzkuo,Q6D7kUo,0.2857142857142857,0.2857142857142857,
keras,192,usfswta,usFSWTa,0.4285714285714286,0.42857142857142855,
keras,193,gabzaue,G4bZque,0.4285714285714286,0.42857142857142855,
keras,194,,oWTLX6B,0.0,0.0,
keras,195,udig,Yr1bTm9,0.0,0.0,yes
keras,196,fsurmk,tf5uRmK,0.4285714285714286,0.46153846153846156,
keras,197,8900,g89dOxA,0.2857142857142857,0.36363636363636365,
keras,198,hazootx,Ha2o0tx,0.5714285714285714,0.5714285714285714,
keras,199,,5vYiWem,0.0,0.0,yes
keras,200,fivlywo,f9vLywO,0.5714285714285714,0.5714285714285714,
keras,201,,-dJKYAT,0.0,0.0,yes
keras,202,izivenz,j7ly8nZ,0.1428571428571429,0.14285714285714285,
keras,203,ovntgh,ovnT4GH,0.4285714285714286,0.46153846153846156,
keras,204,ligelcj,li6e7cJ,0.5714285714285714,0.5714285714285714,
keras,205,lo,X6uI8f-,0.0,0.0,yes
keras,206,kuglcs,KUgiLCS,0.1428571428571429,0.15384615384615385,
keras,207,lptuzbe,LPTuz6E,0.2857142857142857,0.2857142857142857,
keras,208,pgszm,NpG92mE,0.2857142857142857,0.3333333333333333,
keras,209,ymimgs,yMIlMgs,0.4285714285714286,0.46153846153846156,
keras,210,tdzpowd,TD2PowU,0.2857142857142857,0.2857142857142857,
keras,211,lrnxnhs,L3NxnHX,0.2857142857142857,0.2857142857142857,
keras,212,fpxzrg,flpXzrg,0.7142857142857143,0.7692307692307693,
keras,213,mgeoruj,mge6rUJ,0.5714285714285714,0.5714285714285714,
keras,214,blgsz,bLQ8zJI,0.2857142857142857,0.3333333333333333,
keras,215,e,Of7Ulwm,0.0,0.0,
keras,216,gstfaly,g57FalY,0.4285714285714286,0.42857142857142855,
keras,217,dssuozl,DS5u0zl,0.4285714285714286,0.42857142857142855,
keras,218,embozof,eMbO20F,0.2857142857142857,0.2857142857142857,
keras,219,,YiW783W,0.0,0.0,
keras,220,ll,MdinqCV,0.0,0.0,
keras,221,xamcjvs,XAMCJV5,0.0,0.0,
keras,222,thbjrfb,ThBJrFb,0.4285714285714286,0.2857142857142857,
keras,223,egoigle,E9oiglF,0.5714285714285714,0.5714285714285714,
keras,224,yvrryt,jYvRryT,0.4285714285714286,0.46153846153846156,
keras,225,auy,AUyMNen,0.1428571428571429,0.2,
keras,226,fojuetn,FQJUeTN,0.1428571428571429,0.14285714285714285,
keras,227,jpkbkap,jpk3K9p,0.5714285714285714,0.5714285714285714,
keras,228,lamompo,1Am9mpc,0.4285714285714286,0.42857142857142855,
keras,229,ektkhrg,EKTKHrg,0.2857142857142857,0.2857142857142857,
keras,230,srazui,3R-A2Ui,0.1428571428571429,0.15384615384615385,
keras,231,busopl,aBusQpl,0.5714285714285714,0.6153846153846154,
keras,232,sthcfmq,5thCFmQ,0.4285714285714286,0.42857142857142855,
keras,233,ohcozya,ohcOzYA,0.5714285714285714,0.5714285714285714,
keras,234,jorhkiu,JoRHklU,0.2857142857142857,0.2857142857142857,
keras,235,s2,wTS2Wj5,0.1428571428571429,0.2222222222222222,yes
keras,236,svilp2,tSVI1p2,0.2857142857142857,0.3076923076923077,
keras,237,,3FP0Atl,0.0,0.0,
keras,238,,P07MUN-,0.0,0.0,
keras,239,,W48Xupg,0.0,0.0,
keras,240,milvipl,mILVipb,0.4285714285714286,0.42857142857142855,
keras,241,maszebi,maS2eBI,0.4285714285714286,0.42857142857142855,
keras,242,,w1yiB9J,0.0,0.0,yes
keras,243,dpsceoz,dPSceOz,0.5714285714285714,0.5714285714285714,
keras,244,cyxfotr,CyXF2tR,0.2857142857142857,0.2857142857142857,
keras,245,,X0uLEsC,0.0,0.0,
keras,246,nbhsqmw,nBHSQMW,0.1428571428571429,0.14285714285714285,
keras,247,mtlkvsa,MtLKvs4,0.4285714285714286,0.42857142857142855,
keras,248,,uuPbdz1,0.0,0.0,
keras,249,edttkvx,EDttKVX,0.2857142857142857,0.2857142857142857,
keras,250,,INqL43O,0.0,0.0,yes
keras,251,epkaosw,epk4O8W,0.4285714285714286,0.42857142857142855,
keras,252,,RdCK0D7,0.0,0.0,
keras,253,ksvmocd,ksvm6cD,0.7142857142857143,0.7142857142857143,
keras,254,nzsayb,7YZsaYB,0.2857142857142857,0.3076923076923077,
keras,255,yccigsp,YCC7g3p,0.2857142857142857,0.2857142857142857,
keras,256,jmutuxb,jMutuXB,0.5714285714285714,0.5714285714285714,
keras,257,,3pY8Vlb,0.0,0.0,yes
keras,258,iqasiln,iQa5JLv,0.2857142857142857,0.2857142857142857,
keras,259,bosnng,BO-8NnG,0.1428571428571429,0.15384615384615385,
keras,260,oreoon,TgRe65u,0.1428571428571429,0.15384615384615385,
keras,261,mbuxx,MI3Uxxc,0.2857142857142857,0.3333333333333333,
keras,262,eucljif,EvcJjiF,0.4285714285714286,0.42857142857142855,
keras,263,ubinaxg,ubVnnxG,0.5714285714285714,0.5714285714285714,
keras,264,,pM95FVE,0.0,0.0,yes
keras,265,,hxKpaLg,0.0,0.0,yes
keras,266,bxaxdhf,BxAXdhF,0.4285714285714286,0.42857142857142855,
keras,267,aish,mpc4iSH,0.1428571428571429,0.18181818181818182,
keras,268,awcgof,mAwCg0f,0.4285714285714286,0.46153846153846156,
keras,269,,Rt8yWu6,0.0,0.0,yes
keras,270,tiwbaw,11w3AZW,0.1428571428571429,0.15384615384615385,
keras,271,bmsz2wz,BM5Z2Wz,0.2857142857142857,0.14285714285714285,
keras,272,xiflofp,xff1ofP,0.5714285714285714,0.5714285714285714,
keras,273,,1mgvlb-,0.0,0.0,yes
keras,274,swkwwav,5WkwW4V,0.2857142857142857,0.2857142857142857,
keras,275,wfizdul,WfizduI,0.7142857142857143,0.7142857142857143,
keras,276,scbsshe,SCBJSZE,0.0,0.0,
keras,277,gzodha,J6Z0Dha,0.2857142857142857,0.3076923076923077,
keras,278,uhwdy,UhWpyga,0.2857142857142857,0.3333333333333333,
keras,279,nbayhop,N8ayh6p,0.5714285714285714,0.5714285714285714,
keras,280,ecosymw,FccSxmw,0.4285714285714286,0.42857142857142855,
keras,281,pok,117p5k3,0.2857142857142857,0.4,
keras,282,,z5kMi4s,0.0,0.0,yes
keras,283,tsyrtis,tsYrT1s,0.5714285714285714,0.5714285714285714,
keras,284,qymczek,qyMc2ek,0.7142857142857143,0.7142857142857143,
keras,285,,NDHnwdT,0.0,0.0,yes
keras,286,chvfiqg,ChVf1QG,0.2857142857142857,0.2857142857142857,
keras,287,nverso,TV--r5o,0.2857142857142857,0.3076923076923077,
keras,288,o4ylghd,04yL9hD,0.4285714285714286,0.42857142857142855,
keras,289,oarrrlk,o4RRrLk,0.4285714285714286,0.42857142857142855,
keras,290,fsfxyjo,fsFxYJ0,0.4285714285714286,0.42857142857142855,
keras,291,hlghyaa,h1qHYaA,0.2857142857142857,0.2857142857142857,
keras,292,oratdy,Ql14Tdy,0.2857142857142857,0.3076923076923077,
keras,293,lcarwie,LCaRWJe,0.2857142857142857,0.2857142857142857,
keras,294,dnlo,DCKLQYv,0.0,0.0,
keras,295,ukhiotp,uKHTQtP,0.2857142857142857,0.2857142857142857,
keras,296,jgubopi,J6UBOPL,0.0,0.0,
keras,297,cfzzous,cF7ZOuS,0.2857142857142857,0.2857142857142857,
keras,298,ad,HF5uYad,0.2857142857142857,0.4444444444444444,
keras,299,rgicmz,Rg-icMz,0.5714285714285714,0.6153846153846154,
keras,300,kozlsko,K0ZLsKc,0.1428571428571429,0.14285714285714285,
keras,301,xscfht,XSCfvht,0.4285714285714286,0.46153846153846156,
keras,302,65ofiis,65QflIS,0.4285714285714286,0.42857142857142855,
keras,303,,dJG8LZv,0.0,0.0,yes
keras,304,axmazf,bAXM2ZF,0.0,0.0,
keras,305,,j1v4C2B,0.0,0.0,
keras,306,qwizdqw,qwI2dQw,0.5714285714285714,0.5714285714285714,
keras,307,,VcvRgr3,0.0,0.0,yes
keras,308,sywnwty,89Wnwty,0.5714285714285714,0.5714285714285714,
keras,309,,nQakLYu,0.0,0.0,yes
keras,310,en,OLVr0Nq,0.0,0.0,
keras,311,ropzk,-R6p2KI,0.1428571428571429,0.16666666666666666,yes
keras,312,kzbhawr,kZbHawR,0.5714285714285714,0.5714285714285714,
keras,313,,irN2pqs,0.0,0.0,yes
keras,314,,HrZ2fxn,0.0,0.0,yes
keras,315,,wmON88G,0.0,0.0,yes
keras,316,,aqCdBcw,0.0,0.0,yes
keras,317,svibq2j,Svjbq2J,0.5714285714285714,0.5714285714285714,
keras,318,cae,3RZr2P8,0.0,0.0,yes
keras,319,cwiloj,cJw1Ioj,0.5714285714285714,0.6153846153846154,
keras,320,igdegua,hGDcqna,0.1428571428571429,0.14285714285714285,
keras,321,saxxg,y3zxx6j,0.2857142857142857,0.3333333333333333,
keras,322,ykoqnvm,yk6QNVm,0.4285714285714286,0.42857142857142855,
keras,323,yscpe,JY73CpF,0.1428571428571429,0.16666666666666666,
keras,324,vypbvou,VYpbv8w,0.4285714285714286,0.42857142857142855,
keras,325,diqwmg,5iQWmqz,0.2857142857142857,0.3076923076923077,
keras,326,fjfphdf,FJfPhDF,0.2857142857142857,0.2857142857142857,
keras,327,ksi3027,ksI3027,0.8571428571428572,0.8571428571428571,
keras,328,,YR4VQc8,0.0,0.0,yes
keras,329,kqbpx,JKq3PX0,0.1428571428571429,0.16666666666666666,
keras,330,ojn,M0JMjxy,0.1428571428571429,0.2,
keras,331,tcozac,kCoZU-b,0.1428571428571429,0.15384615384615385,
keras,332,etupdaj,eTuPD4J,0.2857142857142857,0.2857142857142857,
keras,333,dmagej,rxMa9EJ,0.1428571428571429,0.15384615384615385,
keras,334,sodz6zz,SoD76Zv,0.2857142857142857,0.2857142857142857,
keras,335,zjezgf4,ZJE7GF4,0.1428571428571429,0.14285714285714285,
keras,336,ctrrsge,ctRR5ge,0.5714285714285714,0.5714285714285714,
keras,337,zgxgrd,Y7GXgrf,0.2857142857142857,0.3076923076923077,
keras,338,khidst,kHidS1I,0.4285714285714286,0.46153846153846156,
keras,339,ctixyzw,ctlXyZW,0.4285714285714286,0.42857142857142855,
keras,340,uhzocdn,uH70cDn,0.4285714285714286,0.42857142857142855,
keras,341,lero,tJgKQyc,0.0,0.0,
keras,342,dcuxnmh,DCUXnMH,0.1428571428571429,0.14285714285714285,
keras,343,3k4wulh,3K4WuIH,0.4285714285714286,0.42857142857142855,
keras,344,ec72nb6,ec72Nb6,0.8571428571428572,0.8571428571428571,
keras,345,pvzzfab,Pv3Zfa3,0.4285714285714286,0.42857142857142855,
keras,346,rzwlge,RzWLg-e,0.4285714285714286,0.46153846153846156,
keras,347,nbe,NbekiJ-,0.2857142857142857,0.4,
keras,348,oo,-No0Ztl,0.1428571428571429,0.2222222222222222,
keras,349,gpnypz,6PnyyPZ,0.2857142857142857,0.3076923076923077,
keras,350,,ErkTooV,0.0,0.0,
keras,351,s,zirGF2z,0.0,0.0,
keras,352,kyesan,KryESqn,0.2857142857142857,0.3076923076923077,
keras,353,uepbo17,uEPbo17,0.7142857142857143,0.7142857142857143,
keras,354,eagwgla,E46wgla,0.5714285714285714,0.5714285714285714,
keras,355,,iH8ZGrK,0.0,0.0,
keras,356,gwxr,rw2GWxR,0.2857142857142857,0.36363636363636365,yes
keras,357,5g8wghx,5q8wGhX,0.5714285714285714,0.5714285714285714,
keras,358,byfysim,6yFYs9m,0.4285714285714286,0.42857142857142855,
keras,359,bixpcz,3iX-pcz,0.5714285714285714,0.6153846153846154,
keras,360,atedghn,AT8DGhn,0.2857142857142857,0.2857142857142857,
keras,361,,0bqlc1C,0.0,0.0,yes
keras,362,geaastt,GeaASTT,0.2857142857142857,0.2857142857142857,
keras,363,soldvo,IsOJdvg,0.4285714285714286,0.46153846153846156,
keras,364,jajefro,J4Jefr0,0.4285714285714286,0.42857142857142855,
keras,365,exyhbzl,exyHbzL,0.7142857142857143,0.7142857142857143,
keras,366,vmsj2q,rVM5J2q,0.2857142857142857,0.3076923076923077,
keras,367,fisl,4FF5EXJ,0.0,0.0,
keras,368,ttd64qt,ttd64Qt,0.8571428571428572,0.8571428571428571,
keras,369,xdoguvf,xd8guvf,0.8571428571428572,0.8571428571428571,
keras,370,,mppj7pn,0.0,0.0,yes
keras,371,rpykupg,RpykuPG,0.5714285714285714,0.5714285714285714,
keras,372,nsigyo,ns3GlY0,0.2857142857142857,0.3076923076923077,
keras,373,anhaxe,CUbCXF4,0.0,0.0,
keras,374,getqubo,qetQU6d,0.2857142857142857,0.2857142857142857,yes
keras,375,73tgcda,73tGCd4,0.5714285714285714,0.5714285714285714,
keras,376,tiefgzh,T1EF6Zh,0.1428571428571429,0.14285714285714285,
keras,377,agsiuzm,AGSlUzM,0.1428571428571429,0.14285714285714285,
keras,378,nudstas,nuDst4S,0.5714285714285714,0.5714285714285714,
keras,379,jookvet,JOoKveT,0.4285714285714286,0.42857142857142855,
keras,380,uprsme,xJPRsmQ,0.2857142857142857,0.3076923076923077,
keras,381,,ua51RiV,0.0,0.0,yes
keras,382,,b-V9tca,0.0,0.0,yes
keras,383,brxeymf,brxEYmf,0.7142857142857143,0.7142857142857143,
keras,384,mzduhyy,MZDuhYY,0.2857142857142857,0.2857142857142857,
keras,385,gakmvez,64KMvez,0.4285714285714286,0.42857142857142855,
keras,386,opipe,0SpHPEI,0.1428571428571429,0.16666666666666666,
keras,387,vskozn,-v5K6zn,0.4285714285714286,0.46153846153846156,
keras,388,fokdpyz,FoKdPYZ,0.2857142857142857,0.2857142857142857,
keras,389,kewaed,KkpvR-U,0.1428571428571429,0.15384615384615385,
keras,390,napctnx,N4pCTNx,0.2857142857142857,0.2857142857142857,
keras,391,ojyuvgh,OjyUVqh,0.4285714285714286,0.42857142857142855,
keras,392,pkentk,PK8NT-K,0.0,0.0,
keras,393,uckoum,UcK2ylm,0.2857142857142857,0.3076923076923077,
keras,394,nqojglc,nq0jG1q,0.4285714285714286,0.42857142857142855,
keras,395,hsofyun,HS9fYuh,0.2857142857142857,0.14285714285714285,
keras,396,icagooo,jcqG0O0,0.1428571428571429,0.14285714285714285,
keras,397,zrpew,17RpFWj,0.1428571428571429,0.16666666666666666,
keras,398,azvsbda,qzVSBDa,0.2857142857142857,0.14285714285714285,
keras,399,dylm,bYLmkcr,0.1428571428571429,0.18181818181818182,
keras,400,dzzebx,jDZZEBx,0.1428571428571429,0.15384615384615385,
keras,401,,XKIMZUo,0.0,0.0,
keras,402,nlszae,2WpBzmu,0.1428571428571429,0.15384615384615385,
keras,403,,VZG5-cF,0.0,0.0,yes
keras,404,,XtW1jf7,0.0,0.0,yes
keras,405,bbkeymp,3Bk8YMp,0.2857142857142857,0.2857142857142857,
keras,406,,nRvnT4V,0.0,0.0,
keras,407,,XrG7IWI,0.0,0.0,
keras,408,dmtcr,LvDMTCr,0.1428571428571429,0.16666666666666666,
keras,409,lkzhrs,ILKZHR8,0.0,0.0,
keras,410,ozloeyy,621oeYY,0.2857142857142857,0.2857142857142857,
keras,411,kafrbqv,k4Fr3qV,0.4285714285714286,0.42857142857142855,
keras,412,risae,lRI87xz,0.0,0.0,
keras,413,ojhgzkm,oJhGZkM,0.4285714285714286,0.42857142857142855,
keras,414,erduhoo,ErDuhO0,0.4285714285714286,0.42857142857142855,
keras,415,izfvizb,1ZfViZb,0.4285714285714286,0.2857142857142857,
keras,416,hbfg,w1vhbPG,0.2857142857142857,0.36363636363636365,
keras,417,aksyihs,4ksyIH3,0.4285714285714286,0.42857142857142855,
keras,418,jrtyoq,-jrtyOq,0.7142857142857143,0.7692307692307693,
keras,419,atgetng,AT9EtnG,0.2857142857142857,0.2857142857142857,yes
keras,420,md2iqka,md2lQk4,0.5714285714285714,0.5714285714285714,
keras,421,gbvaf,IgBV2fi,0.2857142857142857,0.3333333333333333,
keras,422,wdlehty,wDLEhty,0.5714285714285714,0.5714285714285714,
keras,423,rzbzved,rzB2ved,0.7142857142857143,0.7142857142857143,
keras,424,gofmxqs,gOfmxQS,0.5714285714285714,0.5714285714285714,
keras,425,,hbZ4cAa,0.0,0.0,yes
keras,426,sbycoa,1SbYCQ4,0.1428571428571429,0.15384615384615385,
keras,427,iqpnpu,-IQPNPU,0.0,0.0,
keras,428,xqiezg,xQiEZJG,0.2857142857142857,0.3076923076923077,
keras,429,,9cvrXMC,0.0,0.0,yes
keras,430,divhyjo,DivhYJO,0.4285714285714286,0.42857142857142855,
keras,431,,lIUkHMB,0.0,0.0,yes
keras,432,wwirgga,ww1rqGa,0.5714285714285714,0.5714285714285714,
keras,433,po41w22,p041Wz2,0.5714285714285714,0.5714285714285714,
keras,434,trezoa,trH9Eoa,0.5714285714285714,0.6153846153846154,
keras,435,xguslsy,x6Usl5y,0.5714285714285714,0.5714285714285714,
keras,436,roroed,R-0ROEd,0.1428571428571429,0.15384615384615385,
keras,437,sbosac,BbQSat5,0.2857142857142857,0.3076923076923077,yes
keras,438,,tQyCxXG,0.0,0.0,yes
keras,439,,L0G4hxR,0.0,0.0,yes
keras,440,ceecwxs,qe8Cwxx,0.4285714285714286,0.42857142857142855,
keras,441,hpowohg,HpOWQH9,0.1428571428571429,0.14285714285714285,
keras,442,edeospe,ED-oSpB,0.2857142857142857,0.2857142857142857,
keras,443,apasthf,Ap4Sthf,0.5714285714285714,0.5714285714285714,
keras,444,,LTbKZqB,0.0,0.0,yes
keras,445,drqfhfs,DRQfhfs,0.5714285714285714,0.5714285714285714,
keras,446,tl,zxIPe7U,0.0,0.0,yes
keras,447,mryv710,MrYV71O,0.4285714285714286,0.42857142857142855,
keras,448,zbllsm,6zbILSm,0.4285714285714286,0.46153846153846156,
keras,449,aeldeo,-Ae7de0,0.4285714285714286,0.46153846153846156,yes
keras,450,xeisrav,X815r4V,0.1428571428571429,0.14285714285714285,
keras,451,bolwbuz,b0JWBuz,0.4285714285714286,0.42857142857142855,
keras,452,emelqmg,emELQm9,0.4285714285714286,0.42857142857142855,
keras,453,tqbiy,tQbiyTo,0.5714285714285714,0.6666666666666666,
keras,454,ghroqe,C6H-oqq,0.2857142857142857,0.3076923076923077,
keras,455,s,tesSb-5,0.1428571428571429,0.25,
keras,456,snoa,WWlp881,0.0,0.0,yes
keras,457,weos,pwvF0-x,0.1428571428571429,0.18181818181818182,
keras,458,owyytrw,0wYyTRw,0.4285714285714286,0.42857142857142855,
keras,459,ibuszin,lbU5zjn,0.4285714285714286,0.42857142857142855,
keras,460,kiwaliy,kiW-LIx,0.2857142857142857,0.2857142857142857,
keras,461,ctocrhy,XTOCRhv,0.1428571428571429,0.14285714285714285,
keras,462,deeurix,DH8Urix,0.4285714285714286,0.42857142857142855,
keras,463,,qyYgrNO,0.0,0.0,yes
keras,464,tsgkfo,t-SGkFQ,0.2857142857142857,0.3076923076923077,
keras,465,tyihzmt,fYIHzml,0.2857142857142857,0.2857142857142857,
keras,466,fkyymz,fKY9yMZ,0.2857142857142857,0.3076923076923077,
keras,467,fqtuhtq,FqtUhtq,0.7142857142857143,0.7142857142857143,
keras,468,bbloahc,66LooHC,0.1428571428571429,0.14285714285714285,
keras,469,vxgf5l,-vXgF5l,0.5714285714285714,0.6153846153846154,
keras,470,pvhxivx,PvhxfVx,0.5714285714285714,0.5714285714285714,
keras,471,hmcecuh,hmC8CUh,0.4285714285714286,0.42857142857142855,
keras,472,koel,Kc4P3rI,0.0,0.0,yes
keras,473,yzahoas,YZ4HO43,0.0,0.0,
keras,474,azxckgt,A3xCRGr,0.1428571428571429,0.14285714285714285,
keras,475,2lqduic,2IqdU9c,0.5714285714285714,0.5714285714285714,
keras,476,o,BonRXdV,0.1428571428571429,0.25,
keras,477,wndgb,CrWNdgB,0.2857142857142857,0.3333333333333333,
keras,478,xycspho,XYCsPHo,0.2857142857142857,0.2857142857142857,
keras,479,,LTTKZFD,0.0,0.0,yes
keras,480,srverqi,SRv2-q1,0.2857142857142857,0.2857142857142857,
keras,481,,geJjSGQ,0.0,0.0,yes
keras,482,shsuip,5h-suip,0.7142857142857143,0.7692307692307693,
keras,483,genlys,YgFnLy6,0.4285714285714286,0.46153846153846156,
keras,484,ozixae,Oz9JXaE,0.2857142857142857,0.3076923076923077,
keras,485,gamxog,GFMxOq3,0.1428571428571429,0.15384615384615385,
keras,486,ofshowp,oF3H6wp,0.4285714285714286,0.42857142857142855,
keras,487,ueon,JYUgQfy,0.0,0.0,
keras,488,jezsedii,j4z8eDH,0.375,0.26666666666666666,
keras,489,lnebuzs,LNF3uZ3,0.1428571428571429,0.14285714285714285,
keras,490,,uNvT7A1,0.0,0.0,
keras,491,coesned,F0oF3KH,0.0,0.14285714285714285,
keras,492,gmubwb,U9mJbwB,0.4285714285714286,0.46153846153846156,
keras,493,moa,MoaEY5a,0.2857142857142857,0.4,
keras,494,zzmizv,ZzMlzV-,0.2857142857142857,0.3076923076923077,
keras,495,,u1h1U-4,0.0,0.0,yes
keras,496,isucodi,1SUco9i,0.4285714285714286,0.42857142857142855,
keras,497,,S1HtgUk,0.0,0.0,yes
keras,498,,ICLjmnm,0.0,0.0,
keras,499,eukgp,EukgpUA,0.5714285714285714,0.6666666666666666,
keras,500,dkwbwa,dkwbwat,0.8571428571428572,0.9230769230769231,
keras,501,pynzmzd,pYNzM2d,0.4285714285714286,0.42857142857142855,
keras,502,swomne,yswGMhR,0.2857142857142857,0.3076923076923077,yes
keras,503,oszxzih,0SZxZjh,0.2857142857142857,0.2857142857142857,
keras,504,zhejcyp,7heJC3P,0.2857142857142857,0.2857142857142857,
keras,505,xxokhom,XXOkH6M,0.1428571428571429,0.14285714285714285,
keras,506,,DZ-EMF7,0.0,0.0,
keras,507,wsbqocw,wSBQ0CW,0.1428571428571429,0.14285714285714285,
keras,508,,wrhb7pQ,0.0,0.0,
keras,509,,znclwwL,0.0,0.0,yes
keras,510,ixrctpp,1xRctpp,0.7142857142857143,0.7142857142857143,
keras,511,wingyce,wlHGg6e,0.2857142857142857,0.42857142857142855,
keras,512,bumshca,3UmShcA,0.4285714285714286,0.42857142857142855,
keras,513,zhzau,Z7fh9AU,0.1428571428571429,0.16666666666666666,
keras,514,uuhqtos,UUHqtQS,0.2857142857142857,0.2857142857142857,
keras,515,smoskda,3m6SKD-,0.1428571428571429,0.14285714285714285,
keras,516,saasokv,sdA303v,0.2857142857142857,0.2857142857142857,
keras,517,2hflols,2HFLoL5,0.2857142857142857,0.2857142857142857,
keras,518,,g4c9Xuw,0.0,0.0,yes
keras,519,z5befl,75j6EfL,0.2857142857142857,0.3076923076923077,
keras,520,,cYWWYIG,0.0,0.0,
keras,521,cpdagze,CPD4gzC,0.2857142857142857,0.2857142857142857,
keras,522,zb,Az6lKJ0,0.1428571428571429,0.2222222222222222,
keras,523,luuhmr,L1uHMrk,0.2857142857142857,0.3076923076923077,
keras,524,,kwxVDSD,0.0,0.0,
keras,525,alcogt,nLc6jGH,0.1428571428571429,0.15384615384615385,
keras,526,arjoydp,XtjOydP,0.4285714285714286,0.42857142857142855,
keras,527,,46pPE1K,0.0,0.0,yes
keras,528,ermzq5z,erMzQ5z,0.7142857142857143,0.7142857142857143,
keras,529,bebuzn,3eBu27V,0.2857142857142857,0.3076923076923077,
keras,530,goatrt3,GoAtRT3,0.4285714285714286,0.42857142857142855,
keras,531,,vMAJMun,0.0,0.0,
keras,532,,nwYmw06,0.0,0.0,yes
keras,533,ezeqido,EzEQIdo,0.4285714285714286,0.42857142857142855,
keras,534,,hKT9lFk,0.0,0.0,yes
keras,535,mnngxzn,MnNGX2n,0.2857142857142857,0.2857142857142857,
keras,536,,UPlbq5f,0.0,0.0,yes
keras,537,nmpy,0VMpv5x,0.1428571428571429,0.18181818181818182,yes
keras,538,sdoluys,5DoIUy9,0.2857142857142857,0.2857142857142857,
keras,539,woutuew,WOutuEW,0.4285714285714286,0.42857142857142855,
keras,540,7812180,Z873I80,0.4285714285714286,0.42857142857142855,
keras,541,,8HNJK6e,0.0,0.0,
keras,542,,sr7mPBv,0.0,0.0,
keras,543,cciby,zCC1-bY,0.1428571428571429,0.16666666666666666,
keras,544,awozir,yWw9zjr,0.4285714285714286,0.46153846153846156,
keras,545,rywizec,ryWT7cC,0.2857142857142857,0.42857142857142855,
keras,546,odrwtz9,oDRwt29,0.5714285714285714,0.5714285714285714,
keras,547,vvktomm,yVktOmm,0.5714285714285714,0.5714285714285714,
keras,548,djjcet,DJJC9EE,0.0,0.0,
keras,549,,I0Y1HHz,0.0,0.0,yes
keras,550,aqpchmc,4QPchmC,0.4285714285714286,0.42857142857142855,
keras,551,eyhezlb,FyHE3Ib,0.2857142857142857,0.2857142857142857,
keras,552,helheik,H8lhEIk,0.4285714285714286,0.42857142857142855,
keras,553,mmie,ifLaMW4,0.0,0.18181818181818182,
keras,554,upmpsve,uPMp5V8,0.2857142857142857,0.2857142857142857,
keras,555,hpuvljh,hpuvIJh,0.7142857142857143,0.7142857142857143,
keras,556,2b5e,72b57FT,0.4285714285714286,0.5454545454545454,
keras,557,pesscia,pe55cia,0.7142857142857143,0.7142857142857143,
keras,558,72hjlha,72hJlH4,0.5714285714285714,0.5714285714285714,
keras,559,,FMArbyX,0.0,0.0,
keras,560,,8hCChEA,0.0,0.0,yes
keras,561,abbsmin,a58SM1u,0.1428571428571429,0.14285714285714285,
keras,562,bhresx,BhB5SIX,0.1428571428571429,0.15384615384615385,
keras,563,uemirizm,UFmTr7M,0.25,0.26666666666666666,
keras,564,s,VUse61Q,0.1428571428571429,0.25,
keras,565,jidilql,JidlTql,0.5714285714285714,0.7142857142857143,
keras,566,,eFlp4sZ,0.0,0.0,yes
keras,567,kcabgao,kca8gA6,0.5714285714285714,0.5714285714285714,
keras,568,novajbe,nov4JB-,0.4285714285714286,0.42857142857142855,
keras,569,wezkpvm,WE2kPVm,0.2857142857142857,0.2857142857142857,
keras,570,maoneya,MXonRYa,0.4285714285714286,0.42857142857142855,
keras,571,,nIkHBLd,0.0,0.0,
keras,572,vbfieg,vbFiiEQ,0.4285714285714286,0.46153846153846156,
keras,573,see,ULKQnPY,0.0,0.0,yes
keras,574,hanfif,aAn3f1F,0.2857142857142857,0.46153846153846156,
keras,575,mkunupl,MKvnvpU,0.2857142857142857,0.2857142857142857,
keras,576,,oprkfvV,0.0,0.0,
keras,577,pakot,bP2k6fy,0.1428571428571429,0.16666666666666666,
keras,578,rsugie,kl5oGTE,0.0,0.0,
keras,579,451606,34516O6,0.7142857142857143,0.7692307692307693,
keras,580,,zK7Fcnh,0.0,0.0,
keras,581,pvosich,pVQsjCh,0.4285714285714286,0.42857142857142855,
keras,582,798vrl,F798VRL,0.4285714285714286,0.46153846153846156,
keras,583,,rpWPxZn,0.0,0.0,
keras,584,,Y58xYwl,0.0,0.0,yes
keras,585,slato,SLav47Q,0.1428571428571429,0.16666666666666666,
keras,586,gxbevm,9iXbFvM,0.2857142857142857,0.3076923076923077,
keras,587,viwsod,lV7W3O0,0.0,0.0,
keras,588,,ixFevij,0.0,0.0,
keras,589,aqcgbpi,4QCGBpi,0.2857142857142857,0.2857142857142857,
keras,590,obagesr,ObAQCsr,0.4285714285714286,0.42857142857142855,
keras,591,savjov,8AvJ6V-,0.1428571428571429,0.15384615384615385,
keras,592,qmzqcd,Qm7jqCD,0.2857142857142857,0.15384615384615385,
keras,593,arhgoc2,aRH60c2,0.4285714285714286,0.42857142857142855,
keras,594,stfire,STFlRe1,0.1428571428571429,0.15384615384615385,
keras,595,asqbwlh,A5QbwZH,0.2857142857142857,0.2857142857142857,
keras,596,wo,2oyMJI4,0.1428571428571429,0.2222222222222222,yes
keras,597,ggdnshn,qgDN5hr,0.2857142857142857,0.2857142857142857,
keras,598,dpuny,a-DpvnY,0.2857142857142857,0.3333333333333333,
keras,599,zabejng,z98Ejn4,0.4285714285714286,0.42857142857142855,
keras,600,lbteoa,Lbte04-,0.4285714285714286,0.46153846153846156,
keras,601,ekyte,HKYTJ-h,0.0,0.0,
keras,602,fidgiba,FiDGlBa,0.2857142857142857,0.2857142857142857,yes
keras,603,eeqjrit,e8QJrjf,0.2857142857142857,0.2857142857142857,
keras,604,,40hN5Ei,0.0,0.0,yes
keras,605,zigiant,7jG1gmt,0.1428571428571429,0.2857142857142857,
keras,606,gxcmaib,gxcmAlb,0.7142857142857143,0.7142857142857143,
keras,607,aqextio,aQexTIO,0.4285714285714286,0.42857142857142855,
keras,608,goyzngz,6Oy3NGz,0.2857142857142857,0.2857142857142857,
keras,609,,Ohhhh7J,0.0,0.0,yes
keras,610,,UQPs6LZ,0.0,0.0,yes
keras,611,tzumrh,t2umrhH,0.7142857142857143,0.7692307692307693,
keras,612,ddqaw6w,DDQaw6w,0.5714285714285714,0.5714285714285714,
keras,613,gfsrhxn,Gf5rHxn,0.5714285714285714,0.5714285714285714,
keras,614,,XFTKCL4,0.0,0.0,yes
keras,615,plijqv,p29JfQV,0.1428571428571429,0.15384615384615385,
keras,616,kogjods,Ky6J0d3,0.1428571428571429,0.14285714285714285,
keras,617,3krky,I3K2Rky,0.4285714285714286,0.5,
keras,618,geafw,l6eaFWi,0.2857142857142857,0.3333333333333333,
keras,619,,EurcOq5,0.0,0.0,yes
keras,620,,7qt4v1e,0.0,0.0,yes
keras,621,tlrrle,TLrr1-E,0.2857142857142857,0.3076923076923077,
keras,622,2mk,2Zc-2mK,0.2857142857142857,0.4,
keras,623,alipqel,A1IpQE1,0.1428571428571429,0.14285714285714285,
keras,624,ednbst,FDNJ5sT,0.1428571428571429,0.15384615384615385,
keras,625,frdsopy,frdSOPy,0.5714285714285714,0.5714285714285714,
keras,626,,Y-FFNUi,0.0,0.0,yes
keras,627,ulhqnj,ukhqmjy,0.5714285714285714,0.6153846153846154,
keras,628,soaw,r5fQyXV,0.0,0.0,yes
keras,629,waoln,sMLwa60,0.1428571428571429,0.3333333333333333,
keras,630,,aRHjnK7,0.0,0.0,
keras,631,zphgxv,zpHGX-v,0.4285714285714286,0.46153846153846156,
keras,632,hapwed,ha9pwFj,0.5714285714285714,0.6153846153846154,
keras,633,wiojvsw,w10jVsW,0.4285714285714286,0.42857142857142855,
keras,634,guwiykd,guW1YKD,0.2857142857142857,0.2857142857142857,
keras,635,svwitd,pVwJt7P,0.2857142857142857,0.3076923076923077,
keras,636,s,rx281M5,0.0,0.0,
keras,637,iominday,iOMNDAY,0.125,0.13333333333333333,
keras,638,crowkee,6R6wKEE,0.1428571428571429,0.14285714285714285,
keras,639,,Am0TAD-,0.0,0.0,yes
keras,640,jesupid,JE3uP1D,0.1428571428571429,0.14285714285714285,
keras,641,,xviod0w,0.0,0.0,
keras,642,indjzry,JndjZRY,0.4285714285714286,0.42857142857142855,
keras,643,twwssin,7Ww8SJN,0.1428571428571429,0.14285714285714285,
keras,644,hpbf6oz,HPbf6o7,0.5714285714285714,0.5714285714285714,
keras,645,gkjaxht,gkJaxhT,0.7142857142857143,0.7142857142857143,
keras,646,biohbzz,B1OHBzZ,0.1428571428571429,0.14285714285714285,
keras,647,riig,kt9SC6T,0.0,0.0,
keras,648,sdegtu,SDE9TU-,0.0,0.0,
keras,649,xessns,lX885ns,0.2857142857142857,0.3076923076923077,
keras,650,g4af4oc,G74F40c,0.2857142857142857,0.42857142857142855,
keras,651,,9WT9WBU,0.0,0.0,yes
keras,652,5cmdgg4,5CMdg94,0.5714285714285714,0.5714285714285714,
keras,653,geponl,GeP9njL,0.2857142857142857,0.3076923076923077,yes
keras,654,saxnvhes,0gxNVH2,0.125,0.13333333333333333,
keras,655,bcazyr,bc4Zvyr,0.5714285714285714,0.6153846153846154,
keras,656,oaymssv,oaym55V,0.5714285714285714,0.5714285714285714,
keras,657,ytt6lq,ytt6-Iq,0.7142857142857143,0.7692307692307693,
keras,658,mbhwwx,MbhvwX3,0.4285714285714286,0.46153846153846156,
keras,659,ipiddep,lP1dDEp,0.2857142857142857,0.14285714285714285,
keras,660,pgbohwe,PG80HW6,0.0,0.0,
keras,661,atejytq,aTejy7q,0.7142857142857143,0.7142857142857143,
keras,662,lujwxes,LUJWXE5,0.0,0.0,
keras,663,pijuwo,-PfjUw6,0.2857142857142857,0.3076923076923077,
keras,664,wslxzgb,w5LXZGB,0.1428571428571429,0.14285714285714285,
keras,665,doafus,g6aXiuJ,0.2857142857142857,0.3076923076923077,yes
keras,666,,ie0ZqXQ,0.0,0.0,yes
keras,667,,rO5-J14,0.0,0.0,
keras,668,ilnywk,q9lnyWK,0.4285714285714286,0.46153846153846156,
keras,669,wgtpxev,WgtPXEv,0.4285714285714286,0.42857142857142855,
keras,670,dpkpgoy,dPKp66y,0.4285714285714286,0.42857142857142855,
keras,671,,Yn5TWow,0.0,0.0,yes
keras,672,baoksu,BraOkSQ,0.2857142857142857,0.3076923076923077,
keras,673,ypnehhl,yPnehhI,0.7142857142857143,0.7142857142857143,
keras,674,rkyvrpt,3KYvrPT,0.2857142857142857,0.2857142857142857,
keras,675,peiclizn,PE1cL7N,0.125,0.13333333333333333,
keras,676,saulyey,8XU1YEj,0.0,0.0,
keras,677,zonhuns,z0nhUnS,0.5714285714285714,0.5714285714285714,
keras,678,wddbohj,wDDb0hJ,0.4285714285714286,0.42857142857142855,
keras,679,ev6bt5,eV6bt3J,0.5714285714285714,0.6153846153846154,
keras,680,emewb2y,EmEWb2Y,0.4285714285714286,0.42857142857142855,
keras,681,siseet,SJI8eEt,0.2857142857142857,0.3076923076923077,
keras,682,,OtKkk35,0.0,0.0,yes
keras,683,gcxvse,gCXVSEl,0.1428571428571429,0.15384615384615385,
keras,684,g5x,g5klgza,0.2857142857142857,0.4,
keras,685,mpmuya,AmPMUyA,0.2857142857142857,0.3076923076923077,
keras,686,uhoizpi,UHOi2Pc,0.1428571428571429,0.14285714285714285,
keras,687,,Hockndo,0.0,0.0,yes
keras,688,twsfdgs,Tw5fdGs,0.5714285714285714,0.5714285714285714,
keras,689,bpqvz,rBpq2VZ,0.2857142857142857,0.3333333333333333,
keras,690,,XCcu1Vk,0.0,0.0,
keras,691,ekzami,uEK7AMT,0.0,0.0,
keras,692,ripvi,BJPVLSK,0.0,0.0,
keras,693,,-Lo2od3,0.0,0.0,yes
keras,694,nsnkkde,nSNKkDE,0.2857142857142857,0.2857142857142857,
keras,695,bwdecils,3wDEcIL,0.25,0.26666666666666666,
keras,696,lgsxabt,Lg5XAbT,0.2857142857142857,0.2857142857142857,
keras,697,ibiskg,izb15kG,0.4285714285714286,0.46153846153846156,
keras,698,mgonsz,m6you5Z,0.2857142857142857,0.3076923076923077,
keras,699,gsigjug,GSlgju9,0.4285714285714286,0.42857142857142855,
keras,700,quszlf,Qu87If-,0.2857142857142857,0.3076923076923077,
keras,701,pelnr,oPKLnki,0.1428571428571429,0.16666666666666666,
keras,702,,t5ZoWpk,0.0,0.0,yes
keras,703,uanze,u7an2Cl,0.4285714285714286,0.5,
keras,704,,PlAzCYR,0.0,0.0,yes
keras,705,,aQugsWD,0.0,0.0,
keras,706,befboa,BGFbdl2,0.1428571428571429,0.15384615384615385,
keras,707,xwizfan,XWI2fAn,0.2857142857142857,0.2857142857142857,
keras,708,kshsaoz,K5hS4p2,0.1428571428571429,0.14285714285714285,
keras,709,fkczask,FKcZaBK,0.2857142857142857,0.2857142857142857,
keras,710,xjica9y,Xj9C49Y,0.2857142857142857,0.2857142857142857,
keras,711,revjoja,RFVjQjA,0.2857142857142857,0.2857142857142857,
keras,712,zgyvg,JzgyVGz,0.4285714285714286,0.5,
keras,713,alzod,aD2OtIV,0.1428571428571429,0.16666666666666666,
keras,714,bshaok,-BsHAOK,0.1428571428571429,0.15384615384615385,
keras,715,smgu,zSmqU-J,0.1428571428571429,0.18181818181818182,
keras,716,iixcaz,I17xcA2,0.2857142857142857,0.3076923076923077,
keras,717,s,3ljdjzP,0.0,0.0,
keras,718,,onQMfiz,0.0,0.0,
keras,719,cgxneg,jCGXnEG,0.1428571428571429,0.15384615384615385,
keras,720,,xGs6FKE,0.0,0.0,yes
keras,721,sawcis,Sx3yqZk,0.0,0.0,
keras,722,ccm,2JCm-EX,0.1428571428571429,0.2,
keras,723,bsslyaq,bS5IyAQ,0.2857142857142857,0.2857142857142857,
keras,724,tsugglt,t5uGGLt,0.4285714285714286,0.42857142857142855,
keras,725,ridwol,ARIdWoL,0.2857142857142857,0.3076923076923077,
keras,726,,KKAe9vW,0.0,0.0,
keras,727,zindaro,ZvND4rO,0.1428571428571429,0.14285714285714285,
keras,728,gvkgest,6VkgvSf,0.2857142857142857,0.2857142857142857,
keras,729,e,jFadGbs,0.0,0.0,yes
keras,730,zroxbkv,zr9Xbkv,0.7142857142857143,0.7142857142857143,
keras,731,sycwmic,syCWm4C,0.4285714285714286,0.42857142857142855,
keras,732,aicatoz,4icAt0Z,0.4285714285714286,0.42857142857142855,
keras,733,qzraxkk,q2rqxkk,0.7142857142857143,0.7142857142857143,
keras,734,iqiqmi,IQ1QmJl,0.1428571428571429,0.15384615384615385,
keras,735,q9r1,O9Ir1QX,0.4285714285714286,0.5454545454545454,
keras,736,,5gs5NSj,0.0,0.0,yes
keras,737,,41iXlV2,0.0,0.0,yes
keras,738,uc582d,U9C582D,0.4285714285714286,0.46153846153846156,
keras,739,eikkoge,FIkk6Ge,0.4285714285714286,0.42857142857142855,
keras,740,soa,-4d1XQy,0.0,0.0,
keras,741,phdpbv,pHdPBvv,0.4285714285714286,0.46153846153846156,
keras,742,zadogwa,3adOgWA,0.4285714285714286,0.42857142857142855,
keras,743,garfdsn,GArFd5N,0.2857142857142857,0.2857142857142857,
keras,744,dtlfowa,DtT-0WA,0.1428571428571429,0.14285714285714285,
keras,745,ocazbe,JocAz80,0.4285714285714286,0.46153846153846156,
keras,746,orarlis,oR4rLi5,0.4285714285714286,0.42857142857142855,
keras,747,wexil,4wzxWF2,0.2857142857142857,0.3333333333333333,
keras,748,umhkbu,UMHk-Bu,0.2857142857142857,0.15384615384615385,
keras,749,toets,YIqmeWY,0.1428571428571429,0.16666666666666666,
keras,750,sysbs,Z5YSBsZ,0.1428571428571429,0.16666666666666666,
keras,751,enbzy,enbzy-O,0.7142857142857143,0.8333333333333334,
keras,752,qhgmgko,QhGMgkC,0.4285714285714286,0.42857142857142855,
keras,753,psocwg,P5ocwG4,0.4285714285714286,0.46153846153846156,
keras,754,,UBBIjov,0.0,0.0,yes
keras,755,holldwl,ho1IdWL,0.4285714285714286,0.42857142857142855,
keras,756,mrgsdix,mrGSD1X,0.2857142857142857,0.2857142857142857,
keras,757,,U6RuIEN,0.0,0.0,
keras,758,yozukct,yOzUkcf,0.5714285714285714,0.5714285714285714,
keras,759,7qqsus,X7qQsuS,0.5714285714285714,0.6153846153846154,
keras,760,plzlk18,pLzLK18,0.5714285714285714,0.5714285714285714,
keras,761,ozsblo,97SbliO,0.2857142857142857,0.3076923076923077,
keras,762,ifaemt3,lfA8mt3,0.5714285714285714,0.5714285714285714,
keras,763,osmsus,QSMS0s7,0.1428571428571429,0.15384615384615385,
keras,764,izkymuv,iZKYMUV,0.1428571428571429,0.14285714285714285,
keras,765,wryjtb,-WrYJt6,0.2857142857142857,0.3076923076923077,
keras,766,pplnae,ppLbLnX,0.2857142857142857,0.46153846153846156,
keras,767,bmttex7,BmtT-X7,0.4285714285714286,0.42857142857142855,
keras,768,lizddif,lizDD9F,0.4285714285714286,0.42857142857142855,
keras,769,decgass,0EcgX4S,0.2857142857142857,0.2857142857142857,
keras,770,istbouj,isT39UJ,0.2857142857142857,0.2857142857142857,
keras,771,ankuusd,rRKdU5P,0.0,0.14285714285714285,
keras,772,utwsira,UfW9IPA,0.0,0.0,
keras,773,,4UcACID,0.0,0.0,
keras,774,tsbdpe,tj56DpE,0.2857142857142857,0.3076923076923077,
keras,775,wyarggz,VY4Rggz,0.4285714285714286,0.42857142857142855,
keras,776,kjikfilx,Xjkf9lx,0.625,0.6666666666666666,
keras,777,,Di7o1Qo,0.0,0.0,
keras,778,jljube,jJLJu5e,0.4285714285714286,0.46153846153846156,
keras,779,htijeks,hT1jeks,0.7142857142857143,0.7142857142857143,
keras,780,vtzwpo,VTzWPq9,0.1428571428571429,0.15384615384615385,
keras,781,,Tr3w8fq,0.0,0.0,
keras,782,34oswbw,34OSW3W,0.2857142857142857,0.2857142857142857,
keras,783,ajspdki,4JSpDKi,0.2857142857142857,0.2857142857142857,
keras,784,xvohhoe,xVqhH0-,0.2857142857142857,0.2857142857142857,
keras,785,ezsrgbf,Ez5rg3F,0.4285714285714286,0.42857142857142855,
keras,786,deio,IDPzifq,0.1428571428571429,0.18181818181818182,
keras,787,2buidd,M2bUIdi,0.4285714285714286,0.46153846153846156,
keras,788,kyaone,KYA6njP,0.1428571428571429,0.15384615384615385,
keras,789,wwns,wHWQn7b,0.2857142857142857,0.36363636363636365,yes
keras,790,lxghxcv,LxGHxcV,0.4285714285714286,0.42857142857142855,
keras,791,brwk,BRWkULx,0.1428571428571429,0.18181818181818182,
keras,792,qicolx,1Q1CoTX,0.1428571428571429,0.15384615384615385,
keras,793,wtaizz,-wTdI7z,0.2857142857142857,0.3076923076923077,
keras,794,ubemkke,U3EMKkL,0.1428571428571429,0.14285714285714285,
keras,795,saapuvl,Sqqpuy1,0.2857142857142857,0.2857142857142857,
keras,796,fslwizz,fSIwlZZ,0.2857142857142857,0.2857142857142857,
keras,797,mbygzzw,m3ygzZW,0.5714285714285714,0.5714285714285714,
keras,798,mjkfnsc,mjKFN5c,0.4285714285714286,0.42857142857142855,
keras,799,,klJSXXk,0.0,0.0,
keras,800,gheo,6hEoW6E,0.2857142857142857,0.36363636363636365,
keras,801,ouwss7,OuWS87W,0.2857142857142857,0.3076923076923077,
keras,802,sgalugw,3gA2uGW,0.2857142857142857,0.2857142857142857,
keras,803,s,mxpCXwS,0.0,0.0,yes
keras,804,sazz,3xYg4ZZ,0.0,0.0,
keras,805,vasivim,VAS7v7M,0.1428571428571429,0.14285714285714285,
keras,806,cstjhp,cst-jhP,0.7142857142857143,0.7692307692307693,
keras,807,ojutss,ojU75S9,0.2857142857142857,0.3076923076923077,
keras,808,p2horc3,P2HOrC3,0.4285714285714286,0.42857142857142855,
keras,809,otcrvz,9TCRVrZ,0.0,0.15384615384615385,
keras,810,imzcvvi,1mZcvvi,0.7142857142857143,0.7142857142857143,
keras,811,npoensn,NPqEN5N,0.0,0.0,
keras,812,,8dnJeLg,0.0,0.0,
keras,813,sbdunsv,sbDuNSV,0.4285714285714286,0.42857142857142855,
keras,814,toaecdb,9QAECbb,0.1428571428571429,0.14285714285714285,
keras,815,,fS1aMmk,0.0,0.0,
keras,816,,HzrbCvz,0.0,0.0,yes
keras,817,veqqxzn,VeqQx2N,0.4285714285714286,0.42857142857142855,
keras,818,ghjextw,GHjEXtw,0.4285714285714286,0.42857142857142855,
keras,819,pxzkmkm,pxzkMkM,0.7142857142857143,0.7142857142857143,
keras,820,,8rJGQ9L,0.0,0.0,yes
keras,821,ltig,GmfGFGf,0.0,0.0,yes
keras,822,,FFw3vtv,0.0,0.0,yes
keras,823,golplck,G9lpJck,0.5714285714285714,0.5714285714285714,
keras,824,fpygq5o,FpYgQ5o,0.5714285714285714,0.5714285714285714,
keras,825,zolmlal,zoLmLaI,0.5714285714285714,0.5714285714285714,
keras,826,byjjxca,3YJJxcA,0.2857142857142857,0.2857142857142857,
keras,827,ifytel,-IFytel,0.5714285714285714,0.6153846153846154,
keras,828,owhgjs,0wH7gJS,0.2857142857142857,0.3076923076923077,
keras,829,oaujjke,OauJJKf,0.2857142857142857,0.2857142857142857,
keras,830,shgkdh,o5hgkDh,0.5714285714285714,0.6153846153846154,
keras,831,,WsS1qMF,0.0,0.0,
keras,832,,F9zjUjm,0.0,0.0,
keras,833,,xLVrct3,0.0,0.0,
keras,834,agulisc,hfhJhsc,0.2857142857142857,0.2857142857142857,
keras,835,rahxxps,r4HXXps,0.4285714285714286,0.42857142857142855,
keras,836,,XC7kjp3,0.0,0.0,
keras,837,387dkqo,389DKqo,0.5714285714285714,0.5714285714285714,
keras,838,ruxriz,ru-xRI2,0.4285714285714286,0.46153846153846156,
keras,839,,AxPOhm2,0.0,0.0,yes
keras,840,s,GuEyanw,0.0,0.0,yes
keras,841,ooazqzo,OOa3QZ0,0.1428571428571429,0.14285714285714285,
keras,842,uggbhbh,UGq6hBH,0.1428571428571429,0.14285714285714285,
keras,843,tasetsc,tAsET5C,0.2857142857142857,0.2857142857142857,
keras,844,9l,-9IPnac,0.1428571428571429,0.2222222222222222,
keras,845,ijtzugf,ijtzUqF,0.5714285714285714,0.5714285714285714,
keras,846,bogrzy,f5ogRZy,0.4285714285714286,0.46153846153846156,
keras,847,,eRQsEP-,0.0,0.0,yes
keras,848,lsils,-kSlHS7,0.1428571428571429,0.16666666666666666,
keras,849,b510v44,B5l0v44,0.7142857142857143,0.7142857142857143,
keras,850,tysikfo,Ty5IkF0,0.2857142857142857,0.2857142857142857,
keras,851,zraing,ztkirRA,0.2857142857142857,0.3076923076923077,
keras,852,nkaas,Kkafxyz,0.2857142857142857,0.3333333333333333,
keras,853,cugaun,CvGxvzm,0.0,0.0,
keras,854,vgwsclo,VGW5CLo,0.1428571428571429,0.14285714285714285,
keras,855,atdblis,Atdbli3,0.7142857142857143,0.7142857142857143,
keras,856,bvitv,lBVvltV,0.2857142857142857,0.3333333333333333,
keras,857,whiimop,Wh9IMOP,0.1428571428571429,0.14285714285714285,
keras,858,gxsieng,gX8lEng,0.4285714285714286,0.42857142857142855,
keras,859,sruxrzg,3Ruxr2G,0.4285714285714286,0.42857142857142855,
keras,860,cawi,wOv9wJD,0.1428571428571429,0.18181818181818182,
keras,861,gzb99zo,Gzb99zo,0.8571428571428572,0.8571428571428571,
keras,862,ieuwzsf,lEuw2sf,0.5714285714285714,0.5714285714285714,
keras,863,zsawen,Zy8dwLa,0.1428571428571429,0.15384615384615385,
keras,864,spiaqcl,SpIaqcL,0.5714285714285714,0.5714285714285714,
keras,865,,xjIFUKU,0.0,0.0,yes
keras,866,,MDBlN78,0.0,0.0,
keras,867,uagbpky,Uaq6PKy,0.2857142857142857,0.2857142857142857,
keras,868,,FUT7Bwb,0.0,0.0,yes
keras,869,,AD4UWTZ,0.0,0.0,
keras,870,ncoyxdo,nCoyx90,0.5714285714285714,0.5714285714285714,
keras,871,salonre,SaIo3rE,0.4285714285714286,0.42857142857142855,
keras,872,s,YZUZ7lk,0.0,0.0,
keras,873,,zCyBgR4,0.0,0.0,
keras,874,wiwrit,lWlWRlT,0.0,0.0,
keras,875,akyimg,AKyjmg3,0.4285714285714286,0.46153846153846156,
keras,876,pn7,Pn7mIGa,0.2857142857142857,0.4,
keras,877,pjrbbku,pjk66KU,0.2857142857142857,0.42857142857142855,
keras,878,vbjo,-JvBj-Q,0.2857142857142857,0.36363636363636365,
keras,879,ljvedkw,LjvEDkw,0.5714285714285714,0.5714285714285714,
keras,880,kezuuki,Ke9uukn,0.5714285714285714,0.5714285714285714,
keras,881,ffbbz24,ff6BZ24,0.5714285714285714,0.5714285714285714,
keras,882,mhbkkke,mHbkKKH,0.4285714285714286,0.42857142857142855,
keras,883,wavudkn,W4VUdkN,0.2857142857142857,0.2857142857142857,
keras,884,dmvfuar,pmVFUaR,0.2857142857142857,0.2857142857142857,
keras,885,flabviu,F1Abv1u,0.4285714285714286,0.42857142857142855,
keras,886,sozbmbn,So7bMBn,0.4285714285714286,0.42857142857142855,
keras,887,jaxzchx,jaXzcHX,0.5714285714285714,0.5714285714285714,
keras,888,eqz,FHEq7Ah,0.1428571428571429,0.2,
keras,889,jwahdus,JW4hDU5,0.1428571428571429,0.14285714285714285,
keras,890,koojxiq,k9oJx7q,0.5714285714285714,0.5714285714285714,
keras,891,krxretj,Krxretj,0.8571428571428572,0.8571428571428571,
keras,892,,vOMr9cj,0.0,0.0,yes
keras,893,,d1KxzPb,0.0,0.0,yes
keras,894,czstz,CZ8Tft7,0.1428571428571429,0.16666666666666666,
keras,895,s,Qxw3lBr,0.0,0.0,yes
keras,896,gbjmouj,GbJMOUj,0.2857142857142857,0.2857142857142857,
keras,897,,Pffx5Ds,0.0,0.0,yes
keras,898,kvpknzo,XvpKN2o,0.4285714285714286,0.42857142857142855,
keras,899,oapshye,oapShyB,0.7142857142857143,0.7142857142857143,
keras,900,,hy1oWiD,0.0,0.0,yes
keras,901,ddptosa,DDPtoSA,0.2857142857142857,0.2857142857142857,
keras,902,tuan,aH-wxu3,0.0,0.18181818181818182,yes
keras,903,mvbbph,HmVBbph,0.5714285714285714,0.6153846153846154,
keras,904,sjrg81h,SjrG81H,0.5714285714285714,0.5714285714285714,
keras,905,,Zh27w4F,0.0,0.0,
keras,906,,yznzbZo,0.0,0.0,
keras,907,gzulzpd,GzUL7pd,0.4285714285714286,0.42857142857142855,
keras,908,tpfiqfw,TPFiqfw,0.5714285714285714,0.5714285714285714,
keras,909,exlugm,IFxIUGm,0.2857142857142857,0.3076923076923077,
keras,910,,EJwwcc1,0.0,0.0,
keras,911,xjbpfh,XJ-bPfh,0.4285714285714286,0.46153846153846156,
keras,912,fjbresd,fjBreSd,0.7142857142857143,0.7142857142857143,
keras,913,eoovor,e0Qvi0F,0.2857142857142857,0.3076923076923077,
keras,914,wnbwp,zLwn6wp,0.5714285714285714,0.6666666666666666,
keras,915,,-WzsyFc,0.0,0.0,yes
keras,916,ses,ZvXFi0B,0.0,0.0,yes
keras,917,jkkdvot,jKkdVQt,0.5714285714285714,0.5714285714285714,
keras,918,ahnuai,x4hNU4I,0.1428571428571429,0.15384615384615385,
keras,919,ra,RaGo7ES,0.1428571428571429,0.2222222222222222,
keras,920,rjwkks,rJwk-Ks,0.5714285714285714,0.6153846153846154,
keras,921,dl,RhTZexA,0.0,0.0,
keras,922,opy2p5x,Opy2p3X,0.5714285714285714,0.5714285714285714,
keras,923,ltdafah,LTdAfaH,0.4285714285714286,0.42857142857142855,
keras,924,ocrka,0CRKa7W,0.1428571428571429,0.16666666666666666,
keras,925,vitys6g,ViTYs6q,0.4285714285714286,0.42857142857142855,
keras,926,srwkysp,sRwKy5p,0.5714285714285714,0.5714285714285714,
keras,927,threkko,7HreKK9,0.2857142857142857,0.2857142857142857,
keras,928,,NuX0oJ-,0.0,0.0,
keras,929,,gr2tMIy,0.0,0.0,
keras,930,wisobxy,wISO5Xy,0.2857142857142857,0.2857142857142857,
keras,931,boxaze,boXaz8-,0.5714285714285714,0.6153846153846154,
keras,932,sdo2epz,SDO2EpZ,0.2857142857142857,0.2857142857142857,
keras,933,zmssdix,Zm5sDJx,0.4285714285714286,0.42857142857142855,
keras,934,rorxlau,RorXLAU,0.2857142857142857,0.2857142857142857,
keras,935,inmbr,wb1nMbR,0.2857142857142857,0.3333333333333333,
keras,936,jasosi,js503rW,0.1428571428571429,0.3076923076923077,
keras,937,wkcnjzg,wKcnjz9,0.7142857142857143,0.7142857142857143,
keras,938,dhbeld,OF6EeU0,0.1428571428571429,0.15384615384615385,yes
keras,939,oogvusq,o6gVuSq,0.5714285714285714,0.5714285714285714,
keras,940,augpupd,aUGPupD,0.4285714285714286,0.42857142857142855,
keras,941,rrnxa3v,rRNX43V,0.2857142857142857,0.2857142857142857,
keras,942,apousm,fJPOu3m,0.2857142857142857,0.3076923076923077,
keras,943,aanwjibo,aaNwjbO,0.625,0.6666666666666666,
keras,944,dfmhzo6,DfmHZ06,0.4285714285714286,0.42857142857142855,
keras,945,ubexqco,u3exQCo,0.5714285714285714,0.5714285714285714,
keras,946,cdtdcaw,CDTDc4W,0.1428571428571429,0.14285714285714285,
keras,947,kyuikki,KYUlKKn,0.0,0.0,
keras,948,langad,qLAxgAD,0.1428571428571429,0.15384615384615385,
keras,949,kmlos6,km1Q-86,0.4285714285714286,0.46153846153846156,
keras,950,bbjive,z33JrV6,0.0,0.0,
keras,951,osizfy,O5JZFYj,0.0,0.0,
keras,952,dakon,BXk9oXz,0.2857142857142857,0.3333333333333333,
keras,953,zmoc,xd-ZMOC,0.0,0.0,
keras,954,uysubn,UySUb7V,0.2857142857142857,0.3076923076923077,
keras,955,rlmfqly,rLMfQLV,0.2857142857142857,0.2857142857142857,
keras,956,avcwoxk,AVcw9xk,0.5714285714285714,0.5714285714285714,
keras,957,ocgwotb,oCgWOTb,0.4285714285714286,0.42857142857142855,
keras,958,c,6MvIjLR,0.0,0.0,
keras,959,xxawyxf,xXAwyxf,0.7142857142857143,0.7142857142857143,
keras,960,riwol64,RjW0L64,0.2857142857142857,0.2857142857142857,
keras,961,kipmym,kqjpMym,0.5714285714285714,0.6153846153846154,
keras,962,zbtrweg,Zbfrweg,0.7142857142857143,0.7142857142857143,
keras,963,wiohmkt,wlvhmk4,0.5714285714285714,0.5714285714285714,
keras,964,lreqiec,LreQ9EC,0.2857142857142857,0.2857142857142857,
keras,965,lydbb,ivjydbb,0.5714285714285714,0.6666666666666666,
keras,966,gchgmeo,GcHqM-o,0.2857142857142857,0.2857142857142857,
keras,967,umtbaao,umTBAAo,0.4285714285714286,0.42857142857142855,
keras,968,i2muwij,i2MUw9J,0.4285714285714286,0.42857142857142855,
keras,969,xwcl6o1,xwcl6OI,0.7142857142857143,0.7142857142857143,
keras,970,osqvzst,O5QvzSf,0.2857142857142857,0.2857142857142857,
keras,971,ncriujt,NCRlUjt,0.2857142857142857,0.2857142857142857,
keras,972,yodorwe,y0DORw8,0.2857142857142857,0.2857142857142857,
keras,973,4hsgyg6,4hSgYG6,0.5714285714285714,0.5714285714285714,
keras,974,,zLOwmYS,0.0,0.0,yes
keras,975,dipsvde,dIPsvde,0.7142857142857143,0.7142857142857143,
keras,976,ckligu,RKL19Uk,0.0,0.15384615384615385,
keras,977,,pDDX3xV,0.0,0.0,
keras,978,,NmpUFpg,0.0,0.0,yes
keras,979,mkie,tvRHR-r,0.0,0.0,
keras,980,kqz9,66rKq79,0.2857142857142857,0.36363636363636365,
keras,981,,0Vfveni,0.0,0.0,yes
keras,982,,Y23mMNv,0.0,0.0,yes
keras,983,hibysn,h1lBy8N,0.2857142857142857,0.3076923076923077,
keras,984,,oHEenew,0.0,0.0,
keras,985,tbeos,rNBFI09,0.0,0.0,
keras,986,zcige,ZVC-IGE,0.0,0.0,
keras,987,pnfqzkz,pnFq7k4,0.5714285714285714,0.5714285714285714,
keras,988,wjziodj,wJZI0dj,0.4285714285714286,0.42857142857142855,
keras,989,mlkwgge,MLKWGge,0.2857142857142857,0.2857142857142857,
keras,990,zbpcac,nZbpCAO,0.2857142857142857,0.3076923076923077,
keras,991,okaoon,T8XkQQh,0.0,0.15384615384615385,
keras,992,traltpkz,trqTPkZ,0.375,0.4,
keras,993,cykizyc,cyK1zyc,0.7142857142857143,0.7142857142857143,
keras,994,gsland,6l5tdVd,0.1428571428571429,0.3076923076923077,
keras,995,harlt,QQrEgJu,0.1428571428571429,0.16666666666666666,yes
keras,996,yqpauj,5yQPAUj,0.2857142857142857,0.3076923076923077,
keras,997,,Qscpzla,0.0,0.0,yes
keras,998,,k0OODkf,0.0,0.0,
keras,999,mwelsoe,mweTs8F,0.5714285714285714,0.5714285714285714,
