model,image,prediction,ground truth,1-NED,difflib ratio,difficult image
google ocr,0,vTS6zYj,vTS6zYj,1.0,1.0,
google ocr,1,qqgRair,qqgRa1r,0.8571428571428572,0.8571428571428571,
google ocr,2,RES,R4rgKRG,0.1428571428571429,0.2,yes
google ocr,3,c1Gd8xr,c1Gd8xr,1.0,1.0,
google ocr,4,g8HGZEE,g8HGzEE,0.8571428571428572,0.8571428571428571,
google ocr,5,FIPP,2pHlbP7,0.1428571428571429,0.18181818181818182,yes
google ocr,6,ZheF93m,ZheF93m,1.0,1.0,
google ocr,7,YaGiB,YqGiBJf,0.5714285714285714,0.6666666666666666,
google ocr,8,QC4vmRI,QC4vmRI,1.0,1.0,
google ocr,9,9y5x1YK,9y5x1YK,1.0,1.0,
google ocr,10,NO23t9j,NO23t9j,1.0,1.0,
google ocr,11,XOZNual,xOZNuaI,0.7142857142857143,0.7142857142857143,
google ocr,12,zl6WL-R,Zl6WL-B,0.7142857142857143,0.7142857142857143,
google ocr,13,pXNMY,RpxNMy0,0.4285714285714286,0.5,
google ocr,14,,HPYDI4c,0.0,0.0,yes
google ocr,15,11бобов,qcg09ve,0.0,0.0,
google ocr,16,al,v3aMWaI,0.1428571428571429,0.2222222222222222,
google ocr,17,[l-aQnrt,l-aQnrt,0.875,0.9333333333333333,
google ocr,18,GOTHIC,L21HfOE,0.1428571428571429,0.15384615384615385,yes
google ocr,19,oGPxldC,oGPxldC,1.0,1.0,
google ocr,20,3sm2zja,3sm2zja,1.0,1.0,
google ocr,21,nZgjSNN,nZgjSNN,1.0,1.0,
google ocr,22,,sSrX-hj,0.0,0.0,
google ocr,23,"XDCGA-
KE",Y-vb5ax,0.0,0.125,
google ocr,24,XcJtrx,nXcJtrx,0.8571428571428572,0.9230769230769231,
google ocr,25,84wQKIA,84wQKlA,0.8571428571428572,0.8571428571428571,
google ocr,26,,Tm8kH9d,0.0,0.0,yes
google ocr,27,YIPMIYO,yIpM1YO,0.5714285714285714,0.5714285714285714,
google ocr,28,UkstCko,UkstCk6,0.8571428571428572,0.8571428571428571,
google ocr,29,WkQOGbM,WkQOGbM,1.0,1.0,
google ocr,30,McRmzll,McRmzlL,0.8571428571428572,0.8571428571428571,
google ocr,31,JASSXXS,8xxSsv1,0.1428571428571429,0.14285714285714285,
google ocr,32,RKCBZDY,RKcB7DY,0.7142857142857143,0.7142857142857143,
google ocr,33,ZIWISDZ,ZlWIsDZ,0.7142857142857143,0.7142857142857143,
google ocr,34,,hceQvr6,0.0,0.0,yes
google ocr,35,Jopbxqc,Uopbxqc,0.8571428571428572,0.8571428571428571,
google ocr,36,SIZx707),MZx7C7J,0.5,0.5333333333333333,
google ocr,37,,aN0giM8,0.0,0.0,yes
google ocr,38,soFaNkS,soFaNkS,1.0,1.0,
google ocr,39,FH79lxl,EHZ9lxl,0.7142857142857143,0.7142857142857143,
google ocr,40,LXJRAFS,LXjRAFS,0.8571428571428572,0.8571428571428571,
google ocr,41,YaFG150,YaFGI5o,0.7142857142857143,0.7142857142857143,
google ocr,42,-WYLPRE,Hw9LRfB,0.1428571428571429,0.2857142857142857,yes
google ocr,43,,LtMh82c,0.0,0.0,
google ocr,44,WphodCh,WphodCL,0.8571428571428572,0.8571428571428571,
google ocr,45,yHw7003,yHw7oO3,0.7142857142857143,0.7142857142857143,
google ocr,46,QB9rUAk,QB9rUAk,1.0,1.0,
google ocr,47,-Me1407,-Me14O7,0.8571428571428572,0.8571428571428571,
google ocr,48,,brnOOOD,0.0,0.0,yes
google ocr,49,6L7DDAF,6L7DDAf,0.8571428571428572,0.8571428571428571,
google ocr,50,zqZzBfS,zqZ2BfS,0.8571428571428572,0.8571428571428571,
google ocr,51,EpyLOwg,EpvLOwg,0.8571428571428572,0.8571428571428571,
google ocr,52,WkQJOrx,WkQJOrx,1.0,1.0,
google ocr,53,TN9DPKA,rN9DPKA,0.8571428571428572,0.8571428571428571,
google ocr,54,jiWpEYN,jiWpEYN,1.0,1.0,
google ocr,55,1-Vi6V9,I-Vi6V9,0.8571428571428572,0.8571428571428571,
google ocr,56,pPw1Vju,pPw1Vju,1.0,1.0,
google ocr,57,RP-8xfL,RP-8xfL,1.0,1.0,
google ocr,58,0YipF9B,0YipF9B,1.0,1.0,
google ocr,59,XrYoLAg,XrYoLAg,1.0,1.0,
google ocr,60,9ObwyF-,9ObwyF-,1.0,1.0,
google ocr,61,ibJGt5R,ibJGt5R,1.0,1.0,
google ocr,62,5mEOZUQ,5mEoZUQ,0.8571428571428572,0.8571428571428571,
google ocr,63,,fRgX0dQ,0.0,0.0,
google ocr,64,zLptzR2,zLptzR2,1.0,1.0,
google ocr,65,dkkwupc,dkkwup0,0.8571428571428572,0.8571428571428571,
google ocr,66,URMaiDu,URMqiDu,0.8571428571428572,0.8571428571428571,
google ocr,67,sT77blm,sT77bIm,0.8571428571428572,0.8571428571428571,
google ocr,68,523z108,523zTU8,0.7142857142857143,0.7142857142857143,
google ocr,69,ayqyb-d,ayqyb-d,1.0,1.0,
google ocr,70,,PPRc8cP,0.0,0.0,
google ocr,71,10005JX,l0Oo5JX,0.5714285714285714,0.5714285714285714,
google ocr,72,+Zube6w,tZube6W,0.7142857142857143,0.7142857142857143,
google ocr,73,KJ5XuOf,KJ5Xu0f,0.8571428571428572,0.8571428571428571,
google ocr,74,LJcxQwF,LJcxQwF,1.0,1.0,
google ocr,75,nun Ym7,n11nYm7,0.5714285714285714,0.7142857142857143,
google ocr,76,,qJT8jXQ,0.0,0.0,yes
google ocr,77,ot1XORC,pt1XQRC,0.7142857142857143,0.7142857142857143,
google ocr,78,YIKxVTY,yIkxVTY,0.7142857142857143,0.7142857142857143,
google ocr,79,PbntXS,PbntXS-,0.8571428571428572,0.9230769230769231,
google ocr,80,7e6wMEE,7e6wMEE,1.0,1.0,
google ocr,81,CKTESUME,TKTEsuM,0.5,0.5333333333333333,
google ocr,82,501Nkd.,50TNkd7,0.7142857142857143,0.7142857142857143,
google ocr,83,otb510S,otb51QS,0.8571428571428572,0.8571428571428571,
google ocr,84,21srAhl,21srAhI,0.8571428571428572,0.8571428571428571,
google ocr,85,7wtcdku,7wtcdKu,0.8571428571428572,0.8571428571428571,
google ocr,86,₂HiZhBH,2H1ZhBH,0.7142857142857143,0.7142857142857143,
google ocr,87,SEGOCIVE.,G6OG1YG,0.11111111111111116,0.25,yes
google ocr,88,HprkqtU,HprKqtU,0.8571428571428572,0.8571428571428571,
google ocr,89,Pc9fcjM,Pc9fcjM,1.0,1.0,
google ocr,90,vsgkool,vs9kooB,0.7142857142857143,0.7142857142857143,
google ocr,91,75eGiyd,Z5eGiYd,0.7142857142857143,0.7142857142857143,yes
google ocr,92,GfoXqeY,GfoXqeY,1.0,1.0,
google ocr,93,IYxY7NK,lYxY7NK,0.8571428571428572,0.8571428571428571,
google ocr,94,wElghqE,wElqhqB,0.7142857142857143,0.7142857142857143,
google ocr,95,WFDs6DO,WFDs6DO,1.0,1.0,
google ocr,96,,ZYkvXnh,0.0,0.0,
google ocr,97,TNXOUGH,rNxOUGw,0.5714285714285714,0.5714285714285714,
google ocr,98,6PKWEF4,6PkWEF4,0.8571428571428572,0.8571428571428571,
google ocr,99,Ec31B-,iEc3tB-,0.7142857142857143,0.7692307692307693,
google ocr,100,oyHXZtD,oyHXZtD,1.0,1.0,
google ocr,101,mzqr9HW,mzqr9HW,1.0,1.0,
google ocr,102,OqwizaM,OqwizaM,1.0,1.0,
google ocr,103,OrPknkS,OrPkhkS,0.8571428571428572,0.8571428571428571,
google ocr,104,BdbSXpO,BdbSXp0,0.8571428571428572,0.8571428571428571,
google ocr,105,2dxOhH7,2dxOhH7,1.0,1.0,
google ocr,106,Mtocliy,Mt0cIiy,0.7142857142857143,0.7142857142857143,
google ocr,107,N8GLgfS,N8GLgf8,0.8571428571428572,0.8571428571428571,
google ocr,108,xdRGUZD,xdRGuZD,0.8571428571428572,0.8571428571428571,
google ocr,109,LNYF2MS,LxyF2MS,0.7142857142857143,0.7142857142857143,
google ocr,110,OIG-4MAD,OIG4mA0,0.625,0.6666666666666666,
google ocr,111,BaL6MIH,BaL6MlH,0.8571428571428572,0.8571428571428571,
google ocr,112,vaND87,vaND87j,0.8571428571428572,0.9230769230769231,
google ocr,113,V8zYY3H,V8zYy3H,0.8571428571428572,0.8571428571428571,
google ocr,114,5-rg06z,5-rg06z,1.0,1.0,
google ocr,115,193T8CN,l93T8cN,0.7142857142857143,0.7142857142857143,
google ocr,116,shp6jib,xhp6jiB,0.7142857142857143,0.7142857142857143,
google ocr,117,YC93019,YC930t9,0.8571428571428572,0.8571428571428571,
google ocr,118,VX-10xh,vX-10xh,0.8571428571428572,0.8571428571428571,
google ocr,119,p-BGnU,pHBGnUx,0.7142857142857143,0.7692307692307693,yes
google ocr,120,,LJ6SEpD,0.0,0.0,
google ocr,121,,tQwLZch,0.0,0.0,
google ocr,122,,TEXpMcg,0.0,0.0,
google ocr,123,InzwnUP9,nzwnUP9,0.875,0.9333333333333333,
google ocr,124,vTuJ5C1,vTuJ5C1,1.0,1.0,
google ocr,125,AqmOTZ,sAqmOTZ,0.8571428571428572,0.9230769230769231,
google ocr,126,HfCwl-j,HfCwl-j,1.0,1.0,
google ocr,127,,9lx3cDt,0.0,0.0,yes
google ocr,128,буН7МОх,6yH7MOx,0.1428571428571429,0.14285714285714285,
google ocr,129,,1tghgXb,0.0,0.0,
google ocr,130,soEhSkC,soEhSkC,1.0,1.0,
google ocr,131,p8Plapq,p8Plapq,1.0,1.0,
google ocr,132,uZzxovs,uZ3xovs,0.8571428571428572,0.8571428571428571,
google ocr,133,9vP-Ieq,9vP-Ieq,1.0,1.0,
google ocr,134,j+5HMSJ,jt5HMSJ,0.8571428571428572,0.8571428571428571,
google ocr,135,Ug4y--R,Ug4y--R,1.0,1.0,
google ocr,136,,HFc8Mbt,0.0,0.0,
google ocr,137,63golEp,63goIEp,0.8571428571428572,0.8571428571428571,
google ocr,138,vmqxGHC,vmgxGHC,0.8571428571428572,0.8571428571428571,
google ocr,139,"-
FVEfm",dFVEfmg,0.5714285714285714,0.7142857142857143,
google ocr,140,ZhKdeum,7hKdeum,0.8571428571428572,0.8571428571428571,
google ocr,141,7duDL7t,7duDL7t,1.0,1.0,
google ocr,142,n14k77L,n14k77L,1.0,1.0,
google ocr,143,Sxfojke,SxfoJkq,0.7142857142857143,0.7142857142857143,
google ocr,144,pKRBtv/,pKRBfv7,0.7142857142857143,0.7142857142857143,
google ocr,145,776b4Mm,776b4Mm,1.0,1.0,
google ocr,146,Vuluz,tVuluzJ,0.7142857142857143,0.8333333333333334,
google ocr,147,ZWQKFO,pZWQkFe,0.5714285714285714,0.6153846153846154,
google ocr,148,"-
tz4",Ntz4MQ8,0.2857142857142857,0.5,yes
google ocr,149,SOTZ DIO,3or2Dm8,0.125,0.13333333333333333,
google ocr,150,VqwLjCp,VqwLjCp,1.0,1.0,yes
google ocr,151,OPmNcLW,0PmNcLW,0.8571428571428572,0.8571428571428571,
google ocr,152,MGojMPE,MGojMPE,1.0,1.0,
google ocr,153,5jQ4Qep,5jQ4Qep,1.0,1.0,
google ocr,154,J,B5CszKV,0.0,0.0,yes
google ocr,155,F6MLQDB,F6MLQDB,1.0,1.0,
google ocr,156,mybwel,hybwcUI,0.4285714285714286,0.46153846153846156,
google ocr,157,xFIZ301,xFlZ30l,0.7142857142857143,0.7142857142857143,yes
google ocr,158,2BZEYqq,2BZEYqq,1.0,1.0,
google ocr,159,gLm1bfD,gLm1bfD,1.0,1.0,
google ocr,160,wByqqxZ,wByqqxZ,1.0,1.0,
google ocr,161,,yGlsanI,0.0,0.0,yes
google ocr,162,Glogniz,GfoqnN2,0.4285714285714286,0.42857142857142855,
google ocr,163,tXtozniP,tXtOznH,0.625,0.6666666666666666,
google ocr,164,shvrj EC,shvtjEC,0.75,0.8,
google ocr,165,Zbtqz3,1Zbtqz3,0.8571428571428572,0.9230769230769231,
google ocr,166,,qD8ZoNU,0.0,0.0,yes
google ocr,167,aDjiQu4,aDjiQu4,1.0,1.0,
google ocr,168,F31V4Y-,F31V4Y-,1.0,1.0,
google ocr,169,mEboLoa,mEboLoa,1.0,1.0,
google ocr,170,FWywaob,FWywaob,1.0,1.0,
google ocr,171,BFQK9A8,BFQk9A8,0.8571428571428572,0.8571428571428571,
google ocr,172,iTiUuwo,iTiUuwo,1.0,1.0,
google ocr,173,ecmBBIV,ecmBBlV,0.8571428571428572,0.8571428571428571,
google ocr,174,"spappe
XUWhOFF",XUWh0FF,0.4285714285714286,0.5714285714285714,
google ocr,175,Va3oTj6,Va3oTj6,1.0,1.0,
google ocr,176,ITST14,x1TsTI4,0.4285714285714286,0.3076923076923077,
google ocr,177,FLY3FOF,FLY3FOF,1.0,1.0,
google ocr,178,Virkem,qchHcHw,0.0,0.0,yes
google ocr,179,ZB60VNO,ZB6oVNo,0.7142857142857143,0.7142857142857143,
google ocr,180,iLocygl,iLocy9l,0.8571428571428572,0.8571428571428571,
google ocr,181,kspt-ad,kspt-ad,1.0,1.0,
google ocr,182,19 Toldb,i9ToIDb,0.5,0.5333333333333333,
google ocr,183,RK30DN5,RK30DN5,1.0,1.0,
google ocr,184,PgIntAO,PglntAO,0.8571428571428572,0.8571428571428571,
google ocr,185,,-k6qceX,0.0,0.0,
google ocr,186,TW VI,HwVCgYg,0.0,0.16666666666666666,
google ocr,187,"aOQVXO
√XC",1aOQVXO,0.5,0.7058823529411765,
google ocr,188,,GrvKMzW,0.0,0.0,yes
google ocr,189,8XgqJxY,8XgqJxY,1.0,1.0,
google ocr,190,YLXV-CO,YLxv-C0,0.5714285714285714,0.5714285714285714,
google ocr,191,Q6D7kUo,Q6D7kUo,1.0,1.0,
google ocr,192,usFSWTa,usFSWTa,1.0,1.0,
google ocr,193,G4bZque,G4bZque,1.0,1.0,
google ocr,194,WTLX6B,oWTLX6B,0.8571428571428572,0.9230769230769231,
google ocr,195,,Yr1bTm9,0.0,0.0,yes
google ocr,196,ff5uRmk,tf5uRmK,0.7142857142857143,0.7142857142857143,
google ocr,197,89d0,g89dOxA,0.4285714285714286,0.5454545454545454,
google ocr,198,Ha200tx,Ha2o0tx,0.8571428571428572,0.8571428571428571,
google ocr,199,311,5vYiWem,0.0,0.0,yes
google ocr,200,f9vLywo,f9vLywO,0.8571428571428572,0.8571428571428571,
google ocr,201,,-dJKYAT,0.0,0.0,yes
google ocr,202,j7ly8nZ,j7ly8nZ,1.0,1.0,
google ocr,203,OVNT4GH,ovnT4GH,0.5714285714285714,0.5714285714285714,
google ocr,204,li6e7cJ,li6e7cJ,1.0,1.0,
google ocr,205,,X6uI8f-,0.0,0.0,yes
google ocr,206,KUGILCS,KUgiLCS,0.7142857142857143,0.7142857142857143,
google ocr,207,LPTuz6E,LPTuz6E,1.0,1.0,
google ocr,208,NpG92mE,NpG92mE,1.0,1.0,
google ocr,209,yMIIMgs,yMIlMgs,0.8571428571428572,0.8571428571428571,
google ocr,210,MODE,TD2PowU,0.0,0.18181818181818182,
google ocr,211,L3NxnHX,L3NxnHX,1.0,1.0,
google ocr,212,flpXzrg,flpXzrg,1.0,1.0,
google ocr,213,mge6rUJ,mge6rUJ,1.0,1.0,
google ocr,214,bLQ8zJr,bLQ8zJI,0.8571428571428572,0.8571428571428571,
google ocr,215,,Of7Ulwm,0.0,0.0,
google ocr,216,857Faly,g57FalY,0.7142857142857143,0.7142857142857143,
google ocr,217,DS5u0zl,DS5u0zl,1.0,1.0,
google ocr,218,eMbO20F,eMbO20F,1.0,1.0,
google ocr,219,YOW781N,YiW783W,0.5714285714285714,0.5714285714285714,
google ocr,220,,MdinqCV,0.0,0.0,
google ocr,221,XAMCJV5,XAMCJV5,1.0,1.0,
google ocr,222,ThBJrFb,ThBJrFb,1.0,1.0,
google ocr,223,Egoight,E9oiglF,0.5714285714285714,0.5714285714285714,
google ocr,224,YvRryT,jYvRryT,0.8571428571428572,0.9230769230769231,
google ocr,225,AUY MNen,AUyMNen,0.75,0.8,
google ocr,226,FQJUeTN,FQJUeTN,1.0,1.0,
google ocr,227,"jpk3к9р
K",jpk3K9p,0.5555555555555556,0.625,
google ocr,228,Am9mpo,1Am9mpc,0.7142857142857143,0.7692307692307693,
google ocr,229,EKTKHrg,EKTKHrg,1.0,1.0,
google ocr,230,3R-A2U1,3R-A2Ui,0.8571428571428572,0.8571428571428571,
google ocr,231,a BusQpl,aBusQpl,0.875,0.9333333333333333,
google ocr,232,5thCFmQ,5thCFmQ,1.0,1.0,
google ocr,233,ohcOzYA,ohcOzYA,1.0,1.0,
google ocr,234,JORHKIU,JoRHklU,0.5714285714285714,0.5714285714285714,
google ocr,235,TS2 5,wTS2Wj5,0.5714285714285714,0.6666666666666666,yes
google ocr,236,tSVII 2,tSVI1p2,0.7142857142857143,0.7142857142857143,
google ocr,237,,3FP0Atl,0.0,0.0,
google ocr,238,POZMUN-,P07MUN-,0.7142857142857143,0.7142857142857143,
google ocr,239,"Bony
-AXUDE",W48Xupg,0.09090909090909094,0.1111111111111111,
google ocr,240,mIL Vipl,mILVipb,0.75,0.8,
google ocr,241,maS2eBI,maS2eBI,1.0,1.0,
google ocr,242,wly(B9),w1yiB9J,0.5714285714285714,0.5714285714285714,yes
google ocr,243,dPSceOz,dPSceOz,1.0,1.0,
google ocr,244,CyXF2tR,CyXF2tR,1.0,1.0,
google ocr,245,XOULESC,X0uLEsC,0.5714285714285714,0.5714285714285714,
google ocr,246,nBHSQMW,nBHSQMW,1.0,1.0,
google ocr,247,MtLKvs4,MtLKvs4,1.0,1.0,
google ocr,248,,uuPbdz1,0.0,0.0,
google ocr,249,EDttKVX,EDttKVX,1.0,1.0,
google ocr,250,,INqL43O,0.0,0.0,yes
google ocr,251,epk408W,epk4O8W,0.8571428571428572,0.8571428571428571,
google ocr,252,ROCKODT,RdCK0D7,0.5714285714285714,0.5714285714285714,
google ocr,253,ksvm6cD,ksvm6cD,1.0,1.0,
google ocr,254,JYZsa YB,7YZsaYB,0.75,0.8,
google ocr,255,YCC7g3p,YCC7g3p,1.0,1.0,
google ocr,256,jMutuXB,jMutuXB,1.0,1.0,
google ocr,257,3DYBVIE,3pY8Vlb,0.4285714285714286,0.42857142857142855,yes
google ocr,258,ATEBOL,iQa5JLv,0.1428571428571429,0.15384615384615385,
google ocr,259,BO-8NnG,BO-8NnG,1.0,1.0,
google ocr,260,,TgRe65u,0.0,0.0,
google ocr,261,MI3Uxx,MI3Uxxc,0.8571428571428572,0.9230769230769231,
google ocr,262,Evelji,EvcJjiF,0.5714285714285714,0.6153846153846154,
google ocr,263,ubVnnxG,ubVnnxG,1.0,1.0,
google ocr,264,,pM95FVE,0.0,0.0,yes
google ocr,265,"لبات
MZ",hxKpaLg,0.0,0.0,yes
google ocr,266,BxAXdhF,BxAXdhF,1.0,1.0,
google ocr,267,mpc4iSH,mpc4iSH,1.0,1.0,
google ocr,268,nAwCgOf,mAwCg0f,0.7142857142857143,0.7142857142857143,
google ocr,269,,Rt8yWu6,0.0,0.0,yes
google ocr,270,11w3AZW,11w3AZW,1.0,1.0,
google ocr,271,BM5Z2WZ,BM5Z2Wz,0.8571428571428572,0.8571428571428571,
google ocr,272,xff1 ofP,xff1ofP,0.875,0.9333333333333333,
google ocr,273,,1mgvlb-,0.0,0.0,yes
google ocr,274,5WkwW4V,5WkwW4V,1.0,1.0,
google ocr,275,WfizduI,WfizduI,1.0,1.0,
google ocr,276,,SCBJSZE,0.0,0.0,
google ocr,277,6Z0Dha,J6Z0Dha,0.8571428571428572,0.9230769230769231,
google ocr,278,UhWpyga,UhWpyga,1.0,1.0,
google ocr,279,N8ayh6p,N8ayh6p,1.0,1.0,
google ocr,280,EccSxmw,FccSxmw,0.8571428571428572,0.8571428571428571,
google ocr,281,11рок,117p5k3,0.2857142857142857,0.3333333333333333,
google ocr,282,,z5kMi4s,0.0,0.0,yes
google ocr,283,tsYrT1s,tsYrT1s,1.0,1.0,
google ocr,284,qy Mc2ek,qyMc2ek,0.875,0.9333333333333333,
google ocr,285,,NDHnwdT,0.0,0.0,yes
google ocr,286,ChVf1QG,ChVf1QG,1.0,1.0,
google ocr,287,TV--r50,TV--r5o,0.8571428571428572,0.8571428571428571,
google ocr,288,04yL9hD,04yL9hD,1.0,1.0,
google ocr,289,04RRrLk,o4RRrLk,0.8571428571428572,0.8571428571428571,
google ocr,290,fsFxYJO,fsFxYJ0,0.8571428571428572,0.8571428571428571,
google ocr,291,h1qHYaA,h1qHYaA,1.0,1.0,
google ocr,292,Q114Tdy,Ql14Tdy,0.8571428571428572,0.8571428571428571,
google ocr,293,LCaRW.Je,LCaRWJe,0.875,0.9333333333333333,
google ocr,294,,DCKLQYv,0.0,0.0,
google ocr,295,uKHTQtP,uKHTQtP,1.0,1.0,
google ocr,296,16UBOPL,J6UBOPL,0.8571428571428572,0.8571428571428571,
google ocr,297,cF7ZOUS,cF7ZOuS,0.8571428571428572,0.8571428571428571,
google ocr,298,HF5uYad,HF5uYad,1.0,1.0,
google ocr,299,Rg-icMz,Rg-icMz,1.0,1.0,
google ocr,300,KOZLSKC,K0ZLsKc,0.5714285714285714,0.5714285714285714,
google ocr,301,XSCfvht,XSCfvht,1.0,1.0,
google ocr,302,65Qflls,65QflIS,0.7142857142857143,0.7142857142857143,
google ocr,303,,dJG8LZv,0.0,0.0,yes
google ocr,304,bAXM2ZF,bAXM2ZF,1.0,1.0,
google ocr,305,jlv4C2B,j1v4C2B,0.8571428571428572,0.8571428571428571,
google ocr,306,qw12dQw,qwI2dQw,0.8571428571428572,0.8571428571428571,
google ocr,307,Veukgr,VcvRgr3,0.4285714285714286,0.46153846153846156,yes
google ocr,308,89Wnwty,89Wnwty,1.0,1.0,
google ocr,309,"- ਛ
- : - -",nQakLYu,0.0,0.0,yes
google ocr,310,OLVroNg,OLVr0Nq,0.7142857142857143,0.7142857142857143,
google ocr,311,-R6p2K,-R6p2KI,0.8571428571428572,0.9230769230769231,yes
google ocr,312,kZbHawR,kZbHawR,1.0,1.0,
google ocr,313,iNim,irN2pqs,0.2857142857142857,0.36363636363636365,yes
google ocr,314,,HrZ2fxn,0.0,0.0,yes
google ocr,315,WION,wmON88G,0.2857142857142857,0.36363636363636365,yes
google ocr,316,,aqCdBcw,0.0,0.0,yes
google ocr,317,Svjbq2J,Svjbq2J,1.0,1.0,
google ocr,318,,3RZr2P8,0.0,0.0,yes
google ocr,319,"chwiloj
WI",cJw1Ioj,0.4,0.47058823529411764,
google ocr,320,GDcqna,hGDcqna,0.8571428571428572,0.9230769230769231,
google ocr,321,yzzxx6j,y3zxx6j,0.8571428571428572,0.8571428571428571,
google ocr,322,yk6QNVm,yk6QNVm,1.0,1.0,
google ocr,323,JY73CpF,JY73CpF,1.0,1.0,
google ocr,324,VYpbv8u,VYpbv8w,0.8571428571428572,0.8571428571428571,
google ocr,325,zbumbic,5iQWmqz,0.0,0.14285714285714285,
google ocr,326,FJfPhDF,FJfPhDF,1.0,1.0,
google ocr,327,ks 3027,ksI3027,0.8571428571428572,0.8571428571428571,
google ocr,328,,YR4VQc8,0.0,0.0,yes
google ocr,329,АРХ,JKq3PX0,0.0,0.0,
google ocr,330,xwrow,M0JMjxy,0.0,0.16666666666666666,
google ocr,331,KCOZU-B,kCoZU-b,0.5714285714285714,0.5714285714285714,
google ocr,332,eTuPD4J,eTuPD4J,1.0,1.0,
google ocr,333,xMa9EJ,rxMa9EJ,0.8571428571428572,0.9230769230769231,
google ocr,334,SoD76Zv,SoD76Zv,1.0,1.0,
google ocr,335,ZJE7GF4,ZJE7GF4,1.0,1.0,
google ocr,336,ctRR5ge,ctRR5ge,1.0,1.0,
google ocr,337,Y7GXgrf,Y7GXgrf,1.0,1.0,
google ocr,338,kHidS1,kHidS1I,0.8571428571428572,0.9230769230769231,
google ocr,339,ctXyZW,ctlXyZW,0.8571428571428572,0.9230769230769231,
google ocr,340,uH70cDn,uH70cDn,1.0,1.0,
google ocr,341,JgKQye,tJgKQyc,0.7142857142857143,0.7692307692307693,
google ocr,342,DCUXnMH,DCUXnMH,1.0,1.0,
google ocr,343,3K4WulH,3K4WuIH,0.8571428571428572,0.8571428571428571,
google ocr,344,ec72Nb6,ec72Nb6,1.0,1.0,
google ocr,345,Pv3Zfa3,Pv3Zfa3,1.0,1.0,
google ocr,346,RzWLg-e,RzWLg-e,1.0,1.0,
google ocr,347,Nhekil-,NbekiJ-,0.7142857142857143,0.7142857142857143,
google ocr,348,FN₂02,-No0Ztl,0.2857142857142857,0.3333333333333333,
google ocr,349,6PnyyPZ,6PnyyPZ,1.0,1.0,
google ocr,350,Erk Tool,ErkTooV,0.75,0.8,
google ocr,351,115441,zirGF2z,0.0,0.0,
google ocr,352,KryESqn,KryESqn,1.0,1.0,
google ocr,353,uEPbo17,uEPbo17,1.0,1.0,
google ocr,354,E46wgla,E46wgla,1.0,1.0,
google ocr,355,TH8ZGr,iH8ZGrK,0.7142857142857143,0.7692307692307693,
google ocr,356,TW2 GWXR,rw2GWxR,0.5,0.5333333333333333,yes
google ocr,357,5q8wGhX,5q8wGhX,1.0,1.0,
google ocr,358,6yFYs9m,6yFYs9m,1.0,1.0,
google ocr,359,(31X-pc4,3iX-pcz,0.625,0.6666666666666666,
google ocr,360,AT8DGhn,AT8DGhn,1.0,1.0,
google ocr,361,boletc,0bqlc1C,0.2857142857142857,0.46153846153846156,yes
google ocr,362,GeaASTT,GeaASTT,1.0,1.0,
google ocr,363,IsOldyg,IsOJdvg,0.7142857142857143,0.7142857142857143,
google ocr,364,J4Jefr0,J4Jefr0,1.0,1.0,
google ocr,365,exyHbzL,exyHbzL,1.0,1.0,
google ocr,366,-VM5J2q,rVM5J2q,0.8571428571428572,0.8571428571428571,
google ocr,367,FF EXI,4FF5EXJ,0.5714285714285714,0.6153846153846154,
google ocr,368,ttd64Qt,ttd64Qt,1.0,1.0,
google ocr,369,xd8guvf,xd8guvf,1.0,1.0,
google ocr,370,,mppj7pn,0.0,0.0,yes
google ocr,371,(RpykuPG,RpykuPG,0.875,0.9333333333333333,
google ocr,372,s3 GIYO,ns3GlY0,0.4285714285714286,0.5714285714285714,
google ocr,373,CubCXED,CUbCXF4,0.5714285714285714,0.5714285714285714,
google ocr,374,GetQU60,qetQU6d,0.7142857142857143,0.7142857142857143,yes
google ocr,375,73tGCd4,73tGCd4,1.0,1.0,
google ocr,376,T₁EF6Zh,T1EF6Zh,0.8571428571428572,0.8571428571428571,
google ocr,377,AGSIUZM,AGSlUzM,0.7142857142857143,0.7142857142857143,
google ocr,378,nubst4s,nuDst4S,0.7142857142857143,0.7142857142857143,
google ocr,379,JOOKveT,JOoKveT,0.8571428571428572,0.8571428571428571,
google ocr,380,JPRsmQ,xJPRsmQ,0.8571428571428572,0.9230769230769231,
google ocr,381,,ua51RiV,0.0,0.0,yes
google ocr,382,3316A-9,b-V9tca,0.0,0.2857142857142857,yes
google ocr,383,brxEYmf,brxEYmf,1.0,1.0,
google ocr,384,MZDuhYY,MZDuhYY,1.0,1.0,
google ocr,385,64KMvez,64KMvez,1.0,1.0,
google ocr,386,,0SpHPEI,0.0,0.0,
google ocr,387,-v5K6zn,-v5K6zn,1.0,1.0,
google ocr,388,FoKdPYZ,FoKdPYZ,1.0,1.0,
google ocr,389,*kpvR-0,KkpvR-U,0.7142857142857143,0.7142857142857143,
google ocr,390,N4pCTNx,N4pCTNx,1.0,1.0,
google ocr,391,OjyUVqh,OjyUVqh,1.0,1.0,
google ocr,392,PK8NT-K,PK8NT-K,1.0,1.0,
google ocr,393,Uckzylm,UcK2ylm,0.7142857142857143,0.7142857142857143,
google ocr,394,nq0jG1q,nq0jG1q,1.0,1.0,
google ocr,395,HSofYuh,HS9fYuh,0.8571428571428572,0.8571428571428571,
google ocr,396,icaGOOO,jcqG0O0,0.4285714285714286,0.42857142857142855,
google ocr,397,RpFW,17RpFWj,0.5714285714285714,0.7272727272727273,
google ocr,398,qzVSBDa,qzVSBDa,1.0,1.0,
google ocr,399,bYLmkcr,bYLmkcr,1.0,1.0,
google ocr,400,DZZEBX,jDZZEBx,0.7142857142857143,0.7692307692307693,
google ocr,401,KIMZI,XKIMZUo,0.5714285714285714,0.6666666666666666,
google ocr,402,B3₂,2WpBzmu,0.1428571428571429,0.2,
google ocr,403,,VZG5-cF,0.0,0.0,yes
google ocr,404,,XtW1jf7,0.0,0.0,yes
google ocr,405,3Bk8YMP,3Bk8YMp,0.8571428571428572,0.8571428571428571,
google ocr,406,nRynT4V,nRvnT4V,0.8571428571428572,0.8571428571428571,
google ocr,407,,XrG7IWI,0.0,0.0,
google ocr,408,EVDMTCP,LvDMTCr,0.5714285714285714,0.5714285714285714,
google ocr,409,ILKZHR8,ILKZHR8,1.0,1.0,
google ocr,410,bZToeYY,621oeYY,0.5714285714285714,0.5714285714285714,
google ocr,411,k4Fr3qV,k4Fr3qV,1.0,1.0,
google ocr,412,R187X3,lRI87xz,0.4285714285714286,0.46153846153846156,
google ocr,413,oJhGZkM,oJhGZkM,1.0,1.0,
google ocr,414,ErDuh00,ErDuhO0,0.8571428571428572,0.8571428571428571,
google ocr,415,1ZfVizb,1ZfViZb,0.8571428571428572,0.8571428571428571,
google ocr,416,LvhbPG,w1vhbPG,0.7142857142857143,0.7692307692307693,
google ocr,417,4ksyIH3,4ksyIH3,1.0,1.0,
google ocr,418,jrtyOq,-jrtyOq,0.8571428571428572,0.9230769230769231,
google ocr,419,AT9EtnG,AT9EtnG,1.0,1.0,yes
google ocr,420,md21Qk4,md2lQk4,0.8571428571428572,0.8571428571428571,
google ocr,421,BY2fi,IgBV2fi,0.5714285714285714,0.6666666666666666,
google ocr,422,wDLEhty,wDLEhty,1.0,1.0,
google ocr,423,rzB2ved,rzB2ved,1.0,1.0,
google ocr,424,gOfmxQS,gOfmxQS,1.0,1.0,
google ocr,425,174,hbZ4cAa,0.1428571428571429,0.2,yes
google ocr,426,SbYCQ4,1SbYCQ4,0.8571428571428572,0.9230769230769231,
google ocr,427,IQPNPU,-IQPNPU,0.8571428571428572,0.9230769230769231,
google ocr,428,xQiEZJG,xQiEZJG,1.0,1.0,
google ocr,429,187,9cvrXMC,0.0,0.0,yes
google ocr,430,DivhYJO,DivhYJO,1.0,1.0,
google ocr,431,,lIUkHMB,0.0,0.0,yes
google ocr,432,ww1rqGa,ww1rqGa,1.0,1.0,
google ocr,433,p041Wz2,p041Wz2,1.0,1.0,
google ocr,434,trH9Eoa,trH9Eoa,1.0,1.0,
google ocr,435,x6Usl5y,x6Usl5y,1.0,1.0,
google ocr,436,R-OROEa,R-0ROEd,0.7142857142857143,0.7142857142857143,
google ocr,437,,BbQSat5,0.0,0.0,yes
google ocr,438,,tQyCxXG,0.0,0.0,yes
google ocr,439,,L0G4hxR,0.0,0.0,yes
google ocr,440,e8Cwxx,qe8Cwxx,0.8571428571428572,0.9230769230769231,
google ocr,441,HpOWQH9,HpOWQH9,1.0,1.0,
google ocr,442,ED-oSpB,ED-oSpB,1.0,1.0,
google ocr,443,Ap4Sthf,Ap4Sthf,1.0,1.0,
google ocr,444,,LTbKZqB,0.0,0.0,yes
google ocr,445,DRQfhfs,DRQfhfs,1.0,1.0,
google ocr,446,,zxIPe7U,0.0,0.0,yes
google ocr,447,MrYV710,MrYV71O,0.8571428571428572,0.8571428571428571,
google ocr,448,zbILSm,6zbILSm,0.8571428571428572,0.9230769230769231,
google ocr,449,-Ae/de0,-Ae7de0,0.8571428571428572,0.8571428571428571,yes
google ocr,450,,X815r4V,0.0,0.0,
google ocr,451,bo WBuz,b0JWBuz,0.7142857142857143,0.7142857142857143,
google ocr,452,emELQm9,emELQm9,1.0,1.0,
google ocr,453,tQbiy To,tQbiyTo,0.875,0.9333333333333333,
google ocr,454,C6H-ogg,C6H-oqq,0.7142857142857143,0.7142857142857143,
google ocr,455,,tesSb-5,0.0,0.0,
google ocr,456,,WWlp881,0.0,0.0,yes
google ocr,457,WFO,pwvF0-x,0.1428571428571429,0.2,
google ocr,458,OwYyTRw,0wYyTRw,0.8571428571428572,0.8571428571428571,
google ocr,459,lbU5zjn,lbU5zjn,1.0,1.0,
google ocr,460,kiW-Llx,kiW-LIx,0.8571428571428572,0.8571428571428571,
google ocr,461,XTOCRhy,XTOCRhv,0.8571428571428572,0.8571428571428571,
google ocr,462,[DH8Urix,DH8Urix,0.875,0.9333333333333333,
google ocr,463,ON б,qyYgrNO,0.0,0.18181818181818182,yes
google ocr,464,t-SGkFQ,t-SGkFQ,1.0,1.0,
google ocr,465,TYIHzml,fYIHzml,0.8571428571428572,0.8571428571428571,
google ocr,466,fKY9yMZ,fKY9yMZ,1.0,1.0,
google ocr,467,FqtUhtq,FqtUhtq,1.0,1.0,
google ocr,468,66 LooHC,66LooHC,0.875,0.9333333333333333,
google ocr,469,vXgF51,-vXgF5l,0.7142857142857143,0.7692307692307693,
google ocr,470,PvhxfVx,PvhxfVx,1.0,1.0,
google ocr,471,hmC8CUh,hmC8CUh,1.0,1.0,
google ocr,472,KeaParl,Kc4P3rI,0.4285714285714286,0.42857142857142855,yes
google ocr,473,YZ4H043,YZ4HO43,0.8571428571428572,0.8571428571428571,
google ocr,474,A3xCRGi,A3xCRGr,0.8571428571428572,0.8571428571428571,
google ocr,475,21qdU9c,2IqdU9c,0.8571428571428572,0.8571428571428571,
google ocr,476,,BonRXdV,0.0,0.0,
google ocr,477,CrWNdgB,CrWNdgB,1.0,1.0,
google ocr,478,XYCSPHo,XYCsPHo,0.8571428571428572,0.8571428571428571,
google ocr,479,,LTTKZFD,0.0,0.0,yes
google ocr,480,SRV2-q1,SRv2-q1,0.8571428571428572,0.8571428571428571,
google ocr,481,costres,geJjSGQ,0.0,0.14285714285714285,yes
google ocr,482,Sh-suip,5h-suip,0.8571428571428572,0.8571428571428571,
google ocr,483,GFnLyc,YgFnLy6,0.5714285714285714,0.6153846153846154,
google ocr,484,Oz9JXaE,Oz9JXaE,1.0,1.0,
google ocr,485,GFMXOG3,GFMxOq3,0.7142857142857143,0.7142857142857143,
google ocr,486,oF3Howp,oF3H6wp,0.8571428571428572,0.8571428571428571,
google ocr,487,DYUBQty.,JYUgQfy,0.5,0.5333333333333333,
google ocr,488,j4z8eDH,j4z8eDH,1.0,1.0,
google ocr,489,LNF3uZ3,LNF3uZ3,1.0,1.0,
google ocr,490,UNVT7AI▶,uNvT7A1,0.5,0.5333333333333333,
google ocr,491,1002,F0oF3KH,0.1428571428571429,0.18181818181818182,
google ocr,492,J9mJbwB,U9mJbwB,0.8571428571428572,0.8571428571428571,
google ocr,493,"Moab
haF Y52",MoaEY5a,0.41666666666666663,0.5263157894736842,
google ocr,494,ZzMlzV-,ZzMlzV-,1.0,1.0,
google ocr,495,,u1h1U-4,0.0,0.0,yes
google ocr,496,1SUco9i,1SUco9i,1.0,1.0,
google ocr,497,,S1HtgUk,0.0,0.0,yes
google ocr,498,CLjmnm,ICLjmnm,0.8571428571428572,0.9230769230769231,
google ocr,499,Eukgp UA,EukgpUA,0.875,0.9333333333333333,
google ocr,500,Gkwbwa,dkwbwat,0.7142857142857143,0.7692307692307693,
google ocr,501,pYNzM2d,pYNzM2d,1.0,1.0,
google ocr,502,SWGM h,yswGMhR,0.2857142857142857,0.46153846153846156,yes
google ocr,503,OSZxZjl,0SZxZjh,0.7142857142857143,0.7142857142857143,
google ocr,504,ZheJC3P,7heJC3P,0.8571428571428572,0.8571428571428571,
google ocr,505,XXOkH6M,XXOkH6M,1.0,1.0,
google ocr,506,DZ-EMEZ-,DZ-EMF7,0.625,0.6666666666666666,
google ocr,507,WSBQOCW,wSBQ0CW,0.7142857142857143,0.7142857142857143,
google ocr,508,,wrhb7pQ,0.0,0.0,
google ocr,509,,znclwwL,0.0,0.0,yes
google ocr,510,1xRctpp,1xRctpp,1.0,1.0,
google ocr,511,,wlHGg6e,0.0,0.0,
google ocr,512,3UmShcA,3UmShcA,1.0,1.0,
google ocr,513,27th9AU,Z7fh9AU,0.7142857142857143,0.7142857142857143,
google ocr,514,UUHqtOS,UUHqtQS,0.8571428571428572,0.8571428571428571,
google ocr,515,(3m6SKD-,3m6SKD-,0.875,0.9333333333333333,
google ocr,516,sdA303v,sdA303v,1.0,1.0,
google ocr,517,2HFLOL5,2HFLoL5,0.8571428571428572,0.8571428571428571,
google ocr,518,,g4c9Xuw,0.0,0.0,yes
google ocr,519,75j6EfL,75j6EfL,1.0,1.0,
google ocr,520,CYWWYIG,cYWWYIG,0.8571428571428572,0.8571428571428571,
google ocr,521,CPD4gzC,CPD4gzC,1.0,1.0,
google ocr,522,AZ6IKJO,Az6lKJ0,0.5714285714285714,0.5714285714285714,
google ocr,523,LiuHMrk,L1uHMrk,0.8571428571428572,0.8571428571428571,
google ocr,524,,kwxVDSD,0.0,0.0,
google ocr,525,nLc6jGH,nLc6jGH,1.0,1.0,
google ocr,526,XtjOydP,XtjOydP,1.0,1.0,
google ocr,527,46pl'Esk,46pPE1K,0.5,0.5333333333333333,yes
google ocr,528,erMzQ5z,erMzQ5z,1.0,1.0,
google ocr,529,3eBu27V,3eBu27V,1.0,1.0,
google ocr,530,GoAtRT3,GoAtRT3,1.0,1.0,
google ocr,531,MAJMun,vMAJMun,0.8571428571428572,0.9230769230769231,
google ocr,532,,nwYmw06,0.0,0.0,yes
google ocr,533,EZEQIda,EzEQIdo,0.7142857142857143,0.7142857142857143,
google ocr,534,,hKT9lFk,0.0,0.0,yes
google ocr,535,MnNGX2n,MnNGX2n,1.0,1.0,
google ocr,536,,UPlbq5f,0.0,0.0,yes
google ocr,537,"A
Mpyx",0VMpv5x,0.4285714285714286,0.46153846153846156,yes
google ocr,538,5Dol Uyg,5DoIUy9,0.625,0.6666666666666666,
google ocr,539,WOutuEW,WOutuEW,1.0,1.0,
google ocr,540,7873180,Z873I80,0.7142857142857143,0.7142857142857143,
google ocr,541,8HNIK6e,8HNJK6e,0.8571428571428572,0.8571428571428571,
google ocr,542,,sr7mPBv,0.0,0.0,
google ocr,543,CC1-b>>>,zCC1-bY,0.5,0.6666666666666666,
google ocr,544,YWw9zir,yWw9zjr,0.7142857142857143,0.7142857142857143,
google ocr,545,ryWT7cC,ryWT7cC,1.0,1.0,
google ocr,546,ODRwt29,oDRwt29,0.8571428571428572,0.8571428571428571,
google ocr,547,Vkt Omm,yVktOmm,0.7142857142857143,0.8571428571428571,
google ocr,548,DJJ СУЕЕ,DJJC9EE,0.375,0.4,
google ocr,549,OYHME,I0Y1HHz,0.2857142857142857,0.3333333333333333,yes
google ocr,550,4QPchmC,4QPchmC,1.0,1.0,
google ocr,551,FyHE3lb,FyHE3Ib,0.8571428571428572,0.8571428571428571,
google ocr,552,H81hEIK,H8lhEIk,0.7142857142857143,0.7142857142857143,
google ocr,553,FANNEUL,ifLaMW4,0.0,0.14285714285714285,
google ocr,554,UPMp5V8,uPMp5V8,0.8571428571428572,0.8571428571428571,
google ocr,555,hpuvlJh,hpuvIJh,0.8571428571428572,0.8571428571428571,
google ocr,556,72b57FD,72b57FT,0.8571428571428572,0.8571428571428571,
google ocr,557,pe55cia,pe55cia,1.0,1.0,
google ocr,558,72hJlH4,72hJlH4,1.0,1.0,
google ocr,559,FMArbyX,FMArbyX,1.0,1.0,
google ocr,560,,8hCChEA,0.0,0.0,yes
google ocr,561,258SM10,a58SM1u,0.7142857142857143,0.7142857142857143,
google ocr,562,BhB5SIX,BhB5SIX,1.0,1.0,
google ocr,563,UFmTr/M,UFmTr7M,0.8571428571428572,0.8571428571428571,
google ocr,564,,VUse61Q,0.0,0.0,
google ocr,565,JidlTql,JidlTql,1.0,1.0,
google ocr,566,Hip-402,eFlp4sZ,0.1428571428571429,0.2857142857142857,yes
google ocr,567,kcaBgA6,kca8gA6,0.8571428571428572,0.8571428571428571,
google ocr,568,nov4JB-,nov4JB-,1.0,1.0,
google ocr,569,WE2kPVm,WE2kPVm,1.0,1.0,
google ocr,570,MXonKYa,MXonRYa,0.8571428571428572,0.8571428571428571,
google ocr,571,nIkHBLd,nIkHBLd,1.0,1.0,
google ocr,572,vbFiiEQ,vbFiiEQ,1.0,1.0,
google ocr,573,COMPE,ULKQnPY,0.1428571428571429,0.16666666666666666,yes
google ocr,574,_aAnzfiF,aAn3f1F,0.625,0.6666666666666666,
google ocr,575,MKunvpU,MKvnvpU,0.8571428571428572,0.8571428571428571,
google ocr,576,,oprkfvV,0.0,0.0,
google ocr,577,,bP2k6fy,0.0,0.0,
google ocr,578,RIGTE,kl5oGTE,0.4285714285714286,0.5,
google ocr,579,5451606,34516O6,0.7142857142857143,0.7142857142857143,
google ocr,580,Fettl,zK7Fcnh,0.0,0.16666666666666666,
google ocr,581,pvosjch,pVQsjCh,0.5714285714285714,0.5714285714285714,
google ocr,582,F798VRL,F798VRL,1.0,1.0,
google ocr,583,tpWPXZn,rpWPxZn,0.7142857142857143,0.7142857142857143,
google ocr,584,,Y58xYwl,0.0,0.0,yes
google ocr,585,SLav470,SLav47Q,0.8571428571428572,0.8571428571428571,
google ocr,586,9iXbFvM,9iXbFvM,1.0,1.0,
google ocr,587,OOEM/,lV7W3O0,0.0,0.16666666666666666,
google ocr,588,,ixFevij,0.0,0.0,
google ocr,589,4QCGBpi,4QCGBpi,1.0,1.0,
google ocr,590,ObAQCsr,ObAQCsr,1.0,1.0,
google ocr,591,8AvJ6V-,8AvJ6V-,1.0,1.0,
google ocr,592,Qm7jqCD,Qm7jqCD,1.0,1.0,
google ocr,593,aRH60c2,aRH60c2,1.0,1.0,
google ocr,594,STFIRE,STFlRe1,0.5714285714285714,0.6153846153846154,
google ocr,595,A5QbwZH,A5QbwZH,1.0,1.0,
google ocr,596,201,2oyMJI4,0.1428571428571429,0.2,yes
google ocr,597,qgDN5hr,qgDN5hr,1.0,1.0,
google ocr,598,a-DpvnY,a-DpvnY,1.0,1.0,
google ocr,599,z98Ejn4,z98Ejn4,1.0,1.0,
google ocr,600,Lbte04.,Lbte04-,0.8571428571428572,0.8571428571428571,
google ocr,601,HKYTJ-h,HKYTJ-h,1.0,1.0,
google ocr,602,FiDGIBa,FiDGlBa,0.8571428571428572,0.8571428571428571,yes
google ocr,603,e8QJrif,e8QJrjf,0.8571428571428572,0.8571428571428571,
google ocr,604,cap,40hN5Ei,0.0,0.0,yes
google ocr,605,7jGigmt,7jG1gmt,0.8571428571428572,0.8571428571428571,
google ocr,606,gxcmAlb,gxcmAlb,1.0,1.0,
google ocr,607,aQexTIO,aQexTIO,1.0,1.0,
google ocr,608,60y3NGz,6Oy3NGz,0.8571428571428572,0.8571428571428571,
google ocr,609,,Ohhhh7J,0.0,0.0,yes
google ocr,610,Z7yscon,UQPs6LZ,0.1428571428571429,0.14285714285714285,yes
google ocr,611,t2ūmrhH>,t2umrhH,0.75,0.8,
google ocr,612,DDQaw6w,DDQaw6w,1.0,1.0,
google ocr,613,Gf5rHxn,Gf5rHxn,1.0,1.0,
google ocr,614,,XFTKCL4,0.0,0.0,yes
google ocr,615,p29JfQV,p29JfQV,1.0,1.0,
google ocr,616,,Ky6J0d3,0.0,0.0,
google ocr,617,13K2Rky,I3K2Rky,0.8571428571428572,0.8571428571428571,
google ocr,618,GeaFW,l6eaFWi,0.5714285714285714,0.6666666666666666,
google ocr,619,,EurcOq5,0.0,0.0,yes
google ocr,620,(D,7qt4v1e,0.0,0.0,yes
google ocr,621,TLrr1-D,TLrr1-E,0.8571428571428572,0.8571428571428571,
google ocr,622,2Zc-2mK,2Zc-2mK,1.0,1.0,
google ocr,623,A1IpQE1,A1IpQE1,1.0,1.0,
google ocr,624,FDNJ5S,FDNJ5sT,0.7142857142857143,0.7692307692307693,
google ocr,625,frdSOPy,frdSOPy,1.0,1.0,
google ocr,626,,Y-FFNUi,0.0,0.0,yes
google ocr,627,ukhamjy,ukhqmjy,0.8571428571428572,0.8571428571428571,
google ocr,628,+5f0yXv,r5fQyXV,0.5714285714285714,0.5714285714285714,yes
google ocr,629,SMLwa60,sMLwa60,0.8571428571428572,0.8571428571428571,
google ocr,630,"ABHink?
K",aRHjnK7,0.2222222222222222,0.375,
google ocr,631,zpHGX-v,zpHGX-v,1.0,1.0,
google ocr,632,ha9pwFj,ha9pwFj,1.0,1.0,
google ocr,633,w10jVsW,w10jVsW,1.0,1.0,
google ocr,634,quWIYRD,guW1YKD,0.5714285714285714,0.5714285714285714,
google ocr,635,,pVwJt7P,0.0,0.0,
google ocr,636,,rx281M5,0.0,0.0,
google ocr,637,OMNDAY,iOMNDAY,0.8571428571428572,0.9230769230769231,
google ocr,638,GR6WKEE,6R6wKEE,0.7142857142857143,0.7142857142857143,
google ocr,639,AMOTAD,Am0TAD-,0.5714285714285714,0.6153846153846154,yes
google ocr,640,JE3uPID,JE3uP1D,0.8571428571428572,0.8571428571428571,
google ocr,641,xvindow,xviod0w,0.7142857142857143,0.7142857142857143,
google ocr,642,JndjZRY,JndjZRY,1.0,1.0,
google ocr,643,7Ww8SJN,7Ww8SJN,1.0,1.0,
google ocr,644,HPbf607,HPbf6o7,0.8571428571428572,0.8571428571428571,
google ocr,645,gk JaxhT,gkJaxhT,0.875,0.9333333333333333,
google ocr,646,B10HBzZ,B1OHBzZ,0.8571428571428572,0.8571428571428571,
google ocr,647,kt9506T,kt9SC6T,0.7142857142857143,0.7142857142857143,
google ocr,648,,SDE9TU-,0.0,0.0,
google ocr,649,X885ns,lX885ns,0.8571428571428572,0.9230769230769231,
google ocr,650,G74F40c,G74F40c,1.0,1.0,
google ocr,651,WT/WB,9WT9WBU,0.5714285714285714,0.6666666666666666,yes
google ocr,652,5CMdg94,5CMdg94,1.0,1.0,
google ocr,653,,GeP9njL,0.0,0.0,yes
google ocr,654,OgxNVH2,0gxNVH2,0.8571428571428572,0.8571428571428571,
google ocr,655,bc4Zvyr,bc4Zvyr,1.0,1.0,
google ocr,656,oaym55V,oaym55V,1.0,1.0,
google ocr,657,ytt6-lq,ytt6-Iq,0.8571428571428572,0.8571428571428571,
google ocr,658,MbhvwX3,MbhvwX3,1.0,1.0,
google ocr,659,IP1dDEp,lP1dDEp,0.8571428571428572,0.8571428571428571,
google ocr,660,PG 80HWA,PG80HW6,0.75,0.8,
google ocr,661,aTejy7q,aTejy7q,1.0,1.0,
google ocr,662,LUJWXE5,LUJWXE5,1.0,1.0,
google ocr,663,-PfjUw6,-PfjUw6,1.0,1.0,
google ocr,664,w5LXZGB,w5LXZGB,1.0,1.0,
google ocr,665,,g6aXiuJ,0.0,0.0,yes
google ocr,666,,ie0ZqXQ,0.0,0.0,yes
google ocr,667,TO5-J14,rO5-J14,0.8571428571428572,0.8571428571428571,
google ocr,668,q9lnyWK,q9lnyWK,1.0,1.0,
google ocr,669,WgtPXEv,WgtPXEv,1.0,1.0,
google ocr,670,PKp66y,dPKp66y,0.8571428571428572,0.9230769230769231,
google ocr,671,HOME COLL,Yn5TWow,0.0,0.0,yes
google ocr,672,BraokSQ,BraOkSQ,0.8571428571428572,0.8571428571428571,
google ocr,673,yPnehhI,yPnehhI,1.0,1.0,
google ocr,674,ЗКҮУГРТ,3KYvrPT,0.0,0.0,
google ocr,675,PEICL7N,PE1cL7N,0.7142857142857143,0.7142857142857143,
google ocr,676,8XUIYEJ,8XU1YEj,0.7142857142857143,0.7142857142857143,
google ocr,677,zonhUns,z0nhUnS,0.7142857142857143,0.7142857142857143,
google ocr,678,wDDbohJ,wDDb0hJ,0.8571428571428572,0.8571428571428571,
google ocr,679,"ev6bf3
J",eV6bt3J,0.625,0.6666666666666666,
google ocr,680,EmEWb2Y,EmEWb2Y,1.0,1.0,
google ocr,681,S|l8cEr,SJI8eEt,0.4285714285714286,0.42857142857142855,
google ocr,682,,OtKkk35,0.0,0.0,yes
google ocr,683,gCXVSE.,gCXVSEl,0.8571428571428572,0.8571428571428571,
google ocr,684,g5k|gz,g5klgza,0.7142857142857143,0.7692307692307693,
google ocr,685,AmPMUyA,AmPMUyA,1.0,1.0,
google ocr,686,UHOI2P,UHOi2Pc,0.7142857142857143,0.7692307692307693,
google ocr,687,,Hockndo,0.0,0.0,yes
google ocr,688,Tw5fdGs,Tw5fdGs,1.0,1.0,
google ocr,689,Bpq2VZ,rBpq2VZ,0.8571428571428572,0.9230769230769231,
google ocr,690,,XCcu1Vk,0.0,0.0,
google ocr,691,GEK7AMT,uEK7AMT,0.8571428571428572,0.8571428571428571,
google ocr,692,RIPVISK,BJPVLSK,0.5714285714285714,0.5714285714285714,
google ocr,693,Lo2003,-Lo2od3,0.5714285714285714,0.6153846153846154,yes
google ocr,694,nSNKKDE>,nSNKkDE,0.75,0.8,
google ocr,695,3wDEcll,3wDEcIL,0.7142857142857143,0.7142857142857143,
google ocr,696,Lg5XAbT,Lg5XAbT,1.0,1.0,
google ocr,697,izbişkG,izb15kG,0.7142857142857143,0.7142857142857143,
google ocr,698,jou,m6you5Z,0.2857142857142857,0.4,
google ocr,699,GSIgju9,GSlgju9,0.8571428571428572,0.8571428571428571,
google ocr,700,Qu871f-,Qu87If-,0.8571428571428572,0.8571428571428571,
google ocr,701,OPKLnk,oPKLnki,0.7142857142857143,0.7692307692307693,
google ocr,702,200,t5ZoWpk,0.0,0.0,yes
google ocr,703,,u7an2Cl,0.0,0.0,
google ocr,704,T 12,PlAzCYR,0.0,0.0,yes
google ocr,705,Qugs WD,aQugsWD,0.7142857142857143,0.8571428571428571,
google ocr,706,BGF6012,BGFbdl2,0.5714285714285714,0.5714285714285714,
google ocr,707,XWI2fAn,XWI2fAn,1.0,1.0,
google ocr,708,K5hS4p2,K5hS4p2,1.0,1.0,
google ocr,709,FKcZaBK,FKcZaBK,1.0,1.0,
google ocr,710,Xj9C49Y,Xj9C49Y,1.0,1.0,
google ocr,711,RFVjQjA,RFVjQjA,1.0,1.0,
google ocr,712,OzgyVG,JzgyVGz,0.7142857142857143,0.7692307692307693,
google ocr,713,QD2,aD2OtIV,0.2857142857142857,0.4,
google ocr,714,-BSHAOK,-BsHAOK,0.8571428571428572,0.8571428571428571,
google ocr,715,SmqU,zSmqU-J,0.5714285714285714,0.7272727272727273,
google ocr,716,117xCA2,I17xcA2,0.7142857142857143,0.7142857142857143,
google ocr,717,,3ljdjzP,0.0,0.0,
google ocr,718,,onQMfiz,0.0,0.0,
google ocr,719,jCGXnEG,jCGXnEG,1.0,1.0,
google ocr,720,,xGs6FKE,0.0,0.0,yes
google ocr,721,Sx3vq/X,Sx3yqZk,0.5714285714285714,0.5714285714285714,
google ocr,722,2.JCM-EX,2JCm-EX,0.75,0.8,
google ocr,723,bS51yAQ,bS5IyAQ,0.8571428571428572,0.8571428571428571,
google ocr,724,5uGGLt,t5uGGLt,0.8571428571428572,0.9230769230769231,
google ocr,725,ARidWol,ARIdWoL,0.7142857142857143,0.7142857142857143,
google ocr,726,"KEV
CAcQvW",KKAe9vW,0.4,0.47058823529411764,
google ocr,727,ZVND4rO,ZvND4rO,0.8571428571428572,0.8571428571428571,
google ocr,728,6VkgvSf,6VkgvSf,1.0,1.0,
google ocr,729,FadGbe,jFadGbs,0.7142857142857143,0.7692307692307693,yes
google ocr,730,zr9Xbkv,zr9Xbkv,1.0,1.0,
google ocr,731,syCWm4C,syCWm4C,1.0,1.0,
google ocr,732,4icAtoZ,4icAt0Z,0.8571428571428572,0.8571428571428571,
google ocr,733,q2rqxkk,q2rqxkk,1.0,1.0,
google ocr,734,IQ1QmJl,IQ1QmJl,1.0,1.0,
google ocr,735,09Ir1QX,O9Ir1QX,0.8571428571428572,0.8571428571428571,
google ocr,736,,5gs5NSj,0.0,0.0,yes
google ocr,737,,41iXlV2,0.0,0.0,yes
google ocr,738,U9C582D,U9C582D,1.0,1.0,
google ocr,739,FIkk6 Ge,FIkk6Ge,0.875,0.9333333333333333,
google ocr,740,-Idixoy,-4d1XQy,0.4285714285714286,0.42857142857142855,
google ocr,741,pHdPBvv,pHdPBvv,1.0,1.0,
google ocr,742,3adOgWA,3adOgWA,1.0,1.0,
google ocr,743,GArFd5N,GArFd5N,1.0,1.0,
google ocr,744,"DET-OWA
VA",DtT-0WA,0.5,0.5882352941176471,
google ocr,745,"COCAZBO
80",JocAz80,0.30000000000000004,0.35294117647058826,
google ocr,746,oR4rLi5,oR4rLi5,1.0,1.0,
google ocr,747,ZAMXZMF,4wzxWF2,0.0,0.14285714285714285,
google ocr,748,UMHK-Bu,UMHk-Bu,0.8571428571428572,0.8571428571428571,
google ocr,749,,YIqmeWY,0.0,0.0,
google ocr,750,75YSBS,Z5YSBsZ,0.5714285714285714,0.6153846153846154,
google ocr,751,enbzy-O,enbzy-O,1.0,1.0,
google ocr,752,QhGMgkC,QhGMgkC,1.0,1.0,
google ocr,753,P50cwG,P5ocwG4,0.7142857142857143,0.7692307692307693,
google ocr,754,,UBBIjov,0.0,0.0,yes
google ocr,755,ho1ldWL,ho1IdWL,0.8571428571428572,0.8571428571428571,
google ocr,756,mrGSD1X,mrGSD1X,1.0,1.0,
google ocr,757,,U6RuIEN,0.0,0.0,
google ocr,758,yozUkct,yOzUkcf,0.7142857142857143,0.7142857142857143,
google ocr,759,sns bly,X7qQsuS,0.0,0.14285714285714285,
google ocr,760,pLzLK18,pLzLK18,1.0,1.0,
google ocr,761,97Sblio,97SbliO,0.8571428571428572,0.8571428571428571,
google ocr,762,IfA8mt3,lfA8mt3,0.8571428571428572,0.8571428571428571,
google ocr,763,QSMSUS/,QSMS0s7,0.5714285714285714,0.5714285714285714,
google ocr,764,IZKYMUV,iZKYMUV,0.8571428571428572,0.8571428571428571,
google ocr,765,-WrYJt6,-WrYJt6,1.0,1.0,
google ocr,766,"ppl.bl.a.X
PP",ppLbLnX,0.3076923076923077,0.4,
google ocr,767,BmtT-X7,BmtT-X7,1.0,1.0,
google ocr,768,lizDD9F,lizDD9F,1.0,1.0,
google ocr,769,EcgX4S,0EcgX4S,0.8571428571428572,0.9230769230769231,
google ocr,770,isT39UJ,isT39UJ,1.0,1.0,
google ocr,771,,rRKdU5P,0.0,0.0,
google ocr,772,UfW9IPA,UfW9IPA,1.0,1.0,
google ocr,773,,4UcACID,0.0,0.0,
google ocr,774,tj56DpF,tj56DpE,0.8571428571428572,0.8571428571428571,
google ocr,775,VY4Rggz,VY4Rggz,1.0,1.0,
google ocr,776,Xjkf9lx,Xjkf9lx,1.0,1.0,
google ocr,777,DI701Q0,Di7o1Qo,0.5714285714285714,0.5714285714285714,
google ocr,778,JLJu5e,jJLJu5e,0.8571428571428572,0.9230769230769231,
google ocr,779,hT1jeks,hT1jeks,1.0,1.0,
google ocr,780,bIMZIA,VTzWPq9,0.0,0.0,
google ocr,781,Tr3w8fg,Tr3w8fq,0.8571428571428572,0.8571428571428571,
google ocr,782,340SW3W,34OSW3W,0.8571428571428572,0.8571428571428571,
google ocr,783,4JSpDKi,4JSpDKi,1.0,1.0,
google ocr,784,,xVqhH0-,0.0,0.0,
google ocr,785,Ez5rg3F,Ez5rg3F,1.0,1.0,
google ocr,786,IDPzifa,IDPzifq,0.8571428571428572,0.8571428571428571,
google ocr,787,M2bUldi,M2bUIdi,0.8571428571428572,0.8571428571428571,
google ocr,788,KYA6njP,KYA6njP,1.0,1.0,
google ocr,789,,wHWQn7b,0.0,0.0,yes
google ocr,790,LXGHXCV,LxGHxcV,0.5714285714285714,0.5714285714285714,
google ocr,791,BRWkULx,BRWkULx,1.0,1.0,
google ocr,792,Q1COTX,1Q1CoTX,0.7142857142857143,0.7692307692307693,
google ocr,793,-wTd17z,-wTdI7z,0.8571428571428572,0.8571428571428571,
google ocr,794,UBEMKKD,U3EMKkL,0.5714285714285714,0.5714285714285714,
google ocr,795,Sqqpuy1,Sqqpuy1,1.0,1.0,
google ocr,796,fSlwIZZ,fSIwlZZ,0.7142857142857143,0.7142857142857143,
google ocr,797,m3ygzZW,m3ygzZW,1.0,1.0,
google ocr,798,mjKFN5c,mjKFN5c,1.0,1.0,
google ocr,799,JSXXk,klJSXXk,0.7142857142857143,0.8333333333333334,
google ocr,800,GhEo WGE,6hEoW6E,0.625,0.6666666666666666,
google ocr,801,OuWS87W,OuWS87W,1.0,1.0,
google ocr,802,3gA2uGW,3gA2uGW,1.0,1.0,
google ocr,803,,mxpCXwS,0.0,0.0,yes
google ocr,804,3xYg4ZZ,3xYg4ZZ,1.0,1.0,
google ocr,805,VAS/V/M,VAS7v7M,0.5714285714285714,0.5714285714285714,
google ocr,806,cst-jhP,cst-jhP,1.0,1.0,
google ocr,807,OjU75S9,ojU75S9,0.8571428571428572,0.8571428571428571,
google ocr,808,P2HOrC3,P2HOrC3,1.0,1.0,
google ocr,809,9TCRVrZ,9TCRVrZ,1.0,1.0,
google ocr,810,1mZcvvi,1mZcvvi,1.0,1.0,
google ocr,811,NPqENN,NPqEN5N,0.8571428571428572,0.9230769230769231,
google ocr,812,,8dnJeLg,0.0,0.0,
google ocr,813,sbDuNSV,sbDuNSV,1.0,1.0,
google ocr,814,QAECbb,9QAECbb,0.8571428571428572,0.9230769230769231,
google ocr,815,fS1aMmk,fS1aMmk,1.0,1.0,
google ocr,816,tib Ovz,HzrbCvz,0.2857142857142857,0.42857142857142855,yes
google ocr,817,VeqQx2N,VeqQx2N,1.0,1.0,
google ocr,818,GHJEXtw,GHjEXtw,0.8571428571428572,0.8571428571428571,
google ocr,819,pxzkMkM,pxzkMkM,1.0,1.0,
google ocr,820,COGO,8rJGQ9L,0.1428571428571429,0.18181818181818182,yes
google ocr,821,GmfGFGF,GmfGFGf,0.8571428571428572,0.8571428571428571,yes
google ocr,822,,FFw3vtv,0.0,0.0,yes
google ocr,823,GolpJck,G9lpJck,0.8571428571428572,0.8571428571428571,
google ocr,824,FpYgQ50,FpYgQ5o,0.8571428571428572,0.8571428571428571,
google ocr,825,zoLmLal,zoLmLaI,0.8571428571428572,0.8571428571428571,
google ocr,826,3YJJXCA,3YJJxcA,0.7142857142857143,0.7142857142857143,
google ocr,827,-IFytel,-IFytel,1.0,1.0,
google ocr,828,owH7gJS,0wH7gJS,0.8571428571428572,0.8571428571428571,
google ocr,829,OauJJKf,OauJJKf,1.0,1.0,
google ocr,830,05hgkDh,o5hgkDh,0.8571428571428572,0.8571428571428571,
google ocr,831,HNDISSA,WsS1qMF,0.0,0.14285714285714285,
google ocr,832,F9zjUjm,F9zjUjm,1.0,1.0,
google ocr,833,REVICES,xLVrct3,0.1428571428571429,0.14285714285714285,
google ocr,834,hfhjhsc,hfhJhsc,0.8571428571428572,0.8571428571428571,
google ocr,835,r4HXXps,r4HXXps,1.0,1.0,
google ocr,836,XC7k jpj,XC7kjp3,0.75,0.8,
google ocr,837,389DKqo,389DKqo,1.0,1.0,
google ocr,838,ru-xRI2,ru-xRI2,1.0,1.0,
google ocr,839,,AxPOhm2,0.0,0.0,yes
google ocr,840,,GuEyanw,0.0,0.0,yes
google ocr,841,OOazQZo,OOa3QZ0,0.7142857142857143,0.7142857142857143,
google ocr,842,UGq6hBH,UGq6hBH,1.0,1.0,
google ocr,843,tAsET5C,tAsET5C,1.0,1.0,
google ocr,844,-91Pnac,-9IPnac,0.8571428571428572,0.8571428571428571,
google ocr,845,ijtzUqF,ijtzUqF,1.0,1.0,
google ocr,846,5ogRZY,f5ogRZy,0.7142857142857143,0.7692307692307693,
google ocr,847,,eRQsEP-,0.0,0.0,yes
google ocr,848,SHIS**,-kSlHS7,0.1428571428571429,0.46153846153846156,
google ocr,849,B510v44,B5l0v44,0.8571428571428572,0.8571428571428571,
google ocr,850,Ty5IkFO,Ty5IkF0,0.8571428571428572,0.8571428571428571,
google ocr,851,zrkir RA,ztkirRA,0.75,0.8,
google ocr,852,Kkafxyz,Kkafxyz,1.0,1.0,
google ocr,853,CDGxUzm,CvGxvzm,0.7142857142857143,0.7142857142857143,
google ocr,854,VGW5CLo,VGW5CLo,1.0,1.0,
google ocr,855,Atdbli,Atdbli3,0.8571428571428572,0.9230769230769231,
google ocr,856,IBVvltV,lBVvltV,0.8571428571428572,0.8571428571428571,
google ocr,857,Wh9IMOP,Wh9IMOP,1.0,1.0,
google ocr,858,gX81Eng,gX8lEng,0.8571428571428572,0.8571428571428571,
google ocr,859,3Ruxr2G,3Ruxr2G,1.0,1.0,
google ocr,860,Orgull,wOv9wJD,0.1428571428571429,0.15384615384615385,
google ocr,861,Gzb99zo,Gzb99zo,1.0,1.0,
google ocr,862,IEuw2sf,lEuw2sf,0.8571428571428572,0.8571428571428571,
google ocr,863,Zy8dwLa,Zy8dwLa,1.0,1.0,
google ocr,864,Splaqel,SpIaqcL,0.5714285714285714,0.5714285714285714,
google ocr,865,,xjIFUKU,0.0,0.0,yes
google ocr,866,MOBINS,MDBlN78,0.4285714285714286,0.46153846153846156,
google ocr,867,Jaq6PKy,Uaq6PKy,0.8571428571428572,0.8571428571428571,
google ocr,868,,FUT7Bwb,0.0,0.0,yes
google ocr,869,,AD4UWTZ,0.0,0.0,
google ocr,870,nCoyx90,nCoyx90,1.0,1.0,
google ocr,871,SalogrE,SaIo3rE,0.7142857142857143,0.7142857142857143,
google ocr,872,,YZUZ7lk,0.0,0.0,
google ocr,873,zCyBgR4,zCyBgR4,1.0,1.0,
google ocr,874,IWIWRIT,lWlWRlT,0.5714285714285714,0.5714285714285714,
google ocr,875,AKyjmg3,AKyjmg3,1.0,1.0,
google ocr,876,Pn7mIGa,Pn7mIGa,1.0,1.0,
google ocr,877,Pjk66KU,pjk66KU,0.8571428571428572,0.8571428571428571,
google ocr,878,JvBj-0,-JvBj-Q,0.7142857142857143,0.7692307692307693,
google ocr,879,"LiveDkw
V",LjvEDkw,0.5555555555555556,0.625,
google ocr,880,Ke9uukr,Ke9uukn,0.8571428571428572,0.8571428571428571,
google ocr,881,ff6BZ24,ff6BZ24,1.0,1.0,
google ocr,882,mHbkKKH,mHbkKKH,1.0,1.0,
google ocr,883,W4VUdkN,W4VUdkN,1.0,1.0,
google ocr,884,pm VFUaR,pmVFUaR,0.875,0.9333333333333333,
google ocr,885,F1Aby 10,F1Abv1u,0.625,0.6666666666666666,
google ocr,886,So7bMBn,So7bMBn,1.0,1.0,
google ocr,887,jaXzcHX,jaXzcHX,1.0,1.0,
google ocr,888,CHEq7An,FHEq7Ah,0.7142857142857143,0.7142857142857143,
google ocr,889,JW4hDU5,JW4hDU5,1.0,1.0,
google ocr,890,k90Jx7q,k9oJx7q,0.8571428571428572,0.8571428571428571,
google ocr,891,Krxretj,Krxretj,1.0,1.0,
google ocr,892,COMB,vOMr9cj,0.2857142857142857,0.36363636363636365,yes
google ocr,893,,d1KxzPb,0.0,0.0,yes
google ocr,894,CZ8Tf7,CZ8Tft7,0.8571428571428572,0.9230769230769231,
google ocr,895,,Qxw3lBr,0.0,0.0,yes
google ocr,896,GbJMOUj,GbJMOUj,1.0,1.0,
google ocr,897,,Pffx5Ds,0.0,0.0,yes
google ocr,898,XvpKN20,XvpKN2o,0.8571428571428572,0.8571428571428571,
google ocr,899,oapShyB,oapShyB,1.0,1.0,
google ocr,900,,hy1oWiD,0.0,0.0,yes
google ocr,901,DDPTOSA,DDPtoSA,0.7142857142857143,0.7142857142857143,
google ocr,902,nxm-][,aH-wxu3,0.0,0.15384615384615385,yes
google ocr,903,HmVBbph,HmVBbph,1.0,1.0,
google ocr,904,SjrG81H,SjrG81H,1.0,1.0,
google ocr,905,"D
242",Zh27w4F,0.2857142857142857,0.3333333333333333,
google ocr,906,,yznzbZo,0.0,0.0,
google ocr,907,GZUL7pd,GzUL7pd,0.8571428571428572,0.8571428571428571,
google ocr,908,TPFiqfw,TPFiqfw,1.0,1.0,
google ocr,909,,IFxIUGm,0.0,0.0,
google ocr,910,EJWCC1,EJwwcc1,0.4285714285714286,0.46153846153846156,
google ocr,911,XJ-bPfh,XJ-bPfh,1.0,1.0,
google ocr,912,fjBreSd,fjBreSd,1.0,1.0,
google ocr,913,,e0Qvi0F,0.0,0.0,
google ocr,914,zLwn6wp,zLwn6wp,1.0,1.0,
google ocr,915,,-WzsyFc,0.0,0.0,yes
google ocr,916,,ZvXFi0B,0.0,0.0,yes
google ocr,917,jKkdVQt,jKkdVQt,1.0,1.0,
google ocr,918,*4hNU4,x4hNU4I,0.7142857142857143,0.7692307692307693,
google ocr,919,RaGo7ES,RaGo7ES,1.0,1.0,
google ocr,920,rJwk-Ks,rJwk-Ks,1.0,1.0,
google ocr,921,BhTZexA,RhTZexA,0.8571428571428572,0.8571428571428571,
google ocr,922,Opy2p3X,Opy2p3X,1.0,1.0,
google ocr,923,LTdAfaH,LTdAfaH,1.0,1.0,
google ocr,924,OCRKa7W,0CRKa7W,0.8571428571428572,0.8571428571428571,
google ocr,925,VITYs6g,ViTYs6q,0.7142857142857143,0.7142857142857143,
google ocr,926,sRwKy5p,sRwKy5p,1.0,1.0,
google ocr,927,7HreKKg,7HreKK9,0.8571428571428572,0.8571428571428571,
google ocr,928,NuXool-,NuX0oJ-,0.7142857142857143,0.7142857142857143,
google ocr,929,gratily,gr2tMIy,0.5714285714285714,0.5714285714285714,
google ocr,930,WISO5Xy,wISO5Xy,0.8571428571428572,0.8571428571428571,
google ocr,931,boXaz8-,boXaz8-,1.0,1.0,
google ocr,932,SDO2EpZ,SDO2EpZ,1.0,1.0,
google ocr,933,Zm5sDJx,Zm5sDJx,1.0,1.0,
google ocr,934,RorXLAU,RorXLAU,1.0,1.0,
google ocr,935,wb1nMbR,wb1nMbR,1.0,1.0,
google ocr,936,J8503 W,js503rW,0.5714285714285714,0.5714285714285714,
google ocr,937,wKcnjz9,wKcnjz9,1.0,1.0,
google ocr,938,OFSELU,OF6EeU0,0.5714285714285714,0.6153846153846154,yes
google ocr,939,06gVuSq,o6gVuSq,0.8571428571428572,0.8571428571428571,
google ocr,940,UGPupD,aUGPupD,0.8571428571428572,0.9230769230769231,
google ocr,941,TRNX43V,rRNX43V,0.8571428571428572,0.8571428571428571,
google ocr,942,JPOu3m,fJPOu3m,0.8571428571428572,0.9230769230769231,
google ocr,943,aaNwjbo,aaNwjbO,0.8571428571428572,0.8571428571428571,
google ocr,944,DfmHZ06,DfmHZ06,1.0,1.0,
google ocr,945,u3exQ Co,u3exQCo,0.875,0.9333333333333333,
google ocr,946,CDTDC4W,CDTDc4W,0.8571428571428572,0.8571428571428571,
google ocr,947,KYUIKK,KYUlKKn,0.7142857142857143,0.7692307692307693,
google ocr,948,LAxgAD,qLAxgAD,0.8571428571428572,0.9230769230769231,
google ocr,949,(km10-86,km1Q-86,0.75,0.8,
google ocr,950,33JrV6,z33JrV6,0.8571428571428572,0.9230769230769231,
google ocr,951,О5JZFYj,O5JZFYj,0.8571428571428572,0.8571428571428571,
google ocr,952,Zуобнуя,BXk9oXz,0.0,0.0,
google ocr,953,xd-ZMOC,xd-ZMOC,1.0,1.0,
google ocr,954,UySUB7V,UySUb7V,0.8571428571428572,0.8571428571428571,
google ocr,955,GLMIQLV,rLMfQLV,0.7142857142857143,0.7142857142857143,
google ocr,956,AVcw9xk,AVcw9xk,1.0,1.0,
google ocr,957,bCgWOTE,oCgWOTb,0.7142857142857143,0.7142857142857143,
google ocr,958,,6MvIjLR,0.0,0.0,
google ocr,959,EXXAwyxf,xXAwyxf,0.75,0.8,
google ocr,960,RjWOL64,RjW0L64,0.8571428571428572,0.8571428571428571,
google ocr,961,kqjpMym,kqjpMym,1.0,1.0,
google ocr,962,Zbfrweg,Zbfrweg,1.0,1.0,
google ocr,963,wlvhmk4,wlvhmk4,1.0,1.0,
google ocr,964,Lre09EC,LreQ9EC,0.8571428571428572,0.8571428571428571,
google ocr,965,vivdbb,ivjydbb,0.5714285714285714,0.7692307692307693,
google ocr,966,GcHqM-o,GcHqM-o,1.0,1.0,
google ocr,967,umTBAAo,umTBAAo,1.0,1.0,
google ocr,968,i2MUw9J,i2MUw9J,1.0,1.0,
google ocr,969,xwcl601,xwcl6OI,0.7142857142857143,0.7142857142857143,
google ocr,970,05QvzSf,O5QvzSf,0.8571428571428572,0.8571428571428571,
google ocr,971,NCRIUjt,NCRlUjt,0.8571428571428572,0.8571428571428571,
google ocr,972,yODORw8,y0DORw8,0.8571428571428572,0.8571428571428571,
google ocr,973,4hSgYG6,4hSgYG6,1.0,1.0,
google ocr,974,,zLOwmYS,0.0,0.0,yes
google ocr,975,dIPsvde,dIPsvde,1.0,1.0,
google ocr,976,"KKL19UB
I",RKL19Uk,0.5555555555555556,0.625,
google ocr,977,nuo,pDDX3xV,0.0,0.0,
google ocr,978,,NmpUFpg,0.0,0.0,yes
google ocr,979,,tvRHR-r,0.0,0.0,
google ocr,980,66rkq79,66rKq79,0.8571428571428572,0.8571428571428571,
google ocr,981,0,0Vfveni,0.1428571428571429,0.25,yes
google ocr,982,,Y23mMNv,0.0,0.0,yes
google ocr,983,h1lBy8N,h1lBy8N,1.0,1.0,
google ocr,984,HEenew,oHEenew,0.8571428571428572,0.9230769230769231,
google ocr,985,"ENE
109",rNBFI09,0.4285714285714286,0.42857142857142855,
google ocr,986,ZVC-IGE,ZVC-IGE,1.0,1.0,
google ocr,987,onFq7k4,pnFq7k4,0.8571428571428572,0.8571428571428571,
google ocr,988,wJZIOdj,wJZI0dj,0.8571428571428572,0.8571428571428571,
google ocr,989,MLKWGge,MLKWGge,1.0,1.0,
google ocr,990,nZbpCAO,nZbpCAO,1.0,1.0,
google ocr,991,,T8XkQQh,0.0,0.0,
google ocr,992,trq TPkZ,trqTPkZ,0.875,0.9333333333333333,
google ocr,993,"Kizyc
cy",cyK1zyc,0.25,0.5333333333333333,
google ocr,994,615tdV,6l5tdVd,0.7142857142857143,0.7692307692307693,
google ocr,995,QQrEghu,QQrEgJu,0.8571428571428572,0.8571428571428571,yes
google ocr,996,QYQPAU,5yQPAUj,0.5714285714285714,0.6153846153846154,
google ocr,997,Osenzla,Qscpzla,0.5714285714285714,0.5714285714285714,yes
google ocr,998,<O0ODkf,k0OODkf,0.5714285714285714,0.7142857142857143,
google ocr,999,mweTs8F,mweTs8F,1.0,1.0,
