[{"model": "ABINet_Vision", "word metrics": {"word_acc": 0.0219, "word_acc_ignore_case": 0.8912, "word_acc_ignore_case_symbol": 0.8965}, "char metrics": {"char_recall": 0.9809, "char_precision": 0.9787}, "one minus NED metric": {"1-N.E.D": 0.9745}}, {"model": "ABINet", "word metrics": {"word_acc": 0.0219, "word_acc_ignore_case": 0.8958, "word_acc_ignore_case_symbol": 0.9011}, "char metrics": {"char_recall": 0.9814, "char_precision": 0.9796}, "one minus NED metric": {"1-N.E.D": 0.9758}}, {"model": "ASTER", "word metrics": {"word_acc": 0.5961, "word_acc_ignore_case": 0.7345, "word_acc_ignore_case_symbol": 0.8956}, "char metrics": {"char_recall": 0.9801, "char_precision": 0.9756}, "one minus NED metric": {"1-N.E.D": 0.9744}}, {"model": "CRNN", "word metrics": {"word_acc": 0.0175, "word_acc_ignore_case": 0.5174, "word_acc_ignore_case_symbol": 0.5186}, "char metrics": {"char_recall": 0.851, "char_precision": 0.8454}, "one minus NED metric": {"1-N.E.D": 0.8472}}, {"model": "MASTER", "word metrics": {"word_acc": 0.5788, "word_acc_ignore_case": 0.7199, "word_acc_ignore_case_symbol": 0.882}, "char metrics": {"char_recall": 0.976, "char_precision": 0.9687}, "one minus NED metric": {"1-N.E.D": 0.9692}}, {"model": "nrtr_modality-transform_6e_st_mj", "word metrics": {"word_acc": 0.5409, "word_acc_ignore_case": 0.6949, "word_acc_ignore_case_symbol": 0.8547}, "char metrics": {"char_recall": 0.9655, "char_precision": 0.9601}, "one minus NED metric": {"1-N.E.D": 0.9587}}, {"model": "NRTR", "word metrics": {"word_acc": 0.5747, "word_acc_ignore_case": 0.7229, "word_acc_ignore_case_symbol": 0.8888}, "char metrics": {"char_recall": 0.9788, "char_precision": 0.973}, "one minus NED metric": {"1-N.E.D": 0.9711}}, {"model": "NRTR_1/16-1/8", "word metrics": {"word_acc": 0.5679, "word_acc_ignore_case": 0.719, "word_acc_ignore_case_symbol": 0.8788}, "char metrics": {"char_recall": 0.9766, "char_precision": 0.97}, "one minus NED metric": {"1-N.E.D": 0.9686}}, {"model": "svtr-small", "word metrics": {"word_acc": 0.0219, "word_acc_ignore_case": 0.7425, "word_acc_ignore_case_symbol": 0.744}, "char metrics": {"char_recall": 0.9855, "char_precision": 0.8474}, "one minus NED metric": {"1-N.E.D": 0.8978}}, {"model": "svtr-base", "word metrics": {"word_acc": 0.0216, "word_acc_ignore_case": 0.7408, "word_acc_ignore_case_symbol": 0.7423}, "char metrics": {"char_recall": 0.9853, "char_precision": 0.8482}, "one minus NED metric": {"1-N.E.D": 0.8986}}, {"model": "RobustScanner", "word metrics": {"word_acc": 0.5888, "word_acc_ignore_case": 0.7384, "word_acc_ignore_case_symbol": 0.8939}, "char metrics": {"char_recall": 0.9814, "char_precision": 0.9757}, "one minus NED metric": {"1-N.E.D": 0.9742}}, {"model": "SAR", "word metrics": {"word_acc": 0.5917, "word_acc_ignore_case": 0.7515, "word_acc_ignore_case_symbol": 0.9077}, "char metrics": {"char_recall": 0.9834, "char_precision": 0.9799}, "one minus NED metric": {"1-N.E.D": 0.9778}}, {"model": "sar_resnet31_sequential-decoder_5e_st-sub_mj-sub_sa_real", "word metrics": {"word_acc": 0.588, "word_acc_ignore_case": 0.7496, "word_acc_ignore_case_symbol": 0.9038}, "char metrics": {"char_recall": 0.9839, "char_precision": 0.9788}, "one minus NED metric": {"1-N.E.D": 0.9775}}, {"model": "SATRN", "word metrics": {"word_acc": 0.5791, "word_acc_ignore_case": 0.7321, "word_acc_ignore_case_symbol": 0.8963}, "char metrics": {"char_recall": 0.9802, "char_precision": 0.9739}, "one minus NED metric": {"1-N.E.D": 0.9735}}, {"model": "SATRN_sm", "word metrics": {"word_acc": 0.5764, "word_acc_ignore_case": 0.7369, "word_acc_ignore_case_symbol": 0.8987}, "char metrics": {"char_recall": 0.9824, "char_precision": 0.9756}, "one minus NED metric": {"1-N.E.D": 0.9745}}]