[{"model": "easyocr", "score": {"char_recall": 0.6788, "char_precision": 0.9172, "word_acc": 0.3357, "word_acc_ignore_case": 0.3499, "word_acc_ignore_case_symbol": 0.3801, "1-N.E.D": 0.6351}, "predictions": [{"prediction": "ATIR", "ground truth": "ATIR", "image path": "test_imgs/PMC5238375_11.jpg"}, {"prediction": "Tignt", "ground truth": "Tight junction degradation", "image path": "test_imgs/PMC3920964_10.jpg"}, {"prediction": "Neural", "ground truth": "Neural differentiation", "image path": "test_imgs/PMC5241026_8.jpg"}, {"prediction": "IkB-a", "ground truth": "I\u03baB-a", "image path": "test_imgs/PMC3591436_2.jpg"}, {"prediction": "Tryptophan", "ground truth": "Tryptophan", "image path": "test_imgs/PMC6307990_14.jpg"}, {"prediction": "RARrl", "ground truth": "RAR\u03b3", "image path": "test_imgs/PMC5241026_3.jpg"}, {"prediction": "Cellular", "ground truth": "Cellular Senescence (RS, SIPS)", "image path": "test_imgs/PMC4061041_9.jpg"}, {"prediction": "COL+AS", "ground truth": "COL4AS", "image path": "test_imgs/PMC5850946_9.jpg"}, {"prediction": "EtOH", "ground truth": "EtOH", "image path": "test_imgs/PMC5404978_14.jpg"}, {"prediction": "Proliferation", "ground truth": "Proliferation", "image path": "test_imgs/PMC3932947_9.jpg"}, {"prediction": "H lizand:", "ground truth": "Hh ligands", "image path": "test_imgs/PMC5949124_19.jpg"}, {"prediction": "Snom", "ground truth": "SnoN", "image path": "test_imgs/PMC4074601_9.jpg"}, {"prediction": "", "ground truth": "P", "image path": "test_imgs/PMC5788631_11.jpg"}, {"prediction": "", "ground truth": "LXR-\u03b1", "image path": "test_imgs/PMC5238375_7.jpg"}, {"prediction": "Apoptosis", "ground truth": "Apoptosis", "image path": "test_imgs/PMC3789177_10.jpg"}, {"prediction": "TGR-A", "ground truth": "TGF-\u03b2", "image path": "test_imgs/PMC3087811_7.jpg"}, {"prediction": "Co-repressors", "ground truth": "Co-repressors", "image path": "test_imgs/PMC3365567_2.jpg"}, {"prediction": "", "ground truth": "Apoptosome complex", "image path": "test_imgs/PMC3068308_8.jpg"}, {"prediction": "", "ground truth": "LXR-\u03b1", "image path": "test_imgs/PMC5238375_6.jpg"}, {"prediction": "", "ground truth": "Mitochondrion", "image path": "test_imgs/PMC3068308_11.jpg"}, {"prediction": "Cyclin B", "ground truth": "Cyclin B", "image path": "test_imgs/PMC4826221_12.jpg"}, {"prediction": "TGFBs", "ground truth": "TGFBs", "image path": "test_imgs/PMC5541090_0.jpg"}, {"prediction": "CSF", "ground truth": "CSF", "image path": "test_imgs/PMC3591436_17.jpg"}, {"prediction": "Cox-2,MCP-1, IL-1B, TNF-a", "ground truth": "Cox-2, MCP-1, IL-1\u03b2, TNF-\u03b1", "image path": "test_imgs/PMC3341532_7.jpg"}, {"prediction": "0z1", "ground truth": "p21", "image path": "test_imgs/PMC2988105_7.jpg"}, {"prediction": "protein", "ground truth": "protein neo-synthesis", "image path": "test_imgs/PMC5967041_6.jpg"}, {"prediction": "", "ground truth": "Akt", "image path": "test_imgs/PMC3068308_4.jpg"}, {"prediction": "", "ground truth": "NF\u03baB", "image path": "test_imgs/PMC3068308_3.jpg"}, {"prediction": "Neuronal", "ground truth": "Neuronal dysfunction", "image path": "test_imgs/PMC3920964_12.jpg"}, {"prediction": "IGFI", "ground truth": "IGF1", "image path": "test_imgs/PMC3932947_0.jpg"}, {"prediction": "", "ground truth": "G\u03b3", "image path": "test_imgs/PMC6681686_10.jpg"}, {"prediction": "ntegrins", "ground truth": "Integrins", "image path": "test_imgs/PMC5908975_2.jpg"}, {"prediction": "TFs", "ground truth": "TFs", "image path": "test_imgs/PMC4074601_12.jpg"}, {"prediction": "DNA damage", "ground truth": "DNA damage", "image path": "test_imgs/PMC3978517_14.jpg"}, {"prediction": "Tai", "ground truth": "Orai1", "image path": "test_imgs/PMC6322368_1.jpg"}, {"prediction": "", "ground truth": "LAMA2", "image path": "test_imgs/PMC5850946_4.jpg"}, {"prediction": "Paxillin", "ground truth": "Paxillin", "image path": "test_imgs/PMC5908975_4.jpg"}, {"prediction": "", "ground truth": "PTEN", "image path": "test_imgs/PMC5850946_18.jpg"}, {"prediction": "Cell Death", "ground truth": "Cell Death", "image path": "test_imgs/PMC5037850_6.jpg"}, {"prediction": "ROS", "ground truth": "ROS", "image path": "test_imgs/PMC3341532_1.jpg"}, {"prediction": "PTCHI", "ground truth": "PTCHI", "image path": "test_imgs/PMC6820189_2.jpg"}, {"prediction": "Fak", "ground truth": "Fak", "image path": "test_imgs/PMC2172299_3.jpg"}, {"prediction": "-RHPN2", "ground truth": "RHPN2", "image path": "test_imgs/PMC5241026_4.jpg"}, {"prediction": "PIP?", "ground truth": "PIP3", "image path": "test_imgs/PMC3233205_0.jpg"}, {"prediction": "Poki", "ground truth": "PDK1", "image path": "test_imgs/PMC3932947_3.jpg"}, {"prediction": "Exposed", "ground truth": "Exposed Telomere", "image path": "test_imgs/PMC4061041_7.jpg"}, {"prediction": "ADAM-10/12_", "ground truth": "ADAM-10/12", "image path": "test_imgs/PMC4252843_3.jpg"}, {"prediction": "PM", "ground truth": "PM", "image path": "test_imgs/PMC3946494_0.jpg"}, {"prediction": "", "ground truth": "CDK1", "image path": "test_imgs/PMC4826221_8.jpg"}, {"prediction": "MESENCHYMAL", "ground truth": "MESENCHYMAL", "image path": "test_imgs/PMC6643126_6.jpg"}, {"prediction": "Lvm", "ground truth": "Lym", "image path": "test_imgs/PMC4057701_5.jpg"}, {"prediction": "CFD-6", "ground truth": "CED-6", "image path": "test_imgs/PMC3521709_14.jpg"}, {"prediction": "Diak", "ground truth": "PI3K", "image path": "test_imgs/PMC6681686_8.jpg"}, {"prediction": "Gliace", "ground truth": "Gliact", "image path": "test_imgs/PMC6820189_5.jpg"}, {"prediction": "CBFI", "ground truth": "CBF1", "image path": "test_imgs/PMC3365567_17.jpg"}, {"prediction": "SMAD4", "ground truth": "SMAD4", "image path": "test_imgs/PMC5541090_6.jpg"}, {"prediction": "IRFT", "ground truth": "IRE1", "image path": "test_imgs/PMC3655991_5.jpg"}, {"prediction": "", "ground truth": "pH2AX", "image path": "test_imgs/PMC4826221_2.jpg"}, {"prediction": "", "ground truth": "Invasion", "image path": "test_imgs/PMC6307990_4.jpg"}, {"prediction": "Cvs8_", "ground truth": "Cys83", "image path": "test_imgs/PMC6451008_4.jpg"}, {"prediction": "", "ground truth": "TGF-\u03b2RI/ll", "image path": "test_imgs/PMC3087811_8.jpg"}, {"prediction": "S14", "ground truth": "S14", "image path": "test_imgs/PMC5404978_10.jpg"}, {"prediction": "Pi3K", "ground truth": "PI3K", "image path": "test_imgs/PMC3932947_2.jpg"}, {"prediction": "Cytoplasm", "ground truth": "Cytoplasm", "image path": "test_imgs/PMC4074601_3.jpg"}, {"prediction": "ITSN-", "ground truth": "ITSN-L", "image path": "test_imgs/PMC5148706_0.jpg"}, {"prediction": "Fas", "ground truth": "Fas", "image path": "test_imgs/PMC5037850_4.jpg"}, {"prediction": "", "ground truth": "TKIs", "image path": "test_imgs/PMC3502787_8.jpg"}, {"prediction": "EGLATICED-13", "ground truth": "EGL-1/CED-13", "image path": "test_imgs/PMC3789177_5.jpg"}, {"prediction": "AP_I", "ground truth": "AP-1", "image path": "test_imgs/PMC5037850_3.jpg"}, {"prediction": "eukocvte", "ground truth": "Leukocyte", "image path": "test_imgs/PMC3591436_1.jpg"}, {"prediction": "IL-12", "ground truth": "IL-12", "image path": "test_imgs/PMC4057701_4.jpg"}, {"prediction": "", "ground truth": "TK", "image path": "test_imgs/PMC3502787_14.jpg"}, {"prediction": "Dock180", "ground truth": "DOCK180", "image path": "test_imgs/PMC3521709_7.jpg"}, {"prediction": "TopBPl", "ground truth": "TopBP1", "image path": "test_imgs/PMC3978517_7.jpg"}, {"prediction": "PRDM16", "ground truth": "PRDM16", "image path": "test_imgs/PMC5541090_8.jpg"}, {"prediction": "PPARS", "ground truth": "PPAR\u03b4", "image path": "test_imgs/PMC3341532_2.jpg"}, {"prediction": "SMO", "ground truth": "SMO", "image path": "test_imgs/PMC6820189_1.jpg"}, {"prediction": "ABCT", "ground truth": "ABC1", "image path": "test_imgs/PMC3521709_3.jpg"}, {"prediction": "Osteoarthritis =", "ground truth": "Osteoarthritis", "image path": "test_imgs/PMC4536527_12.jpg"}, {"prediction": "DNA", "ground truth": "DNA", "image path": "test_imgs/PMC5541090_10.jpg"}, {"prediction": "SMAD2", "ground truth": "SMAD2", "image path": "test_imgs/PMC5541090_4.jpg"}, {"prediction": "CFD-", "ground truth": "CED-1", "image path": "test_imgs/PMC3521709_9.jpg"}, {"prediction": "CCNDE", "ground truth": "CCND1", "image path": "test_imgs/PMC5850946_17.jpg"}, {"prediction": "", "ground truth": "p", "image path": "test_imgs/PMC3502787_21.jpg"}, {"prediction": "CED 4", "ground truth": "CED-4", "image path": "test_imgs/PMC3789177_8.jpg"}, {"prediction": "", "ground truth": "RAP1A", "image path": "test_imgs/PMC5850946_14.jpg"}, {"prediction": "TGFBRI", "ground truth": "TGFBR1", "image path": "test_imgs/PMC5541090_2.jpg"}, {"prediction": "", "ground truth": "AKT", "image path": "test_imgs/PMC3932947_4.jpg"}, {"prediction": "", "ground truth": "Translocation", "image path": "test_imgs/PMC3502787_3.jpg"}, {"prediction": "CED-9", "ground truth": "CED-9", "image path": "test_imgs/PMC3789177_6.jpg"}, {"prediction": "IL-6", "ground truth": "IL-6", "image path": "test_imgs/PMC4536527_6.jpg"}, {"prediction": "Sox-2", "ground truth": "Sox-2", "image path": "test_imgs/PMC5908975_9.jpg"}, {"prediction": "", "ground truth": "AKT1", "image path": "test_imgs/PMC5850946_8.jpg"}, {"prediction": "mTORCL", "ground truth": "mTORC1", "image path": "test_imgs/PMC3932947_6.jpg"}, {"prediction": "Transducers", "ground truth": "Transducers", "image path": "test_imgs/PMC3978517_9.jpg"}, {"prediction": "ATF", "ground truth": "ATR", "image path": "test_imgs/PMC3978517_6.jpg"}, {"prediction": "", "ground truth": "p85", "image path": "test_imgs/PMC3502787_5.jpg"}, {"prediction": "PMA", "ground truth": "PMA", "image path": "test_imgs/PMC4074601_0.jpg"}, {"prediction": "cilengitide", "ground truth": "cilengitide", "image path": "test_imgs/PMC5908975_1.jpg"}, {"prediction": "2", "ground truth": "NICD", "image path": "test_imgs/PMC3365567_11.jpg"}, {"prediction": "SUmRL", "ground truth": "SUFU", "image path": "test_imgs/PMC2659383_3.jpg"}, {"prediction": "", "ground truth": "IL6R", "image path": "test_imgs/PMC6307990_0.jpg"}, {"prediction": "GNP", "ground truth": "GNP", "image path": "test_imgs/PMC3932947_5.jpg"}, {"prediction": "", "ground truth": "GL", "image path": "test_imgs/PMC4826221_1.jpg"}, {"prediction": "Obese", "ground truth": "Obese", "image path": "test_imgs/PMC4536527_11.jpg"}, {"prediction": "Mitochondria", "ground truth": "Mitochondria", "image path": "test_imgs/PMC5037850_7.jpg"}, {"prediction": "mLST8", "ground truth": "mLST8", "image path": "test_imgs/PMC3655991_1.jpg"}, {"prediction": "CTGF", "ground truth": "CTGF", "image path": "test_imgs/PMC5788631_8.jpg"}, {"prediction": "", "ground truth": "(a)", "image path": "test_imgs/PMC3502787_11.jpg"}, {"prediction": "Cervical cancer cell", "ground truth": "Cervical cancer cell proliferation and apoptosis", "image path": "test_imgs/PMC6241696_15.jpg"}, {"prediction": "ABL-", "ground truth": "ABL-1", "image path": "test_imgs/PMC3521709_4.jpg"}, {"prediction": "S93", "ground truth": "S93", "image path": "test_imgs/PMC5404978_7.jpg"}, {"prediction": "'af", "ground truth": "Raf", "image path": "test_imgs/PMC3233205_5.jpg"}, {"prediction": "", "ground truth": "SMAD 7", "image path": "test_imgs/PMC3087811_13.jpg"}, {"prediction": "IGF_", "ground truth": "IGF-1", "image path": "test_imgs/PMC4061041_2.jpg"}, {"prediction": "", "ground truth": "IL6", "image path": "test_imgs/PMC6307990_10.jpg"}, {"prediction": "", "ground truth": "p", "image path": "test_imgs/PMC3502787_25.jpg"}, {"prediction": "Mcis", "ground truth": "Mcl-1", "image path": "test_imgs/PMC6675870_1.jpg"}, {"prediction": "", "ground truth": "PKB", "image path": "test_imgs/PMC3502787_9.jpg"}, {"prediction": "Sensors /Mediators", "ground truth": "Sensors/Mediators", "image path": "test_imgs/PMC3978517_0.jpg"}, {"prediction": "", "ground truth": "NF-\u03baB", "image path": "test_imgs/PMC3946494_13.jpg"}, {"prediction": "TEAD", "ground truth": "TEAD", "image path": "test_imgs/PMC5788631_7.jpg"}, {"prediction": "", "ground truth": "Akt/", "image path": "test_imgs/PMC3502787_28.jpg"}, {"prediction": "", "ground truth": "SMAD 2/3", "image path": "test_imgs/PMC3087811_15.jpg"}, {"prediction": "CTGF", "ground truth": "CTGF protein", "image path": "test_imgs/PMC5788631_10.jpg"}, {"prediction": "", "ground truth": "ErbB3", "image path": "test_imgs/PMC3502787_15.jpg"}, {"prediction": "YAP", "ground truth": "YAP", "image path": "test_imgs/PMC5788631_6.jpg"}, {"prediction": "Crkll", "ground truth": "CrkII", "image path": "test_imgs/PMC3521709_1.jpg"}, {"prediction": "Neurodegeneration", "ground truth": "Neurodegeneration", "image path": "test_imgs/PMC3920964_13.jpg"}, {"prediction": "", "ground truth": "ErbB24", "image path": "test_imgs/PMC3502787_18.jpg"}, {"prediction": "", "ground truth": "OH", "image path": "test_imgs/PMC2988105_0.jpg"}, {"prediction": "PTEN", "ground truth": "PTEN", "image path": "test_imgs/PMC6451008_3.jpg"}, {"prediction": "GSK-3p", "ground truth": "GSK-3\u03b2", "image path": "test_imgs/PMC6241696_3.jpg"}, {"prediction": "[", "ground truth": "N-Cadherin Adhesion", "image path": "test_imgs/PMC2172299_11.jpg"}, {"prediction": "pl KB", "ground truth": "pl \u03baB", "image path": "test_imgs/PMC3946494_12.jpg"}, {"prediction": "SMAD3", "ground truth": "SMAD3", "image path": "test_imgs/PMC5541090_5.jpg"}, {"prediction": "ATM", "ground truth": "ATM", "image path": "test_imgs/PMC4061041_1.jpg"}, {"prediction": "Raptor", "ground truth": "Raptor", "image path": "test_imgs/PMC3655991_3.jpg"}, {"prediction": "", "ground truth": "PFD", "image path": "test_imgs/PMC5238375_2.jpg"}, {"prediction": "CTGF", "ground truth": "CTGF mRNA", "image path": "test_imgs/PMC5788631_9.jpg"}, {"prediction": "YAP", "ground truth": "YAP", "image path": "test_imgs/PMC5788631_3.jpg"}, {"prediction": "FNDODERM", "ground truth": "ENDODERM", "image path": "test_imgs/PMC3036164_0.jpg"}, {"prediction": "053", "ground truth": "p53", "image path": "test_imgs/PMC2988105_5.jpg"}, {"prediction": "", "ground truth": "H2AX", "image path": "test_imgs/PMC3978517_4.jpg"}, {"prediction": "", "ground truth": "\u03b2", "image path": "test_imgs/PMC2172299_9.jpg"}, {"prediction": "", "ground truth": "SGK1", "image path": "test_imgs/PMC5850946_12.jpg"}, {"prediction": "IFGF", "ground truth": "VEGF", "image path": "test_imgs/PMC4536527_7.jpg"}, {"prediction": "ean", "ground truth": "Lean", "image path": "test_imgs/PMC4536527_10.jpg"}, {"prediction": "pZOs6k", "ground truth": "p70s6k", "image path": "test_imgs/PMC6643126_1.jpg"}, {"prediction": "FPC", "ground truth": "FPC", "image path": "test_imgs/PMC3978517_8.jpg"}, {"prediction": "Bck-?", "ground truth": "Bcl-2", "image path": "test_imgs/PMC6675870_3.jpg"}, {"prediction": "hand2", "ground truth": "hand2", "image path": "test_imgs/PMC3036164_5.jpg"}, {"prediction": "", "ground truth": "LDHa", "image path": "test_imgs/PMC4536527_4.jpg"}, {"prediction": "NF-KB", "ground truth": "NF-\u03baB", "image path": "test_imgs/PMC6322368_6.jpg"}, {"prediction": "ATGIA", "ground truth": "ATG14", "image path": "test_imgs/PMC5404978_6.jpg"}, {"prediction": "Smad2", "ground truth": "Smad2", "image path": "test_imgs/PMC4074601_2.jpg"}, {"prediction": "", "ground truth": "HO", "image path": "test_imgs/PMC2988105_1.jpg"}, {"prediction": "TARGETS", "ground truth": "TARGETS", "image path": "test_imgs/PMC3365567_4.jpg"}, {"prediction": "Apoptosis", "ground truth": "Apoptosis", "image path": "test_imgs/PMC2988105_10.jpg"}, {"prediction": "", "ground truth": "IL-1 \u03b2", "image path": "test_imgs/PMC4536527_13.jpg"}, {"prediction": "TPA", "ground truth": "TPA", "image path": "test_imgs/PMC5642883_0.jpg"}, {"prediction": "", "ground truth": "IAPs", "image path": "test_imgs/PMC3068308_6.jpg"}, {"prediction": "", "ground truth": "ErbB3", "image path": "test_imgs/PMC3502787_19.jpg"}, {"prediction": "ser15", "ground truth": "ser15", "image path": "test_imgs/PMC2988105_6.jpg"}, {"prediction": "", "ground truth": "MET", "image path": "test_imgs/PMC3502787_2.jpg"}, {"prediction": "Collagen production", "ground truth": "Collagen production", "image path": "test_imgs/PMC5482458_7.jpg"}, {"prediction": "", "ground truth": "IL6", "image path": "test_imgs/PMC6307990_13.jpg"}, {"prediction": "", "ground truth": "IDO1", "image path": "test_imgs/PMC6307990_2.jpg"}, {"prediction": "", "ground truth": "TRE", "image path": "test_imgs/PMC5642883_9.jpg"}, {"prediction": "PKCa /MEK /", "ground truth": "PKC\u03b1/MEK/ ERK/ AP-1", "image path": "test_imgs/PMC3341532_8.jpg"}, {"prediction": "Ednralb", "ground truth": "Ednra/b", "image path": "test_imgs/PMC3036164_13.jpg"}, {"prediction": "Rac", "ground truth": "Rac", "image path": "test_imgs/PMC3521709_13.jpg"}, {"prediction": "", "ground truth": "TLR4", "image path": "test_imgs/PMC4536527_2.jpg"}, {"prediction": "", "ground truth": "TSC2", "image path": "test_imgs/PMC5850946_13.jpg"}, {"prediction": "HB-EGF", "ground truth": "HB-EGF", "image path": "test_imgs/PMC4252843_1.jpg"}, {"prediction": "Actin", "ground truth": "Actin polymerization", "image path": "test_imgs/PMC5148706_6.jpg"}, {"prediction": "7e", "ground truth": "NICD", "image path": "test_imgs/PMC3365567_9.jpg"}, {"prediction": "Somatic Cells", "ground truth": "Somatic Cells", "image path": "test_imgs/PMC3789177_11.jpg"}, {"prediction": "NF-KB", "ground truth": "NF-\u03baB", "image path": "test_imgs/PMC3341532_4.jpg"}, {"prediction": "", "ground truth": "P", "image path": "test_imgs/PMC3591436_13.jpg"}, {"prediction": "Raci", "ground truth": "Rac1", "image path": "test_imgs/PMC2172299_7.jpg"}, {"prediction": "ERKLI", "ground truth": "ERK1/2", "image path": "test_imgs/PMC5482458_0.jpg"}, {"prediction": "GCL", "ground truth": "GLI", "image path": "test_imgs/PMC2659383_2.jpg"}, {"prediction": "CDCPI", "ground truth": "CDCP1", "image path": "test_imgs/PMC5967041_1.jpg"}, {"prediction": "NF-KB", "ground truth": "NF-\u03baB", "image path": "test_imgs/PMC4057701_3.jpg"}, {"prediction": "SNO-PTEN", "ground truth": "SNO-PTEN", "image path": "test_imgs/PMC6451008_2.jpg"}, {"prediction": "NF-KB", "ground truth": "NF-\u03baB", "image path": "test_imgs/PMC3591436_3.jpg"}, {"prediction": "PDGFRP", "ground truth": "PDGFR\u03b2", "image path": "test_imgs/PMC5967041_2.jpg"}, {"prediction": "pSmad", "ground truth": "pSmad1", "image path": "test_imgs/PMC5241026_7.jpg"}, {"prediction": "McF", "ground truth": "GRB2", "image path": "test_imgs/PMC5850946_5.jpg"}, {"prediction": "", "ground truth": "Akt/", "image path": "test_imgs/PMC3502787_27.jpg"}, {"prediction": "CED-10", "ground truth": "CED-10", "image path": "test_imgs/PMC3521709_12.jpg"}, {"prediction": "FAK", "ground truth": "FAK", "image path": "test_imgs/PMC5908975_3.jpg"}, {"prediction": "DELTA", "ground truth": "DELTA-LIKE", "image path": "test_imgs/PMC3365567_7.jpg"}, {"prediction": "PM", "ground truth": "PM", "image path": "test_imgs/PMC6322368_0.jpg"}, {"prediction": "", "ground truth": "ERK.JNK", "image path": "test_imgs/PMC3087811_9.jpg"}, {"prediction": "GPCR", "ground truth": "GPCR", "image path": "test_imgs/PMC4252843_2.jpg"}, {"prediction": "MMP-9", "ground truth": "MMP-9", "image path": "test_imgs/PMC3920964_8.jpg"}, {"prediction": "p53", "ground truth": "p53", "image path": "test_imgs/PMC5908975_10.jpg"}, {"prediction": "RORA", "ground truth": "ROR\u03b3t", "image path": "test_imgs/PMC3087811_5.jpg"}, {"prediction": "LLC3F", "ground truth": "LC3B", "image path": "test_imgs/PMC5404978_12.jpg"}, {"prediction": "Kinase", "ground truth": "Kinase domain", "image path": "test_imgs/PMC3655991_11.jpg"}, {"prediction": "Target genes", "ground truth": "Target genes", "image path": "test_imgs/PMC5949124_10.jpg"}, {"prediction": "Persistent", "ground truth": "Persistent DNA damage", "image path": "test_imgs/PMC4061041_8.jpg"}, {"prediction": "Basement", "ground truth": "Basement membrane degradation", "image path": "test_imgs/PMC3920964_9.jpg"}, {"prediction": "Cell cycle", "ground truth": "Cell cycle", "image path": "test_imgs/PMC3978517_16.jpg"}, {"prediction": "", "ground truth": "a", "image path": "test_imgs/PMC5949124_11.jpg"}, {"prediction": "YAP", "ground truth": "YAP", "image path": "test_imgs/PMC5788631_4.jpg"}, {"prediction": "", "ground truth": "P-gp", "image path": "test_imgs/PMC5908975_11.jpg"}, {"prediction": "Cadm", "ground truth": "Cadmium", "image path": "test_imgs/PMC3655991_0.jpg"}, {"prediction": "Pip 2", "ground truth": "PIP2", "image path": "test_imgs/PMC3233205_2.jpg"}, {"prediction": "p-STAT", "ground truth": "p-STAT3", "image path": "test_imgs/PMC6307990_7.jpg"}, {"prediction": "Daaama", "ground truth": "PPP2R3A", "image path": "test_imgs/PMC5850946_15.jpg"}, {"prediction": "cam?", "ground truth": "Alcama", "image path": "test_imgs/PMC3036164_1.jpg"}, {"prediction": "CYCRA", "ground truth": "CXCR4", "image path": "test_imgs/PMC6681686_3.jpg"}, {"prediction": "DDK", "ground truth": "DDK", "image path": "test_imgs/PMC3978517_13.jpg"}, {"prediction": "Cyclopamine", "ground truth": "Cyclopamine HhAntag", "image path": "test_imgs/PMC2659383_10.jpg"}, {"prediction": "FR", "ground truth": "ER", "image path": "test_imgs/PMC6322368_7.jpg"}, {"prediction": "EGFR", "ground truth": "EGFR", "image path": "test_imgs/PMC4252843_4.jpg"}, {"prediction": "", "ground truth": "IL-2", "image path": "test_imgs/PMC3087811_12.jpg"}, {"prediction": "Amam", "ground truth": "AKT", "image path": "test_imgs/PMC6451008_5.jpg"}, {"prediction": "mRNA", "ground truth": "mRNA", "image path": "test_imgs/PMC5967041_4.jpg"}, {"prediction": "PD-LI", "ground truth": "PD-L1", "image path": "test_imgs/PMC6307990_8.jpg"}, {"prediction": "ChPL", "ground truth": "ChPL", "image path": "test_imgs/PMC6675870_8.jpg"}, {"prediction": "p130Cas", "ground truth": "p130Cas", "image path": "test_imgs/PMC2172299_1.jpg"}, {"prediction": "Apoptosis", "ground truth": "Apoptosis", "image path": "test_imgs/PMC3655991_9.jpg"}, {"prediction": "", "ground truth": "PI3K", "image path": "test_imgs/PMC3502787_6.jpg"}, {"prediction": "IHes", "ground truth": "Hes,", "image path": "test_imgs/PMC3365567_5.jpg"}, {"prediction": "PKC", "ground truth": "PKC", "image path": "test_imgs/PMC3233205_3.jpg"}, {"prediction": "LIN-35", "ground truth": "LIN-35", "image path": "test_imgs/PMC3789177_4.jpg"}, {"prediction": "Hey", "ground truth": "Hey,", "image path": "test_imgs/PMC3365567_6.jpg"}, {"prediction": "", "ground truth": "p", "image path": "test_imgs/PMC3502787_24.jpg"}, {"prediction": "Epithelium", "ground truth": "Epithelium", "image path": "test_imgs/PMC3591436_0.jpg"}, {"prediction": "Mek", "ground truth": "Mek1/2", "image path": "test_imgs/PMC3233205_8.jpg"}, {"prediction": "AMD31OC", "ground truth": "AMD3100", "image path": "test_imgs/PMC6681686_2.jpg"}, {"prediction": "Mo", "ground truth": "M\u00d8", "image path": "test_imgs/PMC4057701_7.jpg"}, {"prediction": "fibronectin", "ground truth": "fibronectin", "image path": "test_imgs/PMC5908975_0.jpg"}, {"prediction": "AMBRAI", "ground truth": "AMBRA1", "image path": "test_imgs/PMC5404978_9.jpg"}, {"prediction": "ItGBS", "ground truth": "ITGB5", "image path": "test_imgs/PMC5850946_3.jpg"}, {"prediction": "", "ground truth": "MAS", "image path": "test_imgs/PMC5238375_10.jpg"}, {"prediction": "Claudin-5", "ground truth": "Claudin-5 segments", "image path": "test_imgs/PMC3591436_14.jpg"}, {"prediction": "ATG7", "ground truth": "ATG7", "image path": "test_imgs/PMC5404978_13.jpg"}, {"prediction": "PIk3C3", "ground truth": "PIK3C3", "image path": "test_imgs/PMC5404978_5.jpg"}, {"prediction": "CED-5", "ground truth": "CED-5", "image path": "test_imgs/PMC3521709_6.jpg"}, {"prediction": "", "ground truth": "Bcl2", "image path": "test_imgs/PMC3068308_2.jpg"}, {"prediction": "Activin A", "ground truth": "Activin A", "image path": "test_imgs/PMC4074601_11.jpg"}, {"prediction": "", "ground truth": "Activatior", "image path": "test_imgs/PMC3502787_1.jpg"}, {"prediction": "ERK1/Z", "ground truth": "ERK1/2", "image path": "test_imgs/PMC6675870_5.jpg"}, {"prediction": "RP;", "ground truth": "LRP1", "image path": "test_imgs/PMC3920964_4.jpg"}, {"prediction": "actate", "ground truth": "Lactate", "image path": "test_imgs/PMC4536527_3.jpg"}, {"prediction": "ERK1/2", "ground truth": "ERK1/2", "image path": "test_imgs/PMC5967041_3.jpg"}, {"prediction": "", "ground truth": "OH", "image path": "test_imgs/PMC2988105_2.jpg"}, {"prediction": "Gm6uui", "ground truth": "GM6001", "image path": "test_imgs/PMC3591436_7.jpg"}, {"prediction": "Cdc256", "ground truth": "Cdc25C", "image path": "test_imgs/PMC4826221_6.jpg"}, {"prediction": "TGFBR2", "ground truth": "TGFBR2", "image path": "test_imgs/PMC5541090_3.jpg"}, {"prediction": "", "ground truth": "p85", "image path": "test_imgs/PMC3502787_7.jpg"}, {"prediction": "Smad2", "ground truth": "Smad2", "image path": "test_imgs/PMC4074601_4.jpg"}, {"prediction": "", "ground truth": "PFD", "image path": "test_imgs/PMC5238375_3.jpg"}, {"prediction": "G2IM arrest", "ground truth": "G2/M arrest", "image path": "test_imgs/PMC4826221_9.jpg"}, {"prediction": "14-3", "ground truth": "14-3-3", "image path": "test_imgs/PMC5788631_5.jpg"}, {"prediction": "IDO1", "ground truth": "IDO1", "image path": "test_imgs/PMC6307990_9.jpg"}, {"prediction": "", "ground truth": "EMT", "image path": "test_imgs/PMC6307990_6.jpg"}, {"prediction": "TRIF", "ground truth": "TRIF", "image path": "test_imgs/PMC4057701_2.jpg"}, {"prediction": "RNase", "ground truth": "RNase domain", "image path": "test_imgs/PMC3655991_12.jpg"}, {"prediction": "", "ground truth": "ErbB1", "image path": "test_imgs/PMC3502787_16.jpg"}, {"prediction": "mtopci", "ground truth": "mTORC1", "image path": "test_imgs/PMC3655991_2.jpg"}, {"prediction": "CF", "ground truth": "CTF", "image path": "test_imgs/PMC4252843_0.jpg"}, {"prediction": "", "ground truth": "KDR", "image path": "test_imgs/PMC5850946_19.jpg"}, {"prediction": "Ptch", "ground truth": "Ptch", "image path": "test_imgs/PMC5949124_0.jpg"}, {"prediction": "5164", "ground truth": "S164", "image path": "test_imgs/PMC5404978_2.jpg"}, {"prediction": "SOSTML", "ground truth": "SQSTM1", "image path": "test_imgs/PMC5404978_11.jpg"}, {"prediction": "BBB", "ground truth": "BBB breakdown", "image path": "test_imgs/PMC3920964_11.jpg"}, {"prediction": "", "ground truth": "DAG", "image path": "test_imgs/PMC6322368_2.jpg"}, {"prediction": "Nucleus", "ground truth": "Nucleus", "image path": "test_imgs/PMC5949124_4.jpg"}, {"prediction": "Receptors", "ground truth": "Receptors", "image path": "test_imgs/PMC4074601_1.jpg"}, {"prediction": "", "ground truth": "p", "image path": "test_imgs/PMC3502787_23.jpg"}, {"prediction": "Smad2", "ground truth": "Smad2", "image path": "test_imgs/PMC4074601_5.jpg"}, {"prediction": "Transcription", "ground truth": "Transcription", "image path": "test_imgs/PMC5541090_9.jpg"}, {"prediction": "Tight junction", "ground truth": "Tight junction", "image path": "test_imgs/PMC3591436_15.jpg"}, {"prediction": "HH", "ground truth": "HH", "image path": "test_imgs/PMC6820189_0.jpg"}, {"prediction": "", "ground truth": "ND", "image path": "test_imgs/PMC4536527_8.jpg"}, {"prediction": "MAPK pathway", "ground truth": "MAPK pathway", "image path": "test_imgs/PMC4061041_10.jpg"}, {"prediction": "", "ground truth": "IL6", "image path": "test_imgs/PMC6307990_12.jpg"}, {"prediction": "N", "ground truth": "N", "image path": "test_imgs/PMC3946494_10.jpg"}, {"prediction": "MMP9", "ground truth": "MMP9", "image path": "test_imgs/PMC5908975_8.jpg"}, {"prediction": "Caspase- 3", "ground truth": "Caspase- 3", "image path": "test_imgs/PMC5037850_5.jpg"}, {"prediction": "Cell", "ground truth": "Cell proliferation and migration", "image path": "test_imgs/PMC6681686_9.jpg"}, {"prediction": "Mgi32", "ground truth": "MG132", "image path": "test_imgs/PMC3591436_4.jpg"}, {"prediction": "Bcl-", "ground truth": "Bcl-", "image path": "test_imgs/PMC5037850_1.jpg"}, {"prediction": "Integrin", "ground truth": "Integrin", "image path": "test_imgs/PMC2172299_0.jpg"}, {"prediction": "", "ground truth": "I \u03baB", "image path": "test_imgs/PMC3946494_11.jpg"}, {"prediction": "Nadll.", "ground truth": "Nadl1.1", "image path": "test_imgs/PMC3036164_4.jpg"}, {"prediction": "Cardiac librosis", "ground truth": "Cardiac fibrosis", "image path": "test_imgs/PMC5238375_12.jpg"}, {"prediction": "Lipo-PGEL", "ground truth": "Lipo-PGE1", "image path": "test_imgs/PMC5482458_2.jpg"}, {"prediction": "Stroma", "ground truth": "Stroma", "image path": "test_imgs/PMC3591436_11.jpg"}, {"prediction": "IL-16", "ground truth": "IL-1\u03b2", "image path": "test_imgs/PMC3341532_5.jpg"}, {"prediction": "OLC-1", "ground truth": "DLC-1", "image path": "test_imgs/PMC3789177_0.jpg"}, {"prediction": "", "ground truth": "FGFR4", "image path": "test_imgs/PMC5850946_6.jpg"}, {"prediction": "14-3-30", "ground truth": "14-3-3\u03b8", "image path": "test_imgs/PMC5404978_3.jpg"}, {"prediction": "(Chk1, Chk2)", "ground truth": "(Chk1, Chk2)", "image path": "test_imgs/PMC3978517_15.jpg"}, {"prediction": "Stim1", "ground truth": "Stim1", "image path": "test_imgs/PMC6322368_3.jpg"}, {"prediction": "XBPA(S)", "ground truth": "XBP1(S)", "image path": "test_imgs/PMC3655991_8.jpg"}, {"prediction": "CED-2", "ground truth": "CED-2", "image path": "test_imgs/PMC3521709_0.jpg"}, {"prediction": "proliferation", "ground truth": "proliferation", "image path": "test_imgs/PMC5908975_14.jpg"}, {"prediction": "actate", "ground truth": "Lactate", "image path": "test_imgs/PMC4536527_5.jpg"}, {"prediction": "Apccant ", "ground truth": "APCCdh1", "image path": "test_imgs/PMC4074601_6.jpg"}, {"prediction": "", "ground truth": "p", "image path": "test_imgs/PMC3502787_22.jpg"}, {"prediction": "", "ground truth": "YWHAZ", "image path": "test_imgs/PMC5850946_0.jpg"}, {"prediction": "", "ground truth": "S757", "image path": "test_imgs/PMC5404978_4.jpg"}, {"prediction": "", "ground truth": "AKT", "image path": "test_imgs/PMC5908975_5.jpg"}, {"prediction": "9-11", "ground truth": "9-1-1", "image path": "test_imgs/PMC3978517_2.jpg"}, {"prediction": "RK", "ground truth": "ERK", "image path": "test_imgs/PMC5908975_7.jpg"}, {"prediction": "NAD(PIH Oxidase", "ground truth": "NAD(P)H Oxidase", "image path": "test_imgs/PMC4252843_8.jpg"}, {"prediction": "Gli", "ground truth": "Gli", "image path": "test_imgs/PMC6820189_3.jpg"}, {"prediction": "N-Cadherin", "ground truth": "N-Cadherin", "image path": "test_imgs/PMC2172299_6.jpg"}, {"prediction": "CEP 1", "ground truth": "CEP-1", "image path": "test_imgs/PMC3789177_3.jpg"}, {"prediction": "PFRK", "ground truth": "PERK", "image path": "test_imgs/PMC3655991_4.jpg"}, {"prediction": "PKM", "ground truth": "PKM2", "image path": "test_imgs/PMC6643126_2.jpg"}, {"prediction": "861", "ground truth": "pY861", "image path": "test_imgs/PMC2172299_4.jpg"}, {"prediction": "Pugfbb", "ground truth": "PDGFBB", "image path": "test_imgs/PMC5967041_0.jpg"}, {"prediction": "Infiltrated", "ground truth": "Infiltrated leukocyte", "image path": "test_imgs/PMC3591436_16.jpg"}, {"prediction": "Arpzk", "ground truth": "Arp2/3", "image path": "test_imgs/PMC5148706_5.jpg"}, {"prediction": "FSHP", "ground truth": "FSHR", "image path": "test_imgs/PMC6241696_1.jpg"}, {"prediction": "Proliferation", "ground truth": "Proliferation", "image path": "test_imgs/PMC2988105_9.jpg"}, {"prediction": "Crk", "ground truth": "Crk", "image path": "test_imgs/PMC2172299_5.jpg"}, {"prediction": "LAST1/2", "ground truth": "LAST1/2", "image path": "test_imgs/PMC5788631_1.jpg"}, {"prediction": "PKCo", "ground truth": "PKC\u03b4", "image path": "test_imgs/PMC2988105_3.jpg"}, {"prediction": "IGF-1R", "ground truth": "IGF-1R", "image path": "test_imgs/PMC4061041_4.jpg"}, {"prediction": "Cell death", "ground truth": "Cell death", "image path": "test_imgs/PMC6675870_7.jpg"}, {"prediction": "AKT", "ground truth": "AKT", "image path": "test_imgs/PMC3946494_3.jpg"}, {"prediction": "Edn]", "ground truth": "Edn1", "image path": "test_imgs/PMC3036164_3.jpg"}, {"prediction": "Nucleus", "ground truth": "Nucleus", "image path": "test_imgs/PMC4074601_7.jpg"}, {"prediction": "dlxa", "ground truth": "dlx5a", "image path": "test_imgs/PMC3036164_7.jpg"}, {"prediction": "1", "ground truth": "MUC4", "image path": "test_imgs/PMC3946494_6.jpg"}, {"prediction": "UCN-0I", "ground truth": "UCN-01", "image path": "test_imgs/PMC4826221_5.jpg"}, {"prediction": "cvtochrome \u20ac", "ground truth": "cytochrome c", "image path": "test_imgs/PMC6675870_9.jpg"}, {"prediction": "F-actin", "ground truth": "F-actin", "image path": "test_imgs/PMC5241026_10.jpg"}, {"prediction": "NOS1", "ground truth": "NOS1", "image path": "test_imgs/PMC6451008_0.jpg"}, {"prediction": "", "ground truth": "FGFR2", "image path": "test_imgs/PMC5850946_16.jpg"}, {"prediction": "Nucleus", "ground truth": "Nucleus", "image path": "test_imgs/PMC5949124_5.jpg"}, {"prediction": "", "ground truth": "PKA", "image path": "test_imgs/PMC6241696_2.jpg"}, {"prediction": "Ets -", "ground truth": "Ets-1", "image path": "test_imgs/PMC5482458_1.jpg"}, {"prediction": "coractn", "ground truth": "Cortactin", "image path": "test_imgs/PMC5148706_4.jpg"}, {"prediction": "", "ground truth": "TKIs", "image path": "test_imgs/PMC3502787_29.jpg"}, {"prediction": "Bay", "ground truth": "Bax", "image path": "test_imgs/PMC6675870_2.jpg"}, {"prediction": "CpC", "ground truth": "EPC", "image path": "test_imgs/PMC6681686_0.jpg"}, {"prediction": "Syx", "ground truth": "Syx", "image path": "test_imgs/PMC5241026_0.jpg"}, {"prediction": "", "ground truth": "Pl3k", "image path": "test_imgs/PMC3068308_1.jpg"}, {"prediction": "BMP4", "ground truth": "BMP4", "image path": "test_imgs/PMC5241026_6.jpg"}, {"prediction": "SIRTT", "ground truth": "SIRT1", "image path": "test_imgs/PMC5241026_2.jpg"}, {"prediction": "", "ground truth": "EMT", "image path": "test_imgs/PMC6643126_3.jpg"}, {"prediction": "D-CDKE", "ground truth": "p-CDK1", "image path": "test_imgs/PMC4826221_7.jpg"}, {"prediction": "Ga; /GBy", "ground truth": "G\u03b1i /G\u03b2\u03b3", "image path": "test_imgs/PMC4252843_5.jpg"}, {"prediction": "differentiation", "ground truth": "differentiation", "image path": "test_imgs/PMC5908975_13.jpg"}, {"prediction": "CALMI", "ground truth": "CALM1", "image path": "test_imgs/PMC5850946_1.jpg"}, {"prediction": "GLI", "ground truth": "GLI (GLI1,2,3)", "image path": "test_imgs/PMC5949124_7.jpg"}, {"prediction": "Differentiation", "ground truth": "Differentiation", "image path": "test_imgs/PMC3932947_8.jpg"}, {"prediction": "Cytochrome", "ground truth": "Cytochrome c", "image path": "test_imgs/PMC5037850_8.jpg"}, {"prediction": "", "ground truth": "Th17", "image path": "test_imgs/PMC3087811_6.jpg"}, {"prediction": "FoxO1", "ground truth": "FoxO1", "image path": "test_imgs/PMC5404978_15.jpg"}, {"prediction": "ComPLFX", "ground truth": "COMPLEX", "image path": "test_imgs/PMC3521709_17.jpg"}, {"prediction": "6555", "ground truth": "S555", "image path": "test_imgs/PMC5404978_1.jpg"}, {"prediction": "1", "ground truth": "Plasma Membrane Dynamics", "image path": "test_imgs/PMC2172299_12.jpg"}, {"prediction": "p38", "ground truth": "p38", "image path": "test_imgs/PMC3233205_6.jpg"}, {"prediction": "PPARO", "ground truth": "PPAR\u03b4", "image path": "test_imgs/PMC3341532_3.jpg"}, {"prediction": "kynurenint", "ground truth": "kynurenine", "image path": "test_imgs/PMC6307990_3.jpg"}, {"prediction": "Germiine", "ground truth": "Germline", "image path": "test_imgs/PMC3789177_7.jpg"}, {"prediction": "Target genes", "ground truth": "Target genes", "image path": "test_imgs/PMC2659383_9.jpg"}, {"prediction": "ATRIP", "ground truth": "ATRIP", "image path": "test_imgs/PMC3978517_5.jpg"}, {"prediction": "NFkB", "ground truth": "NFkB", "image path": "test_imgs/PMC3920964_7.jpg"}, {"prediction": "CBFI", "ground truth": "CBF1", "image path": "test_imgs/PMC3365567_3.jpg"}, {"prediction": "MAPK", "ground truth": "MAPK", "image path": "test_imgs/PMC5238375_1.jpg"}, {"prediction": "SHH", "ground truth": "SHH", "image path": "test_imgs/PMC2659383_0.jpg"}, {"prediction": "Xs", "ground truth": "Xs", "image path": "test_imgs/PMC5642883_6.jpg"}, {"prediction": "gamma", "ground truth": "gamma-secretase", "image path": "test_imgs/PMC3365567_13.jpg"}, {"prediction": "", "ground truth": "FFA", "image path": "test_imgs/PMC4536527_0.jpg"}, {"prediction": "Apoptosis", "ground truth": "Apoptosis", "image path": "test_imgs/PMC4826221_10.jpg"}, {"prediction": "ERK1/2", "ground truth": "ERK1/2", "image path": "test_imgs/PMC5642883_4.jpg"}, {"prediction": "NF-KB", "ground truth": "NF-\u03baB", "image path": "test_imgs/PMC3946494_4.jpg"}, {"prediction": "Cytosol", "ground truth": "Cytosol", "image path": "test_imgs/PMC5642883_3.jpg"}, {"prediction": "ROS generation", "ground truth": "ROS generation", "image path": "test_imgs/PMC3655991_10.jpg"}, {"prediction": "BECNI", "ground truth": "BECN1", "image path": "test_imgs/PMC5404978_8.jpg"}, {"prediction": "NC differentiation", "ground truth": "NC differentiation", "image path": "test_imgs/PMC3036164_10.jpg"}, {"prediction": "4294002", "ground truth": "LY294002", "image path": "test_imgs/PMC6681686_6.jpg"}, {"prediction": "MEK1/2", "ground truth": "MEK1/2", "image path": "test_imgs/PMC5642883_2.jpg"}, {"prediction": "Membrane", "ground truth": "Membrane", "image path": "test_imgs/PMC5642883_1.jpg"}, {"prediction": "", "ground truth": "p", "image path": "test_imgs/PMC3502787_20.jpg"}, {"prediction": "", "ground truth": "Ptch", "image path": "test_imgs/PMC5949124_2.jpg"}, {"prediction": "NAC", "ground truth": "NAC", "image path": "test_imgs/PMC4826221_0.jpg"}, {"prediction": "", "ground truth": "Akt", "image path": "test_imgs/PMC3068308_0.jpg"}, {"prediction": "MEK1I2", "ground truth": "MEK1/2", "image path": "test_imgs/PMC6675870_0.jpg"}, {"prediction": "RPA", "ground truth": "RPA", "image path": "test_imgs/PMC3978517_3.jpg"}, {"prediction": "mtop", "ground truth": "mTOR", "image path": "test_imgs/PMC6451008_6.jpg"}, {"prediction": "TCNZ", "ground truth": "LCN2", "image path": "test_imgs/PMC5642883_8.jpg"}, {"prediction": "GLI", "ground truth": "GLI (GLI1,2,3)", "image path": "test_imgs/PMC5949124_8.jpg"}, {"prediction": "", "ground truth": "JNK.p38", "image path": "test_imgs/PMC3087811_4.jpg"}, {"prediction": "", "ground truth": "NO", "image path": "test_imgs/PMC6451008_1.jpg"}, {"prediction": "", "ground truth": "(b)", "image path": "test_imgs/PMC3502787_12.jpg"}, {"prediction": "", "ground truth": "PKA", "image path": "test_imgs/PMC3233205_4.jpg"}, {"prediction": "", "ground truth": "STAT 3", "image path": "test_imgs/PMC3087811_14.jpg"}, {"prediction": "00126", "ground truth": "UO126", "image path": "test_imgs/PMC5967041_5.jpg"}, {"prediction": "RhoA", "ground truth": "RhoA", "image path": "test_imgs/PMC5241026_9.jpg"}, {"prediction": "", "ground truth": "PI3K", "image path": "test_imgs/PMC3502787_4.jpg"}, {"prediction": "Cdc42", "ground truth": "Cdc42", "image path": "test_imgs/PMC5148706_3.jpg"}, {"prediction": "(Cdc2SABc)", "ground truth": "(Cdc25A,B,C)", "image path": "test_imgs/PMC3978517_11.jpg"}, {"prediction": "IGFIR", "ground truth": "IGF1R", "image path": "test_imgs/PMC3932947_1.jpg"}, {"prediction": "", "ground truth": "G\u03b2", "image path": "test_imgs/PMC6681686_5.jpg"}, {"prediction": "Lipocalin", "ground truth": "Lipocalin 2 Transcription", "image path": "test_imgs/PMC3946494_9.jpg"}, {"prediction": "", "ground truth": "kt", "image path": "test_imgs/PMC3233205_10.jpg"}, {"prediction": "", "ground truth": "Xs", "image path": "test_imgs/PMC5642883_5.jpg"}, {"prediction": "GULP", "ground truth": "GULP", "image path": "test_imgs/PMC3521709_15.jpg"}, {"prediction": "", "ground truth": "TGF-\u03b2RI/ll", "image path": "test_imgs/PMC3087811_3.jpg"}, {"prediction": "", "ground truth": "SMO", "image path": "test_imgs/PMC5949124_3.jpg"}, {"prediction": "SMO", "ground truth": "SMO", "image path": "test_imgs/PMC5949124_1.jpg"}, {"prediction": "Kunffer cells", "ground truth": "Kupffer cells", "image path": "test_imgs/PMC4057701_9.jpg"}, {"prediction": "", "ground truth": "Bak/Bax", "image path": "test_imgs/PMC3068308_5.jpg"}, {"prediction": "", "ground truth": "DYN-1", "image path": "test_imgs/PMC3521709_16.jpg"}, {"prediction": "alpha", "ground truth": "alpha-secretase", "image path": "test_imgs/PMC3365567_12.jpg"}, {"prediction": "NF-KB(p65-", "ground truth": "NF-\u03baB(p65)", "image path": "test_imgs/PMC6241696_4.jpg"}, {"prediction": "RNAP I", "ground truth": "RNAP II", "image path": "test_imgs/PMC4074601_14.jpg"}, {"prediction": "40i26", "ground truth": "CD126", "image path": "test_imgs/PMC3087811_2.jpg"}, {"prediction": "Integrin-mediated", "ground truth": "Integrin-mediated Cell Motility", "image path": "test_imgs/PMC2172299_10.jpg"}, {"prediction": "JAGGED", "ground truth": "JAGGED", "image path": "test_imgs/PMC3365567_0.jpg"}, {"prediction": "Target genes", "ground truth": "Target genes", "image path": "test_imgs/PMC5949124_9.jpg"}, {"prediction": "IR", "ground truth": "IR", "image path": "test_imgs/PMC3789177_2.jpg"}, {"prediction": "KRI-1", "ground truth": "KRI-1", "image path": "test_imgs/PMC3789177_1.jpg"}, {"prediction": "CED-3", "ground truth": "CED-3", "image path": "test_imgs/PMC3789177_9.jpg"}, {"prediction": "Myocardial", "ground truth": "Myocardial Damage", "image path": "test_imgs/PMC5238375_13.jpg"}, {"prediction": "AAI", "ground truth": "AAI", "image path": "test_imgs/PMC4061041_0.jpg"}, {"prediction": "Dcl-X(L)", "ground truth": "BclX(L)", "image path": "test_imgs/PMC3068308_7.jpg"}, {"prediction": "mTORC", "ground truth": "mTORC1", "image path": "test_imgs/PMC5404978_0.jpg"}, {"prediction": "ApoE4", "ground truth": "ApoE4", "image path": "test_imgs/PMC3920964_3.jpg"}, {"prediction": "NF-KB", "ground truth": "NF-\u03baB", "image path": "test_imgs/PMC3591436_9.jpg"}, {"prediction": "chemoresistance", "ground truth": "chemoresistance", "image path": "test_imgs/PMC5908975_15.jpg"}, {"prediction": "CED-T", "ground truth": "CED-7", "image path": "test_imgs/PMC3521709_2.jpg"}, {"prediction": "IFN-V", "ground truth": "IFN-\u03b3", "image path": "test_imgs/PMC4057701_6.jpg"}, {"prediction": "HIF1", "ground truth": "HIF1 \u03b1", "image path": "test_imgs/PMC4536527_15.jpg"}, {"prediction": "Snon", "ground truth": "SnoN", "image path": "test_imgs/PMC4074601_8.jpg"}, {"prediction": "", "ground truth": "HFD", "image path": "test_imgs/PMC4536527_9.jpg"}, {"prediction": "", "ground truth": "gp130", "image path": "test_imgs/PMC3087811_1.jpg"}, {"prediction": "etc", "ground truth": "etc", "image path": "test_imgs/PMC3365567_16.jpg"}, {"prediction": "ApoE3", "ground truth": "ApoE3", "image path": "test_imgs/PMC3920964_1.jpg"}, {"prediction": "ATIRIp3&", "ground truth": "ATIR/p38", "image path": "test_imgs/PMC5238375_0.jpg"}, {"prediction": "", "ground truth": "P", "image path": "test_imgs/PMC5788631_12.jpg"}, {"prediction": "TLRs", "ground truth": "TLRs", "image path": "test_imgs/PMC4057701_0.jpg"}, {"prediction": "", "ground truth": "P", "image path": "test_imgs/PMC5788631_13.jpg"}, {"prediction": "IxB", "ground truth": "I\u03baB", "image path": "test_imgs/PMC6322368_5.jpg"}, {"prediction": "Gliact", "ground truth": "Gliact", "image path": "test_imgs/PMC6820189_4.jpg"}, {"prediction": "IkB-a", "ground truth": "I\u03baB-a", "image path": "test_imgs/PMC3591436_5.jpg"}, {"prediction": "Ab", "ground truth": "Abl", "image path": "test_imgs/PMC3521709_5.jpg"}, {"prediction": "iaw ioint formation", "ground truth": "jaw joint formation", "image path": "test_imgs/PMC3036164_12.jpg"}, {"prediction": "", "ground truth": "PKB", "image path": "test_imgs/PMC3502787_10.jpg"}, {"prediction": "Metformin", "ground truth": "Metformin", "image path": "test_imgs/PMC6643126_4.jpg"}, {"prediction": "", "ground truth": "b", "image path": "test_imgs/PMC5949124_6.jpg"}, {"prediction": "MVC", "ground truth": "myc", "image path": "test_imgs/PMC2659383_5.jpg"}, {"prediction": "NF-KB", "ground truth": "NF-\u03baB", "image path": "test_imgs/PMC3946494_5.jpg"}, {"prediction": "TNF", "ground truth": "TNF \u03b1", "image path": "test_imgs/PMC4536527_14.jpg"}, {"prediction": "ENGULFMF", "ground truth": "ENGULFMENT", "image path": "test_imgs/PMC3521709_18.jpg"}, {"prediction": "C-un", "ground truth": "c-Jun", "image path": "test_imgs/PMC5037850_2.jpg"}, {"prediction": "", "ground truth": "NOTCH", "image path": "test_imgs/PMC3365567_8.jpg"}, {"prediction": "", "ground truth": "ATM", "image path": "test_imgs/PMC2988105_4.jpg"}, {"prediction": "Cepe", "ground truth": "CASP3", "image path": "test_imgs/PMC6241696_5.jpg"}, {"prediction": "", "ground truth": "EPITHELIAL", "image path": "test_imgs/PMC6643126_5.jpg"}, {"prediction": "NEURAL CREST", "ground truth": "NEURAL CREST", "image path": "test_imgs/PMC3036164_9.jpg"}, {"prediction": "SCLU", "ground truth": "sCLU", "image path": "test_imgs/PMC4061041_6.jpg"}, {"prediction": "", "ground truth": "AKT", "image path": "test_imgs/PMC6681686_7.jpg"}, {"prediction": "Aponos:", "ground truth": "Apoptosis", "image path": "test_imgs/PMC3068308_10.jpg"}, {"prediction": "Nucleus", "ground truth": "Nucleus", "image path": "test_imgs/PMC5642883_7.jpg"}, {"prediction": "Caspase activation", "ground truth": "Caspase activation", "image path": "test_imgs/PMC6675870_6.jpg"}, {"prediction": "MMP2", "ground truth": "MMP2", "image path": "test_imgs/PMC5908975_6.jpg"}, {"prediction": "CED-1?", "ground truth": "CED-12", "image path": "test_imgs/PMC3521709_8.jpg"}, {"prediction": "Effectors", "ground truth": "Effectors", "image path": "test_imgs/PMC3978517_10.jpg"}, {"prediction": "cell attachment", "ground truth": "cell attachment", "image path": "test_imgs/PMC5908975_17.jpg"}, {"prediction": "FCFR}", "ground truth": "FGFR3", "image path": "test_imgs/PMC5850946_2.jpg"}, {"prediction": "p-Chke", "ground truth": "p-Chk1", "image path": "test_imgs/PMC4826221_4.jpg"}, {"prediction": "", "ground truth": "GLI", "image path": "test_imgs/PMC2659383_4.jpg"}, {"prediction": "6", "ground truth": "PTCH", "image path": "test_imgs/PMC2659383_8.jpg"}, {"prediction": "dlr3h", "ground truth": "dlx3b", "image path": "test_imgs/PMC3036164_6.jpg"}, {"prediction": "ULK 1", "ground truth": "ULK 1", "image path": "test_imgs/PMC5404978_17.jpg"}, {"prediction": "NCWMaSP", "ground truth": "N-WASP", "image path": "test_imgs/PMC5148706_2.jpg"}, {"prediction": "MvD88", "ground truth": "MyD88", "image path": "test_imgs/PMC4057701_1.jpg"}, {"prediction": "S6k", "ground truth": "S6K", "image path": "test_imgs/PMC3932947_7.jpg"}, {"prediction": "p-ATMATR", "ground truth": "p-ATM/ATR", "image path": "test_imgs/PMC4826221_3.jpg"}, {"prediction": "", "ground truth": "Executioner caspascs-3, 6, 7", "image path": "test_imgs/PMC3068308_9.jpg"}, {"prediction": "MAG ", "ground truth": "NAG-1", "image path": "test_imgs/PMC2988105_8.jpg"}, {"prediction": "Ang", "ground truth": "Ang", "image path": "test_imgs/PMC5238375_9.jpg"}, {"prediction": "", "ground truth": "P", "image path": "test_imgs/PMC3946494_8.jpg"}, {"prediction": "p-STAT}", "ground truth": "p-STAT3", "image path": "test_imgs/PMC6307990_1.jpg"}, {"prediction": "", "ground truth": "\u03b2\u03b1\u03b3", "image path": "test_imgs/PMC3087811_16.jpg"}, {"prediction": "HIPK2", "ground truth": "HIPK2", "image path": "test_imgs/PMC5541090_7.jpg"}, {"prediction": "ApoEz", "ground truth": "ApoE2", "image path": "test_imgs/PMC3920964_2.jpg"}, {"prediction": "", "ground truth": "p", "image path": "test_imgs/PMC3591436_12.jpg"}, {"prediction": "ACE", "ground truth": "ACE", "image path": "test_imgs/PMC5238375_5.jpg"}, {"prediction": "ATF6", "ground truth": "ATF6", "image path": "test_imgs/PMC3655991_6.jpg"}, {"prediction": "@", "ground truth": "HER2", "image path": "test_imgs/PMC3946494_7.jpg"}, {"prediction": "NF-KB", "ground truth": "NF-\u03baB", "image path": "test_imgs/PMC3591436_6.jpg"}, {"prediction": "Activin A", "ground truth": "Activin A", "image path": "test_imgs/PMC4074601_13.jpg"}, {"prediction": "Astrocyte", "ground truth": "Astrocyte", "image path": "test_imgs/PMC3920964_0.jpg"}, {"prediction": "Edurb", "ground truth": "Ednrb", "image path": "test_imgs/PMC3036164_2.jpg"}, {"prediction": "Hedgehog", "ground truth": "Hedgehog", "image path": "test_imgs/PMC6820189_6.jpg"}, {"prediction": "CyPA", "ground truth": "CyPA", "image path": "test_imgs/PMC3920964_5.jpg"}, {"prediction": "", "ground truth": "JNK", "image path": "test_imgs/PMC3233205_7.jpg"}, {"prediction": "H2AX", "ground truth": "H2AX", "image path": "test_imgs/PMC3978517_1.jpg"}, {"prediction": "Ca2+", "ground truth": "Ca2+", "image path": "test_imgs/PMC4252843_6.jpg"}, {"prediction": "P3k", "ground truth": "PI3K", "image path": "test_imgs/PMC3946494_1.jpg"}, {"prediction": "miRNA-ctgf", "ground truth": "miRNA-ctgf", "image path": "test_imgs/PMC5788631_2.jpg"}, {"prediction": "", "ground truth": "CDH1", "image path": "test_imgs/PMC5850946_10.jpg"}, {"prediction": "SMO", "ground truth": "SMO", "image path": "test_imgs/PMC2659383_1.jpg"}, {"prediction": "Paxillin", "ground truth": "Paxillin", "image path": "test_imgs/PMC2172299_2.jpg"}, {"prediction": "DAkT", "ground truth": "pAKT", "image path": "test_imgs/PMC3946494_2.jpg"}, {"prediction": "MEGFIO", "ground truth": "MEGF10", "image path": "test_imgs/PMC3521709_10.jpg"}, {"prediction": "En?", "ground truth": "En2", "image path": "test_imgs/PMC3932947_10.jpg"}, {"prediction": "Radiation", "ground truth": "Radiation", "image path": "test_imgs/PMC3341532_0.jpg"}, {"prediction": "Hepatic granulomas", "ground truth": "Hepatic granulomas", "image path": "test_imgs/PMC4057701_8.jpg"}, {"prediction": "", "ground truth": "HIF-1\u03b1", "image path": "test_imgs/PMC6643126_0.jpg"}, {"prediction": "Foin?", "ground truth": "Foxp3", "image path": "test_imgs/PMC3087811_11.jpg"}, {"prediction": "'CD6", "ground truth": "CD61", "image path": "test_imgs/PMC4074601_10.jpg"}, {"prediction": "", "ground truth": "ErbB1", "image path": "test_imgs/PMC3502787_17.jpg"}, {"prediction": "MAMG", "ground truth": "MAML", "image path": "test_imgs/PMC3365567_1.jpg"}, {"prediction": "", "ground truth": "IL6", "image path": "test_imgs/PMC6307990_11.jpg"}, {"prediction": "Neuro-Inflammatiom", "ground truth": "Neuro-Inflammation", "image path": "test_imgs/PMC3341532_6.jpg"}, {"prediction": "ACE", "ground truth": "ACE2", "image path": "test_imgs/PMC5238375_4.jpg"}, {"prediction": "", "ground truth": "TK", "image path": "test_imgs/PMC3502787_13.jpg"}, {"prediction": "", "ground truth": "ErbB3", "image path": "test_imgs/PMC3502787_26.jpg"}, {"prediction": "Rab3o", "ground truth": "Rab3d", "image path": "test_imgs/PMC5241026_1.jpg"}, {"prediction": "AMPK", "ground truth": "AMPK", "image path": "test_imgs/PMC5404978_16.jpg"}, {"prediction": "", "ground truth": "Inhibition", "image path": "test_imgs/PMC3502787_0.jpg"}, {"prediction": "Cyclin B", "ground truth": "Cyclin B", "image path": "test_imgs/PMC4826221_11.jpg"}, {"prediction": "apoptosis", "ground truth": "apoptosis", "image path": "test_imgs/PMC5908975_12.jpg"}, {"prediction": "MST1/Z", "ground truth": "MST1/2", "image path": "test_imgs/PMC5788631_0.jpg"}, {"prediction": "MMp_C", "ground truth": "MMP-9", "image path": "test_imgs/PMC3591436_10.jpg"}, {"prediction": "Miqrtion", "ground truth": "Migration", "image path": "test_imgs/PMC6307990_5.jpg"}, {"prediction": "Cyclin DI", "ground truth": "Cyclin D1", "image path": "test_imgs/PMC5908975_16.jpg"}, {"prediction": "", "ground truth": "OPG", "image path": "test_imgs/PMC6681686_1.jpg"}, {"prediction": "HALAS", "ground truth": "HRAS", "image path": "test_imgs/PMC5850946_11.jpg"}, {"prediction": "", "ground truth": "G\u03b1", "image path": "test_imgs/PMC6681686_4.jpg"}, {"prediction": "", "ground truth": "FSH", "image path": "test_imgs/PMC6241696_0.jpg"}, {"prediction": "Chondrocyte", "ground truth": "Chondrocyte", "image path": "test_imgs/PMC4536527_1.jpg"}, {"prediction": "PKC", "ground truth": "PKC", "image path": "test_imgs/PMC4252843_7.jpg"}, {"prediction": "PLC", "ground truth": "PLCr", "image path": "test_imgs/PMC3233205_1.jpg"}, {"prediction": "NF-KE", "ground truth": "NF-\u03baB", "image path": "test_imgs/PMC6241696_6.jpg"}, {"prediction": "cartilage ventralization", "ground truth": "cartilage ventralization", "image path": "test_imgs/PMC3036164_11.jpg"}, {"prediction": "JNKS", "ground truth": "JNKs", "image path": "test_imgs/PMC5037850_0.jpg"}, {"prediction": "", "ground truth": "PRKC", "image path": "test_imgs/PMC5850946_7.jpg"}, {"prediction": "Noggin-", "ground truth": "Noggin", "image path": "test_imgs/PMC5241026_5.jpg"}, {"prediction": "Ang(h-7", "ground truth": "Ang(1-7)", "image path": "test_imgs/PMC5238375_8.jpg"}, {"prediction": "Mmp_9", "ground truth": "MMP-9", "image path": "test_imgs/PMC3591436_8.jpg"}, {"prediction": "Pericyte", "ground truth": "Pericyte", "image path": "test_imgs/PMC3920964_6.jpg"}, {"prediction": "PKCa", "ground truth": "PKC\u03b1", "image path": "test_imgs/PMC6322368_4.jpg"}, {"prediction": "Erk | /2", "ground truth": "Erk1/2", "image path": "test_imgs/PMC3233205_9.jpg"}, {"prediction": "NREP", "ground truth": "NREP", "image path": "test_imgs/PMC5541090_1.jpg"}, {"prediction": "Target gene expression", "ground truth": "Target gene expression", "image path": "test_imgs/PMC6241696_14.jpg"}, {"prediction": "", "ground truth": "IL-6", "image path": "test_imgs/PMC3087811_0.jpg"}, {"prediction": "Mo", "ground truth": "ELMO", "image path": "test_imgs/PMC3521709_11.jpg"}, {"prediction": "Egr-1", "ground truth": "Egr-1", "image path": "test_imgs/PMC4061041_5.jpg"}, {"prediction": "Bak", "ground truth": "Bak", "image path": "test_imgs/PMC6675870_4.jpg"}, {"prediction": "CDKS", "ground truth": "CDKs", "image path": "test_imgs/PMC3978517_12.jpg"}, {"prediction": "", "ground truth": "\u03b1", "image path": "test_imgs/PMC2172299_8.jpg"}, {"prediction": "AG1024", "ground truth": "AG1024", "image path": "test_imgs/PMC4061041_3.jpg"}, {"prediction": "dlr6a", "ground truth": "dlx6a", "image path": "test_imgs/PMC3036164_8.jpg"}, {"prediction": "JNK", "ground truth": "JNK", "image path": "test_imgs/PMC3655991_7.jpg"}, {"prediction": "WNIP", "ground truth": "WIP", "image path": "test_imgs/PMC5148706_1.jpg"}, {"prediction": "", "ground truth": "ITreg", "image path": "test_imgs/PMC3087811_10.jpg"}]}]