[{"model": "google ocr", "score": {"char_recall": 0.9584, "char_precision": 0.9709, "word_acc": 0.7105, "word_acc_ignore_case": 0.7211, "word_acc_ignore_case_symbol": 0.7904, "1-N.E.D": 0.8969}, "predictions": [{"prediction": "ATIR", "ground truth": "ATIR", "image path": "test_imgs/PMC5238375_11.jpg"}, {"prediction": "Tight\njunction\ndegradation", "ground truth": "Tight junction degradation", "image path": "test_imgs/PMC3920964_10.jpg"}, {"prediction": "Neural\ndifferentiation", "ground truth": "Neural differentiation", "image path": "test_imgs/PMC5241026_8.jpg"}, {"prediction": "IKB-a", "ground truth": "I\u03baB-a", "image path": "test_imgs/PMC3591436_2.jpg"}, {"prediction": "Tryptophan", "ground truth": "Tryptophan", "image path": "test_imgs/PMC6307990_14.jpg"}, {"prediction": "RARYH", "ground truth": "RAR\u03b3", "image path": "test_imgs/PMC5241026_3.jpg"}, {"prediction": "Cellular\nSenescence\n(RS, SIPS)", "ground truth": "Cellular Senescence (RS, SIPS)", "image path": "test_imgs/PMC4061041_9.jpg"}, {"prediction": "COL4AS", "ground truth": "COL4AS", "image path": "test_imgs/PMC5850946_9.jpg"}, {"prediction": "EtOH", "ground truth": "EtOH", "image path": "test_imgs/PMC5404978_14.jpg"}, {"prediction": "Proliferation", "ground truth": "Proliferation", "image path": "test_imgs/PMC3932947_9.jpg"}, {"prediction": "Hh ligands", "ground truth": "Hh ligands", "image path": "test_imgs/PMC5949124_19.jpg"}, {"prediction": "SnoN", "ground truth": "SnoN", "image path": "test_imgs/PMC4074601_9.jpg"}, {"prediction": "", "ground truth": "P", "image path": "test_imgs/PMC5788631_11.jpg"}, {"prediction": "LXR-a", "ground truth": "LXR-\u03b1", "image path": "test_imgs/PMC5238375_7.jpg"}, {"prediction": "Apoptosis", "ground truth": "Apoptosis", "image path": "test_imgs/PMC3789177_10.jpg"}, {"prediction": "TGF-B", "ground truth": "TGF-\u03b2", "image path": "test_imgs/PMC3087811_7.jpg"}, {"prediction": "Co-repressors", "ground truth": "Co-repressors", "image path": "test_imgs/PMC3365567_2.jpg"}, {"prediction": "Apoptosome complex", "ground truth": "Apoptosome complex", "image path": "test_imgs/PMC3068308_8.jpg"}, {"prediction": "XR-a", "ground truth": "LXR-\u03b1", "image path": "test_imgs/PMC5238375_6.jpg"}, {"prediction": "Mitochondrion", "ground truth": "Mitochondrion", "image path": "test_imgs/PMC3068308_11.jpg"}, {"prediction": "Cyclin B", "ground truth": "Cyclin B", "image path": "test_imgs/PMC4826221_12.jpg"}, {"prediction": "TGFBs", "ground truth": "TGFBs", "image path": "test_imgs/PMC5541090_0.jpg"}, {"prediction": "CSF", "ground truth": "CSF", "image path": "test_imgs/PMC3591436_17.jpg"}, {"prediction": "Cox-2, MCP-1, IL-1B, TNF-a", "ground truth": "Cox-2, MCP-1, IL-1\u03b2, TNF-\u03b1", "image path": "test_imgs/PMC3341532_7.jpg"}, {"prediction": "p21", "ground truth": "p21", "image path": "test_imgs/PMC2988105_7.jpg"}, {"prediction": "protein\nneo-synthesis", "ground truth": "protein neo-synthesis", "image path": "test_imgs/PMC5967041_6.jpg"}, {"prediction": "Ak\u0131", "ground truth": "Akt", "image path": "test_imgs/PMC3068308_4.jpg"}, {"prediction": "NF&F", "ground truth": "NF\u03baB", "image path": "test_imgs/PMC3068308_3.jpg"}, {"prediction": "Neuronal\ndysfunction", "ground truth": "Neuronal dysfunction", "image path": "test_imgs/PMC3920964_12.jpg"}, {"prediction": "IGF1", "ground truth": "IGF1", "image path": "test_imgs/PMC3932947_0.jpg"}, {"prediction": "Gy", "ground truth": "G\u03b3", "image path": "test_imgs/PMC6681686_10.jpg"}, {"prediction": "Integrins", "ground truth": "Integrins", "image path": "test_imgs/PMC5908975_2.jpg"}, {"prediction": "TFS", "ground truth": "TFs", "image path": "test_imgs/PMC4074601_12.jpg"}, {"prediction": "DNA damage", "ground truth": "DNA damage", "image path": "test_imgs/PMC3978517_14.jpg"}, {"prediction": "Orail", "ground truth": "Orai1", "image path": "test_imgs/PMC6322368_1.jpg"}, {"prediction": "", "ground truth": "LAMA2", "image path": "test_imgs/PMC5850946_4.jpg"}, {"prediction": "Paxillin", "ground truth": "Paxillin", "image path": "test_imgs/PMC5908975_4.jpg"}, {"prediction": "PTEN", "ground truth": "PTEN", "image path": "test_imgs/PMC5850946_18.jpg"}, {"prediction": "Cell Death", "ground truth": "Cell Death", "image path": "test_imgs/PMC5037850_6.jpg"}, {"prediction": "ROS", "ground truth": "ROS", "image path": "test_imgs/PMC3341532_1.jpg"}, {"prediction": "PTCHI", "ground truth": "PTCHI", "image path": "test_imgs/PMC6820189_2.jpg"}, {"prediction": "Fak", "ground truth": "Fak", "image path": "test_imgs/PMC2172299_3.jpg"}, {"prediction": "-RHPN2", "ground truth": "RHPN2", "image path": "test_imgs/PMC5241026_4.jpg"}, {"prediction": "PIP3", "ground truth": "PIP3", "image path": "test_imgs/PMC3233205_0.jpg"}, {"prediction": "PDK1", "ground truth": "PDK1", "image path": "test_imgs/PMC3932947_3.jpg"}, {"prediction": "Exposed\nTelomere", "ground truth": "Exposed Telomere", "image path": "test_imgs/PMC4061041_7.jpg"}, {"prediction": "ADAM-10/12", "ground truth": "ADAM-10/12", "image path": "test_imgs/PMC4252843_3.jpg"}, {"prediction": "PM", "ground truth": "PM", "image path": "test_imgs/PMC3946494_0.jpg"}, {"prediction": "CDK", "ground truth": "CDK1", "image path": "test_imgs/PMC4826221_8.jpg"}, {"prediction": "MESENCHYMAL", "ground truth": "MESENCHYMAL", "image path": "test_imgs/PMC6643126_6.jpg"}, {"prediction": "Lym", "ground truth": "Lym", "image path": "test_imgs/PMC4057701_5.jpg"}, {"prediction": "CED-6", "ground truth": "CED-6", "image path": "test_imgs/PMC3521709_14.jpg"}, {"prediction": "PI3K", "ground truth": "PI3K", "image path": "test_imgs/PMC6681686_8.jpg"}, {"prediction": "Gliact", "ground truth": "Gliact", "image path": "test_imgs/PMC6820189_5.jpg"}, {"prediction": "CBF1", "ground truth": "CBF1", "image path": "test_imgs/PMC3365567_17.jpg"}, {"prediction": "SMAD4", "ground truth": "SMAD4", "image path": "test_imgs/PMC5541090_6.jpg"}, {"prediction": "IRE1", "ground truth": "IRE1", "image path": "test_imgs/PMC3655991_5.jpg"}, {"prediction": "pH2AX", "ground truth": "pH2AX", "image path": "test_imgs/PMC4826221_2.jpg"}, {"prediction": "Invasion", "ground truth": "Invasion", "image path": "test_imgs/PMC6307990_4.jpg"}, {"prediction": "Cys83", "ground truth": "Cys83", "image path": "test_imgs/PMC6451008_4.jpg"}, {"prediction": "TGF-BRIZI", "ground truth": "TGF-\u03b2RI/ll", "image path": "test_imgs/PMC3087811_8.jpg"}, {"prediction": "$14", "ground truth": "S14", "image path": "test_imgs/PMC5404978_10.jpg"}, {"prediction": "PI\u0417\u041a", "ground truth": "PI3K", "image path": "test_imgs/PMC3932947_2.jpg"}, {"prediction": "Cytoplasm", "ground truth": "Cytoplasm", "image path": "test_imgs/PMC4074601_3.jpg"}, {"prediction": "ITSN-L", "ground truth": "ITSN-L", "image path": "test_imgs/PMC5148706_0.jpg"}, {"prediction": "Fas", "ground truth": "Fas", "image path": "test_imgs/PMC5037850_4.jpg"}, {"prediction": "TKIs", "ground truth": "TKIs", "image path": "test_imgs/PMC3502787_8.jpg"}, {"prediction": "EGL-1/CED-13", "ground truth": "EGL-1/CED-13", "image path": "test_imgs/PMC3789177_5.jpg"}, {"prediction": "AP-1", "ground truth": "AP-1", "image path": "test_imgs/PMC5037850_3.jpg"}, {"prediction": "Leukocyte", "ground truth": "Leukocyte", "image path": "test_imgs/PMC3591436_1.jpg"}, {"prediction": "IL-12", "ground truth": "IL-12", "image path": "test_imgs/PMC4057701_4.jpg"}, {"prediction": "\u0422\u041a", "ground truth": "TK", "image path": "test_imgs/PMC3502787_14.jpg"}, {"prediction": "DOCK180", "ground truth": "DOCK180", "image path": "test_imgs/PMC3521709_7.jpg"}, {"prediction": "TopBP1", "ground truth": "TopBP1", "image path": "test_imgs/PMC3978517_7.jpg"}, {"prediction": "PRDM16", "ground truth": "PRDM16", "image path": "test_imgs/PMC5541090_8.jpg"}, {"prediction": "PPARS", "ground truth": "PPAR\u03b4", "image path": "test_imgs/PMC3341532_2.jpg"}, {"prediction": "SMO", "ground truth": "SMO", "image path": "test_imgs/PMC6820189_1.jpg"}, {"prediction": "ABC1", "ground truth": "ABC1", "image path": "test_imgs/PMC3521709_3.jpg"}, {"prediction": "Osteoarthritis", "ground truth": "Osteoarthritis", "image path": "test_imgs/PMC4536527_12.jpg"}, {"prediction": "DNA", "ground truth": "DNA", "image path": "test_imgs/PMC5541090_10.jpg"}, {"prediction": "SMAD2", "ground truth": "SMAD2", "image path": "test_imgs/PMC5541090_4.jpg"}, {"prediction": "CED-1", "ground truth": "CED-1", "image path": "test_imgs/PMC3521709_9.jpg"}, {"prediction": "CCND1", "ground truth": "CCND1", "image path": "test_imgs/PMC5850946_17.jpg"}, {"prediction": "", "ground truth": "p", "image path": "test_imgs/PMC3502787_21.jpg"}, {"prediction": "CED-4", "ground truth": "CED-4", "image path": "test_imgs/PMC3789177_8.jpg"}, {"prediction": "RAPI", "ground truth": "RAP1A", "image path": "test_imgs/PMC5850946_14.jpg"}, {"prediction": "TGFBR1", "ground truth": "TGFBR1", "image path": "test_imgs/PMC5541090_2.jpg"}, {"prediction": "AKT", "ground truth": "AKT", "image path": "test_imgs/PMC3932947_4.jpg"}, {"prediction": "Translocation", "ground truth": "Translocation", "image path": "test_imgs/PMC3502787_3.jpg"}, {"prediction": "CED-9", "ground truth": "CED-9", "image path": "test_imgs/PMC3789177_6.jpg"}, {"prediction": "L-6", "ground truth": "IL-6", "image path": "test_imgs/PMC4536527_6.jpg"}, {"prediction": "Sox-2", "ground truth": "Sox-2", "image path": "test_imgs/PMC5908975_9.jpg"}, {"prediction": "", "ground truth": "AKT1", "image path": "test_imgs/PMC5850946_8.jpg"}, {"prediction": "mTORC1", "ground truth": "mTORC1", "image path": "test_imgs/PMC3932947_6.jpg"}, {"prediction": "Transducers", "ground truth": "Transducers", "image path": "test_imgs/PMC3978517_9.jpg"}, {"prediction": "ATR", "ground truth": "ATR", "image path": "test_imgs/PMC3978517_6.jpg"}, {"prediction": "p85", "ground truth": "p85", "image path": "test_imgs/PMC3502787_5.jpg"}, {"prediction": "PMA", "ground truth": "PMA", "image path": "test_imgs/PMC4074601_0.jpg"}, {"prediction": "cilengitide", "ground truth": "cilengitide", "image path": "test_imgs/PMC5908975_1.jpg"}, {"prediction": "NICO", "ground truth": "NICD", "image path": "test_imgs/PMC3365567_11.jpg"}, {"prediction": "SUFU", "ground truth": "SUFU", "image path": "test_imgs/PMC2659383_3.jpg"}, {"prediction": "IL6R", "ground truth": "IL6R", "image path": "test_imgs/PMC6307990_0.jpg"}, {"prediction": "GNP", "ground truth": "GNP", "image path": "test_imgs/PMC3932947_5.jpg"}, {"prediction": "GL", "ground truth": "GL", "image path": "test_imgs/PMC4826221_1.jpg"}, {"prediction": "Obese", "ground truth": "Obese", "image path": "test_imgs/PMC4536527_11.jpg"}, {"prediction": "Mitochondria", "ground truth": "Mitochondria", "image path": "test_imgs/PMC5037850_7.jpg"}, {"prediction": "mLST8", "ground truth": "mLST8", "image path": "test_imgs/PMC3655991_1.jpg"}, {"prediction": "CTGF", "ground truth": "CTGF", "image path": "test_imgs/PMC5788631_8.jpg"}, {"prediction": "", "ground truth": "(a)", "image path": "test_imgs/PMC3502787_11.jpg"}, {"prediction": "Cervical cancer cell\nproliferation and\napoptosis", "ground truth": "Cervical cancer cell proliferation and apoptosis", "image path": "test_imgs/PMC6241696_15.jpg"}, {"prediction": "ABL-1", "ground truth": "ABL-1", "image path": "test_imgs/PMC3521709_4.jpg"}, {"prediction": "S93", "ground truth": "S93", "image path": "test_imgs/PMC5404978_7.jpg"}, {"prediction": "Raf", "ground truth": "Raf", "image path": "test_imgs/PMC3233205_5.jpg"}, {"prediction": "SMAD 7", "ground truth": "SMAD 7", "image path": "test_imgs/PMC3087811_13.jpg"}, {"prediction": "IGF-1", "ground truth": "IGF-1", "image path": "test_imgs/PMC4061041_2.jpg"}, {"prediction": "911", "ground truth": "IL6", "image path": "test_imgs/PMC6307990_10.jpg"}, {"prediction": "", "ground truth": "p", "image path": "test_imgs/PMC3502787_25.jpg"}, {"prediction": "Mcl-1", "ground truth": "Mcl-1", "image path": "test_imgs/PMC6675870_1.jpg"}, {"prediction": "PKE", "ground truth": "PKB", "image path": "test_imgs/PMC3502787_9.jpg"}, {"prediction": "Sensors/Mediators", "ground truth": "Sensors/Mediators", "image path": "test_imgs/PMC3978517_0.jpg"}, {"prediction": "JF-K", "ground truth": "NF-\u03baB", "image path": "test_imgs/PMC3946494_13.jpg"}, {"prediction": "TEAD", "ground truth": "TEAD", "image path": "test_imgs/PMC5788631_7.jpg"}, {"prediction": "Akt/", "ground truth": "Akt/", "image path": "test_imgs/PMC3502787_28.jpg"}, {"prediction": "SMAD 2/3", "ground truth": "SMAD 2/3", "image path": "test_imgs/PMC3087811_15.jpg"}, {"prediction": "CTGF\nprotein", "ground truth": "CTGF protein", "image path": "test_imgs/PMC5788631_10.jpg"}, {"prediction": "b\n\u0412\nCH", "ground truth": "ErbB3", "image path": "test_imgs/PMC3502787_15.jpg"}, {"prediction": "YAP", "ground truth": "YAP", "image path": "test_imgs/PMC5788631_6.jpg"}, {"prediction": "Crkll", "ground truth": "CrkII", "image path": "test_imgs/PMC3521709_1.jpg"}, {"prediction": "Neurodegeneration", "ground truth": "Neurodegeneration", "image path": "test_imgs/PMC3920964_13.jpg"}, {"prediction": "b\nB\n2", "ground truth": "ErbB24", "image path": "test_imgs/PMC3502787_18.jpg"}, {"prediction": "", "ground truth": "OH", "image path": "test_imgs/PMC2988105_0.jpg"}, {"prediction": "PTEN", "ground truth": "PTEN", "image path": "test_imgs/PMC6451008_3.jpg"}, {"prediction": "GSK-35", "ground truth": "GSK-3\u03b2", "image path": "test_imgs/PMC6241696_3.jpg"}, {"prediction": "N-Cadherin Adhesion", "ground truth": "N-Cadherin Adhesion", "image path": "test_imgs/PMC2172299_11.jpg"}, {"prediction": "pl KB", "ground truth": "pl \u03baB", "image path": "test_imgs/PMC3946494_12.jpg"}, {"prediction": "SMAD3", "ground truth": "SMAD3", "image path": "test_imgs/PMC5541090_5.jpg"}, {"prediction": "ATM", "ground truth": "ATM", "image path": "test_imgs/PMC4061041_1.jpg"}, {"prediction": "Raptor", "ground truth": "Raptor", "image path": "test_imgs/PMC3655991_3.jpg"}, {"prediction": "PFD", "ground truth": "PFD", "image path": "test_imgs/PMC5238375_2.jpg"}, {"prediction": "CTGF\nmRNA", "ground truth": "CTGF mRNA", "image path": "test_imgs/PMC5788631_9.jpg"}, {"prediction": "YAP", "ground truth": "YAP", "image path": "test_imgs/PMC5788631_3.jpg"}, {"prediction": "ENDODERM", "ground truth": "ENDODERM", "image path": "test_imgs/PMC3036164_0.jpg"}, {"prediction": "p53", "ground truth": "p53", "image path": "test_imgs/PMC2988105_5.jpg"}, {"prediction": "H2AX", "ground truth": "H2AX", "image path": "test_imgs/PMC3978517_4.jpg"}, {"prediction": "", "ground truth": "\u03b2", "image path": "test_imgs/PMC2172299_9.jpg"}, {"prediction": "SGK1", "ground truth": "SGK1", "image path": "test_imgs/PMC5850946_12.jpg"}, {"prediction": "VEGF", "ground truth": "VEGF", "image path": "test_imgs/PMC4536527_7.jpg"}, {"prediction": "Lean", "ground truth": "Lean", "image path": "test_imgs/PMC4536527_10.jpg"}, {"prediction": "p70s6k", "ground truth": "p70s6k", "image path": "test_imgs/PMC6643126_1.jpg"}, {"prediction": "FPC", "ground truth": "FPC", "image path": "test_imgs/PMC3978517_8.jpg"}, {"prediction": "Bcl-2", "ground truth": "Bcl-2", "image path": "test_imgs/PMC6675870_3.jpg"}, {"prediction": "hand2", "ground truth": "hand2", "image path": "test_imgs/PMC3036164_5.jpg"}, {"prediction": "LDHa", "ground truth": "LDHa", "image path": "test_imgs/PMC4536527_4.jpg"}, {"prediction": "NF-KB", "ground truth": "NF-\u03baB", "image path": "test_imgs/PMC6322368_6.jpg"}, {"prediction": "ATG14", "ground truth": "ATG14", "image path": "test_imgs/PMC5404978_6.jpg"}, {"prediction": "Smad2", "ground truth": "Smad2", "image path": "test_imgs/PMC4074601_2.jpg"}, {"prediction": "", "ground truth": "HO", "image path": "test_imgs/PMC2988105_1.jpg"}, {"prediction": "TARGETS", "ground truth": "TARGETS", "image path": "test_imgs/PMC3365567_4.jpg"}, {"prediction": "Apoptosis", "ground truth": "Apoptosis", "image path": "test_imgs/PMC2988105_10.jpg"}, {"prediction": "IL-1 B-", "ground truth": "IL-1 \u03b2", "image path": "test_imgs/PMC4536527_13.jpg"}, {"prediction": "\u03a4\u03a1\u0391", "ground truth": "TPA", "image path": "test_imgs/PMC5642883_0.jpg"}, {"prediction": "", "ground truth": "IAPs", "image path": "test_imgs/PMC3068308_6.jpg"}, {"prediction": "m\n\u041d\u042c\nB\n3", "ground truth": "ErbB3", "image path": "test_imgs/PMC3502787_19.jpg"}, {"prediction": "ser15", "ground truth": "ser15", "image path": "test_imgs/PMC2988105_6.jpg"}, {"prediction": "MET", "ground truth": "MET", "image path": "test_imgs/PMC3502787_2.jpg"}, {"prediction": "Collagen production", "ground truth": "Collagen production", "image path": "test_imgs/PMC5482458_7.jpg"}, {"prediction": "IL6", "ground truth": "IL6", "image path": "test_imgs/PMC6307990_13.jpg"}, {"prediction": "IDO1", "ground truth": "IDO1", "image path": "test_imgs/PMC6307990_2.jpg"}, {"prediction": "TRE", "ground truth": "TRE", "image path": "test_imgs/PMC5642883_9.jpg"}, {"prediction": "PKC\u03b1/MEK/ ERK/ AP-1", "ground truth": "PKC\u03b1/MEK/ ERK/ AP-1", "image path": "test_imgs/PMC3341532_8.jpg"}, {"prediction": "Ednra/b", "ground truth": "Ednra/b", "image path": "test_imgs/PMC3036164_13.jpg"}, {"prediction": "Rac", "ground truth": "Rac", "image path": "test_imgs/PMC3521709_13.jpg"}, {"prediction": "TLR4", "ground truth": "TLR4", "image path": "test_imgs/PMC4536527_2.jpg"}, {"prediction": "TSC\u2082", "ground truth": "TSC2", "image path": "test_imgs/PMC5850946_13.jpg"}, {"prediction": "HB-EGF", "ground truth": "HB-EGF", "image path": "test_imgs/PMC4252843_1.jpg"}, {"prediction": "Actin\npolymerization", "ground truth": "Actin polymerization", "image path": "test_imgs/PMC5148706_6.jpg"}, {"prediction": "", "ground truth": "NICD", "image path": "test_imgs/PMC3365567_9.jpg"}, {"prediction": "Somatic Cells", "ground truth": "Somatic Cells", "image path": "test_imgs/PMC3789177_11.jpg"}, {"prediction": "NF-KB", "ground truth": "NF-\u03baB", "image path": "test_imgs/PMC3341532_4.jpg"}, {"prediction": "P", "ground truth": "P", "image path": "test_imgs/PMC3591436_13.jpg"}, {"prediction": "Rac1", "ground truth": "Rac1", "image path": "test_imgs/PMC2172299_7.jpg"}, {"prediction": "ERK1/2", "ground truth": "ERK1/2", "image path": "test_imgs/PMC5482458_0.jpg"}, {"prediction": "119", "ground truth": "GLI", "image path": "test_imgs/PMC2659383_2.jpg"}, {"prediction": "CDCP1", "ground truth": "CDCP1", "image path": "test_imgs/PMC5967041_1.jpg"}, {"prediction": "NF-kB", "ground truth": "NF-\u03baB", "image path": "test_imgs/PMC4057701_3.jpg"}, {"prediction": "SNO-PTEN", "ground truth": "SNO-PTEN", "image path": "test_imgs/PMC6451008_2.jpg"}, {"prediction": "NF-kB", "ground truth": "NF-\u03baB", "image path": "test_imgs/PMC3591436_3.jpg"}, {"prediction": "PDGFRB", "ground truth": "PDGFR\u03b2", "image path": "test_imgs/PMC5967041_2.jpg"}, {"prediction": "pSmad1", "ground truth": "pSmad1", "image path": "test_imgs/PMC5241026_7.jpg"}, {"prediction": "CRB2", "ground truth": "GRB2", "image path": "test_imgs/PMC5850946_5.jpg"}, {"prediction": "Akt/", "ground truth": "Akt/", "image path": "test_imgs/PMC3502787_27.jpg"}, {"prediction": "CED-10", "ground truth": "CED-10", "image path": "test_imgs/PMC3521709_12.jpg"}, {"prediction": "FAK", "ground truth": "FAK", "image path": "test_imgs/PMC5908975_3.jpg"}, {"prediction": "DELTA-\nLIKE", "ground truth": "DELTA-LIKE", "image path": "test_imgs/PMC3365567_7.jpg"}, {"prediction": "PM", "ground truth": "PM", "image path": "test_imgs/PMC6322368_0.jpg"}, {"prediction": "ERK JNK", "ground truth": "ERK.JNK", "image path": "test_imgs/PMC3087811_9.jpg"}, {"prediction": "GPCR", "ground truth": "GPCR", "image path": "test_imgs/PMC4252843_2.jpg"}, {"prediction": "MMP-9", "ground truth": "MMP-9", "image path": "test_imgs/PMC3920964_8.jpg"}, {"prediction": "p53", "ground truth": "p53", "image path": "test_imgs/PMC5908975_10.jpg"}, {"prediction": "RORYT", "ground truth": "ROR\u03b3t", "image path": "test_imgs/PMC3087811_5.jpg"}, {"prediction": "LC3B", "ground truth": "LC3B", "image path": "test_imgs/PMC5404978_12.jpg"}, {"prediction": "Kinase\ndomain", "ground truth": "Kinase domain", "image path": "test_imgs/PMC3655991_11.jpg"}, {"prediction": "Target genes", "ground truth": "Target genes", "image path": "test_imgs/PMC5949124_10.jpg"}, {"prediction": "Persistent\nDNA damage", "ground truth": "Persistent DNA damage", "image path": "test_imgs/PMC4061041_8.jpg"}, {"prediction": "Basement\nmembrane\ndegradation", "ground truth": "Basement membrane degradation", "image path": "test_imgs/PMC3920964_9.jpg"}, {"prediction": "Cell cycle", "ground truth": "Cell cycle", "image path": "test_imgs/PMC3978517_16.jpg"}, {"prediction": "", "ground truth": "a", "image path": "test_imgs/PMC5949124_11.jpg"}, {"prediction": "YAP", "ground truth": "YAP", "image path": "test_imgs/PMC5788631_4.jpg"}, {"prediction": "P-gp", "ground truth": "P-gp", "image path": "test_imgs/PMC5908975_11.jpg"}, {"prediction": "Cadmium", "ground truth": "Cadmium", "image path": "test_imgs/PMC3655991_0.jpg"}, {"prediction": "PIP2", "ground truth": "PIP2", "image path": "test_imgs/PMC3233205_2.jpg"}, {"prediction": "P-STATS", "ground truth": "p-STAT3", "image path": "test_imgs/PMC6307990_7.jpg"}, {"prediction": "PPP2R3A", "ground truth": "PPP2R3A", "image path": "test_imgs/PMC5850946_15.jpg"}, {"prediction": "Alcama", "ground truth": "Alcama", "image path": "test_imgs/PMC3036164_1.jpg"}, {"prediction": "CXCR4", "ground truth": "CXCR4", "image path": "test_imgs/PMC6681686_3.jpg"}, {"prediction": "DDK", "ground truth": "DDK", "image path": "test_imgs/PMC3978517_13.jpg"}, {"prediction": "Cyclopamine\nHhAntag", "ground truth": "Cyclopamine HhAntag", "image path": "test_imgs/PMC2659383_10.jpg"}, {"prediction": "ER", "ground truth": "ER", "image path": "test_imgs/PMC6322368_7.jpg"}, {"prediction": "EGFR", "ground truth": "EGFR", "image path": "test_imgs/PMC4252843_4.jpg"}, {"prediction": "L-", "ground truth": "IL-2", "image path": "test_imgs/PMC3087811_12.jpg"}, {"prediction": "AKT", "ground truth": "AKT", "image path": "test_imgs/PMC6451008_5.jpg"}, {"prediction": "mRNA", "ground truth": "mRNA", "image path": "test_imgs/PMC5967041_4.jpg"}, {"prediction": "PD-L1", "ground truth": "PD-L1", "image path": "test_imgs/PMC6307990_8.jpg"}, {"prediction": "ChPL", "ground truth": "ChPL", "image path": "test_imgs/PMC6675870_8.jpg"}, {"prediction": "p130Cas", "ground truth": "p130Cas", "image path": "test_imgs/PMC2172299_1.jpg"}, {"prediction": "Apoptosis", "ground truth": "Apoptosis", "image path": "test_imgs/PMC3655991_9.jpg"}, {"prediction": "PIBK", "ground truth": "PI3K", "image path": "test_imgs/PMC3502787_6.jpg"}, {"prediction": "Hes,", "ground truth": "Hes,", "image path": "test_imgs/PMC3365567_5.jpg"}, {"prediction": "PKC", "ground truth": "PKC", "image path": "test_imgs/PMC3233205_3.jpg"}, {"prediction": "LIN-35-", "ground truth": "LIN-35", "image path": "test_imgs/PMC3789177_4.jpg"}, {"prediction": "Hey,", "ground truth": "Hey,", "image path": "test_imgs/PMC3365567_6.jpg"}, {"prediction": "", "ground truth": "p", "image path": "test_imgs/PMC3502787_24.jpg"}, {"prediction": "Epithelium", "ground truth": "Epithelium", "image path": "test_imgs/PMC3591436_0.jpg"}, {"prediction": "Mek1/2", "ground truth": "Mek1/2", "image path": "test_imgs/PMC3233205_8.jpg"}, {"prediction": "AMD3100", "ground truth": "AMD3100", "image path": "test_imgs/PMC6681686_2.jpg"}, {"prediction": "M\u00f8", "ground truth": "M\u00d8", "image path": "test_imgs/PMC4057701_7.jpg"}, {"prediction": "fibronectin", "ground truth": "fibronectin", "image path": "test_imgs/PMC5908975_0.jpg"}, {"prediction": "AMBRA1", "ground truth": "AMBRA1", "image path": "test_imgs/PMC5404978_9.jpg"}, {"prediction": "ITGBS", "ground truth": "ITGB5", "image path": "test_imgs/PMC5850946_3.jpg"}, {"prediction": "MAS", "ground truth": "MAS", "image path": "test_imgs/PMC5238375_10.jpg"}, {"prediction": "Claudin-5\nsegments", "ground truth": "Claudin-5 segments", "image path": "test_imgs/PMC3591436_14.jpg"}, {"prediction": "ATG7", "ground truth": "ATG7", "image path": "test_imgs/PMC5404978_13.jpg"}, {"prediction": "PIK3C3", "ground truth": "PIK3C3", "image path": "test_imgs/PMC5404978_5.jpg"}, {"prediction": "CED-5", "ground truth": "CED-5", "image path": "test_imgs/PMC3521709_6.jpg"}, {"prediction": "Bcl2", "ground truth": "Bcl2", "image path": "test_imgs/PMC3068308_2.jpg"}, {"prediction": "Activin A", "ground truth": "Activin A", "image path": "test_imgs/PMC4074601_11.jpg"}, {"prediction": "Activation", "ground truth": "Activatior", "image path": "test_imgs/PMC3502787_1.jpg"}, {"prediction": "ERK1/2", "ground truth": "ERK1/2", "image path": "test_imgs/PMC6675870_5.jpg"}, {"prediction": "LRP1", "ground truth": "LRP1", "image path": "test_imgs/PMC3920964_4.jpg"}, {"prediction": "Lactate", "ground truth": "Lactate", "image path": "test_imgs/PMC4536527_3.jpg"}, {"prediction": "ERK1/2", "ground truth": "ERK1/2", "image path": "test_imgs/PMC5967041_3.jpg"}, {"prediction": "H\u1ecc", "ground truth": "OH", "image path": "test_imgs/PMC2988105_2.jpg"}, {"prediction": "GM6001", "ground truth": "GM6001", "image path": "test_imgs/PMC3591436_7.jpg"}, {"prediction": "Cdc25C", "ground truth": "Cdc25C", "image path": "test_imgs/PMC4826221_6.jpg"}, {"prediction": "TGFBR2", "ground truth": "TGFBR2", "image path": "test_imgs/PMC5541090_3.jpg"}, {"prediction": "85", "ground truth": "p85", "image path": "test_imgs/PMC3502787_7.jpg"}, {"prediction": "Smad2", "ground truth": "Smad2", "image path": "test_imgs/PMC4074601_4.jpg"}, {"prediction": "PFD", "ground truth": "PFD", "image path": "test_imgs/PMC5238375_3.jpg"}, {"prediction": "G2/M arrest", "ground truth": "G2/M arrest", "image path": "test_imgs/PMC4826221_9.jpg"}, {"prediction": "14-3-3", "ground truth": "14-3-3", "image path": "test_imgs/PMC5788631_5.jpg"}, {"prediction": "ID01-", "ground truth": "IDO1", "image path": "test_imgs/PMC6307990_9.jpg"}, {"prediction": "EMT", "ground truth": "EMT", "image path": "test_imgs/PMC6307990_6.jpg"}, {"prediction": "TRIF", "ground truth": "TRIF", "image path": "test_imgs/PMC4057701_2.jpg"}, {"prediction": "RNase\ndomain", "ground truth": "RNase domain", "image path": "test_imgs/PMC3655991_12.jpg"}, {"prediction": "E\nr\nb\nB\n1", "ground truth": "ErbB1", "image path": "test_imgs/PMC3502787_16.jpg"}, {"prediction": "mTORC1", "ground truth": "mTORC1", "image path": "test_imgs/PMC3655991_2.jpg"}, {"prediction": "CTF", "ground truth": "CTF", "image path": "test_imgs/PMC4252843_0.jpg"}, {"prediction": "KDR", "ground truth": "KDR", "image path": "test_imgs/PMC5850946_19.jpg"}, {"prediction": "Ptch", "ground truth": "Ptch", "image path": "test_imgs/PMC5949124_0.jpg"}, {"prediction": "$164", "ground truth": "S164", "image path": "test_imgs/PMC5404978_2.jpg"}, {"prediction": "SQSTM1", "ground truth": "SQSTM1", "image path": "test_imgs/PMC5404978_11.jpg"}, {"prediction": "\u0412\u0412\u0412\nbreakdown", "ground truth": "BBB breakdown", "image path": "test_imgs/PMC3920964_11.jpg"}, {"prediction": "DAG", "ground truth": "DAG", "image path": "test_imgs/PMC6322368_2.jpg"}, {"prediction": "Nucleus", "ground truth": "Nucleus", "image path": "test_imgs/PMC5949124_4.jpg"}, {"prediction": "Receptors", "ground truth": "Receptors", "image path": "test_imgs/PMC4074601_1.jpg"}, {"prediction": "", "ground truth": "p", "image path": "test_imgs/PMC3502787_23.jpg"}, {"prediction": "Smad2", "ground truth": "Smad2", "image path": "test_imgs/PMC4074601_5.jpg"}, {"prediction": "Transcription", "ground truth": "Transcription", "image path": "test_imgs/PMC5541090_9.jpg"}, {"prediction": "Tight junction", "ground truth": "Tight junction", "image path": "test_imgs/PMC3591436_15.jpg"}, {"prediction": "HH", "ground truth": "HH", "image path": "test_imgs/PMC6820189_0.jpg"}, {"prediction": "ND", "ground truth": "ND", "image path": "test_imgs/PMC4536527_8.jpg"}, {"prediction": "MAPK pathway", "ground truth": "MAPK pathway", "image path": "test_imgs/PMC4061041_10.jpg"}, {"prediction": "IL6", "ground truth": "IL6", "image path": "test_imgs/PMC6307990_12.jpg"}, {"prediction": "N", "ground truth": "N", "image path": "test_imgs/PMC3946494_10.jpg"}, {"prediction": "MMP9", "ground truth": "MMP9", "image path": "test_imgs/PMC5908975_8.jpg"}, {"prediction": "Caspase-3", "ground truth": "Caspase- 3", "image path": "test_imgs/PMC5037850_5.jpg"}, {"prediction": "Cell\nproliferation\nand\nmigration", "ground truth": "Cell proliferation and migration", "image path": "test_imgs/PMC6681686_9.jpg"}, {"prediction": "MG132", "ground truth": "MG132", "image path": "test_imgs/PMC3591436_4.jpg"}, {"prediction": "Bcl-", "ground truth": "Bcl-", "image path": "test_imgs/PMC5037850_1.jpg"}, {"prediction": "Integrin", "ground truth": "Integrin", "image path": "test_imgs/PMC2172299_0.jpg"}, {"prediction": "KE", "ground truth": "I \u03baB", "image path": "test_imgs/PMC3946494_11.jpg"}, {"prediction": "Nadl1.1", "ground truth": "Nadl1.1", "image path": "test_imgs/PMC3036164_4.jpg"}, {"prediction": "Cardiac fibrosis", "ground truth": "Cardiac fibrosis", "image path": "test_imgs/PMC5238375_12.jpg"}, {"prediction": "Lipo-PGE1", "ground truth": "Lipo-PGE1", "image path": "test_imgs/PMC5482458_2.jpg"}, {"prediction": "Stroma", "ground truth": "Stroma", "image path": "test_imgs/PMC3591436_11.jpg"}, {"prediction": "IL-13", "ground truth": "IL-1\u03b2", "image path": "test_imgs/PMC3341532_5.jpg"}, {"prediction": "DLC-1", "ground truth": "DLC-1", "image path": "test_imgs/PMC3789177_0.jpg"}, {"prediction": "FR4", "ground truth": "FGFR4", "image path": "test_imgs/PMC5850946_6.jpg"}, {"prediction": "14-3-30", "ground truth": "14-3-3\u03b8", "image path": "test_imgs/PMC5404978_3.jpg"}, {"prediction": "(Chk1, Chk2)", "ground truth": "(Chk1, Chk2)", "image path": "test_imgs/PMC3978517_15.jpg"}, {"prediction": "Stim1", "ground truth": "Stim1", "image path": "test_imgs/PMC6322368_3.jpg"}, {"prediction": "XBP1(S)", "ground truth": "XBP1(S)", "image path": "test_imgs/PMC3655991_8.jpg"}, {"prediction": "CED-2", "ground truth": "CED-2", "image path": "test_imgs/PMC3521709_0.jpg"}, {"prediction": "proliferation", "ground truth": "proliferation", "image path": "test_imgs/PMC5908975_14.jpg"}, {"prediction": "Lactate", "ground truth": "Lactate", "image path": "test_imgs/PMC4536527_5.jpg"}, {"prediction": "APC Cant\nCdh1", "ground truth": "APCCdh1", "image path": "test_imgs/PMC4074601_6.jpg"}, {"prediction": "", "ground truth": "p", "image path": "test_imgs/PMC3502787_22.jpg"}, {"prediction": "YWHAZ", "ground truth": "YWHAZ", "image path": "test_imgs/PMC5850946_0.jpg"}, {"prediction": "S757", "ground truth": "S757", "image path": "test_imgs/PMC5404978_4.jpg"}, {"prediction": "AKT", "ground truth": "AKT", "image path": "test_imgs/PMC5908975_5.jpg"}, {"prediction": "9-1-1", "ground truth": "9-1-1", "image path": "test_imgs/PMC3978517_2.jpg"}, {"prediction": "ERK", "ground truth": "ERK", "image path": "test_imgs/PMC5908975_7.jpg"}, {"prediction": "NAD(P)H Oxidase", "ground truth": "NAD(P)H Oxidase", "image path": "test_imgs/PMC4252843_8.jpg"}, {"prediction": "Gli", "ground truth": "Gli", "image path": "test_imgs/PMC6820189_3.jpg"}, {"prediction": "N-Cadherin", "ground truth": "N-Cadherin", "image path": "test_imgs/PMC2172299_6.jpg"}, {"prediction": "CEP-1", "ground truth": "CEP-1", "image path": "test_imgs/PMC3789177_3.jpg"}, {"prediction": "PERK", "ground truth": "PERK", "image path": "test_imgs/PMC3655991_4.jpg"}, {"prediction": "PKM2", "ground truth": "PKM2", "image path": "test_imgs/PMC6643126_2.jpg"}, {"prediction": "pY861", "ground truth": "pY861", "image path": "test_imgs/PMC2172299_4.jpg"}, {"prediction": "PDGFBB:", "ground truth": "PDGFBB", "image path": "test_imgs/PMC5967041_0.jpg"}, {"prediction": "Infiltrated\nleukocyte", "ground truth": "Infiltrated leukocyte", "image path": "test_imgs/PMC3591436_16.jpg"}, {"prediction": "Arp2/3", "ground truth": "Arp2/3", "image path": "test_imgs/PMC5148706_5.jpg"}, {"prediction": "FSHR", "ground truth": "FSHR", "image path": "test_imgs/PMC6241696_1.jpg"}, {"prediction": "Proliferation", "ground truth": "Proliferation", "image path": "test_imgs/PMC2988105_9.jpg"}, {"prediction": "Crk", "ground truth": "Crk", "image path": "test_imgs/PMC2172299_5.jpg"}, {"prediction": "LAST1/2", "ground truth": "LAST1/2", "image path": "test_imgs/PMC5788631_1.jpg"}, {"prediction": "01", "ground truth": "PKC\u03b4", "image path": "test_imgs/PMC2988105_3.jpg"}, {"prediction": "IGF-1R", "ground truth": "IGF-1R", "image path": "test_imgs/PMC4061041_4.jpg"}, {"prediction": "Cell death", "ground truth": "Cell death", "image path": "test_imgs/PMC6675870_7.jpg"}, {"prediction": "AKT", "ground truth": "AKT", "image path": "test_imgs/PMC3946494_3.jpg"}, {"prediction": "Edn", "ground truth": "Edn1", "image path": "test_imgs/PMC3036164_3.jpg"}, {"prediction": "Nucleus", "ground truth": "Nucleus", "image path": "test_imgs/PMC4074601_7.jpg"}, {"prediction": "dlx5a", "ground truth": "dlx5a", "image path": "test_imgs/PMC3036164_7.jpg"}, {"prediction": "MUC4", "ground truth": "MUC4", "image path": "test_imgs/PMC3946494_6.jpg"}, {"prediction": "UCN-01", "ground truth": "UCN-01", "image path": "test_imgs/PMC4826221_5.jpg"}, {"prediction": "cytochrome c", "ground truth": "cytochrome c", "image path": "test_imgs/PMC6675870_9.jpg"}, {"prediction": "F-actin", "ground truth": "F-actin", "image path": "test_imgs/PMC5241026_10.jpg"}, {"prediction": "NOS1", "ground truth": "NOS1", "image path": "test_imgs/PMC6451008_0.jpg"}, {"prediction": "FGFR2", "ground truth": "FGFR2", "image path": "test_imgs/PMC5850946_16.jpg"}, {"prediction": "Nucleus", "ground truth": "Nucleus", "image path": "test_imgs/PMC5949124_5.jpg"}, {"prediction": "PKA", "ground truth": "PKA", "image path": "test_imgs/PMC6241696_2.jpg"}, {"prediction": "Ets-1", "ground truth": "Ets-1", "image path": "test_imgs/PMC5482458_1.jpg"}, {"prediction": "Cortactin", "ground truth": "Cortactin", "image path": "test_imgs/PMC5148706_4.jpg"}, {"prediction": "TKIS", "ground truth": "TKIs", "image path": "test_imgs/PMC3502787_29.jpg"}, {"prediction": "\u0412\u0430\u0445", "ground truth": "Bax", "image path": "test_imgs/PMC6675870_2.jpg"}, {"prediction": "FPC", "ground truth": "EPC", "image path": "test_imgs/PMC6681686_0.jpg"}, {"prediction": "Syx", "ground truth": "Syx", "image path": "test_imgs/PMC5241026_0.jpg"}, {"prediction": "PI3K", "ground truth": "Pl3k", "image path": "test_imgs/PMC3068308_1.jpg"}, {"prediction": "BMP4", "ground truth": "BMP4", "image path": "test_imgs/PMC5241026_6.jpg"}, {"prediction": "SIRT1", "ground truth": "SIRT1", "image path": "test_imgs/PMC5241026_2.jpg"}, {"prediction": "EMT", "ground truth": "EMT", "image path": "test_imgs/PMC6643126_3.jpg"}, {"prediction": "p-CDKI", "ground truth": "p-CDK1", "image path": "test_imgs/PMC4826221_7.jpg"}, {"prediction": "Ga; /GBy", "ground truth": "G\u03b1i /G\u03b2\u03b3", "image path": "test_imgs/PMC4252843_5.jpg"}, {"prediction": "differentiation", "ground truth": "differentiation", "image path": "test_imgs/PMC5908975_13.jpg"}, {"prediction": "CALM1", "ground truth": "CALM1", "image path": "test_imgs/PMC5850946_1.jpg"}, {"prediction": "GLI\n(GLI1,2,3)", "ground truth": "GLI (GLI1,2,3)", "image path": "test_imgs/PMC5949124_7.jpg"}, {"prediction": "Differentiation", "ground truth": "Differentiation", "image path": "test_imgs/PMC3932947_8.jpg"}, {"prediction": "Cytochrome c", "ground truth": "Cytochrome c", "image path": "test_imgs/PMC5037850_8.jpg"}, {"prediction": "Th17", "ground truth": "Th17", "image path": "test_imgs/PMC3087811_6.jpg"}, {"prediction": "Fox01", "ground truth": "FoxO1", "image path": "test_imgs/PMC5404978_15.jpg"}, {"prediction": "COMPLEX", "ground truth": "COMPLEX", "image path": "test_imgs/PMC3521709_17.jpg"}, {"prediction": "S555", "ground truth": "S555", "image path": "test_imgs/PMC5404978_1.jpg"}, {"prediction": "Plasma Membrane Dynamics", "ground truth": "Plasma Membrane Dynamics", "image path": "test_imgs/PMC2172299_12.jpg"}, {"prediction": "p38", "ground truth": "p38", "image path": "test_imgs/PMC3233205_6.jpg"}, {"prediction": "PPARS", "ground truth": "PPAR\u03b4", "image path": "test_imgs/PMC3341532_3.jpg"}, {"prediction": "kynurenine", "ground truth": "kynurenine", "image path": "test_imgs/PMC6307990_3.jpg"}, {"prediction": "Germline", "ground truth": "Germline", "image path": "test_imgs/PMC3789177_7.jpg"}, {"prediction": "Target genes", "ground truth": "Target genes", "image path": "test_imgs/PMC2659383_9.jpg"}, {"prediction": "ATRIP", "ground truth": "ATRIP", "image path": "test_imgs/PMC3978517_5.jpg"}, {"prediction": "NFkB", "ground truth": "NFkB", "image path": "test_imgs/PMC3920964_7.jpg"}, {"prediction": "CBF1", "ground truth": "CBF1", "image path": "test_imgs/PMC3365567_3.jpg"}, {"prediction": "MAPK", "ground truth": "MAPK", "image path": "test_imgs/PMC5238375_1.jpg"}, {"prediction": "SHH", "ground truth": "SHH", "image path": "test_imgs/PMC2659383_0.jpg"}, {"prediction": "Xs", "ground truth": "Xs", "image path": "test_imgs/PMC5642883_6.jpg"}, {"prediction": "gamma\n-secretase", "ground truth": "gamma-secretase", "image path": "test_imgs/PMC3365567_13.jpg"}, {"prediction": "FFA", "ground truth": "FFA", "image path": "test_imgs/PMC4536527_0.jpg"}, {"prediction": "Apoptosis", "ground truth": "Apoptosis", "image path": "test_imgs/PMC4826221_10.jpg"}, {"prediction": "ERK1/2", "ground truth": "ERK1/2", "image path": "test_imgs/PMC5642883_4.jpg"}, {"prediction": "NF-KB-", "ground truth": "NF-\u03baB", "image path": "test_imgs/PMC3946494_4.jpg"}, {"prediction": "Cytosol", "ground truth": "Cytosol", "image path": "test_imgs/PMC5642883_3.jpg"}, {"prediction": "ROS generation", "ground truth": "ROS generation", "image path": "test_imgs/PMC3655991_10.jpg"}, {"prediction": "BECN1", "ground truth": "BECN1", "image path": "test_imgs/PMC5404978_8.jpg"}, {"prediction": "NC differentiation", "ground truth": "NC differentiation", "image path": "test_imgs/PMC3036164_10.jpg"}, {"prediction": "LY294002", "ground truth": "LY294002", "image path": "test_imgs/PMC6681686_6.jpg"}, {"prediction": "MEK1/2", "ground truth": "MEK1/2", "image path": "test_imgs/PMC5642883_2.jpg"}, {"prediction": "Membrane", "ground truth": "Membrane", "image path": "test_imgs/PMC5642883_1.jpg"}, {"prediction": "", "ground truth": "p", "image path": "test_imgs/PMC3502787_20.jpg"}, {"prediction": "Ptch", "ground truth": "Ptch", "image path": "test_imgs/PMC5949124_2.jpg"}, {"prediction": "NAC", "ground truth": "NAC", "image path": "test_imgs/PMC4826221_0.jpg"}, {"prediction": "Ak", "ground truth": "Akt", "image path": "test_imgs/PMC3068308_0.jpg"}, {"prediction": "MEK1/2", "ground truth": "MEK1/2", "image path": "test_imgs/PMC6675870_0.jpg"}, {"prediction": "RPA", "ground truth": "RPA", "image path": "test_imgs/PMC3978517_3.jpg"}, {"prediction": "mTOR", "ground truth": "mTOR", "image path": "test_imgs/PMC6451008_6.jpg"}, {"prediction": "LCN2", "ground truth": "LCN2", "image path": "test_imgs/PMC5642883_8.jpg"}, {"prediction": "GLI\n(GLI1,2,3)", "ground truth": "GLI (GLI1,2,3)", "image path": "test_imgs/PMC5949124_8.jpg"}, {"prediction": "JNK.p38", "ground truth": "JNK.p38", "image path": "test_imgs/PMC3087811_4.jpg"}, {"prediction": "NO", "ground truth": "NO", "image path": "test_imgs/PMC6451008_1.jpg"}, {"prediction": "", "ground truth": "(b)", "image path": "test_imgs/PMC3502787_12.jpg"}, {"prediction": "PKA", "ground truth": "PKA", "image path": "test_imgs/PMC3233205_4.jpg"}, {"prediction": "STAT 3", "ground truth": "STAT 3", "image path": "test_imgs/PMC3087811_14.jpg"}, {"prediction": "UO126", "ground truth": "UO126", "image path": "test_imgs/PMC5967041_5.jpg"}, {"prediction": "- RhoA.", "ground truth": "RhoA", "image path": "test_imgs/PMC5241026_9.jpg"}, {"prediction": "PI3K", "ground truth": "PI3K", "image path": "test_imgs/PMC3502787_4.jpg"}, {"prediction": "Cdc42", "ground truth": "Cdc42", "image path": "test_imgs/PMC5148706_3.jpg"}, {"prediction": "(Cdc25A,B,C", "ground truth": "(Cdc25A,B,C)", "image path": "test_imgs/PMC3978517_11.jpg"}, {"prediction": "IGFIR", "ground truth": "IGF1R", "image path": "test_imgs/PMC3932947_1.jpg"}, {"prediction": "GE", "ground truth": "G\u03b2", "image path": "test_imgs/PMC6681686_5.jpg"}, {"prediction": "Lipocalin 2\nTranscription", "ground truth": "Lipocalin 2 Transcription", "image path": "test_imgs/PMC3946494_9.jpg"}, {"prediction": "kt", "ground truth": "kt", "image path": "test_imgs/PMC3233205_10.jpg"}, {"prediction": "Xs", "ground truth": "Xs", "image path": "test_imgs/PMC5642883_5.jpg"}, {"prediction": "GULP", "ground truth": "GULP", "image path": "test_imgs/PMC3521709_15.jpg"}, {"prediction": "TGF-BRI/II", "ground truth": "TGF-\u03b2RI/ll", "image path": "test_imgs/PMC3087811_3.jpg"}, {"prediction": "SMO", "ground truth": "SMO", "image path": "test_imgs/PMC5949124_3.jpg"}, {"prediction": "SMO", "ground truth": "SMO", "image path": "test_imgs/PMC5949124_1.jpg"}, {"prediction": "Kupffer cells", "ground truth": "Kupffer cells", "image path": "test_imgs/PMC4057701_9.jpg"}, {"prediction": "Bak/Bay", "ground truth": "Bak/Bax", "image path": "test_imgs/PMC3068308_5.jpg"}, {"prediction": "DYN-1", "ground truth": "DYN-1", "image path": "test_imgs/PMC3521709_16.jpg"}, {"prediction": "alpha\n-secretase", "ground truth": "alpha-secretase", "image path": "test_imgs/PMC3365567_12.jpg"}, {"prediction": "NF-kB(p65)", "ground truth": "NF-\u03baB(p65)", "image path": "test_imgs/PMC6241696_4.jpg"}, {"prediction": "RNAP II", "ground truth": "RNAP II", "image path": "test_imgs/PMC4074601_14.jpg"}, {"prediction": "CD126", "ground truth": "CD126", "image path": "test_imgs/PMC3087811_2.jpg"}, {"prediction": "Integrin-mediated\nCell Motility", "ground truth": "Integrin-mediated Cell Motility", "image path": "test_imgs/PMC2172299_10.jpg"}, {"prediction": "JAGGED", "ground truth": "JAGGED", "image path": "test_imgs/PMC3365567_0.jpg"}, {"prediction": "Target genes", "ground truth": "Target genes", "image path": "test_imgs/PMC5949124_9.jpg"}, {"prediction": "IR", "ground truth": "IR", "image path": "test_imgs/PMC3789177_2.jpg"}, {"prediction": "KRI-1", "ground truth": "KRI-1", "image path": "test_imgs/PMC3789177_1.jpg"}, {"prediction": "CED-3", "ground truth": "CED-3", "image path": "test_imgs/PMC3789177_9.jpg"}, {"prediction": "Myocardial\nDamage", "ground truth": "Myocardial Damage", "image path": "test_imgs/PMC5238375_13.jpg"}, {"prediction": "AAI", "ground truth": "AAI", "image path": "test_imgs/PMC4061041_0.jpg"}, {"prediction": "Bcl-X(L)", "ground truth": "BclX(L)", "image path": "test_imgs/PMC3068308_7.jpg"}, {"prediction": "mTORC1", "ground truth": "mTORC1", "image path": "test_imgs/PMC5404978_0.jpg"}, {"prediction": "ApoE4", "ground truth": "ApoE4", "image path": "test_imgs/PMC3920964_3.jpg"}, {"prediction": "NF-kB", "ground truth": "NF-\u03baB", "image path": "test_imgs/PMC3591436_9.jpg"}, {"prediction": "chemoresistance", "ground truth": "chemoresistance", "image path": "test_imgs/PMC5908975_15.jpg"}, {"prediction": "CED-7", "ground truth": "CED-7", "image path": "test_imgs/PMC3521709_2.jpg"}, {"prediction": "IFN-Y", "ground truth": "IFN-\u03b3", "image path": "test_imgs/PMC4057701_6.jpg"}, {"prediction": "HIF1 a", "ground truth": "HIF1 \u03b1", "image path": "test_imgs/PMC4536527_15.jpg"}, {"prediction": "SnoN", "ground truth": "SnoN", "image path": "test_imgs/PMC4074601_8.jpg"}, {"prediction": "HFD", "ground truth": "HFD", "image path": "test_imgs/PMC4536527_9.jpg"}, {"prediction": "gpl.", "ground truth": "gp130", "image path": "test_imgs/PMC3087811_1.jpg"}, {"prediction": "etc", "ground truth": "etc", "image path": "test_imgs/PMC3365567_16.jpg"}, {"prediction": "ApoE3", "ground truth": "ApoE3", "image path": "test_imgs/PMC3920964_1.jpg"}, {"prediction": "ATIR/p38", "ground truth": "ATIR/p38", "image path": "test_imgs/PMC5238375_0.jpg"}, {"prediction": "", "ground truth": "P", "image path": "test_imgs/PMC5788631_12.jpg"}, {"prediction": "TLRs", "ground truth": "TLRs", "image path": "test_imgs/PMC4057701_0.jpg"}, {"prediction": "P", "ground truth": "P", "image path": "test_imgs/PMC5788631_13.jpg"}, {"prediction": "IKB", "ground truth": "I\u03baB", "image path": "test_imgs/PMC6322368_5.jpg"}, {"prediction": "Gliact", "ground truth": "Gliact", "image path": "test_imgs/PMC6820189_4.jpg"}, {"prediction": "IKB-a", "ground truth": "I\u03baB-a", "image path": "test_imgs/PMC3591436_5.jpg"}, {"prediction": "Abl", "ground truth": "Abl", "image path": "test_imgs/PMC3521709_5.jpg"}, {"prediction": "jaw joint formation", "ground truth": "jaw joint formation", "image path": "test_imgs/PMC3036164_12.jpg"}, {"prediction": "PKB", "ground truth": "PKB", "image path": "test_imgs/PMC3502787_10.jpg"}, {"prediction": "Metformin", "ground truth": "Metformin", "image path": "test_imgs/PMC6643126_4.jpg"}, {"prediction": "", "ground truth": "b", "image path": "test_imgs/PMC5949124_6.jpg"}, {"prediction": "myc", "ground truth": "myc", "image path": "test_imgs/PMC2659383_5.jpg"}, {"prediction": "NF-kB", "ground truth": "NF-\u03baB", "image path": "test_imgs/PMC3946494_5.jpg"}, {"prediction": "TNF a", "ground truth": "TNF \u03b1", "image path": "test_imgs/PMC4536527_14.jpg"}, {"prediction": "ENGULFMENT", "ground truth": "ENGULFMENT", "image path": "test_imgs/PMC3521709_18.jpg"}, {"prediction": "c-Jun", "ground truth": "c-Jun", "image path": "test_imgs/PMC5037850_2.jpg"}, {"prediction": "of", "ground truth": "NOTCH", "image path": "test_imgs/PMC3365567_8.jpg"}, {"prediction": "ATM", "ground truth": "ATM", "image path": "test_imgs/PMC2988105_4.jpg"}, {"prediction": "CASP3", "ground truth": "CASP3", "image path": "test_imgs/PMC6241696_5.jpg"}, {"prediction": "EPITHELIAL", "ground truth": "EPITHELIAL", "image path": "test_imgs/PMC6643126_5.jpg"}, {"prediction": "NEURAL CREST", "ground truth": "NEURAL CREST", "image path": "test_imgs/PMC3036164_9.jpg"}, {"prediction": "SCLU", "ground truth": "sCLU", "image path": "test_imgs/PMC4061041_6.jpg"}, {"prediction": "AKT", "ground truth": "AKT", "image path": "test_imgs/PMC6681686_7.jpg"}, {"prediction": "Apoptosis", "ground truth": "Apoptosis", "image path": "test_imgs/PMC3068308_10.jpg"}, {"prediction": "Nucleus", "ground truth": "Nucleus", "image path": "test_imgs/PMC5642883_7.jpg"}, {"prediction": "Caspase activation", "ground truth": "Caspase activation", "image path": "test_imgs/PMC6675870_6.jpg"}, {"prediction": "MMP2", "ground truth": "MMP2", "image path": "test_imgs/PMC5908975_6.jpg"}, {"prediction": "CED-12", "ground truth": "CED-12", "image path": "test_imgs/PMC3521709_8.jpg"}, {"prediction": "Effectors", "ground truth": "Effectors", "image path": "test_imgs/PMC3978517_10.jpg"}, {"prediction": "cell attachment", "ground truth": "cell attachment", "image path": "test_imgs/PMC5908975_17.jpg"}, {"prediction": "FGFR3", "ground truth": "FGFR3", "image path": "test_imgs/PMC5850946_2.jpg"}, {"prediction": "p-Chk", "ground truth": "p-Chk1", "image path": "test_imgs/PMC4826221_4.jpg"}, {"prediction": "113", "ground truth": "GLI", "image path": "test_imgs/PMC2659383_4.jpg"}, {"prediction": "P\nT\nC\n\u041d", "ground truth": "PTCH", "image path": "test_imgs/PMC2659383_8.jpg"}, {"prediction": "1x3b", "ground truth": "dlx3b", "image path": "test_imgs/PMC3036164_6.jpg"}, {"prediction": "ULK 1", "ground truth": "ULK 1", "image path": "test_imgs/PMC5404978_17.jpg"}, {"prediction": "N-WASP", "ground truth": "N-WASP", "image path": "test_imgs/PMC5148706_2.jpg"}, {"prediction": "MyD88", "ground truth": "MyD88", "image path": "test_imgs/PMC4057701_1.jpg"}, {"prediction": "$6K", "ground truth": "S6K", "image path": "test_imgs/PMC3932947_7.jpg"}, {"prediction": "p-ATM/ATR", "ground truth": "p-ATM/ATR", "image path": "test_imgs/PMC4826221_3.jpg"}, {"prediction": "Executioner caspases-3, 6, 7", "ground truth": "Executioner caspascs-3, 6, 7", "image path": "test_imgs/PMC3068308_9.jpg"}, {"prediction": "NAG-1", "ground truth": "NAG-1", "image path": "test_imgs/PMC2988105_8.jpg"}, {"prediction": "Ang", "ground truth": "Ang", "image path": "test_imgs/PMC5238375_9.jpg"}, {"prediction": "P", "ground truth": "P", "image path": "test_imgs/PMC3946494_8.jpg"}, {"prediction": "p-STAT3", "ground truth": "p-STAT3", "image path": "test_imgs/PMC6307990_1.jpg"}, {"prediction": "80%", "ground truth": "\u03b2\u03b1\u03b3", "image path": "test_imgs/PMC3087811_16.jpg"}, {"prediction": "HIPK2", "ground truth": "HIPK2", "image path": "test_imgs/PMC5541090_7.jpg"}, {"prediction": "ApoE2", "ground truth": "ApoE2", "image path": "test_imgs/PMC3920964_2.jpg"}, {"prediction": "", "ground truth": "p", "image path": "test_imgs/PMC3591436_12.jpg"}, {"prediction": "ACE", "ground truth": "ACE", "image path": "test_imgs/PMC5238375_5.jpg"}, {"prediction": "ATF6", "ground truth": "ATF6", "image path": "test_imgs/PMC3655991_6.jpg"}, {"prediction": "HER2", "ground truth": "HER2", "image path": "test_imgs/PMC3946494_7.jpg"}, {"prediction": "NF-kB", "ground truth": "NF-\u03baB", "image path": "test_imgs/PMC3591436_6.jpg"}, {"prediction": "Activin A", "ground truth": "Activin A", "image path": "test_imgs/PMC4074601_13.jpg"}, {"prediction": "Astrocyte", "ground truth": "Astrocyte", "image path": "test_imgs/PMC3920964_0.jpg"}, {"prediction": "Ednrb", "ground truth": "Ednrb", "image path": "test_imgs/PMC3036164_2.jpg"}, {"prediction": "Hedgehog", "ground truth": "Hedgehog", "image path": "test_imgs/PMC6820189_6.jpg"}, {"prediction": "CyPA", "ground truth": "CyPA", "image path": "test_imgs/PMC3920964_5.jpg"}, {"prediction": "JNK", "ground truth": "JNK", "image path": "test_imgs/PMC3233205_7.jpg"}, {"prediction": "H2AX", "ground truth": "H2AX", "image path": "test_imgs/PMC3978517_1.jpg"}, {"prediction": "Ca2+", "ground truth": "Ca2+", "image path": "test_imgs/PMC4252843_6.jpg"}, {"prediction": "PI3K", "ground truth": "PI3K", "image path": "test_imgs/PMC3946494_1.jpg"}, {"prediction": "miRNA-ctgf", "ground truth": "miRNA-ctgf", "image path": "test_imgs/PMC5788631_2.jpg"}, {"prediction": "CDH1", "ground truth": "CDH1", "image path": "test_imgs/PMC5850946_10.jpg"}, {"prediction": "SMO", "ground truth": "SMO", "image path": "test_imgs/PMC2659383_1.jpg"}, {"prediction": "Paxillin", "ground truth": "Paxillin", "image path": "test_imgs/PMC2172299_2.jpg"}, {"prediction": "PAKT", "ground truth": "pAKT", "image path": "test_imgs/PMC3946494_2.jpg"}, {"prediction": "MEGF10", "ground truth": "MEGF10", "image path": "test_imgs/PMC3521709_10.jpg"}, {"prediction": "En2", "ground truth": "En2", "image path": "test_imgs/PMC3932947_10.jpg"}, {"prediction": "Radiation", "ground truth": "Radiation", "image path": "test_imgs/PMC3341532_0.jpg"}, {"prediction": "Hepatic granulomas", "ground truth": "Hepatic granulomas", "image path": "test_imgs/PMC4057701_8.jpg"}, {"prediction": "HIF-1\u03b1", "ground truth": "HIF-1\u03b1", "image path": "test_imgs/PMC6643126_0.jpg"}, {"prediction": "Foxp3", "ground truth": "Foxp3", "image path": "test_imgs/PMC3087811_11.jpg"}, {"prediction": "CD61", "ground truth": "CD61", "image path": "test_imgs/PMC4074601_10.jpg"}, {"prediction": "E\nr\nb\nB\n1", "ground truth": "ErbB1", "image path": "test_imgs/PMC3502787_17.jpg"}, {"prediction": "MAM", "ground truth": "MAML", "image path": "test_imgs/PMC3365567_1.jpg"}, {"prediction": "IL6", "ground truth": "IL6", "image path": "test_imgs/PMC6307990_11.jpg"}, {"prediction": "Neuro-Inflammation", "ground truth": "Neuro-Inflammation", "image path": "test_imgs/PMC3341532_6.jpg"}, {"prediction": "ACE2", "ground truth": "ACE2", "image path": "test_imgs/PMC5238375_4.jpg"}, {"prediction": "TK", "ground truth": "TK", "image path": "test_imgs/PMC3502787_13.jpg"}, {"prediction": "b\nB\n3", "ground truth": "ErbB3", "image path": "test_imgs/PMC3502787_26.jpg"}, {"prediction": "Rab3d", "ground truth": "Rab3d", "image path": "test_imgs/PMC5241026_1.jpg"}, {"prediction": "AMPK", "ground truth": "AMPK", "image path": "test_imgs/PMC5404978_16.jpg"}, {"prediction": "nhibition", "ground truth": "Inhibition", "image path": "test_imgs/PMC3502787_0.jpg"}, {"prediction": "Cyclin B", "ground truth": "Cyclin B", "image path": "test_imgs/PMC4826221_11.jpg"}, {"prediction": "apoptosis", "ground truth": "apoptosis", "image path": "test_imgs/PMC5908975_12.jpg"}, {"prediction": "MST1/2", "ground truth": "MST1/2", "image path": "test_imgs/PMC5788631_0.jpg"}, {"prediction": "MMP-S", "ground truth": "MMP-9", "image path": "test_imgs/PMC3591436_10.jpg"}, {"prediction": "Migration", "ground truth": "Migration", "image path": "test_imgs/PMC6307990_5.jpg"}, {"prediction": "Cyclin D1", "ground truth": "Cyclin D1", "image path": "test_imgs/PMC5908975_16.jpg"}, {"prediction": "OPG", "ground truth": "OPG", "image path": "test_imgs/PMC6681686_1.jpg"}, {"prediction": "HRAS", "ground truth": "HRAS", "image path": "test_imgs/PMC5850946_11.jpg"}, {"prediction": "Go", "ground truth": "G\u03b1", "image path": "test_imgs/PMC6681686_4.jpg"}, {"prediction": "FSH", "ground truth": "FSH", "image path": "test_imgs/PMC6241696_0.jpg"}, {"prediction": "Chondrocyte", "ground truth": "Chondrocyte", "image path": "test_imgs/PMC4536527_1.jpg"}, {"prediction": "\u0420\u041a\u0421", "ground truth": "PKC", "image path": "test_imgs/PMC4252843_7.jpg"}, {"prediction": "PLCr", "ground truth": "PLCr", "image path": "test_imgs/PMC3233205_1.jpg"}, {"prediction": "NF-KB", "ground truth": "NF-\u03baB", "image path": "test_imgs/PMC6241696_6.jpg"}, {"prediction": "cartilage ventralization", "ground truth": "cartilage ventralization", "image path": "test_imgs/PMC3036164_11.jpg"}, {"prediction": "JNKS", "ground truth": "JNKs", "image path": "test_imgs/PMC5037850_0.jpg"}, {"prediction": "PRKC", "ground truth": "PRKC", "image path": "test_imgs/PMC5850946_7.jpg"}, {"prediction": "-Noggin-", "ground truth": "Noggin", "image path": "test_imgs/PMC5241026_5.jpg"}, {"prediction": "Ang(1-7)", "ground truth": "Ang(1-7)", "image path": "test_imgs/PMC5238375_8.jpg"}, {"prediction": "MMP-9", "ground truth": "MMP-9", "image path": "test_imgs/PMC3591436_8.jpg"}, {"prediction": "Pericyte", "ground truth": "Pericyte", "image path": "test_imgs/PMC3920964_6.jpg"}, {"prediction": "PKCx", "ground truth": "PKC\u03b1", "image path": "test_imgs/PMC6322368_4.jpg"}, {"prediction": "Erk1/2", "ground truth": "Erk1/2", "image path": "test_imgs/PMC3233205_9.jpg"}, {"prediction": "NREP", "ground truth": "NREP", "image path": "test_imgs/PMC5541090_1.jpg"}, {"prediction": "Target gene expression", "ground truth": "Target gene expression", "image path": "test_imgs/PMC6241696_14.jpg"}, {"prediction": "", "ground truth": "IL-6", "image path": "test_imgs/PMC3087811_0.jpg"}, {"prediction": "ELMO", "ground truth": "ELMO", "image path": "test_imgs/PMC3521709_11.jpg"}, {"prediction": "Egr-1", "ground truth": "Egr-1", "image path": "test_imgs/PMC4061041_5.jpg"}, {"prediction": "Bak", "ground truth": "Bak", "image path": "test_imgs/PMC6675870_4.jpg"}, {"prediction": "CDKS,", "ground truth": "CDKs", "image path": "test_imgs/PMC3978517_12.jpg"}, {"prediction": "20", "ground truth": "\u03b1", "image path": "test_imgs/PMC2172299_8.jpg"}, {"prediction": "AG1024", "ground truth": "AG1024", "image path": "test_imgs/PMC4061041_3.jpg"}, {"prediction": "dlxha", "ground truth": "dlx6a", "image path": "test_imgs/PMC3036164_8.jpg"}, {"prediction": "JNK", "ground truth": "JNK", "image path": "test_imgs/PMC3655991_7.jpg"}, {"prediction": "WIP", "ground truth": "WIP", "image path": "test_imgs/PMC5148706_1.jpg"}, {"prediction": "Treg", "ground truth": "ITreg", "image path": "test_imgs/PMC3087811_10.jpg"}]}]