[{"model": "keras", "score": {"char_recall": 0.6217, "char_precision": 0.8813, "word_acc": 0.016, "word_acc_ignore_case": 0.2522, "word_acc_ignore_case_symbol": 0.2824, "1-N.E.D": 0.6087}, "predictions": [{"prediction": "", "ground truth": "ATIR", "image path": "test_imgs/PMC5238375_11.jpg"}, {"prediction": "tignt", "ground truth": "Tight junction degradation", "image path": "test_imgs/PMC3920964_10.jpg"}, {"prediction": "neural", "ground truth": "Neural differentiation", "image path": "test_imgs/PMC5241026_8.jpg"}, {"prediction": "ikba", "ground truth": "I\u03baB-a", "image path": "test_imgs/PMC3591436_2.jpg"}, {"prediction": "tryptophan", "ground truth": "Tryptophan", "image path": "test_imgs/PMC6307990_14.jpg"}, {"prediction": "raryh", "ground truth": "RAR\u03b3", "image path": "test_imgs/PMC5241026_3.jpg"}, {"prediction": "cellular", "ground truth": "Cellular Senescence (RS, SIPS)", "image path": "test_imgs/PMC4061041_9.jpg"}, {"prediction": "colaas", "ground truth": "COL4AS", "image path": "test_imgs/PMC5850946_9.jpg"}, {"prediction": "etoh", "ground truth": "EtOH", "image path": "test_imgs/PMC5404978_14.jpg"}, {"prediction": "proliferation", "ground truth": "Proliferation", "image path": "test_imgs/PMC3932947_9.jpg"}, {"prediction": "hh", "ground truth": "Hh ligands", "image path": "test_imgs/PMC5949124_19.jpg"}, {"prediction": "snon", "ground truth": "SnoN", "image path": "test_imgs/PMC4074601_9.jpg"}, {"prediction": "", "ground truth": "P", "image path": "test_imgs/PMC5788631_11.jpg"}, {"prediction": "", "ground truth": "LXR-\u03b1", "image path": "test_imgs/PMC5238375_7.jpg"}, {"prediction": "apoptosis", "ground truth": "Apoptosis", "image path": "test_imgs/PMC3789177_10.jpg"}, {"prediction": "igfl", "ground truth": "TGF-\u03b2", "image path": "test_imgs/PMC3087811_7.jpg"}, {"prediction": "corepressors", "ground truth": "Co-repressors", "image path": "test_imgs/PMC3365567_2.jpg"}, {"prediction": "apoptosome", "ground truth": "Apoptosome complex", "image path": "test_imgs/PMC3068308_8.jpg"}, {"prediction": "", "ground truth": "LXR-\u03b1", "image path": "test_imgs/PMC5238375_6.jpg"}, {"prediction": "miochondrion", "ground truth": "Mitochondrion", "image path": "test_imgs/PMC3068308_11.jpg"}, {"prediction": "cyclin", "ground truth": "Cyclin B", "image path": "test_imgs/PMC4826221_12.jpg"}, {"prediction": "tgfbs", "ground truth": "TGFBs", "image path": "test_imgs/PMC5541090_0.jpg"}, {"prediction": "csf", "ground truth": "CSF", "image path": "test_imgs/PMC3591436_17.jpg"}, {"prediction": "il18", "ground truth": "Cox-2, MCP-1, IL-1\u03b2, TNF-\u03b1", "image path": "test_imgs/PMC3341532_7.jpg"}, {"prediction": "pz1", "ground truth": "p21", "image path": "test_imgs/PMC2988105_7.jpg"}, {"prediction": "protein", "ground truth": "protein neo-synthesis", "image path": "test_imgs/PMC5967041_6.jpg"}, {"prediction": "", "ground truth": "Akt", "image path": "test_imgs/PMC3068308_4.jpg"}, {"prediction": "", "ground truth": "NF\u03baB", "image path": "test_imgs/PMC3068308_3.jpg"}, {"prediction": "neuronal", "ground truth": "Neuronal dysfunction", "image path": "test_imgs/PMC3920964_12.jpg"}, {"prediction": "igfi", "ground truth": "IGF1", "image path": "test_imgs/PMC3932947_0.jpg"}, {"prediction": "gy", "ground truth": "G\u03b3", "image path": "test_imgs/PMC6681686_10.jpg"}, {"prediction": "integrins", "ground truth": "Integrins", "image path": "test_imgs/PMC5908975_2.jpg"}, {"prediction": "ts", "ground truth": "TFs", "image path": "test_imgs/PMC4074601_12.jpg"}, {"prediction": "dna", "ground truth": "DNA damage", "image path": "test_imgs/PMC3978517_14.jpg"}, {"prediction": "rai", "ground truth": "Orai1", "image path": "test_imgs/PMC6322368_1.jpg"}, {"prediction": "", "ground truth": "LAMA2", "image path": "test_imgs/PMC5850946_4.jpg"}, {"prediction": "paxillin", "ground truth": "Paxillin", "image path": "test_imgs/PMC5908975_4.jpg"}, {"prediction": "pten", "ground truth": "PTEN", "image path": "test_imgs/PMC5850946_18.jpg"}, {"prediction": "cell", "ground truth": "Cell Death", "image path": "test_imgs/PMC5037850_6.jpg"}, {"prediction": "ros", "ground truth": "ROS", "image path": "test_imgs/PMC3341532_1.jpg"}, {"prediction": "ptch", "ground truth": "PTCHI", "image path": "test_imgs/PMC6820189_2.jpg"}, {"prediction": "fak", "ground truth": "Fak", "image path": "test_imgs/PMC2172299_3.jpg"}, {"prediction": "rhpnz", "ground truth": "RHPN2", "image path": "test_imgs/PMC5241026_4.jpg"}, {"prediction": "pips", "ground truth": "PIP3", "image path": "test_imgs/PMC3233205_0.jpg"}, {"prediction": "pdk", "ground truth": "PDK1", "image path": "test_imgs/PMC3932947_3.jpg"}, {"prediction": "exposed", "ground truth": "Exposed Telomere", "image path": "test_imgs/PMC4061041_7.jpg"}, {"prediction": "adam10112", "ground truth": "ADAM-10/12", "image path": "test_imgs/PMC4252843_3.jpg"}, {"prediction": "pm", "ground truth": "PM", "image path": "test_imgs/PMC3946494_0.jpg"}, {"prediction": "", "ground truth": "CDK1", "image path": "test_imgs/PMC4826221_8.jpg"}, {"prediction": "mesenchrmal", "ground truth": "MESENCHYMAL", "image path": "test_imgs/PMC6643126_6.jpg"}, {"prediction": "lym", "ground truth": "Lym", "image path": "test_imgs/PMC4057701_5.jpg"}, {"prediction": "cedo", "ground truth": "CED-6", "image path": "test_imgs/PMC3521709_14.jpg"}, {"prediction": "p", "ground truth": "PI3K", "image path": "test_imgs/PMC6681686_8.jpg"}, {"prediction": "gi", "ground truth": "Gliact", "image path": "test_imgs/PMC6820189_5.jpg"}, {"prediction": "cbfl", "ground truth": "CBF1", "image path": "test_imgs/PMC3365567_17.jpg"}, {"prediction": "smada", "ground truth": "SMAD4", "image path": "test_imgs/PMC5541090_6.jpg"}, {"prediction": "iret", "ground truth": "IRE1", "image path": "test_imgs/PMC3655991_5.jpg"}, {"prediction": "dldas", "ground truth": "pH2AX", "image path": "test_imgs/PMC4826221_2.jpg"}, {"prediction": "", "ground truth": "Invasion", "image path": "test_imgs/PMC6307990_4.jpg"}, {"prediction": "cyse", "ground truth": "Cys83", "image path": "test_imgs/PMC6451008_4.jpg"}, {"prediction": "giciri", "ground truth": "TGF-\u03b2RI/ll", "image path": "test_imgs/PMC3087811_8.jpg"}, {"prediction": "s1a", "ground truth": "S14", "image path": "test_imgs/PMC5404978_10.jpg"}, {"prediction": "pikk", "ground truth": "PI3K", "image path": "test_imgs/PMC3932947_2.jpg"}, {"prediction": "cytoplasm", "ground truth": "Cytoplasm", "image path": "test_imgs/PMC4074601_3.jpg"}, {"prediction": "itsnel", "ground truth": "ITSN-L", "image path": "test_imgs/PMC5148706_0.jpg"}, {"prediction": "fas", "ground truth": "Fas", "image path": "test_imgs/PMC5037850_4.jpg"}, {"prediction": "", "ground truth": "TKIs", "image path": "test_imgs/PMC3502787_8.jpg"}, {"prediction": "eglacedln", "ground truth": "EGL-1/CED-13", "image path": "test_imgs/PMC3789177_5.jpg"}, {"prediction": "ap1", "ground truth": "AP-1", "image path": "test_imgs/PMC5037850_3.jpg"}, {"prediction": "leukocyte", "ground truth": "Leukocyte", "image path": "test_imgs/PMC3591436_1.jpg"}, {"prediction": "il12", "ground truth": "IL-12", "image path": "test_imgs/PMC4057701_4.jpg"}, {"prediction": "", "ground truth": "TK", "image path": "test_imgs/PMC3502787_14.jpg"}, {"prediction": "dock180", "ground truth": "DOCK180", "image path": "test_imgs/PMC3521709_7.jpg"}, {"prediction": "topbpi", "ground truth": "TopBP1", "image path": "test_imgs/PMC3978517_7.jpg"}, {"prediction": "prdmi16", "ground truth": "PRDM16", "image path": "test_imgs/PMC5541090_8.jpg"}, {"prediction": "ppare", "ground truth": "PPAR\u03b4", "image path": "test_imgs/PMC3341532_2.jpg"}, {"prediction": "smo", "ground truth": "SMO", "image path": "test_imgs/PMC6820189_1.jpg"}, {"prediction": "abc", "ground truth": "ABC1", "image path": "test_imgs/PMC3521709_3.jpg"}, {"prediction": "osteoarthritis", "ground truth": "Osteoarthritis", "image path": "test_imgs/PMC4536527_12.jpg"}, {"prediction": "dna", "ground truth": "DNA", "image path": "test_imgs/PMC5541090_10.jpg"}, {"prediction": "smadz", "ground truth": "SMAD2", "image path": "test_imgs/PMC5541090_4.jpg"}, {"prediction": "ed", "ground truth": "CED-1", "image path": "test_imgs/PMC3521709_9.jpg"}, {"prediction": "ccndi", "ground truth": "CCND1", "image path": "test_imgs/PMC5850946_17.jpg"}, {"prediction": "", "ground truth": "p", "image path": "test_imgs/PMC3502787_21.jpg"}, {"prediction": "cedla", "ground truth": "CED-4", "image path": "test_imgs/PMC3789177_8.jpg"}, {"prediction": "", "ground truth": "RAP1A", "image path": "test_imgs/PMC5850946_14.jpg"}, {"prediction": "tgfbri", "ground truth": "TGFBR1", "image path": "test_imgs/PMC5541090_2.jpg"}, {"prediction": "", "ground truth": "AKT", "image path": "test_imgs/PMC3932947_4.jpg"}, {"prediction": "", "ground truth": "Translocation", "image path": "test_imgs/PMC3502787_3.jpg"}, {"prediction": "cedy", "ground truth": "CED-9", "image path": "test_imgs/PMC3789177_6.jpg"}, {"prediction": "il6", "ground truth": "IL-6", "image path": "test_imgs/PMC4536527_6.jpg"}, {"prediction": "sox", "ground truth": "Sox-2", "image path": "test_imgs/PMC5908975_9.jpg"}, {"prediction": "", "ground truth": "AKT1", "image path": "test_imgs/PMC5850946_8.jpg"}, {"prediction": "mtorci", "ground truth": "mTORC1", "image path": "test_imgs/PMC3932947_6.jpg"}, {"prediction": "transducers", "ground truth": "Transducers", "image path": "test_imgs/PMC3978517_9.jpg"}, {"prediction": "atr", "ground truth": "ATR", "image path": "test_imgs/PMC3978517_6.jpg"}, {"prediction": "pss", "ground truth": "p85", "image path": "test_imgs/PMC3502787_5.jpg"}, {"prediction": "pima", "ground truth": "PMA", "image path": "test_imgs/PMC4074601_0.jpg"}, {"prediction": "cilengitide", "ground truth": "cilengitide", "image path": "test_imgs/PMC5908975_1.jpg"}, {"prediction": "z", "ground truth": "NICD", "image path": "test_imgs/PMC3365567_11.jpg"}, {"prediction": "s", "ground truth": "SUFU", "image path": "test_imgs/PMC2659383_3.jpg"}, {"prediction": "", "ground truth": "IL6R", "image path": "test_imgs/PMC6307990_0.jpg"}, {"prediction": "gnp", "ground truth": "GNP", "image path": "test_imgs/PMC3932947_5.jpg"}, {"prediction": "", "ground truth": "GL", "image path": "test_imgs/PMC4826221_1.jpg"}, {"prediction": "obese", "ground truth": "Obese", "image path": "test_imgs/PMC4536527_11.jpg"}, {"prediction": "mitochondria", "ground truth": "Mitochondria", "image path": "test_imgs/PMC5037850_7.jpg"}, {"prediction": "imlsts", "ground truth": "mLST8", "image path": "test_imgs/PMC3655991_1.jpg"}, {"prediction": "ctg", "ground truth": "CTGF", "image path": "test_imgs/PMC5788631_8.jpg"}, {"prediction": "", "ground truth": "(a)", "image path": "test_imgs/PMC3502787_11.jpg"}, {"prediction": "cervical", "ground truth": "Cervical cancer cell proliferation and apoptosis", "image path": "test_imgs/PMC6241696_15.jpg"}, {"prediction": "able", "ground truth": "ABL-1", "image path": "test_imgs/PMC3521709_4.jpg"}, {"prediction": "s92", "ground truth": "S93", "image path": "test_imgs/PMC5404978_7.jpg"}, {"prediction": "at", "ground truth": "Raf", "image path": "test_imgs/PMC3233205_5.jpg"}, {"prediction": "", "ground truth": "SMAD 7", "image path": "test_imgs/PMC3087811_13.jpg"}, {"prediction": "igel", "ground truth": "IGF-1", "image path": "test_imgs/PMC4061041_2.jpg"}, {"prediction": "", "ground truth": "IL6", "image path": "test_imgs/PMC6307990_10.jpg"}, {"prediction": "", "ground truth": "p", "image path": "test_imgs/PMC3502787_25.jpg"}, {"prediction": "mcli", "ground truth": "Mcl-1", "image path": "test_imgs/PMC6675870_1.jpg"}, {"prediction": "", "ground truth": "PKB", "image path": "test_imgs/PMC3502787_9.jpg"}, {"prediction": "imediators", "ground truth": "Sensors/Mediators", "image path": "test_imgs/PMC3978517_0.jpg"}, {"prediction": "jfakl", "ground truth": "NF-\u03baB", "image path": "test_imgs/PMC3946494_13.jpg"}, {"prediction": "tead", "ground truth": "TEAD", "image path": "test_imgs/PMC5788631_7.jpg"}, {"prediction": "", "ground truth": "Akt/", "image path": "test_imgs/PMC3502787_28.jpg"}, {"prediction": "", "ground truth": "SMAD 2/3", "image path": "test_imgs/PMC3087811_15.jpg"}, {"prediction": "ctgf", "ground truth": "CTGF protein", "image path": "test_imgs/PMC5788631_10.jpg"}, {"prediction": "", "ground truth": "ErbB3", "image path": "test_imgs/PMC3502787_15.jpg"}, {"prediction": "yap", "ground truth": "YAP", "image path": "test_imgs/PMC5788631_6.jpg"}, {"prediction": "crkl", "ground truth": "CrkII", "image path": "test_imgs/PMC3521709_1.jpg"}, {"prediction": "neurodegeneration", "ground truth": "Neurodegeneration", "image path": "test_imgs/PMC3920964_13.jpg"}, {"prediction": "d", "ground truth": "ErbB24", "image path": "test_imgs/PMC3502787_18.jpg"}, {"prediction": "", "ground truth": "OH", "image path": "test_imgs/PMC2988105_0.jpg"}, {"prediction": "pten", "ground truth": "PTEN", "image path": "test_imgs/PMC6451008_3.jpg"}, {"prediction": "gskese", "ground truth": "GSK-3\u03b2", "image path": "test_imgs/PMC6241696_3.jpg"}, {"prediction": "e", "ground truth": "N-Cadherin Adhesion", "image path": "test_imgs/PMC2172299_11.jpg"}, {"prediction": "pl", "ground truth": "pl \u03baB", "image path": "test_imgs/PMC3946494_12.jpg"}, {"prediction": "smad3", "ground truth": "SMAD3", "image path": "test_imgs/PMC5541090_5.jpg"}, {"prediction": "atm", "ground truth": "ATM", "image path": "test_imgs/PMC4061041_1.jpg"}, {"prediction": "raptor", "ground truth": "Raptor", "image path": "test_imgs/PMC3655991_3.jpg"}, {"prediction": "", "ground truth": "PFD", "image path": "test_imgs/PMC5238375_2.jpg"}, {"prediction": "ctgf", "ground truth": "CTGF mRNA", "image path": "test_imgs/PMC5788631_9.jpg"}, {"prediction": "yap", "ground truth": "YAP", "image path": "test_imgs/PMC5788631_3.jpg"}, {"prediction": "endoderm", "ground truth": "ENDODERM", "image path": "test_imgs/PMC3036164_0.jpg"}, {"prediction": "054", "ground truth": "p53", "image path": "test_imgs/PMC2988105_5.jpg"}, {"prediction": "h2ax", "ground truth": "H2AX", "image path": "test_imgs/PMC3978517_4.jpg"}, {"prediction": "s", "ground truth": "\u03b2", "image path": "test_imgs/PMC2172299_9.jpg"}, {"prediction": "scel", "ground truth": "SGK1", "image path": "test_imgs/PMC5850946_12.jpg"}, {"prediction": "vege", "ground truth": "VEGF", "image path": "test_imgs/PMC4536527_7.jpg"}, {"prediction": "lean", "ground truth": "Lean", "image path": "test_imgs/PMC4536527_10.jpg"}, {"prediction": "pzos6k", "ground truth": "p70s6k", "image path": "test_imgs/PMC6643126_1.jpg"}, {"prediction": "fpc", "ground truth": "FPC", "image path": "test_imgs/PMC3978517_8.jpg"}, {"prediction": "bcl2", "ground truth": "Bcl-2", "image path": "test_imgs/PMC6675870_3.jpg"}, {"prediction": "", "ground truth": "hand2", "image path": "test_imgs/PMC3036164_5.jpg"}, {"prediction": "ldha", "ground truth": "LDHa", "image path": "test_imgs/PMC4536527_4.jpg"}, {"prediction": "nfakb", "ground truth": "NF-\u03baB", "image path": "test_imgs/PMC6322368_6.jpg"}, {"prediction": "atg14", "ground truth": "ATG14", "image path": "test_imgs/PMC5404978_6.jpg"}, {"prediction": "smadl", "ground truth": "Smad2", "image path": "test_imgs/PMC4074601_2.jpg"}, {"prediction": "", "ground truth": "HO", "image path": "test_imgs/PMC2988105_1.jpg"}, {"prediction": "targets", "ground truth": "TARGETS", "image path": "test_imgs/PMC3365567_4.jpg"}, {"prediction": "apoptosis", "ground truth": "Apoptosis", "image path": "test_imgs/PMC2988105_10.jpg"}, {"prediction": "b", "ground truth": "IL-1 \u03b2", "image path": "test_imgs/PMC4536527_13.jpg"}, {"prediction": "tpa", "ground truth": "TPA", "image path": "test_imgs/PMC5642883_0.jpg"}, {"prediction": "", "ground truth": "IAPs", "image path": "test_imgs/PMC3068308_6.jpg"}, {"prediction": "", "ground truth": "ErbB3", "image path": "test_imgs/PMC3502787_19.jpg"}, {"prediction": "ser1e", "ground truth": "ser15", "image path": "test_imgs/PMC2988105_6.jpg"}, {"prediction": "", "ground truth": "MET", "image path": "test_imgs/PMC3502787_2.jpg"}, {"prediction": "collagen", "ground truth": "Collagen production", "image path": "test_imgs/PMC5482458_7.jpg"}, {"prediction": "", "ground truth": "IL6", "image path": "test_imgs/PMC6307990_13.jpg"}, {"prediction": "", "ground truth": "IDO1", "image path": "test_imgs/PMC6307990_2.jpg"}, {"prediction": "cre", "ground truth": "TRE", "image path": "test_imgs/PMC5642883_9.jpg"}, {"prediction": "pkcalmek", "ground truth": "PKC\u03b1/MEK/ ERK/ AP-1", "image path": "test_imgs/PMC3341532_8.jpg"}, {"prediction": "ednralb", "ground truth": "Ednra/b", "image path": "test_imgs/PMC3036164_13.jpg"}, {"prediction": "rac", "ground truth": "Rac", "image path": "test_imgs/PMC3521709_13.jpg"}, {"prediction": "tlra", "ground truth": "TLR4", "image path": "test_imgs/PMC4536527_2.jpg"}, {"prediction": "", "ground truth": "TSC2", "image path": "test_imgs/PMC5850946_13.jpg"}, {"prediction": "hbeege", "ground truth": "HB-EGF", "image path": "test_imgs/PMC4252843_1.jpg"}, {"prediction": "actin", "ground truth": "Actin polymerization", "image path": "test_imgs/PMC5148706_6.jpg"}, {"prediction": "e", "ground truth": "NICD", "image path": "test_imgs/PMC3365567_9.jpg"}, {"prediction": "somatic", "ground truth": "Somatic Cells", "image path": "test_imgs/PMC3789177_11.jpg"}, {"prediction": "nif", "ground truth": "NF-\u03baB", "image path": "test_imgs/PMC3341532_4.jpg"}, {"prediction": "", "ground truth": "P", "image path": "test_imgs/PMC3591436_13.jpg"}, {"prediction": "raci", "ground truth": "Rac1", "image path": "test_imgs/PMC2172299_7.jpg"}, {"prediction": "erklp", "ground truth": "ERK1/2", "image path": "test_imgs/PMC5482458_0.jpg"}, {"prediction": "", "ground truth": "GLI", "image path": "test_imgs/PMC2659383_2.jpg"}, {"prediction": "cdcp", "ground truth": "CDCP1", "image path": "test_imgs/PMC5967041_1.jpg"}, {"prediction": "nfkb", "ground truth": "NF-\u03baB", "image path": "test_imgs/PMC4057701_3.jpg"}, {"prediction": "snolpten", "ground truth": "SNO-PTEN", "image path": "test_imgs/PMC6451008_2.jpg"}, {"prediction": "nfkb", "ground truth": "NF-\u03baB", "image path": "test_imgs/PMC3591436_3.jpg"}, {"prediction": "pdgfre", "ground truth": "PDGFR\u03b2", "image path": "test_imgs/PMC5967041_2.jpg"}, {"prediction": "psmadi", "ground truth": "pSmad1", "image path": "test_imgs/PMC5241026_7.jpg"}, {"prediction": "cre2", "ground truth": "GRB2", "image path": "test_imgs/PMC5850946_5.jpg"}, {"prediction": "", "ground truth": "Akt/", "image path": "test_imgs/PMC3502787_27.jpg"}, {"prediction": "ced10", "ground truth": "CED-10", "image path": "test_imgs/PMC3521709_12.jpg"}, {"prediction": "fak", "ground truth": "FAK", "image path": "test_imgs/PMC5908975_3.jpg"}, {"prediction": "delta", "ground truth": "DELTA-LIKE", "image path": "test_imgs/PMC3365567_7.jpg"}, {"prediction": "pm", "ground truth": "PM", "image path": "test_imgs/PMC6322368_0.jpg"}, {"prediction": "erkink", "ground truth": "ERK.JNK", "image path": "test_imgs/PMC3087811_9.jpg"}, {"prediction": "gpcr", "ground truth": "GPCR", "image path": "test_imgs/PMC4252843_2.jpg"}, {"prediction": "mmpg", "ground truth": "MMP-9", "image path": "test_imgs/PMC3920964_8.jpg"}, {"prediction": "p53", "ground truth": "p53", "image path": "test_imgs/PMC5908975_10.jpg"}, {"prediction": "rorn", "ground truth": "ROR\u03b3t", "image path": "test_imgs/PMC3087811_5.jpg"}, {"prediction": "lcxe", "ground truth": "LC3B", "image path": "test_imgs/PMC5404978_12.jpg"}, {"prediction": "kinase", "ground truth": "Kinase domain", "image path": "test_imgs/PMC3655991_11.jpg"}, {"prediction": "target", "ground truth": "Target genes", "image path": "test_imgs/PMC5949124_10.jpg"}, {"prediction": "persistent", "ground truth": "Persistent DNA damage", "image path": "test_imgs/PMC4061041_8.jpg"}, {"prediction": "basement", "ground truth": "Basement membrane degradation", "image path": "test_imgs/PMC3920964_9.jpg"}, {"prediction": "cell", "ground truth": "Cell cycle", "image path": "test_imgs/PMC3978517_16.jpg"}, {"prediction": "", "ground truth": "a", "image path": "test_imgs/PMC5949124_11.jpg"}, {"prediction": "yap", "ground truth": "YAP", "image path": "test_imgs/PMC5788631_4.jpg"}, {"prediction": "pgp", "ground truth": "P-gp", "image path": "test_imgs/PMC5908975_11.jpg"}, {"prediction": "cadmium", "ground truth": "Cadmium", "image path": "test_imgs/PMC3655991_0.jpg"}, {"prediction": "pip", "ground truth": "PIP2", "image path": "test_imgs/PMC3233205_2.jpg"}, {"prediction": "stat", "ground truth": "p-STAT3", "image path": "test_imgs/PMC6307990_7.jpg"}, {"prediction": "pperea", "ground truth": "PPP2R3A", "image path": "test_imgs/PMC5850946_15.jpg"}, {"prediction": "cam", "ground truth": "Alcama", "image path": "test_imgs/PMC3036164_1.jpg"}, {"prediction": "cra", "ground truth": "CXCR4", "image path": "test_imgs/PMC6681686_3.jpg"}, {"prediction": "ddk", "ground truth": "DDK", "image path": "test_imgs/PMC3978517_13.jpg"}, {"prediction": "cyclopamine", "ground truth": "Cyclopamine HhAntag", "image path": "test_imgs/PMC2659383_10.jpg"}, {"prediction": "", "ground truth": "ER", "image path": "test_imgs/PMC6322368_7.jpg"}, {"prediction": "egfr", "ground truth": "EGFR", "image path": "test_imgs/PMC4252843_4.jpg"}, {"prediction": "", "ground truth": "IL-2", "image path": "test_imgs/PMC3087811_12.jpg"}, {"prediction": "akt", "ground truth": "AKT", "image path": "test_imgs/PMC6451008_5.jpg"}, {"prediction": "mrna", "ground truth": "mRNA", "image path": "test_imgs/PMC5967041_4.jpg"}, {"prediction": "pdl", "ground truth": "PD-L1", "image path": "test_imgs/PMC6307990_8.jpg"}, {"prediction": "chpl", "ground truth": "ChPL", "image path": "test_imgs/PMC6675870_8.jpg"}, {"prediction": "psocas", "ground truth": "p130Cas", "image path": "test_imgs/PMC2172299_1.jpg"}, {"prediction": "apoptosis", "ground truth": "Apoptosis", "image path": "test_imgs/PMC3655991_9.jpg"}, {"prediction": "pibe", "ground truth": "PI3K", "image path": "test_imgs/PMC3502787_6.jpg"}, {"prediction": "hes", "ground truth": "Hes,", "image path": "test_imgs/PMC3365567_5.jpg"}, {"prediction": "pka", "ground truth": "PKC", "image path": "test_imgs/PMC3233205_3.jpg"}, {"prediction": "linss", "ground truth": "LIN-35", "image path": "test_imgs/PMC3789177_4.jpg"}, {"prediction": "hey", "ground truth": "Hey,", "image path": "test_imgs/PMC3365567_6.jpg"}, {"prediction": "", "ground truth": "p", "image path": "test_imgs/PMC3502787_24.jpg"}, {"prediction": "epithelium", "ground truth": "Epithelium", "image path": "test_imgs/PMC3591436_0.jpg"}, {"prediction": "meka", "ground truth": "Mek1/2", "image path": "test_imgs/PMC3233205_8.jpg"}, {"prediction": "amd3100", "ground truth": "AMD3100", "image path": "test_imgs/PMC6681686_2.jpg"}, {"prediction": "mo", "ground truth": "M\u00d8", "image path": "test_imgs/PMC4057701_7.jpg"}, {"prediction": "abronecti", "ground truth": "fibronectin", "image path": "test_imgs/PMC5908975_0.jpg"}, {"prediction": "ambrai", "ground truth": "AMBRA1", "image path": "test_imgs/PMC5404978_9.jpg"}, {"prediction": "tcbs", "ground truth": "ITGB5", "image path": "test_imgs/PMC5850946_3.jpg"}, {"prediction": "mas", "ground truth": "MAS", "image path": "test_imgs/PMC5238375_10.jpg"}, {"prediction": "claudins", "ground truth": "Claudin-5 segments", "image path": "test_imgs/PMC3591436_14.jpg"}, {"prediction": "atg", "ground truth": "ATG7", "image path": "test_imgs/PMC5404978_13.jpg"}, {"prediction": "pik3ce", "ground truth": "PIK3C3", "image path": "test_imgs/PMC5404978_5.jpg"}, {"prediction": "ceds", "ground truth": "CED-5", "image path": "test_imgs/PMC3521709_6.jpg"}, {"prediction": "", "ground truth": "Bcl2", "image path": "test_imgs/PMC3068308_2.jpg"}, {"prediction": "activin", "ground truth": "Activin A", "image path": "test_imgs/PMC4074601_11.jpg"}, {"prediction": "acmriin", "ground truth": "Activatior", "image path": "test_imgs/PMC3502787_1.jpg"}, {"prediction": "erk11z", "ground truth": "ERK1/2", "image path": "test_imgs/PMC6675870_5.jpg"}, {"prediction": "lrp", "ground truth": "LRP1", "image path": "test_imgs/PMC3920964_4.jpg"}, {"prediction": "actate", "ground truth": "Lactate", "image path": "test_imgs/PMC4536527_3.jpg"}, {"prediction": "erki", "ground truth": "ERK1/2", "image path": "test_imgs/PMC5967041_3.jpg"}, {"prediction": "oh", "ground truth": "OH", "image path": "test_imgs/PMC2988105_2.jpg"}, {"prediction": "gm6o", "ground truth": "GM6001", "image path": "test_imgs/PMC3591436_7.jpg"}, {"prediction": "cdeesc", "ground truth": "Cdc25C", "image path": "test_imgs/PMC4826221_6.jpg"}, {"prediction": "tgfbrz", "ground truth": "TGFBR2", "image path": "test_imgs/PMC5541090_3.jpg"}, {"prediction": "dss", "ground truth": "p85", "image path": "test_imgs/PMC3502787_7.jpg"}, {"prediction": "smadz", "ground truth": "Smad2", "image path": "test_imgs/PMC4074601_4.jpg"}, {"prediction": "", "ground truth": "PFD", "image path": "test_imgs/PMC5238375_3.jpg"}, {"prediction": "g2m", "ground truth": "G2/M arrest", "image path": "test_imgs/PMC4826221_9.jpg"}, {"prediction": "14", "ground truth": "14-3-3", "image path": "test_imgs/PMC5788631_5.jpg"}, {"prediction": "", "ground truth": "IDO1", "image path": "test_imgs/PMC6307990_9.jpg"}, {"prediction": "", "ground truth": "EMT", "image path": "test_imgs/PMC6307990_6.jpg"}, {"prediction": "trie", "ground truth": "TRIF", "image path": "test_imgs/PMC4057701_2.jpg"}, {"prediction": "rnase", "ground truth": "RNase domain", "image path": "test_imgs/PMC3655991_12.jpg"}, {"prediction": "b", "ground truth": "ErbB1", "image path": "test_imgs/PMC3502787_16.jpg"}, {"prediction": "mtorc", "ground truth": "mTORC1", "image path": "test_imgs/PMC3655991_2.jpg"}, {"prediction": "cte", "ground truth": "CTF", "image path": "test_imgs/PMC4252843_0.jpg"}, {"prediction": "kdr", "ground truth": "KDR", "image path": "test_imgs/PMC5850946_19.jpg"}, {"prediction": "ptch", "ground truth": "Ptch", "image path": "test_imgs/PMC5949124_0.jpg"}, {"prediction": "s164", "ground truth": "S164", "image path": "test_imgs/PMC5404978_2.jpg"}, {"prediction": "sostmi", "ground truth": "SQSTM1", "image path": "test_imgs/PMC5404978_11.jpg"}, {"prediction": "bbb", "ground truth": "BBB breakdown", "image path": "test_imgs/PMC3920964_11.jpg"}, {"prediction": "dag", "ground truth": "DAG", "image path": "test_imgs/PMC6322368_2.jpg"}, {"prediction": "ucle", "ground truth": "Nucleus", "image path": "test_imgs/PMC5949124_4.jpg"}, {"prediction": "receptors", "ground truth": "Receptors", "image path": "test_imgs/PMC4074601_1.jpg"}, {"prediction": "", "ground truth": "p", "image path": "test_imgs/PMC3502787_23.jpg"}, {"prediction": "smadk", "ground truth": "Smad2", "image path": "test_imgs/PMC4074601_5.jpg"}, {"prediction": "transcription", "ground truth": "Transcription", "image path": "test_imgs/PMC5541090_9.jpg"}, {"prediction": "tight", "ground truth": "Tight junction", "image path": "test_imgs/PMC3591436_15.jpg"}, {"prediction": "hh", "ground truth": "HH", "image path": "test_imgs/PMC6820189_0.jpg"}, {"prediction": "n", "ground truth": "ND", "image path": "test_imgs/PMC4536527_8.jpg"}, {"prediction": "mapk", "ground truth": "MAPK pathway", "image path": "test_imgs/PMC4061041_10.jpg"}, {"prediction": "ils", "ground truth": "IL6", "image path": "test_imgs/PMC6307990_12.jpg"}, {"prediction": "n", "ground truth": "N", "image path": "test_imgs/PMC3946494_10.jpg"}, {"prediction": "mmpg", "ground truth": "MMP9", "image path": "test_imgs/PMC5908975_8.jpg"}, {"prediction": "caspase", "ground truth": "Caspase- 3", "image path": "test_imgs/PMC5037850_5.jpg"}, {"prediction": "cell", "ground truth": "Cell proliferation and migration", "image path": "test_imgs/PMC6681686_9.jpg"}, {"prediction": "mg13t", "ground truth": "MG132", "image path": "test_imgs/PMC3591436_4.jpg"}, {"prediction": "bcl", "ground truth": "Bcl-", "image path": "test_imgs/PMC5037850_1.jpg"}, {"prediction": "integrin", "ground truth": "Integrin", "image path": "test_imgs/PMC2172299_0.jpg"}, {"prediction": "", "ground truth": "I \u03baB", "image path": "test_imgs/PMC3946494_11.jpg"}, {"prediction": "nadll", "ground truth": "Nadl1.1", "image path": "test_imgs/PMC3036164_4.jpg"}, {"prediction": "cardiac", "ground truth": "Cardiac fibrosis", "image path": "test_imgs/PMC5238375_12.jpg"}, {"prediction": "lipopgel", "ground truth": "Lipo-PGE1", "image path": "test_imgs/PMC5482458_2.jpg"}, {"prediction": "stroma", "ground truth": "Stroma", "image path": "test_imgs/PMC3591436_11.jpg"}, {"prediction": "l16", "ground truth": "IL-1\u03b2", "image path": "test_imgs/PMC3341532_5.jpg"}, {"prediction": "dlc", "ground truth": "DLC-1", "image path": "test_imgs/PMC3789177_0.jpg"}, {"prediction": "", "ground truth": "FGFR4", "image path": "test_imgs/PMC5850946_6.jpg"}, {"prediction": "1433e", "ground truth": "14-3-3\u03b8", "image path": "test_imgs/PMC5404978_3.jpg"}, {"prediction": "chk2y", "ground truth": "(Chk1, Chk2)", "image path": "test_imgs/PMC3978517_15.jpg"}, {"prediction": "stimi", "ground truth": "Stim1", "image path": "test_imgs/PMC6322368_3.jpg"}, {"prediction": "xbpist", "ground truth": "XBP1(S)", "image path": "test_imgs/PMC3655991_8.jpg"}, {"prediction": "cedz", "ground truth": "CED-2", "image path": "test_imgs/PMC3521709_0.jpg"}, {"prediction": "proliferation", "ground truth": "proliferation", "image path": "test_imgs/PMC5908975_14.jpg"}, {"prediction": "lactate", "ground truth": "Lactate", "image path": "test_imgs/PMC4536527_5.jpg"}, {"prediction": "apcon", "ground truth": "APCCdh1", "image path": "test_imgs/PMC4074601_6.jpg"}, {"prediction": "", "ground truth": "p", "image path": "test_imgs/PMC3502787_22.jpg"}, {"prediction": "ywtal", "ground truth": "YWHAZ", "image path": "test_imgs/PMC5850946_0.jpg"}, {"prediction": "57", "ground truth": "S757", "image path": "test_imgs/PMC5404978_4.jpg"}, {"prediction": "", "ground truth": "AKT", "image path": "test_imgs/PMC5908975_5.jpg"}, {"prediction": "91011", "ground truth": "9-1-1", "image path": "test_imgs/PMC3978517_2.jpg"}, {"prediction": "erk", "ground truth": "ERK", "image path": "test_imgs/PMC5908975_7.jpg"}, {"prediction": "nadpih", "ground truth": "NAD(P)H Oxidase", "image path": "test_imgs/PMC4252843_8.jpg"}, {"prediction": "gli", "ground truth": "Gli", "image path": "test_imgs/PMC6820189_3.jpg"}, {"prediction": "necadherin", "ground truth": "N-Cadherin", "image path": "test_imgs/PMC2172299_6.jpg"}, {"prediction": "cepe", "ground truth": "CEP-1", "image path": "test_imgs/PMC3789177_3.jpg"}, {"prediction": "perk", "ground truth": "PERK", "image path": "test_imgs/PMC3655991_4.jpg"}, {"prediction": "pkm", "ground truth": "PKM2", "image path": "test_imgs/PMC6643126_2.jpg"}, {"prediction": "y861", "ground truth": "pY861", "image path": "test_imgs/PMC2172299_4.jpg"}, {"prediction": "", "ground truth": "PDGFBB", "image path": "test_imgs/PMC5967041_0.jpg"}, {"prediction": "infiltrated", "ground truth": "Infiltrated leukocyte", "image path": "test_imgs/PMC3591436_16.jpg"}, {"prediction": "arpzis", "ground truth": "Arp2/3", "image path": "test_imgs/PMC5148706_5.jpg"}, {"prediction": "she", "ground truth": "FSHR", "image path": "test_imgs/PMC6241696_1.jpg"}, {"prediction": "proliferation", "ground truth": "Proliferation", "image path": "test_imgs/PMC2988105_9.jpg"}, {"prediction": "crk", "ground truth": "Crk", "image path": "test_imgs/PMC2172299_5.jpg"}, {"prediction": "lasti12", "ground truth": "LAST1/2", "image path": "test_imgs/PMC5788631_1.jpg"}, {"prediction": "pkcd", "ground truth": "PKC\u03b4", "image path": "test_imgs/PMC2988105_3.jpg"}, {"prediction": "igfir", "ground truth": "IGF-1R", "image path": "test_imgs/PMC4061041_4.jpg"}, {"prediction": "cell", "ground truth": "Cell death", "image path": "test_imgs/PMC6675870_7.jpg"}, {"prediction": "akt", "ground truth": "AKT", "image path": "test_imgs/PMC3946494_3.jpg"}, {"prediction": "ednl", "ground truth": "Edn1", "image path": "test_imgs/PMC3036164_3.jpg"}, {"prediction": "nucleus", "ground truth": "Nucleus", "image path": "test_imgs/PMC4074601_7.jpg"}, {"prediction": "", "ground truth": "dlx5a", "image path": "test_imgs/PMC3036164_7.jpg"}, {"prediction": "5", "ground truth": "MUC4", "image path": "test_imgs/PMC3946494_6.jpg"}, {"prediction": "ucnol", "ground truth": "UCN-01", "image path": "test_imgs/PMC4826221_5.jpg"}, {"prediction": "cytochrome", "ground truth": "cytochrome c", "image path": "test_imgs/PMC6675870_9.jpg"}, {"prediction": "factin", "ground truth": "F-actin", "image path": "test_imgs/PMC5241026_10.jpg"}, {"prediction": "nos1", "ground truth": "NOS1", "image path": "test_imgs/PMC6451008_0.jpg"}, {"prediction": "", "ground truth": "FGFR2", "image path": "test_imgs/PMC5850946_16.jpg"}, {"prediction": "nucleus", "ground truth": "Nucleus", "image path": "test_imgs/PMC5949124_5.jpg"}, {"prediction": "", "ground truth": "PKA", "image path": "test_imgs/PMC6241696_2.jpg"}, {"prediction": "ets", "ground truth": "Ets-1", "image path": "test_imgs/PMC5482458_1.jpg"}, {"prediction": "cortact", "ground truth": "Cortactin", "image path": "test_imgs/PMC5148706_4.jpg"}, {"prediction": "tkls", "ground truth": "TKIs", "image path": "test_imgs/PMC3502787_29.jpg"}, {"prediction": "bax", "ground truth": "Bax", "image path": "test_imgs/PMC6675870_2.jpg"}, {"prediction": "spc", "ground truth": "EPC", "image path": "test_imgs/PMC6681686_0.jpg"}, {"prediction": "syx", "ground truth": "Syx", "image path": "test_imgs/PMC5241026_0.jpg"}, {"prediction": "", "ground truth": "Pl3k", "image path": "test_imgs/PMC3068308_1.jpg"}, {"prediction": "hbmpa", "ground truth": "BMP4", "image path": "test_imgs/PMC5241026_6.jpg"}, {"prediction": "sirt", "ground truth": "SIRT1", "image path": "test_imgs/PMC5241026_2.jpg"}, {"prediction": "m", "ground truth": "EMT", "image path": "test_imgs/PMC6643126_3.jpg"}, {"prediction": "cdk", "ground truth": "p-CDK1", "image path": "test_imgs/PMC4826221_7.jpg"}, {"prediction": "igby", "ground truth": "G\u03b1i /G\u03b2\u03b3", "image path": "test_imgs/PMC4252843_5.jpg"}, {"prediction": "differentiation", "ground truth": "differentiation", "image path": "test_imgs/PMC5908975_13.jpg"}, {"prediction": "calmi", "ground truth": "CALM1", "image path": "test_imgs/PMC5850946_1.jpg"}, {"prediction": "gli", "ground truth": "GLI (GLI1,2,3)", "image path": "test_imgs/PMC5949124_7.jpg"}, {"prediction": "differentiation", "ground truth": "Differentiation", "image path": "test_imgs/PMC3932947_8.jpg"}, {"prediction": "cytochrome", "ground truth": "Cytochrome c", "image path": "test_imgs/PMC5037850_8.jpg"}, {"prediction": "", "ground truth": "Th17", "image path": "test_imgs/PMC3087811_6.jpg"}, {"prediction": "foxo1", "ground truth": "FoxO1", "image path": "test_imgs/PMC5404978_15.jpg"}, {"prediction": "comel", "ground truth": "COMPLEX", "image path": "test_imgs/PMC3521709_17.jpg"}, {"prediction": "s555", "ground truth": "S555", "image path": "test_imgs/PMC5404978_1.jpg"}, {"prediction": "e", "ground truth": "Plasma Membrane Dynamics", "image path": "test_imgs/PMC2172299_12.jpg"}, {"prediction": "p58", "ground truth": "p38", "image path": "test_imgs/PMC3233205_6.jpg"}, {"prediction": "ppard", "ground truth": "PPAR\u03b4", "image path": "test_imgs/PMC3341532_3.jpg"}, {"prediction": "symurenins", "ground truth": "kynurenine", "image path": "test_imgs/PMC6307990_3.jpg"}, {"prediction": "germline", "ground truth": "Germline", "image path": "test_imgs/PMC3789177_7.jpg"}, {"prediction": "target", "ground truth": "Target genes", "image path": "test_imgs/PMC2659383_9.jpg"}, {"prediction": "atrie", "ground truth": "ATRIP", "image path": "test_imgs/PMC3978517_5.jpg"}, {"prediction": "nfkb", "ground truth": "NFkB", "image path": "test_imgs/PMC3920964_7.jpg"}, {"prediction": "cbfl", "ground truth": "CBF1", "image path": "test_imgs/PMC3365567_3.jpg"}, {"prediction": "", "ground truth": "MAPK", "image path": "test_imgs/PMC5238375_1.jpg"}, {"prediction": "shh", "ground truth": "SHH", "image path": "test_imgs/PMC2659383_0.jpg"}, {"prediction": "xs", "ground truth": "Xs", "image path": "test_imgs/PMC5642883_6.jpg"}, {"prediction": "gamma", "ground truth": "gamma-secretase", "image path": "test_imgs/PMC3365567_13.jpg"}, {"prediction": "ffa", "ground truth": "FFA", "image path": "test_imgs/PMC4536527_0.jpg"}, {"prediction": "apoptosis", "ground truth": "Apoptosis", "image path": "test_imgs/PMC4826221_10.jpg"}, {"prediction": "erkii2", "ground truth": "ERK1/2", "image path": "test_imgs/PMC5642883_4.jpg"}, {"prediction": "nfke", "ground truth": "NF-\u03baB", "image path": "test_imgs/PMC3946494_4.jpg"}, {"prediction": "cytosol", "ground truth": "Cytosol", "image path": "test_imgs/PMC5642883_3.jpg"}, {"prediction": "ros", "ground truth": "ROS generation", "image path": "test_imgs/PMC3655991_10.jpg"}, {"prediction": "becni", "ground truth": "BECN1", "image path": "test_imgs/PMC5404978_8.jpg"}, {"prediction": "nc", "ground truth": "NC differentiation", "image path": "test_imgs/PMC3036164_10.jpg"}, {"prediction": "ly29aoo7", "ground truth": "LY294002", "image path": "test_imgs/PMC6681686_6.jpg"}, {"prediction": "mekl12", "ground truth": "MEK1/2", "image path": "test_imgs/PMC5642883_2.jpg"}, {"prediction": "membrane", "ground truth": "Membrane", "image path": "test_imgs/PMC5642883_1.jpg"}, {"prediction": "", "ground truth": "p", "image path": "test_imgs/PMC3502787_20.jpg"}, {"prediction": "d", "ground truth": "Ptch", "image path": "test_imgs/PMC5949124_2.jpg"}, {"prediction": "nac", "ground truth": "NAC", "image path": "test_imgs/PMC4826221_0.jpg"}, {"prediction": "", "ground truth": "Akt", "image path": "test_imgs/PMC3068308_0.jpg"}, {"prediction": "mek112", "ground truth": "MEK1/2", "image path": "test_imgs/PMC6675870_0.jpg"}, {"prediction": "rpa", "ground truth": "RPA", "image path": "test_imgs/PMC3978517_3.jpg"}, {"prediction": "mtor", "ground truth": "mTOR", "image path": "test_imgs/PMC6451008_6.jpg"}, {"prediction": "lcn", "ground truth": "LCN2", "image path": "test_imgs/PMC5642883_8.jpg"}, {"prediction": "gli", "ground truth": "GLI (GLI1,2,3)", "image path": "test_imgs/PMC5949124_8.jpg"}, {"prediction": "inkpss", "ground truth": "JNK.p38", "image path": "test_imgs/PMC3087811_4.jpg"}, {"prediction": "", "ground truth": "NO", "image path": "test_imgs/PMC6451008_1.jpg"}, {"prediction": "", "ground truth": "(b)", "image path": "test_imgs/PMC3502787_12.jpg"}, {"prediction": "pka", "ground truth": "PKA", "image path": "test_imgs/PMC3233205_4.jpg"}, {"prediction": "", "ground truth": "STAT 3", "image path": "test_imgs/PMC3087811_14.jpg"}, {"prediction": "u0126", "ground truth": "UO126", "image path": "test_imgs/PMC5967041_5.jpg"}, {"prediction": "rhoa", "ground truth": "RhoA", "image path": "test_imgs/PMC5241026_9.jpg"}, {"prediction": "pizk", "ground truth": "PI3K", "image path": "test_imgs/PMC3502787_4.jpg"}, {"prediction": "cdcaz", "ground truth": "Cdc42", "image path": "test_imgs/PMC5148706_3.jpg"}, {"prediction": "icdc25a", "ground truth": "(Cdc25A,B,C)", "image path": "test_imgs/PMC3978517_11.jpg"}, {"prediction": "igfir", "ground truth": "IGF1R", "image path": "test_imgs/PMC3932947_1.jpg"}, {"prediction": "", "ground truth": "G\u03b2", "image path": "test_imgs/PMC6681686_5.jpg"}, {"prediction": "lipocalin", "ground truth": "Lipocalin 2 Transcription", "image path": "test_imgs/PMC3946494_9.jpg"}, {"prediction": "kt", "ground truth": "kt", "image path": "test_imgs/PMC3233205_10.jpg"}, {"prediction": "", "ground truth": "Xs", "image path": "test_imgs/PMC5642883_5.jpg"}, {"prediction": "gule", "ground truth": "GULP", "image path": "test_imgs/PMC3521709_15.jpg"}, {"prediction": "ruor", "ground truth": "TGF-\u03b2RI/ll", "image path": "test_imgs/PMC3087811_3.jpg"}, {"prediction": "mao", "ground truth": "SMO", "image path": "test_imgs/PMC5949124_3.jpg"}, {"prediction": "smo", "ground truth": "SMO", "image path": "test_imgs/PMC5949124_1.jpg"}, {"prediction": "kupffer", "ground truth": "Kupffer cells", "image path": "test_imgs/PMC4057701_9.jpg"}, {"prediction": "", "ground truth": "Bak/Bax", "image path": "test_imgs/PMC3068308_5.jpg"}, {"prediction": "d", "ground truth": "DYN-1", "image path": "test_imgs/PMC3521709_16.jpg"}, {"prediction": "alpha", "ground truth": "alpha-secretase", "image path": "test_imgs/PMC3365567_12.jpg"}, {"prediction": "nfkbip6s", "ground truth": "NF-\u03baB(p65)", "image path": "test_imgs/PMC6241696_4.jpg"}, {"prediction": "rnapi", "ground truth": "RNAP II", "image path": "test_imgs/PMC4074601_14.jpg"}, {"prediction": "ed20", "ground truth": "CD126", "image path": "test_imgs/PMC3087811_2.jpg"}, {"prediction": "integrinmediated", "ground truth": "Integrin-mediated Cell Motility", "image path": "test_imgs/PMC2172299_10.jpg"}, {"prediction": "jagged", "ground truth": "JAGGED", "image path": "test_imgs/PMC3365567_0.jpg"}, {"prediction": "target", "ground truth": "Target genes", "image path": "test_imgs/PMC5949124_9.jpg"}, {"prediction": "ir", "ground truth": "IR", "image path": "test_imgs/PMC3789177_2.jpg"}, {"prediction": "krili", "ground truth": "KRI-1", "image path": "test_imgs/PMC3789177_1.jpg"}, {"prediction": "ceds", "ground truth": "CED-3", "image path": "test_imgs/PMC3789177_9.jpg"}, {"prediction": "myocardial", "ground truth": "Myocardial Damage", "image path": "test_imgs/PMC5238375_13.jpg"}, {"prediction": "aa", "ground truth": "AAI", "image path": "test_imgs/PMC4061041_0.jpg"}, {"prediction": "bcl", "ground truth": "BclX(L)", "image path": "test_imgs/PMC3068308_7.jpg"}, {"prediction": "mtorci", "ground truth": "mTORC1", "image path": "test_imgs/PMC5404978_0.jpg"}, {"prediction": "apoea", "ground truth": "ApoE4", "image path": "test_imgs/PMC3920964_3.jpg"}, {"prediction": "nfkb", "ground truth": "NF-\u03baB", "image path": "test_imgs/PMC3591436_9.jpg"}, {"prediction": "chemoresistance", "ground truth": "chemoresistance", "image path": "test_imgs/PMC5908975_15.jpg"}, {"prediction": "ced", "ground truth": "CED-7", "image path": "test_imgs/PMC3521709_2.jpg"}, {"prediction": "ifny", "ground truth": "IFN-\u03b3", "image path": "test_imgs/PMC4057701_6.jpg"}, {"prediction": "hif1", "ground truth": "HIF1 \u03b1", "image path": "test_imgs/PMC4536527_15.jpg"}, {"prediction": "snon", "ground truth": "SnoN", "image path": "test_imgs/PMC4074601_8.jpg"}, {"prediction": "hed", "ground truth": "HFD", "image path": "test_imgs/PMC4536527_9.jpg"}, {"prediction": "doll", "ground truth": "gp130", "image path": "test_imgs/PMC3087811_1.jpg"}, {"prediction": "etc", "ground truth": "etc", "image path": "test_imgs/PMC3365567_16.jpg"}, {"prediction": "apoes", "ground truth": "ApoE3", "image path": "test_imgs/PMC3920964_1.jpg"}, {"prediction": "atirpss", "ground truth": "ATIR/p38", "image path": "test_imgs/PMC5238375_0.jpg"}, {"prediction": "", "ground truth": "P", "image path": "test_imgs/PMC5788631_12.jpg"}, {"prediction": "tlrs", "ground truth": "TLRs", "image path": "test_imgs/PMC4057701_0.jpg"}, {"prediction": "", "ground truth": "P", "image path": "test_imgs/PMC5788631_13.jpg"}, {"prediction": "kb", "ground truth": "I\u03baB", "image path": "test_imgs/PMC6322368_5.jpg"}, {"prediction": "gliact", "ground truth": "Gliact", "image path": "test_imgs/PMC6820189_4.jpg"}, {"prediction": "ikba", "ground truth": "I\u03baB-a", "image path": "test_imgs/PMC3591436_5.jpg"}, {"prediction": "bl", "ground truth": "Abl", "image path": "test_imgs/PMC3521709_5.jpg"}, {"prediction": "jaw", "ground truth": "jaw joint formation", "image path": "test_imgs/PMC3036164_12.jpg"}, {"prediction": "", "ground truth": "PKB", "image path": "test_imgs/PMC3502787_10.jpg"}, {"prediction": "metformi", "ground truth": "Metformin", "image path": "test_imgs/PMC6643126_4.jpg"}, {"prediction": "", "ground truth": "b", "image path": "test_imgs/PMC5949124_6.jpg"}, {"prediction": "myc", "ground truth": "myc", "image path": "test_imgs/PMC2659383_5.jpg"}, {"prediction": "nfakb", "ground truth": "NF-\u03baB", "image path": "test_imgs/PMC3946494_5.jpg"}, {"prediction": "tnf", "ground truth": "TNF \u03b1", "image path": "test_imgs/PMC4536527_14.jpg"}, {"prediction": "engulement", "ground truth": "ENGULFMENT", "image path": "test_imgs/PMC3521709_18.jpg"}, {"prediction": "", "ground truth": "c-Jun", "image path": "test_imgs/PMC5037850_2.jpg"}, {"prediction": "8", "ground truth": "NOTCH", "image path": "test_imgs/PMC3365567_8.jpg"}, {"prediction": "atn", "ground truth": "ATM", "image path": "test_imgs/PMC2988105_4.jpg"}, {"prediction": "spr", "ground truth": "CASP3", "image path": "test_imgs/PMC6241696_5.jpg"}, {"prediction": "epthelial", "ground truth": "EPITHELIAL", "image path": "test_imgs/PMC6643126_5.jpg"}, {"prediction": "neural", "ground truth": "NEURAL CREST", "image path": "test_imgs/PMC3036164_9.jpg"}, {"prediction": "sclu", "ground truth": "sCLU", "image path": "test_imgs/PMC4061041_6.jpg"}, {"prediction": "", "ground truth": "AKT", "image path": "test_imgs/PMC6681686_7.jpg"}, {"prediction": "apoposls", "ground truth": "Apoptosis", "image path": "test_imgs/PMC3068308_10.jpg"}, {"prediction": "nucleus", "ground truth": "Nucleus", "image path": "test_imgs/PMC5642883_7.jpg"}, {"prediction": "caspase", "ground truth": "Caspase activation", "image path": "test_imgs/PMC6675870_6.jpg"}, {"prediction": "mmpz", "ground truth": "MMP2", "image path": "test_imgs/PMC5908975_6.jpg"}, {"prediction": "ced", "ground truth": "CED-12", "image path": "test_imgs/PMC3521709_8.jpg"}, {"prediction": "effectors", "ground truth": "Effectors", "image path": "test_imgs/PMC3978517_10.jpg"}, {"prediction": "cell", "ground truth": "cell attachment", "image path": "test_imgs/PMC5908975_17.jpg"}, {"prediction": "fgfre", "ground truth": "FGFR3", "image path": "test_imgs/PMC5850946_2.jpg"}, {"prediction": "chk", "ground truth": "p-Chk1", "image path": "test_imgs/PMC4826221_4.jpg"}, {"prediction": "", "ground truth": "GLI", "image path": "test_imgs/PMC2659383_4.jpg"}, {"prediction": "s", "ground truth": "PTCH", "image path": "test_imgs/PMC2659383_8.jpg"}, {"prediction": "", "ground truth": "dlx3b", "image path": "test_imgs/PMC3036164_6.jpg"}, {"prediction": "ulki", "ground truth": "ULK 1", "image path": "test_imgs/PMC5404978_17.jpg"}, {"prediction": "wase", "ground truth": "N-WASP", "image path": "test_imgs/PMC5148706_2.jpg"}, {"prediction": "myd88", "ground truth": "MyD88", "image path": "test_imgs/PMC4057701_1.jpg"}, {"prediction": "sgk", "ground truth": "S6K", "image path": "test_imgs/PMC3932947_7.jpg"}, {"prediction": "patmate", "ground truth": "p-ATM/ATR", "image path": "test_imgs/PMC4826221_3.jpg"}, {"prediction": "exccutioncl", "ground truth": "Executioner caspascs-3, 6, 7", "image path": "test_imgs/PMC3068308_9.jpg"}, {"prediction": "ag", "ground truth": "NAG-1", "image path": "test_imgs/PMC2988105_8.jpg"}, {"prediction": "ans", "ground truth": "Ang", "image path": "test_imgs/PMC5238375_9.jpg"}, {"prediction": "p", "ground truth": "P", "image path": "test_imgs/PMC3946494_8.jpg"}, {"prediction": "stats", "ground truth": "p-STAT3", "image path": "test_imgs/PMC6307990_1.jpg"}, {"prediction": "", "ground truth": "\u03b2\u03b1\u03b3", "image path": "test_imgs/PMC3087811_16.jpg"}, {"prediction": "hipkz", "ground truth": "HIPK2", "image path": "test_imgs/PMC5541090_7.jpg"}, {"prediction": "apoex", "ground truth": "ApoE2", "image path": "test_imgs/PMC3920964_2.jpg"}, {"prediction": "", "ground truth": "p", "image path": "test_imgs/PMC3591436_12.jpg"}, {"prediction": "", "ground truth": "ACE", "image path": "test_imgs/PMC5238375_5.jpg"}, {"prediction": "atf6", "ground truth": "ATF6", "image path": "test_imgs/PMC3655991_6.jpg"}, {"prediction": "e", "ground truth": "HER2", "image path": "test_imgs/PMC3946494_7.jpg"}, {"prediction": "nfkb", "ground truth": "NF-\u03baB", "image path": "test_imgs/PMC3591436_6.jpg"}, {"prediction": "activin", "ground truth": "Activin A", "image path": "test_imgs/PMC4074601_13.jpg"}, {"prediction": "astrocyte", "ground truth": "Astrocyte", "image path": "test_imgs/PMC3920964_0.jpg"}, {"prediction": "ednrb", "ground truth": "Ednrb", "image path": "test_imgs/PMC3036164_2.jpg"}, {"prediction": "hedgehog", "ground truth": "Hedgehog", "image path": "test_imgs/PMC6820189_6.jpg"}, {"prediction": "cypa", "ground truth": "CyPA", "image path": "test_imgs/PMC3920964_5.jpg"}, {"prediction": "", "ground truth": "JNK", "image path": "test_imgs/PMC3233205_7.jpg"}, {"prediction": "h2ax", "ground truth": "H2AX", "image path": "test_imgs/PMC3978517_1.jpg"}, {"prediction": "27", "ground truth": "Ca2+", "image path": "test_imgs/PMC4252843_6.jpg"}, {"prediction": "pi3k", "ground truth": "PI3K", "image path": "test_imgs/PMC3946494_1.jpg"}, {"prediction": "mirnactgf", "ground truth": "miRNA-ctgf", "image path": "test_imgs/PMC5788631_2.jpg"}, {"prediction": "cdial", "ground truth": "CDH1", "image path": "test_imgs/PMC5850946_10.jpg"}, {"prediction": "smo", "ground truth": "SMO", "image path": "test_imgs/PMC2659383_1.jpg"}, {"prediction": "paxillin", "ground truth": "Paxillin", "image path": "test_imgs/PMC2172299_2.jpg"}, {"prediction": "bakt", "ground truth": "pAKT", "image path": "test_imgs/PMC3946494_2.jpg"}, {"prediction": "megf10", "ground truth": "MEGF10", "image path": "test_imgs/PMC3521709_10.jpg"}, {"prediction": "n2", "ground truth": "En2", "image path": "test_imgs/PMC3932947_10.jpg"}, {"prediction": "radiation", "ground truth": "Radiation", "image path": "test_imgs/PMC3341532_0.jpg"}, {"prediction": "hepatic", "ground truth": "Hepatic granulomas", "image path": "test_imgs/PMC4057701_8.jpg"}, {"prediction": "hifla", "ground truth": "HIF-1\u03b1", "image path": "test_imgs/PMC6643126_0.jpg"}, {"prediction": "foxps", "ground truth": "Foxp3", "image path": "test_imgs/PMC3087811_11.jpg"}, {"prediction": "cd6", "ground truth": "CD61", "image path": "test_imgs/PMC4074601_10.jpg"}, {"prediction": "", "ground truth": "ErbB1", "image path": "test_imgs/PMC3502787_17.jpg"}, {"prediction": "mama", "ground truth": "MAML", "image path": "test_imgs/PMC3365567_1.jpg"}, {"prediction": "ilg", "ground truth": "IL6", "image path": "test_imgs/PMC6307990_11.jpg"}, {"prediction": "neuroinflammation", "ground truth": "Neuro-Inflammation", "image path": "test_imgs/PMC3341532_6.jpg"}, {"prediction": "", "ground truth": "ACE2", "image path": "test_imgs/PMC5238375_4.jpg"}, {"prediction": "", "ground truth": "TK", "image path": "test_imgs/PMC3502787_13.jpg"}, {"prediction": "", "ground truth": "ErbB3", "image path": "test_imgs/PMC3502787_26.jpg"}, {"prediction": "rabbd", "ground truth": "Rab3d", "image path": "test_imgs/PMC5241026_1.jpg"}, {"prediction": "ampk", "ground truth": "AMPK", "image path": "test_imgs/PMC5404978_16.jpg"}, {"prediction": "", "ground truth": "Inhibition", "image path": "test_imgs/PMC3502787_0.jpg"}, {"prediction": "cyclin", "ground truth": "Cyclin B", "image path": "test_imgs/PMC4826221_11.jpg"}, {"prediction": "apoptosis", "ground truth": "apoptosis", "image path": "test_imgs/PMC5908975_12.jpg"}, {"prediction": "mst12", "ground truth": "MST1/2", "image path": "test_imgs/PMC5788631_0.jpg"}, {"prediction": "", "ground truth": "MMP-9", "image path": "test_imgs/PMC3591436_10.jpg"}, {"prediction": "migration", "ground truth": "Migration", "image path": "test_imgs/PMC6307990_5.jpg"}, {"prediction": "cyclin", "ground truth": "Cyclin D1", "image path": "test_imgs/PMC5908975_16.jpg"}, {"prediction": "", "ground truth": "OPG", "image path": "test_imgs/PMC6681686_1.jpg"}, {"prediction": "hras", "ground truth": "HRAS", "image path": "test_imgs/PMC5850946_11.jpg"}, {"prediction": "", "ground truth": "G\u03b1", "image path": "test_imgs/PMC6681686_4.jpg"}, {"prediction": "", "ground truth": "FSH", "image path": "test_imgs/PMC6241696_0.jpg"}, {"prediction": "chondrocyte", "ground truth": "Chondrocyte", "image path": "test_imgs/PMC4536527_1.jpg"}, {"prediction": "pkc", "ground truth": "PKC", "image path": "test_imgs/PMC4252843_7.jpg"}, {"prediction": "ple", "ground truth": "PLCr", "image path": "test_imgs/PMC3233205_1.jpg"}, {"prediction": "nfkl", "ground truth": "NF-\u03baB", "image path": "test_imgs/PMC6241696_6.jpg"}, {"prediction": "ventralization", "ground truth": "cartilage ventralization", "image path": "test_imgs/PMC3036164_11.jpg"}, {"prediction": "jnks", "ground truth": "JNKs", "image path": "test_imgs/PMC5037850_0.jpg"}, {"prediction": "", "ground truth": "PRKC", "image path": "test_imgs/PMC5850946_7.jpg"}, {"prediction": "noggin", "ground truth": "Noggin", "image path": "test_imgs/PMC5241026_5.jpg"}, {"prediction": "angls", "ground truth": "Ang(1-7)", "image path": "test_imgs/PMC5238375_8.jpg"}, {"prediction": "mp", "ground truth": "MMP-9", "image path": "test_imgs/PMC3591436_8.jpg"}, {"prediction": "pericyte", "ground truth": "Pericyte", "image path": "test_imgs/PMC3920964_6.jpg"}, {"prediction": "pkca", "ground truth": "PKC\u03b1", "image path": "test_imgs/PMC6322368_4.jpg"}, {"prediction": "erklvg", "ground truth": "Erk1/2", "image path": "test_imgs/PMC3233205_9.jpg"}, {"prediction": "nrep", "ground truth": "NREP", "image path": "test_imgs/PMC5541090_1.jpg"}, {"prediction": "larget", "ground truth": "Target gene expression", "image path": "test_imgs/PMC6241696_14.jpg"}, {"prediction": "", "ground truth": "IL-6", "image path": "test_imgs/PMC3087811_0.jpg"}, {"prediction": "mo", "ground truth": "ELMO", "image path": "test_imgs/PMC3521709_11.jpg"}, {"prediction": "egri", "ground truth": "Egr-1", "image path": "test_imgs/PMC4061041_5.jpg"}, {"prediction": "bak", "ground truth": "Bak", "image path": "test_imgs/PMC6675870_4.jpg"}, {"prediction": "cdks", "ground truth": "CDKs", "image path": "test_imgs/PMC3978517_12.jpg"}, {"prediction": "c", "ground truth": "\u03b1", "image path": "test_imgs/PMC2172299_8.jpg"}, {"prediction": "ag1024", "ground truth": "AG1024", "image path": "test_imgs/PMC4061041_3.jpg"}, {"prediction": "", "ground truth": "dlx6a", "image path": "test_imgs/PMC3036164_8.jpg"}, {"prediction": "jnk", "ground truth": "JNK", "image path": "test_imgs/PMC3655991_7.jpg"}, {"prediction": "wip", "ground truth": "WIP", "image path": "test_imgs/PMC5148706_1.jpg"}, {"prediction": "", "ground truth": "ITreg", "image path": "test_imgs/PMC3087811_10.jpg"}]}]